qber,gain,error_gain,double_click_gain,detection_rate_hz,error_rate_hz,rate_bits_per_pulse,rate_bits_per_second,eta_total_baseline,eta_total_faded,fading_factor,clipped,visible,time_s,cumulative_rate_integral_bits,distance_m,elevation_deg,atmospheric_path_m,eta_atmospheric,eta_geometric,eta_pointing,eta_optical
0.07248454784641714,1.5683762445717546e-05,1.1368304294084537e-06,1.653752465604869e-11,1252.2527985927063,90.76897789540278,0.0,0.0,0.00013683884437205084,0.00013683884437205084,1.0,False,True,-600.0,0.0,1376988.7495634288,15.622191219496473,72838.9658136357,0.18690044777645629,0.002633485986027121,0.7943282347242815,0.7
0.06990431858354322,1.6359295909078142e-05,1.1435854330306538e-06,1.7400607184536483e-11,1306.190026535566,91.30832374558898,0.0,0.0,0.00014359428723818209,0.00014359428723818209,1.0,False,True,-598.0,0.0,1363395.4984431977,15.909696815477618,71606.7381719779,0.192279338025158,0.0026861885874596763,0.7943282347242815,0.7
0.06743524881179264,1.7062555653827163e-05,1.1506176858808939e-06,1.8308713439363477e-11,1362.3410289846,91.8698062560901,0.0,0.0,0.00015062700220885053,0.00015062700220885053,1.0,False,True,-596.0,0.0,1349821.8289499904,16.201710580593144,70398.0609764858,0.19770579091632998,0.0027404090825233138,0.7943282347242815,0.7
0.06507228308926015,1.779464579360483e-05,1.1579382285545657e-06,1.9264451088989196e-11,1420.7939626815798,92.45430695112748,0.0,0.0,0.0001579480312019187,0.0001579480312019187,1.0,False,True,-594.0,0.0,1336268.405540414,16.498363084013082,69212.24548017335,0.2031784043048736,0.0027962025492290665,0.7943282347242815,0.7
0.06281058698042719,1.8556722301994983e-05,1.1655586202210889e-06,2.0270608823099624e-11,1481.6411250685555,93.0627487598965,0.0,0.0,0.00016556893480095656,0.00016556893480095656,1.0,False,True,-592.0,0.0,1322735.918209681,16.79978965888615,68048.62998489056,0.20869579575584862,0.002853626374075072,0.7943282347242815,0.7
0.06064554171725996,1.9349995582403174e-05,1.1734909643214275e-06,2.1330170301729932e-11,1544.979159476952,93.6960980683567,0.0,0.0,0.0001735018179598209,0.0001735018179598209,1.0,False,True,-590.0,0.0,1309225.083704599,17.10613060307463,66906.57873706505,0.21425660184529433,0.0029127403542014855,0.7943282347242815,0.7
0.05857273817699993,2.017573315128152e-05,1.18174793539903e-06,2.244632924956937e-11,1610.9092693667117,94.35536686151865,0.0,0.0,0.0001817593568412257,0.0001817593568412257,1.0,False,True,-588.0,0.0,1295736.6468023162,17.41753138881406,65785.4808821512,0.21985947732404823,0.002973606803553577,0.7943282347242815,0.7
0.05658797034824611,2.1035262437743406e-05,1.190342807094599e-06,2.3622505792657118e-11,1679.5374418584588,95.04161495865559,0.0,0.0,0.00019035482681978278,0.00019035482681978278,1.0,False,True,-586.0,0.0,1282271.3816587059,17.73414288165003,64684.74947509981,0.2255030941484929,0.003036290663086978,0.7943282347242815,0.7
0.05468722843055125,2.1929973702263498e-05,1.1992894813316657e-06,2.4862364142622332e-11,1750.9746807738973,95.75595234359368,0.0,0.0,0.0001993021316765173,0.0001993021316765173,1.0,False,True,-584.0,0.0,1268830.0932304952,18.05612156900508,63603.82054421575,0.23118614038191102,0.003100859615024951,0.7943282347242815,0.7
0.05286669168981141,2.28613230766592e-05,1.2086025187149127e-06,2.616983174202201e-11,1825.337249359794,96.49954159183264,0.0,0.0,0.0002086158340068776,0.0002086158340068776,1.0,False,True,-582.0,0.0,1255413.6187754879,18.38362979873127,62542.152205957565,0.23690731896926118,0.0031673842011485237,0.7943282347242815,0.7
0.05112272117171329,2.3830835726936636e-05,1.2182971701570852e-06,2.754911999325874e-11,1902.7469228219456,97.2736003957618,0.0,0.0,0.00021831118685813018,0.00021831118685813018,1.0,False,True,-580.0,0.0,1242022.8294354985,18.716836028000298,61499.22382838554,0.24266534638744314,0.0032359379450653614,0.7943282347242815,0.7
0.049451852358129045,2.484010913983224e-05,1.2283894097427958e-06,2.9004746703004055e-11,1983.3312507354833,98.07940418863454,5.300732524102685e-08,4.236448862190166,0.00022840416660451743,0.00022840416660451743,1.0,False,True,-578.0,4.236448862190166,1228658.6319068773,19.055915082879554,60474.53524110597,0.24845895117241773,0.0033065974783617856,0.7943282347242815,0.7
0.04785078783632433,2.5890816532972165e-05,1.2388959688284494e-06,3.0541560383998263e-11,2067.223829325309,98.91828886723931,5.269536645271437e-07,42.115165071281574,0.00023891150705947147,0.00023891150705947147,1.0,False,True,-576.0,50.588062795661905,1215321.97020379,19.40104842893226,59467.605989679214,0.2542868723239378,0.0033794426704930884,0.7943282347242815,0.7
0.04631639003794068,2.6984710387457827e-05,1.249834371366366e-06,3.216476656647692e-11,2154.564583521511,99.79165361231551,1.0289518795573964e-06,82.23584192521163,0.00024985073481304497,0.00024985073481304497,1.0,False,True,-574.0,174.9390697921551,1202013.8275197216,19.752424453167443,58477.97463260076,0.26014785758790954,0.003454556762209154,0.7943282347242815,0.7
0.04484567409363213,2.812362610036069e-05,1.2612229704279418e-06,3.387995628226497e-11,2245.5000585887988,100.70096380470513,1.5600261923873431e-06,124.68033724914258,0.0002612402057694738,0.0002612402057694738,1.0,False,True,-572.0,381.8552489665093,1188735.2281929748,20.110238757646723,57505.1980790804,0.266040661615782,0.003532026502244143,0.7943282347242815,0.7
0.04343580083980574,2.9309485753004338e-05,1.2730809858846203e-06,3.569313689564721e-11,2340.1837210008534,101.64775403394862,2.121250282412433e-06,169.53446159534292,0.0002730991428437414,0.0002730991428437414,1.0,False,True,-570.0,676.0700478109948,1175487.2397822558,20.474694465030527,56548.85096599355,0.27196404399952323,0.0036119422869190965,0.7943282347242815,0.7
0.0420840700058539,3.05443019890416e-05,1.2854285431867692e-06,3.761076546643409e-11,2438.776268081136,102.63363119454165,2.713749630640595e-06,216.88816560202687,0.00028544767475731966,0.00028544767475731966,1.0,False,True,-568.0,1062.4926750083646,1162270.9752587914,20.846002536313282,55608.52507246091,0.27791676718026986,0.0036943983022128587,0.7943282347242815,0.7
0.0407879136034598,3.1830181994113815e-05,1.298286713158316e-06,3.9639784841981306e-11,2541.4459457544144,103.66027766329422,3.3387039193595573e-06,266.83573177944874,0.0002983068758510599,0.0002983068758510599,1.0,False,True,-566.0,1546.2165723898402,1149087.5953217307,21.224382100959367,54683.828770615946,0.28389759422814204,0.003779492667748313,0.7943282347242815,0.7
0.03954488953388272,3.316933156620492e-05,1.3116775526983026e-06,4.178766268600167e-11,2648.3688735397177,104.72945454910155,3.997349480400275e-06,319.47597017989324,0.00031169880680647174,0.00031169880680647174,1.0,False,True,-564.0,2132.528274349182,1135938.310843989,21.61006079959795,53774.38651129842,0.28990528648960784,0.0038673275820146117,0.7943282347242815,0.7
0.03835267542423126,3.456405926281314e-05,1.3256241462505663e-06,4.4062433662867656e-11,2759.7293756767094,105.84300500404521,4.690981783578444e-06,374.91241727877673,0.00032564655613673445,0.00032564655613673445,1.0,False,True,-562.0,2826.916661807852,1122824.3854559967,22.003275139377504,52879.83834338184,0.29593860109897746,0.0039580094680003956,0.7943282347242815,0.7
0.037209062699849665,3.601678060735198e-05,1.3401506478656894e-06,4.64727450058748e-11,2875.720316981157,107.00285758178343,5.420957954860579e-06,433.25353723139375,0.0003401742822716814,0.0003401742822716814,1.0,False,True,-560.0,3635.0826163180227,1109747.1382752429,22.404270862002203,51999.83946570501,0.30199628834891973,0.004051649118244098,0.7943282347242815,0.7
0.03611195089651828,3.753002233311075e-05,1.3552823236385298e-06,4.902790570685619e-11,2996.543441699301,108.21102962592904,6.188699311516615e-06,494.6129244872596,0.00035530725602019123,0.00035530725602019123,1.0,False,True,-558.0,4562.949078036676,1096707.9467898258,22.813303324385508,51134.059810509825,0.30807708891531627,0.0041483618381133675,0.7943282347242815,0.7
0.03505934221352803,3.910642663814821e-05,1.3710455942550665e-06,5.173793957140418e-11,3122.4097132351703,109.46963066715574,6.9956938987352766e-06,559.1095065213599,0.0003710719031438564,0.0003710719031438564,1.0,False,True,-556.0,5616.671509045295,1083708.249904618,23.230637891747538,50282.18365749672,0.3141797309303736,0.004248267585902031,0.7943282347242815,0.7
0.03404933630643329,4.074875541888698e-05,1.3874680773262786e-06,5.4613642388606196e-11,3253.5396521772786,110.78086580330013,7.843499008992897e-06,626.8677451870226,0.00038749584671975005,0.00038749584671975005,1.0,False,True,-554.0,6802.648760753678,1070749.5511590089,23.656550342854935,49443.90927763516,0.32030292689770007,0.004351491108076626,0.7943282347242815,0.7
0.03308012531650853,4.245989444364105e-05,1.40457862912137e-06,5.766664346553154e-11,3390.1636695293496,112.14703903150529,8.733743661740255e-06,698.0178348973285,0.0004046079489047545,0.0004046079489047545,1.0,False,True,-552.0,8127.5343408380295,1057833.422125551,24.09132728695214,48618.94860596203,0.32644537044238303,0.004458162067710801,0.7943282347242815,0.7
0.03214998913250822,4.424285741979744e-05,1.4224073852375982e-06,6.090947177382059e-11,3532.5223914499734,113.57055649545858,9.668131016668097e-06,772.6958954980005,0.000422438351638815,0.000422438351638815,1.0,False,True,-550.0,9598.248071233358,1044961.5059991488,24.535266591754823,47807.02694266575,0.3326057328886331,0.004568415163810387,0.7943282347242815,0.7
0.03125729087923239,4.610078989969519e-05,1.4409857996571511e-06,6.435562694727883e-11,3680.8669711132234,115.05392960384512,1.0648440688829924e-05,851.0441572965341,0.0004410185157376942,0.0004410185157376942,1.0,False,True,-548.0,11221.988124027892,1032135.5213867748,24.988677821668475,47007.882681857154,0.33878265965680743,0.004682390238849092,0.7943282347242815,0.7
0.030400472626535356,4.803697296034277e-05,1.4603466815425196e-06,6.801965535402123e-11,3835.459382511661,116.59977796823395,1.1676530928199154e-05,933.2111352566582,0.0004603812577267828,0.0004603812577267828,1.0,False,True,-546.0,13006.243416581085,1019357.2663079244,25.451882685154125,46221.26706747531,0.3449747664712765,0.004800232371399629,0.7943282347242815,0.7
0.029578051311776054,5.005482658078518e-05,1.480524229008516e-06,7.191723144255771e-11,3996.5726901184967,118.21083209956775,1.2754340619705485e-05,1019.3517888451447,0.0004805607836542198,0.0004805607836542198,1.0,False,True,-544.0,14958.806340682888,1006628.6224162966,25.925215489878948,45446.94397582043,0.35118063537030525,0.004922091950250534,0.7943282347242815,0.7
0.028788614868279955,5.215791262794071e-05,1.5015540589791808e-06,7.606524452596447e-11,4164.491287288456,119.88993579205479,1.3883891052298367e-05,1109.6276634188118,0.0005015927189916436,0.0005015927189916436,1.0,False,True,-542.0,17087.785792946845,993951.5594533171,26.409023603965746,44684.68972431128,0.3573988105083658,0.005048124725839447,0.7943282347242815,0.7
0.028030818552072564,5.434993734701601e-05,1.5234732320907179e-06,8.048189111957883e-11,4339.511095102234,121.64004811151644,1.5067287397087206e-05,1204.2070083603746,0.0005235141335837738,0.0005235141335837738,1.0,False,True,-540.0,19401.62046472603,981328.1399442151,26.903667921275662,43934.29290609356,0.36362779374114196,0.005178491834201464,0.7943282347242815,0.7
0.027303381458960826,5.663475323593582e-05,1.5463202714348719e-06,8.518677288233363e-11,4521.939712028281,123.46424489193163,1.630671982496799e-05,1303.264866401344,0.0005463635604412667,0.0005463635604412667,1.0,False,True,-538.0,21909.09233948775,968760.5241473698,27.409523328226157,43195.5542501396,0.36986603998352013,0.005313359787919014,0.7943282347242815,0.7
0.02660508322400665,5.901636016422811e-05,1.5701351737472398e-06,9.020100012594106e-11,4712.096503258955,125.36571962875522,1.7604464183166086e-05,1406.9831276926495,0.0005701810069813062,0.0005701810069813062,1.0,False,True,-536.0,24619.340333581742,956250.9752674842,27.92697916914615,42468.28650660472,0.3761119523300233,0.005452900427760324,0.7943282347242815,0.7
0.02593476089541688,6.149890557559535e-05,1.5949594114328853e-06,9.554730074599542e-11,4910.312616884607,127.34778364065106,1.896288213785125e-05,1515.5505412027067,0.0005950079571082374,0.0005950079571082374,1.0,False,True,-534.0,27541.8740024771,943801.864942887,28.45643970659861,41752.31435715523,0.3823638769277914,0.005597290827798526,0.7943282347242815,0.7
0.02529130597497518,6.4086683589446e-05,1.6208359235820997e-06,1.0125013428906196e-10,5116.930912156352,129.41386535215514,2.0384420676120332e-05,1629.162674914905,0.0006208873622869318,0.0006208873622869318,1.0,False,True,-532.0,30686.587218594712,931415.6790167952,28.998324572450237,41047.4743500381,0.38862009759210264,0.005746713145805549,0.7943282347242815,0.7
0.02467366161728258,6.67841327898922e-05,1.6478090938614662e-06,1.0733581069442107e-10,5332.305782951003,131.56750852841208,2.1871610845153557e-05,1748.0218150585165,0.0006478636194938119,0.0006478636194938119,1.0,False,True,-530.0,34063.771708568136,919095.023601682,29.55306920472337,40353.61485968724,0.39487883015464076,0.005901354409606762,0.7943282347242815,0.7
0.024080819980259058,6.959583246090074e-05,1.6759247128672205e-06,1.138326130315632e-10,5556.802857170845,133.8123692693203,2.3427065589091038e-05,1872.3367932276467,0.0006759825336321822,0.0006759825336321822,1.0,False,True,-528.0,37684.1303168543,906842.6314449962,30.121125264423796,39670.59607066994,0.40113821653516707,0.006061406228856729,0.7943282347242815,0.7
0.02351181971955685,7.252649699334557e-05,1.705229922198523e-06,1.2077092328738166e-10,5790.798550180879,136.15221154412401,2.505347652510929e-05,2002.3227287189786,0.0007052912616690025,0.0007052912616690025,1.0,False,True,-526.0,41558.78983880093,894661.3686031917,30.702961025583924,38998.289985720476,0.40739631852846253,0.006227064420349437,0.7943282347242815,0.7
0.02296574361979949,7.558096815324273e-05,1.7357731371436028e-06,1.2818334993102777e-10,6034.679447474522,138.59090101837313,2.6753609479069365e-05,2138.200671732061,0.0007358382353854204,0.0007358382353854204,1.0,False,True,-524.0,45699.31323925197,882554.2414294648,31.29906173068524,38336.58045764241,0.4136511112989406,0.006398528533502724,0.7943282347242815,0.7
0.02244171635580368,7.876420486070226e-05,1.7676039444742935e-06,1.361048555906328e-10,6288.841488585242,141.13239689344016,2.8530298578099026e-05,2280.1971312369483,0.00076767305923574,0.00076767305923574,1.0,False,True,-522.0,50117.71104222098,870524.4038785415,31.90992990241707,37685.36324477191,0.41990047657720275,0.0065760012610576795,0.7943282347242815,0.7
0.021938902377220775,8.208127008584364e-05,1.8007729714116155e-06,1.4457288270329883e-10,6553.688920805311,143.7807414442211,3.0386438672412262e-05,2428.5434693112315,0.000800846379376401,0.000800846379376401,1.0,False,True,-520.0,54826.45164276916,858575.1651293297,32.536085601374076,37044.54608965443,0.42614219555445865,0.0067596877183113925,0.7943282347242815,0.7
0.021456503910316477,8.553731442132492e-05,1.835331721359128e-06,1.536274744365928e-10,6829.632987552421,146.5400469034449,3.232497583169393e-05,2583.475141592553,0.0008354097194603185,0.0008354097194603185,1.0,False,True,-518.0,59838.470253672946,846709.9975231519,33.178066617790876,36414.04882050528,0.43237394147304636,0.006949794572364523,0.7943282347242815,0.7
0.020993759070883054,8.913755584155401e-05,1.8713323715049693e-06,1.633113875141192e-10,7117.0903122661275,149.4144793014309,3.434889563267405e-05,2745.2307611986907,0.0008714152782958075,0.0008714152782958075,1.0,False,True,-516.0,65167.17615646419,834932.5448114804,33.83642858373722,35793.803474882225,0.4385932719145021,0.007146529000929088,0.7943282347242815,0.7
0.02054994008257468,9.288725510637001e-05,1.9088275268707325e-06,1.736701927964553e-10,7416.480934541777,152.40823882839098,3.6461208924249566e-05,2914.0509610483164,0.0009089156839461359,0.0009089156839461359,1.0,False,True,-514.0,70826.4578787112,823246.6307025263,34.5117449903556,35183.7544448922,0.44479762078986557,0.007350097458230299,0.7943282347242815,0.7
0.02012435159523257,9.679168621296922e-05,1.9478699248452175e-06,1.8475235855987346e-10,7728.225950896976,155.5255362432513,3.866493472524115e-05,3090.1770270163465,0.0009479636983051898,0.0009479636983051898,1.0,False,True,-512.0,76830.68586677586,811656.267690615,35.204607092695404,34583.85864304409,0.450984290041573,0.007560704223483962,0.7943282347242815,0.7
0.019716329098050222,0.00010085610124499185,1.988512083692532e-06,1.9660931036671234e-10,8052.744708185496,158.77056480916764,4.096307987811378e-05,3273.849271819591,0.0009886118656356408,0.0009886118656356408,1.0,False,True,-510.0,83194.7121656118,800165.6661457868,35.91562368249589,33994.08568765057,0.45715044107144126,0.007778549705387747,0.7943282347242815,0.7
0.019325237422712954,0.00010508568891344227,2.0308058879816265e-06,2.0929546022312637e-10,8390.45149334255,162.14746719260128,4.3358615050586376e-05,3465.3051170185718,0.0010309120980129978,0.0010309120980129978,1.0,False,True,-508.0,89933.86655444995,788779.243633482,36.6454207068839,33414.41810645438,0.4632930859151013,0.008003828474095503,0.7943282347242815,0.7
0.01895046933189757,0.00010948552603279348,2.074802103371126e-06,2.2286819636665597e-10,8741.751659047628,165.66029672184678,4.5854446647342035e-05,3664.7768481465946,0.0010749151901050468,0.0010749151901050468,1.0,False,True,-506.0,97063.94851961512,777501.634425253,37.3946407083947,32844.85155676339,0.469409078191387,0.008236726990336563,0.7943282347242815,0.7
0.018591444188799548,0.00011406052112922266,2.120549812719335e-06,2.37387823514537e-10,9107.037121185935,169.31297236385402,4.84533841671842e-05,3872.48900582998,0.0011206702552513938,0.0011206702552513938,1.0,False,True,-504.0,104601.21437359169,766337.6991511338,38.163942059018986,32285.395060088376,0.475495103862981,0.008477420999807776,0.7943282347242815,0.7
0.018247606703601132,0.00011881534934033222,2.1680957651133565e-06,2.5291744174162507e-10,9486.681160988086,173.10922674817277,5.1158102519219575e-05,4088.655374023871,0.001168224074431097,0.001168224074431097,1.0,False,True,-502.0,112562.35875344554,755292.534532373,38.95399795813969,31736.071248812095,0.48154767185495073,0.00872607255984662,0.7943282347242815,0.7
0.017918425753039098,0.00012375437774081615,2.2174836291623688e-06,2.695227503601221e-10,9881.032462739895,177.0525465469739,5.397109879723045e-05,4313.475525335725,0.0012176203494565123,0.0012176203494565123,1.0,False,True,-500.0,120964.48965280515,744371.4831195557,39.76549516130297,31196.91662191508,0.48756310458938473,0.008982826664865216,0.7943282347242815,0.7
0.017603393269471277,0.00012888158022146865,2.268753141829424e-06,2.872717612727412e-10,10290.408317390238,181.14610451445859,5.6894643007305835e-05,4547.130883081458,0.0012688988516599132,0.0012688988516599132,1.0,False,True,-498.0,129825.09606122233,733580.1429456221,40.59913240382127,30667.981806222087,0.49353752850741256,0.00924780743729985,0.7943282347242815,0.7
0.017302023196068744,0.00013420044106603925,2.3219391442472674e-06,3.062344043164066e-10,10715.08692375088,185.3926825026306,5.9930722253696436e-05,4789.7802605100605,0.0013220944575095,0.0013220944575095,1.0,False,True,-496.0,139162.00720481385,722924.3769856994,41.455618480305404,30149.331818985047,0.49946686466483625,0.009521113852169038,0.7943282347242815,0.7
0.017013850504978525,0.00013971384641911378,2.377070496450331e-06,3.264820051783861e-10,11155.298722868558,189.7945848092635,6.3080977916028e-05,5041.5548398839155,0.001377236063077185,0.001377236063077185,1.0,False,True,-494.0,148993.34230520783,712410.3222959896,42.3356699384831,29641.046326882133,0.5053468195044897,0.009802814966036941,0.7943282347242815,0.7
0.016738430275509007,0.00014542396292718834,2.4341688638449486e-06,3.480866146543553e-10,11611.216708254726,194.3535412849469,6.634663540250948e-05,5302.5525582181235,0.0014343453701694444,0.0014343453701694444,1.0,False,True,-492.0,159337.44970330986,702044.3986820742,43.24000834319601,29143.219895685434,0.5111728759273656,0.010092944625602044,0.7943282347242815,0.7
0.016475336829593117,0.00015133210297421247,2.493247369630821e-06,3.711201664670412e-10,12082.945665765414,199.07059973715744,6.972842614429042e-05,5572.831872917338,0.001493435538322775,0.001493435538322775,1.0,False,True,-490.0,170212.83413444532,691833.3167229568,44.16935706445897,28655.962223970164,0.5169402848050585,0.010391495637672022,0.7943282347242815,0.7
0.01622416292196681,0.0001574385761335854,2.5543091093937646e-06,3.9565343975790325e-10,12570.510312948905,203.94600732954703,7.322650161229033e-05,5852.404889832998,0.0015545096988717083,0.0015545096988717083,1.0,False,True,-488.0,181638.07089719566,681784.0849509442,45.12443754209558,28179.398353218858,0.5226440570991715,0.010698413391390165,0.7943282347242815,0.7
0.015984518982679833,0.0001637425267326871,2.617345526830597e-06,4.217548019318521e-10,13073.842329564011,208.97908089347905,7.684033929647785e-05,6141.229848943869,0.0016175593300379707,0.0016175593300379707,1.0,False,True,-486.0,193631.70563597252,671904.0159593469,46.10596497898962,27713.668845615757,0.528278956777802,0.011013588935719746,0.7943282347242815,0.7
0.015756032409726943,0.00017024175778626197,2.682334653169228e-06,4.494887080593328e-10,13592.766299734321,214.16806635645816,8.056864079609e-05,6439.202979527505,0.001682562495591818,0.001682562495591818,1.0,False,True,-484.0,206212.1384644439,662200.7311801852,47.1146434156908,27258.92991972978,0.5338394947449123,0.011336851530865435,0.7943282347242815,0.7
0.015538346909732223,0.00017693254201449262,2.7492392174419582e-06,4.789139348605094e-10,14126.984622893733,219.50998785897548,8.440922243526267e-05,6746.149757948017,0.0017494819542324725,0.0017494819542324725,1.0,False,True,-482.0,219397.49120191945,652682.1640430717,48.151160141306235,26815.353533038433,0.5393199240264651,0.011667960711998483,0.7943282347242815,0.7
0.01533112188476843,0.00018380942123147424,2.8180046404684734e-06,5.100815307989412e-10,14676.061496179367,225.0004875862828,8.835889914840326e-05,7061.815627548483,0.0018182631525348145,0.0018182631525348145,1.0,False,True,-480.0,233205.45658741595,643356.5611949593,49.21617939968521,26383.12739907724,0.544714236484703,0.01200659792778906,0.7943282347242815,0.7
0.015134031863521073,0.00019086499608021663,2.8885569323088234e-06,5.430324694302125e-10,15239.40612605359,230.63365789283327,9.241336277927323e-05,7385.856272076158,0.001888832121216142,0.001888832121216142,1.0,False,True,-478.0,247653.12848704058,634232.4814292139,50.31033535624868,25962.454925804195,0.5500161613597555,0.01235235784518153,0.7943282347242815,0.7
0.014946765975117763,0.0001980897089072329,2.960800521115611e-06,5.777950013396099e-10,15816.255392163843,236.40186794936741,9.656705641060858e-05,7717.827571860541,0.0019610933026498723,0.0019610933026498723,1.0,False,True,-476.0,262756.8123309773,625318.7919428608,51.4342242998782,25553.55506057822,0.5552191659650785,0.012704739445748674,0.7943282347242815,0.7
0.01476902746404897,0.00020547162351303763,3.034616050746783e-06,6.143817112084096e-10,16405.656261762924,242.29558789572363,0.00010081304688710655,8057.175415601726,0.002034927346990911,0.002034927346990911,1.0,False,True,-474.0,278531.81531843956,616624.6615141183,52.58839606649084,25156.66202615921,0.5603164588870777,0.013063137077776852,0.7943282347242815,0.7
0.014600533244684155,0.00021299620657743963,3.1098581951255215e-06,6.527863011711699e-10,17006.448337851376,248.3032143308026,0.00010514289830964415,8403.22558978151,0.0021101889249098863,0.0021101889249098863,1.0,False,True,-472.0,294992.2163238228,608159.5501703942,53.77334468672069,24772.02493121422,0.5653009960605996,0.013426831671564363,0.7943282347242815,0.7
0.014441013493959334,0.00022064611672107453,3.1863535489587635e-06,6.929801399476808e-10,17617.24701702706,254.41090189930264,0.0001095465499515282,8755.174021491894,0.0021867046165677585,0.0021867046165677585,1.0,False,True,-470.0,312150.61593509617,599933.1949018278,54.98949827987765,24399.907238242122,0.5701654901064134,0.013794982372428561,0.7943282347242815,0.7
0.014290211280858422,0.00022840100839579018,3.26389866673696e-06,7.349086393498452e-10,18236.427831328263,260.6024067178076,0.00011401220276021262,9112.077707430846,0.002264270948784548,0.002264270948784548,1.0,False,True,-468.0,330017.8676640189,591955.5909696496,56.23720824035327,24040.58607154002,0.5749024233242822,0.014166618895227039,0.7943282347242815,0.7
0.014147882231340414,0.00023623735904754013,3.3422583344474786e-06,7.784875454827277e-10,18862.11264824457,266.85894838164063,0.00011852621933205925,9472.846719690042,0.00234265266487875,0.00234265266487875,1.0,False,True,-466.0,348602.79209113977,584236.9683648869,57.51673779102125,23694.35134800915,0.5795040647323988,0.014540634953761549,0.7943282347242815,0.7
0.014013794227375758,0.0002441283291993136,3.4211641704722296e-06,8.23599260697919e-10,19492.158499192024,273.1590982550705,0.0001230730429445566,9836.237734651782,0.0024215813237066547,0.0024215813237066547,1.0,False,True,-464.0,367911.8765454816,576787.7629940902,58.82825001088506,23361.5047143594,0.5839624915281268,0.014915783165470304,0.7943282347242815,0.7
0.013887727138744926,0.0002520436661713758,3.500313662836982e-06,8.700893430361682e-10,20124.14989216136,279.4787026015401,0.0001276351418496013,10200.849580799355,0.0025007543351432218,0.0025007543351432218,1.0,False,True,-462.0,387948.96386093274,569618.582207986,60.1717954809085,23042.358275689367,0.588269615314077,0.015290671872747488,0.7943282347242815,0.7
0.013769472586219458,0.0002599496629848988,3.5793697582675508e-06,9.177633608423359e-10,20755.395530423528,285.79084977230866,0.0001321929855111729,10565.121339585643,0.0025798345475494737,0.0025798345475494737,1.0,False,True,-460.0,408714.9347813177,562740.1643490714,61.54729973194074,22737.23310261812,0.5924172133848375,0.015663764352721175,0.7943282347242815,0.7
0.013658833734697434,0.0002678091844581063,3.65796112313819e-06,9.663843091190306e-10,21382.930396147727,292.06589104158974,0.0001367250597387323,10927.333554923855,0.00265845050741614,0.00265845050741614,1.0,False,True,-458.0,430207.38967582723,556163.3320779634,62.95455072082211,22446.457507281593,0.5963969653000626,0.01603338090235837,0.7943282347242815,0.7
0.013555625114795071,0.00027558177246520747,3.735683196009107e-06,1.0156708180237687e-09,22003.52415468544,298.271524645254,0.00014120792764515635,11285.613105064593,0.002736197510996879,0.002736197510996879,1.0,False,True,-456.0,452420.33633581566,549898.9393478141,64.39318660356254,22170.36508259207,0.6002004948781573,0.016397704279901625,0.7943282347242815,0.7
0.013459672471307136,0.00028322384164769705,3.8121001446433596e-06,1.065296399151889e-09,22613.696780924416,304.37295203669515,0.00014561634296396457,11637.942259129733,0.00281263956094548,0.00281263956094548,1.0,False,True,-454.0,475343.89170001,543957.8120325073,65.86268411586524,21909.292504251425,0.6038194176302445,0.016754788951346307,0.7943282347242815,0.7
0.013370812636850575,0.0002906889754138353,3.886747825856455e-06,1.114889977951805e-09,23209.742193042224,310.33311421277295,0.00014992342141905286,11982.172373315912,0.00288731232643581,0.00288731232643581,1.0,False,True,-452.0,498964.0063324556,538350.6823776237,67.3623479086893,21663.577101182454,0.6072453935153768,0.017102574526838235,0.7943282347242815,0.7
0.013288893428891516,0.000297928329730702,3.95913782323895e-06,1.1640379468271933e-09,23787.760492839658,316.1130141013421,0.00015410087449057742,12316.0425739201,0.0029597271819233376,0.0029597271819233376,1.0,False,True,-450.0,523262.2212796916,533088.1176315926,68.89130121703762,21433.55420711123,0.6104701847381323,0.01743890367248914,0.7943282347242815,0.7
0.013213773568243247,0.00030489114894220005,4.028762605083758e-06,1.2122879396500313e-09,24343.699150663077,321.6721283902973,0.00015811930802717773,12637.203623011123,0.0030293763669813124,0.0030293763669813124,1.0,False,True,-448.0,548215.4674766228,528180.4434244317,70.44847826047553,21219.55431401784,0.6134857181296886,0.017761544645981953,0.7943282347242815,0.7
0.013145322616999864,0.0003115253936407612,4.095101802795684e-06,1.2591544720323005e-09,24873.403137131605,326.96890882029146,0.0001619485857202787,12943.246968005104,0.0030957392675620343,0.0030957392675620343,1.0,False,True,-446.0,573795.918067639,523637.6626871755,72.0326187806582,21021.900056624872,0.6162841514613238,0.018068218429908526,0.7943282347242815,0.7
0.013083420933772082,0.0003177784755646159,4.157629559504276e-06,1.3041265119202277e-09,25372.67360020309,331.96136892666334,0.0001655582545295961,13231.738742501964,0.0031582897684368947,0.0031582897684368947,1.0,False,True,-444.0,599970.903778146,519469.37113836576,73.64226511117845,20840.90306606595,0.6188579428369577,0.018356630228845542,0.7943282347242815,0.7
0.01302795964398916,0.0003235980887737868,4.215822841416916e-06,1.3466769433570945e-09,25837.334229508986,336.6077476503028,0.00016891802583868595,13500.25822117576,0.003216504569333265,0.003216504569333265,1.0,False,True,-442.0,626702.9007418237,515684.6705945668,75.27576214563179,20676.860739480617,0.6211999221146857,0.01862450486241881,0.7943282347242815,0.7
0.012978840622973917,0.0003289331202600703,4.2691705434729655e-06,1.3862737668159507e-09,26263.30396300893,340.86723636861217,0.00017199830258961022,13746.439949405725,0.0032698722962499105,0.0032698722962499105,1.0,False,True,-440.0,653949.5989124052,512292.0815773572,76.9312605190536,20530.05298064363,0.6233033631184985,0.018869625338844603,0.7943282347242815,0.7
0.012935976489453339,0.00033373461705840803,4.31718315998428e-06,1.4223927495871049e-09,26646.674204936695,344.70075103718386,0.0001747707391218355,13968.018486693429,0.003317903178491408,0.003317903178491408,1.0,False,True,-438.0,681664.0573485043,509299.4568762393,78.60672324517165,20400.738973717125,0.6251620552410766,0.01908987364730907,0.7943282347242815,0.7
0.012899290607181004,0.0003379567813080494,4.359402734760046e-06,1.454531109316104e-09,26983.788275366598,348.07172664659726,0.00017720881718793436,14162.874442961544,0.003360139005708808,0.003360139005708808,1.0,False,True,-436.0,709794.9502781592,506713.8978711407,80.29993595809209,20289.154057866654,0.626770372910495,0.019283272581742002,0.7943282347242815,0.7
0.012868717092395308,0.00034155796007021786,4.395412758799287e-06,1.4822216951003977e-09,27271.320441118663,350.9469074928133,0.00017928841893183716,14329.080272093755,0.003396163032759243,0.003396163032759243,1.0,False,True,-434.0,738286.9049932145,504541.6755063967,82.00852079472337,20195.506773797206,0.6281233413166728,0.019448027223325816,0.7943282347242815,0.7
0.01284420082494869,0.00034450159354119925,4.424847651958009e-06,1.5050470366510618e-09,27506.351624791947,353.2971042304814,0.00018098837578172926,14464.944140526108,0.0034256094684733487,0.0034256094684733487,1.0,False,True,-432.0,767080.9294058344,502788.15782846574,83.72995382785972,20119.976154188407,0.6292166967719676,0.01958256458440839,0.7943282347242815,0.7
0.012825697461101076,0.00034675708404361446,4.4474014524369984e-06,1.5226525754023974e-09,27686.438788418935,355.09788767555506,0.00018229097148259288,14569.050130589276,0.0034481721718297533,0.0034481721718297533,1.0,False,True,-430.0,796114.9236769498,501457.74594374193,85.46158582552387,20062.709327904486,0.6300469401263714,0.019685569869659317,0.7943282347242815,0.7
0.012813173446193286,0.00034830054914503945,4.462835347599759e-06,1.5347583821556288e-09,27809.67506539515,356.33019009518466,0.00018318237805283326,14640.29308301278,0.0034636121886947955,0.0034636121886947955,1.0,False,True,-428.0,825324.2668905519,500553.82011634577,87.20066597737485,20023.81950281233,0.6306113817714579,0.019756017853653426,0.7943282347242815,0.7
0.01280660602568467,0.00034911542558174996,4.470983712914707e-06,1.541168709820953e-09,27874.737980107722,356.98078738042886,0.00018365300537623324,14677.906536996124,0.003471763795592335,0.003471763795592335,1.0,False,True,-426.0,854642.4665105608,500078.6975093856,88.94436810202372,20003.38438387189,0.6309081769510739,0.019793198012879782,0.7943282347242815,0.7
0.012805983253363979,0.00034919289628136804,4.471758381972864e-06,1.5417788275462223e-09,27880.923543089913,357.0426399811309,0.00018369774839134792,14681.482486067533,0.0034725387731751644,0.0034725387731751644,1.0,False,True,-424.0,884001.8555336245,500033.6027834645,89.3101812616165,20001.4450723138,0.630936350342377,0.019796732281285354,0.7943282347242815,0.7
0.012811303995896951,0.00034853212038855327,4.46515094663231e-06,1.5365787284199519e-09,27828.16461716995,356.51507655842755,0.00018331612024575337,14650.982020031333,0.0034659287082431838,0.0034659287082431838,1.0,False,True,-422.0,913334.3200397234,500418.6524146788,87.5658735625345,20018.00547840503,0.6306958091713889,0.019766584609858386,0.7943282347242815,0.7
0.012822577933266077,0.0003471402552997367,4.451232977354756e-06,1.5256534855909948e-09,27717.0326768102,355.4038115772812,0.00018251226505122185,14586.736344386432,0.0034520052142599485,0.0034520052142599485,1.0,False,True,-420.0,942572.0384041412,501232.85319797223,85.82558848536088,20053.032265397633,0.6301873444649364,0.019703061882189322,0.7943282347242815,0.7
0.012839825555060799,0.00034503226964755705,4.430154153141331e-06,1.5091802350366167e-09,27548.7228760547,353.72079599325514,0.00018129484962661703,14489.438128207285,0.0034309180597636574,0.0034309180597636574,1.0,False,True,-418.0,971648.2128767349,502474.1149805097,84.09216449949123,20106.455326363175,0.6294126204005761,0.01960680614284974,0.7943282347242815,0.7
0.012863078152977834,0.00034223055619146485,4.402138390627885e-06,1.4874219686230535e-09,27325.023140204376,351.4839081843767,0.00017967683941300377,14360.123594842213,0.00340289129432571,0.00340289129432571,1.0,False,True,-416.0,1000497.7745997844,504139.2772461842,82.36837045711447,20178.168779574662,0.6283741520787198,0.019478778503575836,0.7943282347242815,0.7
0.012892377810288723,0.0003387643629059922,4.3674781552458096e-06,1.4607185095521966e-09,27048.268741684293,348.71649973201664,0.00017767516914909067,14200.146201652202,0.0033682175551508456,0.0033682175551508456,1.0,False,True,-414.0,1029058.0443962788,506224.14876898803,80.65687893824212,20268.032452960142,0.6270752723844141,0.019320235473062643,0.7943282347242815,0.7
0.012927777389394027,0.00033466906852899883,4.326527217058751e-06,1.4294751970156488e-09,26721.28445698855,345.4468170186226,0.0001753103235090811,14011.143123769682,0.0033272508171953985,0.0033272508171953985,1.0,False,True,-412.0,1057269.3337217006,508723.5591905622,78.96024196001423,20375.8738144179,0.6255200889163074,0.01913269878207421,0.7943282347242815,0.7
0.012969340518915117,0.000329985334897985,4.279692174540211e-06,1.39414991536639e-09,26347.316885903503,341.70732445304475,0.00017260584641622142,13794.996037479861,0.0032803979103897627,0.0032803979103897627,1.0,False,True,-410.0,1085075.4728829502,511631.42107336246,77.28086956126593,20501.49029338627,0.6237134322182707,0.018917920024807293,0.7943282347242815,0.7
0.013017141582056939,0.00032475817222398146,4.227423107769598e-06,1.3552391585197656e-09,25929.959819327458,337.533958185233,0.0001695877999574091,13553.787875620443,0.0032281091657915973,0.0032281091657915973,1.0,False,True,-408.0,1112424.2567960506,514940.8007484525,75.62101164909427,20644.65193030992,0.621660796746448,0.018677841596161107,0.7943282347242815,0.7
0.013071265708205009,0.00031903595490953714,4.1702037370934724e-06,1.3132638218419583e-09,25473.075658338068,332.9653403353461,0.0001662841946676495,13289.757294803754,0.003170868567066351,0.003170868567066351,1.0,False,True,-406.0,1139267.8019664749,518643.9961234275,73.98274336031052,20805.104284911977,0.6193682761334791,0.018414555467752582,0.7943282347242815,0.7
0.013131808769894428,0.00031286942470597646,4.108541455185766e-06,1.2687553663588636e-09,24980.71582237767,328.0419831145396,0.00016272441248353368,13005.25255673276,0.003109183775554751,0.003109183775554751,1.0,False,True,-404.0,1165562.8118180113,522732.6195434017,72.36795405558507,20982.571531504618,0.616842494371189,0.018130261316773477,0.7943282347242815,0.7
0.013198877387406948,0.00030631071520542766,4.042957572445369e-06,1.2222429130522427e-09,24457.04286088995,322.80550997944295,0.00015893864204434433,12702.686396363597,0.003043576369147489,0.003043576369147489,1.0,False,True,-402.0,1191270.7507711076,527197.68380294,70.77833993548677,21176.759669846433,0.6140905345257509,0.017827225412129596,0.7943282347242815,0.7
0.013272588943315454,0.00029941242728995444,3.973978071939892e-06,1.1742417104253996e-09,23906.256633570607,317.29791747079094,0.00015495734348801532,12384.493247354356,0.0029745725913999325,0.0029745725913999325,1.0,False,True,-400.0,1216357.9304148257,532029.6894817137,69.21540015193048,21387.35978293971,0.611119866532665,0.017507741488175632,0.7943282347242815,0.7
0.01335307160931151,0.00029222677970396234,3.902125115545509e-06,1.1252432895284292e-09,23332.526488753443,311.56089703048235,0.00015081075673087482,12053.089942822699,0.0029026948526955382,0.0029026948526955382,1.0,False,True,-398.0,1240795.5136050028,537218.7119101828,67.68043619056714,21614.05127830858,0.6079382755014098,0.01717409461736461,0.7943282347242815,0.7
0.013440464387625377,0.0002848048528854311,3.827909482629521e-06,1.0757074896978049e-09,22739.930887945055,305.63523127648784,0.00014652846372929196,11710.840730442535,0.0028284541648972428,0.0028284541648972428,1.0,False,True,-396.0,1264559.444278268,542754.4862508414,66.1745542223867,21856.505056133756,0.6045537918038134,0.016828528849634265,0.7943282347242815,0.7
0.013534917169284028,0.0002771959380616669,3.7518240613266474e-06,1.0260564159331808e-09,22132.40543508958,299.5602743209491,0.00014213901167307405,11360.0271573251,0.002752343629568706,0.002752343629568706,1.0,False,True,-394.0,1287630.3121660356,548626.4893912035,64.69867006746455,22114.386555621422,0.6009746240380153,0.01647321913752197,0.7943282347242815,0.7
0.013636590811368218,0.0002694469977890202,3.6743384542005055e-06,9.766702829453148e-10,21513.69980395455,293.37352106514084,0.00013766960068792582,11002.82311059013,0.00267483304153415,0.00267483304153415,1.0,False,True,-392.0,1309993.162433951,554824.0175732078,63.253516380016684,22387.358639693957,0.5972090957623227,0.01611024782819444,0.7943282347242815,0.7
0.013745657235321868,0.00026160223890317187,3.595894707955784e-06,9.278850163246963e-10,20887.343640815205,287.1102662430257,0.00013314583660681853,10641.275058371291,0.002596364617376887,0.002596364617376887,1.0,False,True,-390.0,1331637.2606029124,561336.2589173701,61.839651650087085,22675.084286922356,0.5932655866927076,0.01574158578945447,0.7943282347242815,0.7
0.013862299548254365,0.00025370279445202193,3.5169041329231337e-06,8.799914199970623e-10,20256.621168735095,280.80335047651636,0.00012859154682629678,10277.28733269291,0.002517349814502162,0.002517349814502162,1.0,False,True,-388.0,1352555.8229939765,568152.3602280318,60.45747062071088,22977.229068278575,0.5891524788617994,0.015369078054897175,0.7943282347242815,0.7
0.013986712189057936,0.0002457865077137262,3.437745143345557e-06,8.332356807397378e-10,19624.553942723272,274.4829878355126,0.0001240286552554111,9912.61213514466,0.0024381671716772867,0.0024381671716772867,1.0,False,True,-386.0,1372745.722461814,575261.4876798932,59.10721573715019,23293.46339435324,0.5848781080546859,0.014994433728305051,0.7943282347242815,0.7
0.014119101101050191,0.00023788780887710882,3.3587620242432046e-06,7.878209628078407e-10,18993.891003417157,268.1766673795745,0.00011947711090315827,9548.843829450465,0.002359161076701205,0.002359161076701205,1.0,False,True,-384.0,1392207.1784264091,582652.8811793582,57.78898927344081,23623.464525980125,0.5804507206721554,0.014619219780181464,0.7943282347242815,0.7
0.014259683932746781,0.00023003767333169015,3.280264514334355e-06,7.439098452893203e-10,18367.105546795632,261.90911985670596,0.00011495486370676079,9187.417009617408,0.002280641350556255,0.002280641350556255,1.0,False,True,-382.0,1410943.439265477,590315.9023629241,56.502765817709665,23966.918347548926,0.5758784360291006,0.014244858298326949,0.7943282347242815,0.7
0.014408690268281074,0.0002222636496818671,3.2025280861637525e-06,7.016273677495795e-10,17746.39716094049,255.70234006989415,0.00011047788072107298,8829.607793824682,0.0022028835290748678,0.0022028835290748678,1.0,False,True,-380.0,1428960.4640689192,598240.0763369767,55.24840483850377,24323.52090763834,0.5711692139757334,0.013872626715851924,0.7943282347242815,0.7
0.014566361888912138,0.00021458994543798504,3.1257948029716004e-06,6.610644720734767e-10,17133.698667946042,249.57565529287393,0.00010606019569571464,8476.537786724823,0.0021261297215472916,0.0021261297215472916,1.0,False,True,-378.0,1446266.6096494687,606415.1273784188,54.02566309706123,24692.979735883455,0.5663308276331875,0.01350366052906851,0.7943282347242815,0.7
0.014732953067008782,0.00020703755870649134,3.0502746355308125e-06,6.222816565067736e-10,16530.68663857488,243.54583041155286,0.0001017139852803577,8129.18016991893,0.0020505899294049833,0.0020505899294049833,1.0,False,True,-376.0,1462872.3276061125,614831.0089045642,52.83420671291101,25075.014948318312,0.5613708409610636,0.01313895802882184,0.7943282347242815,0.7
0.014908730893862101,0.00019962444496426408,2.9761471298087987e-06,5.853126886277466e-10,15938.794708171095,237.62720107663617,9.744966554016483e-05,7788.367415658832,0.0019764437157584677,0.0019764437157584677,1.0,False,True,-374.0,1478789.8751916902,623477.9280856579,51.67362273072806,25469.36015582469,0.5562965908215272,0.012779386596505541,0.7943282347242815,0.7
0.015093975642663486,0.0001923657090309759,2.9035633265972414e-06,5.501682548745458e-10,15359.228904482992,231.83182697435925,9.327600305885354e-05,7454.800166420762,0.001903842126871263,0.001903842126871263,1.0,False,True,-372.0,1494033.0427737697,632346.3655166823,50.543430073815465,25875.763191892474,0.5511151731701208,0.012425690155137935,0.7943282347242815,0.7
0.015288981167991414,0.00018527381353700413,2.832647846089209e-06,5.168394535074242e-10,14792.984292554554,226.16965826725936,8.920023559198896e-05,7129.0568777519375,0.0018329097785021614,0.0018329097785021614,1.0,False,True,-370.0,1508616.8998179424,641427.0903898558,49.443089803160994,26293.98667677833,0.5458334329847703,0.012078497411953003,0.7943282347242815,0.7
0.015494055343178917,0.00017835879643167808,2.7635010628552027e-06,4.853010642998623e-10,14240.862341432716,220.64870925275102,8.522819795506863e-05,6811.603879491924,0.001763747032533711,0.001763747032533711,1.0,False,True,-368.0,1522557.5605751863,650711.1716183174,48.372014630315505,26723.80843546125,0.5404579575388375,0.01173833057825215,0.7943282347242815,0.7
0.015709520536970892,0.00017162849131678481,2.6962013090703614e-06,4.555145511525206e-10,13703.48851645431,215.2752342773838,8.136444954879193e-05,6502.805567841009,0.0016964322017169924,0.0016964322017169924,1.0,False,True,-366.0,1535871.9700225191,660189.9853579969,47.3295776572512,27165.021786546276,0.5349950726301749,0.011405614301817689,0.7943282347242815,0.7
0.015935714130955337,0.0001650887455700757,2.6308070556427457e-06,4.274307729396812e-10,13181.329695078044,210.0539018866364,7.761240060682454e-05,6202.93449532787,0.001631023732170101,0.001631023732170101,1.0,False,True,-364.0,1548577.710085688,669855.219361301,46.31512033697729,27617.435718812885,0.5294508413904709,0.011080684594819168,0.7943282347242815,0.7
0.016172989079320105,0.0001587436323092952,2.5673590317498375e-06,4.009923932788545e-10,12674.711090919727,204.98796405698215,7.39744348798511e-05,5912.181175958442,0.001567562324132749,0.001567562324132749,1.0,False,True,-362.0,1560692.8257569743,679698.8745755494,45.3279596652868,28080.874971175035,0.5238310653201358,0.010763797584332086,0.7943282347242815,0.7
0.016421714512594995,0.00015259565321620188,2.5058822529794157e-06,3.7613599180453765e-10,12183.832448013622,200.0794181305711,7.045202703057264e-05,5630.663467653181,0.0015060729611744564,0.0015060729611744564,1.0,False,True,-360.0,1572235.670400586,689713.2643732394,44.367394626936516,28555.180030899464,0.5181412872166508,0.010455137952395286,0.7943282347242815,0.7
0.01668227638714128,0.00014664593008390675,2.4463879367091286e-06,3.5279388831293943e-10,11708.783334699441,195.32915974660983,6.704585350274994e-05,5358.435433117342,0.001446566826496351,0.001446566826496351,1.0,False,True,-358.0,1583224.7693013565,699891.011772028,43.43271192924695,29040.207063722846,0.5123867956916556,0.010154826967480553,0.7943282347242815,0.7
0.016955078182283066,0.00014089438366722627,2.3888752905224076e-06,3.3089569726238723e-10,11249.557423732485,190.73712563546715,6.375589604205761e-05,5095.495613429619,0.0013890430921330744,0.0013890430921330744,1.0,False,True,-356.0,1593678.7003479034,710225.0449713778,42.52319106298983,29535.82778836426,0.506572630999181,0.009862930039211475,0.7943282347242815,0.7
0.017240541647113344,0.0001353398990103637,2.3333331654042898e-06,3.103696340241179e-10,10806.065692690894,186.30242561628006,6.058153739069373e-05,4841.794676142078,0.0013334905728091427,0.0013334905728091427,1.0,False,True,-354.0,1603615.9906374752,720708.5915012491,41.6381087349431,30041.92930670979,0.5007035919255958,0.009579463753288385,0.7943282347242815,0.7
0.017539107599152504,0.00012998047690793952,2.2797415702775085e-06,2.911435964172207e-10,10378.148517215384,182.02346352342565,5.752164895651159e-05,4597.242421968223,0.0012798892410220224,0.0012798892410220224,1.0,False,True,-352.0,1613055.0277355853,731335.1712471023,40.776742719053296,30558.413899709194,0.49478424351988187,0.009304402364160847,0.7943282347242815,0.7
0.0178512367772125,0.0001248133715352121,2.2280730482372657e-06,2.7314604582705177e-10,9965.586659943177,177.89804709047593,5.457467047729629e-05,4361.714151707427,0.0012282116037225903,0.0012282116037225903,1.0,False,True,-350.0,1622013.984309261,742098.588585324,39.93837517412631,31085.198797961766,0.488818925468307,0.009037683739465887,0.7943282347242815,0.7
0.018177410750983312,0.00011983521457471018,2.178293917756729e-06,2.563067119503628e-10,9568.111181262713,173.92348705288848,5.173868186945735e-05,4135.0564085326305,0.001178423943877175,0.001178423943877175,1.0,False,True,-348.0,1630510.754869501,752992.9238347363,39.122295475713585,31622.215934804444,0.48281176094343153,0.008779214763089174,0.7943282347242815,0.7
0.018518132890051546,0.00011504212638132359,2.130365384283455e-06,2.405571442237418e-10,9185.412315168314,170.0966859022029,4.9011467574758184e-05,3917.092120706527,0.0011304874323430354,0.0011304874323430354,1.0,False,True,-346.0,1638562.9033987403,764012.5242031796,38.327802608659546,32169.411688764285,0.4767666657798911,0.008528876213408013,0.7943282347242815,0.7
0.018873929395255264,0.0001104298148790605,2.084244529158497e-06,2.2583113151811403e-10,8817.14736556323,166.41421684520137,4.639057380619049e-05,3707.6251767835365,0.001084359116999919,0.001084359116999919,1.0,False,True,-344.0,1646187.6206962303,775151.9943836725,37.554207164880964,32726.746621295206,0.4706873578508388,0.008286527140314609,0.7943282347242815,0.7
0.019245350395485257,0.00010599366298129839,2.039885183776062e-06,2.1206500991155296e-10,8462.94768623362,162.87239360022724,4.3873359151184214e-05,3506.4444699170836,0.001039992797065595,0.001039992797065595,1.0,False,True,-342.0,1653401.6903429308,786406.1869323113,36.80083298856736,33294.195214882624,0.4645773665381616,0.008052008769450796,0.7943282347242815,0.7
0.019632971113258024,0.00010172880538272431,1.9972386974652737e-06,1.9919787643355995e-10,8122.424812216739,159.46733170786146,4.145703902296138e-05,3313.327450498533,0.000997339791085947,0.000997339791085947,1.0,False,True,-340.0,1660221.4622633464,797770.1925399303,36.06701850829506,33871.745615841515,0.45844004220692597,0.007825147965118856,0.7943282347242815,0.7
0.020037393102616465,9.763019559416379e-05,1.956254607805594e-06,1.871717247162889e-10,7795.175812123282,156.19500205152175,3.913872446415535e-05,3128.0432274181526,0.0009563496073192416,0.0009563496073192416,1.0,False,True,-338.0,1666662.8329412632,809239.3302915397,35.35211779267307,34459.39938549099,0.45227856560959473,0.007605760284930437,0.7943282347242815,0.7
0.02045924556314448,9.369266408904391e-05,1.916881222062958e-06,1.7593151657182355e-10,7480.787930777906,153.05127728159266,3.691545580538707e-05,2950.3552581242034,0.0009169705252086914,0.0009169705252086914,1.0,False,True,-336.0,1672741.2314268055,820809.137991609,34.655501363194446,35057.17126277022,0.4460959571594385,0.007393652659730811,0.7943282347242815,0.7
0.020899186734133043,8.991096840852629e-05,1.8790661182165275e-06,1.6542520169275209e-10,7178.842589808577,150.0319718193567,3.4784231668920366e-05,2780.023666651665,0.000879150096419416,0.000879150096419416,1.0,False,True,-334.0,1678471.6103515814,832475.362619191,33.976556795034234,35665.08894088611,0.43989508602400185,0.007188625731956629,0.7943282347242815,0.7
0.02135790537317492,8.627983603711549e-05,1.84275657369376e-06,1.5560369598146394e-10,6888.91881100247,147.13287608887543,3.274203378711624e-05,2616.807227161524,0.0008428355735627705,0.0008428355735627705,1.0,False,True,-332.0,1683868.4412453945,844233.9509646466,33.314689133679266,36283.19286007081,0.4336786790004951,0.006990475884573207,0.7943282347242815,0.7
0.02183612232374698,8.279400081560929e-05,1.8078999294820517e-06,1.4642082746947e-10,6610.596123658014,144.349785589084,3.078584807939089e-05,2460.465048452392,0.0008079742742808596,0.0008079742742808596,1.0,False,True,-330.0,1688945.7135210084,856081.0404890344,32.66932115253433,36911.53601824499,0.4274493291428246,0.006798996991278483,0.7943282347242815,0.7
0.022334592176586662,7.944823360782555e-05,1.7744438967809702e-06,1.378332574017776e-10,6343.4570131360415,141.67852537810205,2.8912682402182742e-05,2310.7579925724976,0.0007745138878590621,0.0007745138878590621,1.0,False,True,-328.0,1693716.9365620334,868012.9504380951,32.03989347406247,37550.18380096044,0.4212095041185865,0.006613981916899388,0.7943282347242815,0.7
0.022854105029960787,7.623736788361013e-05,1.7423368128197851e-06,1.298003828307724e-10,6087.088963506978,139.11497049870363,2.711958135521181e-05,2167.449858164831,0.0007424027309944947,0.0007424027309944947,1.0,False,True,-326.0,1698195.1444127706,880026.1732348463,31.42586457459227,38199.21383179963,0.41496155428001413,0.006435223794964423,0.7943282347242815,0.7
0.02339548835418609,7.315632082592262e-05,1.711527851917974e-06,1.2228422598529496e-10,5841.086142822934,136.6550628302117,2.5403638495641687e-05,2030.3083566467972,0.0007115899588007465,0.0007115899588007465,1.0,False,True,-324.0,1702392.9026275822,892117.3661681629,30.826710690684276,38858.715844104605,0.4087077204390673,0.006262517107401285,0.7943282347242815,0.7
0.023959608966074925,7.020011051527102e-05,1.6819671973211382e-06,1.1524931474277671e-10,5605.0507751900295,134.29482480854824,2.3762006280190507e-05,1899.1059068031282,0.0006820257365835127,0.0006820257365835127,1.0,False,True,-322.0,1706322.316891032,904283.343389022,30.241925642885118,39528.7915748363,0.4024501413402746,0.00609565858925438,0.7943282347242815,0.7
0.024547375119223332,6.73638696923526e-05,1.6536061788206588e-06,1.0866255772605156e-10,5378.594239631353,132.0303704143246,2.21919040248896e-05,1773.620270945323,0.0006536613773972368,0.0006536613773972368,1.0,False,True,-320.0,1709995.0430687806,916521.0682214021,29.67102059081702,40209.55468106104,0.396190860830168,0.0059344479792928445,0.7943282347242815,0.7
0.025159738716389504,6.464285654926227e-05,1.6263973806604869e-06,1.0249311685686382e-10,5161.337931699146,129.8579137885407,2.0690624142959575e-05,1653.6350534548765,0.0006264494498875842,0.0006264494498875842,1.0,False,True,-318.0,1713422.2983931808,928827.6457908342,29.113523731841646,40901.13067960556,0.38993183472364673,0.005778688635426261,0.7943282347242815,0.7
0.025797697650448412,6.203246295262288e-05,1.6002947237644076e-06,9.671227961507474e-11,4952.913920041617,127.77377579793084,1.9255536894057015e-05,1538.9400803523422,0.0006003438604542342,0.0006003438604542342,1.0,False,True,-316.0,1716614.873526988,941200.315970416,28.568979953997747,41603.65691017887,0.3836749373715119,0.005628188031985138,0.7943282347242815,0.7
0.02646229828071974,5.952822045782977e-05,1.5752535258755344e-06,9.129333276141226e-11,4752.965426603696,125.77438883673535,1.7884093852582488e-05,1429.3316764912756,0.0005752999133266258,0.0005752999133266258,1.0,False,True,-314.0,1719583.1452838317,953636.4466414072,28.03695045252751,42317.28252231642,0.377421967934211,0.0054827581541768665,0.7943282347242815,0.7
0.02715463805170274,5.7125804433192536e-05,1.5512305427956993e-06,8.621143887239656e-11,4561.147155914612,123.85630011941466,1.6573830279346186e-05,1324.61285510638,0.0005512743517410124,0.0005512743517410124,1.0,False,True,-312.0,1722337.0898154294,966133.5272634187,27.517012318069035,43042.16848637043,0.3711746563691395,0.005342215803401872,0.7943282347242815,0.7
0.02787586826151186,5.48210365755953e-05,1.5281839935408177e-06,8.144351669668818e-11,4377.125495948018,122.01617368915173,1.5322366559376294e-05,1224.593432725957,0.0005282253830354122,0.0005282253830354122,1.0,False,True,-310.0,1724886.2961032616,978689.1627475203,27.00875810349027,43778.48762878557,0.3649346691395993,0.005206382825615175,0.7943282347242815,0.7
0.02862719698751895,5.260988606562639e-05,1.506073571891615e-06,7.696812606337095e-11,4200.578610352062,120.2507913401071,1.4127408849166098e-05,1129.0900809011578,0.0005061126901422144,0.0005061126901422144,1.0,False,True,-308.0,1727239.9796168888,991301.0676242774,26.51179537536215,44526.424691860484,0.35870361465457706,0.005075086273544954,0.7943282347242815,0.7
0.029409892176904914,5.0488469579643956e-05,1.4848604465142725e-06,7.276535784533155e-11,4031.1964394127426,118.55705262705176,1.298674905901084e-05,1037.9263247943102,0.00048489743165324974,0.00048489743165324974,1.0,False,True,-306.0,1729406.9960225844,1003967.0604977194,26.02574625520197,45286.17641821347,0.3524830484489175,0.004948158512329296,0.7943282347242815,0.7
0.030225284909977175,4.8453050348858206e-05,1.4645072515517082e-06,6.881672929726401e-11,3868.6806249273714,116.93197411413834,1.1898264280238309e-05,950.9324974020705,0.00046454223235820687,0.00046454223235820687,1.0,False,True,-304.0,1731395.8548447809,1016685.0587755464,25.550246954857144,46057.951660190156,0.34627447811376966,0.004825437276999759,0.7943282347242815,0.7
0.031074772844186947,4.6500036431064585e-05,1.4449780693417495e-06,6.510508494107258e-11,3712.7443722130006,115.37268799505247,1.0859915752988643e-05,867.9456570583703,0.00044501116591274083,0.00044501116591274083,1.0,False,True,-302.0,1733214.7329992412,1029453.0736653535,25.08494730972764,46841.97151442595,0.3400793679877238,0.004706765689220129,0.7943282347242815,0.7
0.03195982384684437,4.462597833874163e-05,1.4262384066992752e-06,6.161450305518759e-11,3563.1122607245024,113.87644019928652,9.869747457521036e-06,788.8094748489008,0.0004262697310733719,0.0004262697310733719,1.0,False,True,-300.0,1734871.4881311485,1042269.20542635,24.629510312938734,47638.46948188302,0.33389914361844253,0.004591992239772787,0.7943282347242815,0.7
0.03288197982444632,4.2827566147931875e-05,1.408255166006436e-06,5.83302077339893e-11,3419.5200132163363,112.44058808386998,8.925884400862782e-06,713.3740976767601,0.0004082848227432791,0.0004082848227432791,1.0,False,True,-298.0,1736373.6717036741,1055131.6388658832,24.183611653061543,48447.691653639595,0.3277351960051261,0.004480970742466225,0.7943282347242815,0.7
0.033842860756415266,4.1101626195093816e-05,1.3909966121827902e-06,5.523848641404784e-11,3281.71423200632,111.06259779613615,8.026530660658101e-06,641.4959919230357,0.0003910246989007672,0.0003910246989007672,1.0,False,True,-296.0,1737728.541793274,1068038.6390700461,23.746939257532294,49269.896922825865,0.3215888856313543,0.004373560264407553,0.7943282347242815,0.7
0.03484416894075277,3.9445117454042205e-05,1.3744323364564823e-06,5.23266127120391e-11,3149.452109696404,109.74004138107172,7.169967239364315e-06,573.0377719499753,0.00037445894433145406,0.00037445894433145406,1.0,False,True,-294.0,1738943.075557147,1080988.547357725,23.31919284353215,50105.35722309533,0.3154615462979837,0.004269625036935451,0.7943282347242815,0.7
0.03588769345872492,3.785512767173039e-05,1.3585332177239554e-06,4.95827743813095e-11,3022.501120638454,108.47059369612538,6.354549774231882e-06,507.8680170781227,0.00035855843195158033,0.00035855843195158033,1.0,False,True,-292.0,1740023.981346175,1093979.7774475678,22.90008347775311,50954.35779413947,0.30935448876492677,0.004169034350934943,0.7943282347242815,0.7
0.03697531486506262,3.6328869330035606e-05,1.3432713821697832e-06,4.699600616790176e-11,2900.638698507428,107.2520291870976,5.578706141813926e-06,445.86108013404566,0.0003432952823939089,0.0003432952823939089,1.0,False,True,-290.0,1740977.7104433873,1107010.8118275967,22.4893331461842,51817.197474730165,0.30326900421084063,0.0040716624397477775,0.7943282347242815,0.7
0.038109010109414386,3.48636754904042e-05,1.3286201617151561e-06,4.455612732960802e-11,2783.6519045216387,106.08221857050573,4.840933989824701e-06,386.8968901916483,0.00032864282242463575,0.00032864282242463575,1.0,False,True,-288.0,1741810.468413713,1120080.1983174332,22.08667433480321,52694.189023952276,0.2972063675184452,0.003977388352445084,0.7943282347242815,0.7
0.03929085769367236,3.345699556941069e-05,1.314554051775542e-06,4.2253683572064065e-11,2671.3370901468984,104.95912546079059,4.139798224099916e-06,330.8607517251367,0.0003145755426717019,0.0003145755426717019,1.0,False,True,-286.0,1742528.2260556298,1133186.5468134233,21.69184962184306,53585.65947124362,0.2911678403935236,0.003886095819835649,0.7943282347242815,0.7
0.04052304306850495,3.2106391085441335e-05,1.3010486687296027e-06,4.007989315178606e-11,2563.4995574951404,103.88080297446896,3.4739284739240564e-06,277.64314203303286,0.00030106905506647173,0.00030106905506647173,1.0,False,True,-284.0,1743136.729949388,1146328.526207257,21.304611282119726,54491.950496051686,0.2851546743242732,0.0037976731152382973,0.7943282347242815,0.7
0.04180786427066202,3.080953141007411e-05,1.2880807074350766e-06,3.802659689674229e-11,2459.9532200980148,102.84539033803577,2.8420165551924506e-06,227.1395084891371,0.0002881000503343494,0.0002881000503343494,1.0,False,True,-282.0,1743641.5125999101,1159504.8614690613,20.924720903752206,55413.418837888006,0.27916811338786496,0.003712012911744535,0.7943282347242815,0.7
0.04314773780053897,2.9564189551846956e-05,1.275627899068526e-06,3.608621189893417e-11,2360.5202662664924,101.85110952172504,2.2428139475387454e-06,179.25006690963318,0.0002756462558111185,0.0002756462558111185,1.0,False,True,-280.0,1744047.902175309,1172714.3308862713,20.55194901747248,56350.436737719974,0.27320939690995016,0.003629012137434014,0.7943282347242815,0.7
0.04454520473687334,2.836823799509179e-05,1.263668969515713e-06,3.4251688640038065e-11,2265.030826847134,100.89626191723508,1.6751292987286398e-06,133.87960209936602,0.000263686393811646,0.000263686393811646,1.0,False,True,-278.0,1744361.031844318,1185955.7634499785,20.186074738612138,57303.39241171532,0.26727976198234743,0.0035485718297751253,0.7943282347242815,0.7
0.04600293708223265,2.7219644612213672e-05,1.2521835984963986e-06,3.2516471319632443e-11,2173.3226488425043,99.97922507409294,1.1378259672143413e-06,90.93727144799887,0.0002522001407346198,0.0002522001407346198,1.0,False,True,-276.0,1744585.8487178653,1199228.0363808214,19.82688542175968,58272.69055839952,0.2613804458438239,0.0034705969902429573,0.7943282347242815,0.7
0.04752374432916814,2.611646866401921e-05,1.2411523795695803e-06,3.087446116517766e-11,2085.2407760617875,99.09844950631654,6.29819611664938e-07,50.336412280577285,0.00024116808704924145,0.00024116808704924145,1.0,False,True,-274.0,1744727.122401594,1212530.0727868383,19.47417632800376,59258.752900474516,0.25551268812767286,0.0033949964400131955,0.7943282347242815,0.7
0.04911058023219894,2.5056856899592545e-05,1.2305567811341672e-06,2.931998251362476e-11,2000.6372377196622,98.25245557855634,1.5007583459700365e-07,11.994353531889306,0.0002305716982787477,0.0002305716982787477,1.0,False,True,-272.0,1744789.4531674064,1225860.8394460848,19.127750304614366,60262.01876252571,0.24967773297991527,0.0033216826774399646,0.7943282347242815,0.7
0.050766549765352983,2.4039039764428693e-05,1.2203791085121684e-06,2.784775146550539e-11,1919.3707456788725,97.43983047866914,0.0,0.0,0.0002203932770677503,0.0002203932770677503,1.0,False,True,-270.0,1744801.4475209382,1239219.3447071663,18.787417476961306,61282.94568606862,0.24387683105056757,0.0032505717378956377,0.7943282347242815,0.7
0.05249491623837013,2.3061327723274653e-05,1.210602467178906e-06,2.645284692373894e-11,1841.3064008515098,96.65922528187478,0.0,0.0,0.00021061592639780432,0.00021061592639780432,1.0,False,True,-268.0,1744801.4475209382,1252604.6365011798,18.45299495242733,62322.010083417124,0.23811124136025097,0.0031815830564385773,0.7943282347242815,0.7
0.05429910853695093,2.2122107702145545e-05,1.201210727184919e-06,2.5130683840658388e-11,1766.315409115699,95.90935211006222,0.0,0.0,0.0002012235139957829,0.0002012235139957829,1.0,False,True,-266.0,1744801.4475209382,1266015.8004588995,18.12430653603931,63379.707932021345,0.23238223304345731,0.0031146393336784007,0.7943282347242815,0.7
0.056182728443232625,2.1219839652371288e-05,1.192188488798116e-06,2.3876988507952417e-11,1694.2748069756742,95.18898138852468,0.0,0.0,0.00019220063796353075,0.00019220063796353075,1.0,False,True,-264.0,1744801.4475209382,1279451.9581273731,17.80118245751567,64456.55551096843,0.22669108696952953,0.003049666405125684,0.7943282347242815,0.7
0.05814955798205185,2.0353053238094698e-05,1.1835210493803758e-06,2.2687775735000445e-11,1625.0671970787025,94.4969392012585,0.0,0.0,0.00018353259364292524,0.00018353259364292524,1.0,False,True,-262.0,1744801.4475209382,1292912.2652803918,17.483459109407274,65553.09018157277,0.22103909724113696,0.0029865931142425773,0.7943282347242815,0.7
0.06020356672593537,1.95203446475473e-05,1.1751943715018691e-06,2.155932777163499e-11,1558.5804936148986,93.83210474508583,0.0,0.0,0.00017520534171953619,0.00017520534171953619,1.0,False,True,-260.0,1744801.4475209382,1306395.9103176086,17.170978795995833,66669.87121398938,0.2154275725700121,0.0029253511893505436,0.7943282347242815,0.7
0.0623489189773342,1.8720373527414776e-05,1.167195052286216e-06,2.048817484131486e-11,1494.7076775450003,93.1934078820526,0.0,0.0,0.00016720547755793503,0.00016720547755793503,1.0,False,True,-258.0,1744801.4475209382,1319902.1127473724,16.863589492603854,67807.48066205023,0.20985783752832693,0.0028658751245004854,0.7943282347242815,0.7
0.06458998072961435,1.7951860038886656e-05,1.159510293972423e-06,1.947107716033402e-11,1433.3465615438868,92.57982678897864,0.0,0.0,0.00015952020175453887,0.00015952020175453887,1.0,False,True,-256.0,1744801.4475209382,1333430.121748594,16.561144614963755,68966.52428851234,0.20433123367417358,0.0028081020643674973,0.7943282347242815,0.7
0.06693132628902926,1.721358203328124e-05,1.1521278756725185e-06,1.8505008327642324e-11,1374.3995644914505,91.99038570247698,0.0,0.0,0.00015213729188683976,0.00015213729188683976,1.0,False,True,-254.0,1744801.4475209382,1346979.2148072603,16.263502798292077,70147.63254320406,0.19884912054812548,0.0027519716931961873,0.7943282347242815,0.7
0.06937774441744368,1.6504372344674715e-05,1.1450361262991682e-06,1.758713997844592e-11,1317.77349530554,91.4241527573892,0.0,0.0,0.0001450450754332588,0.0001450450754332588,1.0,False,True,-252.0,1744801.4475209382,1360548.696423413,15.970527685714325,71351.46159658984,0.1934128765377357,0.002697426127792408,0.7943282347242815,0.7
0.07193424383011794,1.5823116196526102e-05,1.138223898633197e-06,1.6714827602715797e-11,1263.3793458767768,90.88023791623496,0.0,0.0,0.00013823240383349086,0.00013823240383349086,1.0,False,True,-250.0,1744801.4475209382,1374137.896884689,15.682087725688419,72578.69443151071,0.18802389960571098,0.002644409814532039,0.7943282347242815,0.7
0.0746060578537302,1.5168748718994143e-05,1.1316805444979728e-06,1.5885597437249967e-11,1211.1320928414445,90.35779098703814,0.0,0.0,0.00013168862765625735,0.00013168862765625735,1.0,False,True,-248.0,1744801.4475209382,1387746.1711027185,15.398055978079258,73830.04199597462,0.18268360787698745,0.002592869430336895,0.7943282347242815,0.7
0.07739864801686011,1.4540252573405456e-05,1.1253958910052534e-06,1.5097134346927806e-11,1160.9505079097585,89.85599972670238,0.0,0.0,0.00012540357283901944,0.00012540357283901944,1.0,False,True,-246.0,1744801.4475209382,1401372.8975088813,15.118309928542216,75106.24442003836,0.17739344007918637,0.0025427537875510656,0.7943282347242815,0.7
0.0803177063080951,1.3936655680148858e-05,1.1193602178352412e-06,1.434727061729075e-11,1112.7569764520804,89.37408802696208,0.0,0.0,0.00011936751796236279,0.00011936751796236279,1.0,False,True,-244.0,1744801.4475209382,1415017.4770061502,14.84273131088103,76408.0723000386,0.1721548558299908,0.0024940137426374027,0.7943282347242815,0.7
0.08336915579536033,1.3357029046160416e-05,1.1135642355125009e-06,1.3633975586643788e-11,1066.4773240368472,88.9113141798469,0.0,0.0,0.00011357117252066571,0.00011357117252066571,1.0,False,True,-242.0,1744801.4475209382,1428679.3319739094,14.571205937052842,77736.32805360854,0.1669693357642615,0.002446602108603272,0.7943282347242815,0.7
0.08655914925366431,1.2800484688129346e-05,1.1079990646390328e-06,1.2955346051528946e-11,1022.040650611225,88.46696921956921,0.0,0.0,0.0001080056561503194,0.0001080056561503194,1.0,False,True,-240.0,1744801.4475209382,1442357.9053228355,14.303623534501986,79091.84734897394,0.16183838149344026,0.002400473571056378,0.7943282347242815,0.7
0.08989406539778982,1.2266173647453137e-05,1.1026562160447986e-06,1.2309597384534273e-11,979.3791720073802,88.0403753376647,0.0,0.0,0.00010266247877575637,0.00010266247877575637,1.0,False,True,-238.0,1744801.4475209382,1456052.6595970853,14.039877590514026,80475.50061247761,0.15676351538797567,0.0023555846077852756,0.7943282347242815,0.7
0.09338050226021581,1.1753284093059133e-05,1.097527571816867e-06,1.1695055308318724e-11,938.4280684643506,87.63088436828527,0.0,0.0,9.753352163443153e-05,9.753352163443153e-05,1.0,False,True,-236.0,1744801.4475209382,1469763.0761211934,13.779865203289667,81888.19461816933,0.15174628017395855,0.002311893411754735,0.7943282347242815,0.7
0.0970252671943986,1.1261039508182434e-05,1.0926053671680797e-06,1.1110148274107613e-11,899.1253398533174,87.23787634052258,0.0,0.0,9.261101914163181e-05,9.261101914163181e-05,1.0,False,True,-234.0,1744801.4475209382,1483488.6541892479,13.52348693945048,83330.87416370382,0.14678823833356788,0.0022693598174031064,0.7943282347242815,0.7
0.10083536291887721,1.0788696957257195e-05,1.0878821731068155e-06,1.0553400397035456e-11,861.4116672994428,86.86075809469442,0.0,0.0,8.788754155666137e-05,8.788754155666137e-05,1.0,False,True,-232.0,1744801.4475209382,1497228.9102940282,13.270646697695248,84804.52383695456,0.14189097129835318,0.002227945230127168,0.7943282347242815,0.7
0.104817968949452,1.0335545429169386e-05,1.0833508798703273e-06,1.0023424904521428e-11,825.2302809007049,86.49896195959764,0.0,0.0,8.335597841286408e-05,8.335597841286408e-05,1.0,False,True,-230.0,1744801.4475209382,1510983.37739395,13.021251578339507,86310.16987786733,0.13705607842395442,0.0021876125588391596,0.7943282347242815,0.7
0.10898041769643399,9.900904253188053e-06,1.0790046810848338e-06,9.518918057330456e-12,790.5268332496685,86.1519444877881,0.0,0.0,7.900952267463426e-05,7.900952267463426e-05,1.0,False,True,-228.0,1744801.4475209382,1524751.6042157582,12.775211758477655,87848.8821403555,0.13228517573388007,0.0021483261514810108,0.7943282347242815,0.7
0.1133301644329426,9.484121583998697e-06,1.0748370586165924e-06,9.038653506196557e-12,757.2492784726375,85.81918524603114,0.0,0.0,7.484165558563504e-05,7.484165558563504e-05,1.0,False,True,-226.0,1744801.4475209382,1538533.1545910507,12.532440372519293,89421.7761592131,0.12757989441940096,0.0021100517333815638,0.7943282347242815,0.7
0.11787475027093461,9.084572952375365e-06,1.0708417680793332e-06,8.581477049849609e-12,725.3477565096583,85.50018565815866,0.0,0.0,7.084613217357477e-05,7.084613217357477e-05,1.0,False,True,-224.0,1744801.4475209382,1552327.6068248244,12.29285339786065,91030.01532720032,0.12294187908205716,0.0020727563483441303,0.7943282347242815,0.7
0.12262175721721909,8.701659878143816e-06,1.0670128249645673e-06,8.146301763010396e-12,694.7744823680878,85.19446789765871,0.0,0.0,6.701696737805095e-05,6.701696737805095e-05,1.0,False,True,-222.0,1744801.4475209382,1566134.553094312,12.056369545461113,92674.81318766181,0.11837278570467379,0.0020364083023537596,0.7943282347242815,0.7
0.12757875432601287,8.334808542223292e-06,1.0633444913626588e-06,7.73210346544021e-12,665.4836400932236,84.90157382743415,0.0,0.0,6.334842276932346e-05,6.334842276932346e-05,1.0,False,True,-220.0,1744801.4475209382,1579953.5988765184,11.822910155105456,94357.43584815419,0.11387427933648514,0.0020009771097958427,0.7943282347242815,0.7
0.1327532339231719,7.983468514650571e-06,1.059831263243685e-06,7.337916505425749e-12,637.4312812087832,84.62106398425676,0.0,0.0,5.9834993827042786e-05,5.9834993827042786e-05,1.0,False,True,-218.0,1744801.4475209382,1593784.3624029218,11.592399095140854,96079.20452081772,0.10944803147732751,0.0019664334420804396,0.7943282347242815,0.7
0.13815253685561843,7.647111535656436e-06,1.0564678582688007e-06,6.962829833242818e-12,610.5752273932904,84.35251660557917,0.0,0.0,5.647139774962254e-05,5.647139774962254e-05,1.0,False,True,-216.0,1744801.4475209382,1607626.4741399132,11.36476266648742,97841.4981951737,0.1050957171461436,0.0019327490785695633,0.7943282347242815,0.7
0.1437837657268328,7.32523034697024e-06,1.053249204103855e-06,6.6059833420641415e-12,584.8749771668727,84.09552669644829,0.0,0.0,5.325256176600413e-05,5.325256176600413e-05,1.0,False,True,-214.0,1744801.4475209382,1621479.5762936193,11.139929510729,99645.75644937759,0.10081901161830688,0.001899896859707748,0.7943282347242815,0.7
0.14965368512290186,7.017337570715016e-06,1.050170427208894e-06,6.266564455631615e-12,560.2916163778701,83.8497051344155,0.0,0.0,5.017361192342825e-05,5.017361192342825e-05,1.0,False,True,-212.0,1744801.4475209382,1635343.322337834,10.917830522100271,101493.48240575228,0.09661958681709523,0.0018678506422594135,0.7943282347242815,0.7
0.15576860792644812,6.722964633366721e-06,1.0472268420782778e-06,5.94380494363938e-12,536.7877322875438,83.6146778104256,0.0,0.0,4.722986232594075e-05,4.722986232594075e-05,1.0,False,True,-210.0,1744801.4475209382,1649217.376563854,10.698398763193891,103386.24583674686,0.09249910734421708,0.0018365852565598241,0.7943282347242815,0.7
0.16213426696722344,6.441660732455373e-06,1.0444139409081996e-06,5.63697794737161e-12,514.3273310674612,83.39008480383127,0.0,0.0,4.441680480040303e-05,4.441680480040303e-05,1.0,False,True,-208.0,1744801.4475209382,1663101.413651089,10.481569384219519,105325.68642704564,0.0884592261357686,0.0018060764656897422,0.7943282347242815,0.7
0.16875567148499587,6.17299184378519e-06,1.0417273836693725e-06,5.345395199499714e-12,492.875758532078,83.1755795897575,0.0,0.0,4.173009896777085e-05,4.173009896777085e-05,1.0,False,True,-206.0,1744801.4475209382,1676995.1182573654,10.267279545653798,107313.51719796681,0.08450157972967787,0.0017763009264872573,0.7943282347242815,0.7
0.17563694819209463,5.916539767181763e-06,1.039162988564971e-06,5.068404423339403e-12,472.39962394746874,82.97082827722656,0.0,0.0,3.9165562699715425e-05,3.9165562699715425e-05,1.0,False,True,-204.0,1744801.4475209382,1690898.1846279239,10.055468344128654,109351.52809954024,0.0806277831331375,0.00174723615231353,0.7943282347242815,0.7
nan,0.0,0.0,0.0,0.0,0.0,0.0,0.0,0.0,0.0,1.0,False,False,-202.0,1744801.4475209382,1704810.3162221487,9.846076741410887,111441.58977591133,0.07683942427892326,0.0017188604774925557,0.7943282347242815,0.7
nan,0.0,0.0,0.0,0.0,0.0,0.0,0.0,0.0,0.0,1.0,False,False,-200.0,1744801.4475209382,1718731.2253571237,9.639047496333811,113585.65750890897,0.07313805806234491,0.0016911530233482748,0.7943282347242815,0.7
nan,0.0,0.0,0.0,0.0,0.0,0.0,0.0,0.0,0.0,1.0,False,False,-198.0,1744801.4475209382,1732660.6328671814,9.434325099548255,115785.77534445345,0.06952519995232066,0.0016640936657655104,0.7943282347242815,0.7
nan,0.0,0.0,0.0,0.0,0.0,0.0,0.0,0.0,0.0,1.0,False,False,-196.0,1744801.4475209382,1746598.2677786143,9.231855710965066,118044.08040551028,0.0660023191735965,0.0016376630042044152,0.7943282347242815,0.7
nan,0.0,0.0,0.0,0.0,0.0,0.0,0.0,0.0,0.0,1.0,False,False,-194.0,1744801.4475209382,1760543.866998812,9.031587099769029,120362.8073946437,0.06257083146031593,0.0016118423321010618,0.7943282347242815,0.7
nan,0.0,0.0,0.0,0.0,0.0,0.0,0.0,0.0,0.0,1.0,False,False,-192.0,1744801.4475209382,1774497.1750190936,8.833468586888467,122744.29328810243,0.05923209138546942,0.0015866136085898135,0.7943282347242815,0.7
nan,0.0,0.0,0.0,0.0,0.0,0.0,0.0,0.0,0.0,1.0,False,False,-190.0,1744801.4475209382,1788457.9436305568,8.637450989810272,125190.98222199205,0.0559873842757657,0.0015619594314859658,0.7943282347242815,0.7
nan,0.0,0.0,0.0,0.0,0.0,0.0,0.0,0.0,0.0,1.0,False,False,-188.0,1744801.4475209382,1802425.9316523084,8.443486569636084,127705.43056960696,0.052837917726979385,0.0015378630114698858,0.7943282347242815,0.7
nan,0.0,0.0,0.0,0.0,0.0,0.0,0.0,0.0,0.0,1.0,False,False,-186.0,1744801.4475209382,1816400.9046714585,8.251528980279451,130290.31220693627,0.04978481274153114,0.0015143081474166072,0.7943282347242815,0.7
nan,0.0,0.0,0.0,0.0,0.0,0.0,0.0,0.0,0.0,1.0,False,False,-184.0,1744801.4475209382,1830382.6347943125,8.061533219708593,132948.4239611926,0.04682909451725541,0.0014912792028173303,0.7943282347242815,0.7
nan,0.0,0.0,0.0,0.0,0.0,0.0,0.0,0.0,0.0,1.0,False,False,-182.0,1744801.4475209382,1844370.9004082147,7.873455583144438,135682.69123434174,0.043971682924786384,0.0014687610832418202,0.7943282347242815,0.7
nan,0.0,0.0,0.0,0.0,0.0,0.0,0.0,0.0,0.0,1.0,False,False,-180.0,1744801.4475209382,1858365.485953527,7.687253618127217,138496.17379046525,0.041213382720122524,0.001446739214793035,0.7943282347242815,0.7
nan,0.0,0.0,0.0,0.0,0.0,0.0,0.0,0.0,0.0,1.0,False,False,-178.0,1744801.4475209382,1872366.181705254,7.502886081368904,141392.07169202916,0.03855487354910281,0.0014251995235076112,0.7943282347242815,0.7
nan,0.0,0.0,0.0,0.0,0.0,0.0,0.0,0.0,0.0,1.0,False,False,-176.0,1744801.4475209382,1886372.7835638614,7.3203128973138885,144373.731365632,0.03599669981173827,0.0014041284156579956,0.7943282347242815,0.7
nan,0.0,0.0,0.0,0.0,0.0,0.0,0.0,0.0,0.0,1.0,False,False,-174.0,1744801.4475209382,1900385.0928548397,7.139495118331824,147444.65177279085,0.033539260466239895,0.0013835127589141509,0.7943282347242815,0.7
nan,0.0,0.0,0.0,0.0,0.0,0.0,0.0,0.0,0.0,1.0,False,False,-172.0,1744801.4475209382,1914402.916136607,6.960394886472218,150608.49065548292,0.031182798865361537,0.0013633398643247022,0.7943282347242815,0.7
nan,0.0,0.0,0.0,0.0,0.0,0.0,0.0,0.0,0.0,1.0,False,False,-170.0,1744801.4475209382,1928426.0650163544,6.782975396712402,153869.0708192961,0.028927392731249703,0.001343597469079361,0.7943282347242815,0.7
nan,0.0,0.0,0.0,0.0,0.0,0.0,0.0,0.0,0.0,1.0,False,False,-168.0,1744801.4475209382,1942454.3559734647,6.607200861634055,157230.386409487,0.026772944388835453,0.0013242737200162512,0.7943282347242815,0.7
nan,0.0,0.0,0.0,0.0,0.0,0.0,0.0,0.0,0.0,1.0,False,False,-166.0,1744801.4475209382,1956487.6101901478,6.43303647746641,160696.60912665323,0.024719171391958464,0.0013053571578395236,0.7943282347242815,0.7
nan,0.0,0.0,0.0,0.0,0.0,0.0,0.0,0.0,0.0,1.0,False,False,-164.0,1744801.4475209382,1970525.6533889633,6.26044839143757,164272.09431869962,0.02276559769071657,0.001286836702014302,0.7943282347242815,0.7
nan,0.0,0.0,0.0,0.0,0.0,0.0,0.0,0.0,0.0,1.0,False,False,-162.0,1744801.4475209382,1984568.3156769094,6.089403670377275,167961.38687514418,0.020911545502007495,0.0012687016363075933,0.7943282347242815,0.7
nan,0.0,0.0,0.0,0.0,0.0,0.0,0.0,0.0,0.0,1.0,False,False,-160.0,1744801.4475209382,1998615.4313957782,5.919870270517964,171769.22683745806,0.01915612805812208,0.0012509415949453046,0.7943282347242815,0.7
nan,0.0,0.0,0.0,0.0,0.0,0.0,0.0,0.0,0.0,1.0,False,False,-158.0,1744801.4475209382,2012666.8389784887,5.7518170084427895,175700.5546259935,0.017498243419382137,0.0012335465493569517,0.7943282347242815,0.7
nan,0.0,0.0,0.0,0.0,0.0,0.0,0.0,0.0,0.0,1.0,False,False,-156.0,1744801.4475209382,2026722.3808111316,5.58521353313182,179760.51576921678,0.015936569546063872,0.0012165067954810075,0.7943282347242815,0.7
nan,0.0,0.0,0.0,0.0,0.0,0.0,0.0,0.0,0.0,1.0,False,False,-154.0,1744801.4475209382,2040781.903100466,5.420030299060451,183954.46500534832,0.014469560831003099,0.0011998129416051506,0.7943282347242815,0.7
nan,0.0,0.0,0.0,0.0,0.0,0.0,0.0,0.0,0.0,1.0,False,False,-152.0,1744801.4475209382,2054845.255746618,5.256238540304753,188287.96960955072,0.013095446296883024,0.0011834558967169252,0.7943282347242815,0.7
nan,0.0,0.0,0.0,0.0,0.0,0.0,0.0,0.0,0.0,1.0,False,False,-150.0,1744801.4475209382,2068912.2922207576,5.093810245612588,192766.8117819901,0.011812229660213744,0.0011674268593414843,0.7943282347242815,0.7
nan,0.0,0.0,0.0,0.0,0.0,0.0,0.0,0.0,0.0,1.0,False,False,-148.0,1744801.4475209382,2082982.8694475268,4.932718134399092,197396.98991348335,0.010617691456592552,0.001151717306844229,0.7943282347242815,0.7
nan,0.0,0.0,0.0,0.0,0.0,0.0,0.0,0.0,0.0,1.0,False,False,-146.0,1744801.4475209382,2097056.8476920074,4.772935633628628,202184.71852651885,0.00950939340803149,0.0011363189851772303,0.7943282347242815,0.7
nan,0.0,0.0,0.0,0.0,0.0,0.0,0.0,0.0,0.0,1.0,False,False,-144.0,1744801.4475209382,2111134.090451041,4.614436855546364,207136.4266708715,0.008484685192077217,0.0011212238990493098,0.7943282347242815,0.7
nan,0.0,0.0,0.0,0.0,0.0,0.0,0.0,0.0,0.0,1.0,False,False,-142.0,1744801.4475209382,2125214.464348685,4.457196576223924,212258.75453422917,0.007540713743656149,0.0011064243025006707,0.7943282347242815,0.7
nan,0.0,0.0,0.0,0.0,0.0,0.0,0.0,0.0,0.0,1.0,False,False,-140.0,1744801.4475209382,2139297.8390356633,4.301190214886408,217558.54801234294,0.006674435182923568,0.0010919126898638273,0.7943282347242815,0.7
nan,0.0,0.0,0.0,0.0,0.0,0.0,0.0,0.0,0.0,1.0,False,False,-138.0,1744801.4475209382,2153384.0870925966,4.146393813987768,223042.85096786366,0.005882629416351823,0.0010776817870935197,0.7943282347242815,0.7
nan,0.0,0.0,0.0,0.0,0.0,0.0,0.0,0.0,0.0,1.0,False,False,-136.0,1744801.4475209382,2167473.0839368817,3.992784020004942,228718.89489669053,0.005161917403157097,0.0010637245434490814,0.7943282347242815,0.7
nan,0.0,0.0,0.0,0.0,0.0,0.0,0.0,0.0,0.0,1.0,False,False,-134.0,1744801.4475209382,2181564.7077330467,3.840338064920862,234594.08571383226,0.004508781016042076,0.0010500341235135462,0.7943282347242815,0.7
nan,0.0,0.0,0.0,0.0,0.0,0.0,0.0,0.0,0.0,1.0,False,False,-132.0,1744801.4475209382,2195658.839306441,3.689033748368717,240675.98737057272,0.003919585354800881,0.0010366038995345142,0.7943282347242815,0.7
nan,0.0,0.0,0.0,0.0,0.0,0.0,0.0,0.0,0.0,1.0,False,False,-130.0,1744801.4475209382,2209755.362060114,3.53884942041092,246972.30202208646,0.0033906032953787244,0.0010234274440725287,0.7943282347242815,0.7
nan,0.0,0.0,0.0,0.0,0.0,0.0,0.0,0.0,0.0,1.0,False,False,-128.0,1744801.4475209382,2223854.161894751,3.3897639649269085,253490.84648122374,0.0029180419777758934,0.0010104985229433669,0.7943282347242815,0.7
nan,0.0,0.0,0.0,0.0,0.0,0.0,0.0,0.0,0.0,1.0,False,False,-126.0,1744801.4475209382,2237955.1271315417,3.24175678358602,260239.5247221952,0.0024980708566423506,0.000997811088441319,0.7943282347242815,0.7
nan,0.0,0.0,0.0,0.0,0.0,0.0,0.0,0.0,0.0,1.0,False,False,-124.0,1744801.4475209382,2252058.148437847,3.0948077803815917,267226.2962379927,0.0021268508621751173,0.0009853592728311347,0.7943282347242815,0.7
nan,0.0,0.0,0.0,0.0,0.0,0.0,0.0,0.0,0.0,1.0,False,False,-122.0,1744801.4475209382,2266163.1187555604,2.9488973467043857,274459.14011052286,0.0018005641499523814,0.0009731373820968736,0.7943282347242815,0.7
nan,0.0,0.0,0.0,0.0,0.0,0.0,0.0,0.0,0.0,1.0,False,False,-120.0,1744801.4475209382,2280269.933232047,2.8040063469339827,281946.0147225161,0.0015154438611229616,0.000961139889936494,0.7943282347242815,0.7
nan,0.0,0.0,0.0,0.0,0.0,0.0,0.0,0.0,0.0,1.0,False,False,-118.0,1744801.4475209382,2294378.4891535533,2.660116104527672,289694.8131268222,0.0012678032733104763,0.0009493614319914996,0.7943282347242815,0.7
nan,0.0,0.0,0.0,0.0,0.0,0.0,0.0,0.0,0.0,1.0,False,False,-116.0,1744801.4475209382,2308488.6858809916,2.5172083885876457,297713.3141914992,0.001054063701923191,0.0009377968003014826,0.7943282347242815,0.7
nan,0.0,0.0,0.0,0.0,0.0,0.0,0.0,0.0,0.0,1.0,False,False,-114.0,1744801.4475209382,2322600.4247879917,2.3752654008875282,306009.1297574146,0.0008707805148565889,0.0009264409379738862,0.7943282347242815,0.7
nan,0.0,0.0,0.0,0.0,0.0,0.0,0.0,0.0,0.0,1.0,False,False,-112.0,1744801.4475209382,2336713.609201146,2.2342697633406132,314589.64817733737,0.0007146666533795172,0.0009152889340597233,0.7943282347242815,0.7
nan,0.0,0.0,0.0,0.0,0.0,0.0,0.0,0.0,0.0,1.0,False,False,-110.0,1744801.4475209382,2350828.1443423373,2.09420450589279,323461.9747480842,0.0005826131094546173,0.0009043360186264727,0.7943282347242815,0.7
nan,0.0,0.0,0.0,0.0,0.0,0.0,0.0,0.0,0.0,1.0,False,False,-108.0,1744801.4475209382,2364943.9372730865,1.9550530548237621,332632.8696965285,0.00047170589423185794,0.0008935775580197262,0.7943282347242815,0.7
nan,0.0,0.0,0.0,0.0,0.0,0.0,0.0,0.0,0.0,1.0,False,False,-106.0,1744801.4475209382,2379060.8968408285,1.8167992214408415,342108.684531038,0.0003792391414261899,0.0008830090503055908,0.7943282347242815,0.7
nan,0.0,0.0,0.0,0.0,0.0,0.0,0.0,0.0,0.0,1.0,False,False,-104.0,1744801.4475209382,2393178.9336270345,1.6794271911504177,351895.2977133746,0.0003027241182325814,0.0008726261208861979,0.7943282347242815,0.7
nan,0.0,0.0,0.0,0.0,0.0,0.0,0.0,0.0,0.0,1.0,False,False,-102.0,1744801.4475209382,2407297.959897128,1.5429215128929483,361998.0507377501,0.00023989405892659645,0.0008624245182810227,0.7943282347242815,0.7
nan,0.0,0.0,0.0,0.0,0.0,0.0,0.0,0.0,0.0,1.0,False,False,-100.0,1744801.4475209382,2421417.8895521024,1.407267088927481,372421.6858122688,0.00018870488456259474,0.0008524001100670602,0.7943282347242815,0.7
nan,0.0,0.0,0.0,0.0,0.0,0.0,0.0,0.0,0.0,1.0,False,False,-98.0,1744801.4475209382,2435538.6380817797,1.2724491649524041,383170.2864170927,0.00014733201746574187,0.0008425488789712229,0.7943282347242815,0.7
nan,0.0,0.0,0.0,0.0,0.0,0.0,0.0,0.0,0.0,1.0,False,False,-96.0,1744801.4475209382,2449660.122519661,1.1384533205505962,394247.2220545477,0.00011416363265462961,0.0008328669191085999,0.7943282347242815,0.7
nan,0.0,0.0,0.0,0.0,0.0,0.0,0.0,0.0,0.0,1.0,False,False,-94.0,1744801.4475209382,2463782.261399283,1.0052654599457769,405655.09850241494,8.779080169660613e-05,0.0008233504323605551,0.7943282347242815,0.7
nan,0.0,0.0,0.0,0.0,0.0,0.0,0.0,0.0,0.0,1.0,False,False,-92.0,1744801.4475209382,2477904.9747120407,0.872871803059465,417395.7148293634,6.699507099911733e-05,0.0008139957248868631,0.7943282347242815,0.7
nan,0.0,0.0,0.0,0.0,0.0,0.0,0.0,0.0,0.0,1.0,False,False,-90.0,1744801.4475209382,2492028.183866416,0.7412588768567662,429470.02832649695,5.073407151284214e-05,0.0008047992037663741,0.7943282347242815,0.7
nan,0.0,0.0,0.0,0.0,0.0,0.0,0.0,0.0,0.0,1.0,False,False,-88.0,1744801.4475209382,2506151.811648551,0.6104135069708777,441878.12835468206,3.8125778152180094e-05,0.000795757373760943,0.7943282347242815,0.7
nan,0.0,0.0,0.0,0.0,0.0,0.0,0.0,0.0,0.0,1.0,False,False,-86.0,1744801.4475209382,2520275.7821841245,0.48032280959548235,454619.21990578197,2.8432025563666914e-05,0.0007868668341975778,0.7943282347242815,0.7
nan,0.0,0.0,0.0,0.0,0.0,0.0,0.0,0.0,0.0,1.0,False,False,-84.0,1744801.4475209382,2534400.020901481,0.35097418363603755,467691.6174357625,2.104184541171826e-05,0.0007781242759640032,0.7943282347242815,0.7
nan,0.0,0.0,0.0,0.0,0.0,0.0,0.0,0.0,0.0,1.0,False,False,-82.0,1744801.4475209382,2548524.454495955,0.22235530310969126,481092.7492580849,1.5455124482618126e-05,0.0007695264786130504,0.7943282347242815,0.7
nan,0.0,0.0,0.0,0.0,0.0,0.0,0.0,0.0,0.0,1.0,False,False,-80.0,1744801.4475209382,2562649.01089536,0.09445410978552227,494819.17250010505,1.1266999498825075e-05,0.0007610703075714646,0.7943282347242815,0.7
nan,0.0,0.0,0.0,0.0,0.0,0.0,0.0,0.0,0.0,1.0,False,False,-78.0,1744801.4475209382,2576773.619226595,-0.03274119394388163,505212.8264405012,8.868940383288782e-06,0.0007527527114489462,0.7943282347242815,0.7
nan,0.0,0.0,0.0,0.0,0.0,0.0,0.0,0.0,0.0,1.0,False,False,-76.0,1744801.4475209382,2590898.209783313,-0.1592421519678158,505212.8264405012,8.868940383288782e-06,0.0007445707194434086,0.7943282347242815,0.7
nan,0.0,0.0,0.0,0.0,0.0,0.0,0.0,0.0,0.0,1.0,False,False,-74.0,1744801.4475209382,2605022.713994638,-0.2850600611477576,505212.8264405012,8.868940383288782e-06,0.0007365214388386078,0.7943282347242815,0.7
nan,0.0,0.0,0.0,0.0,0.0,0.0,0.0,0.0,0.0,1.0,False,False,-72.0,1744801.4475209382,2619147.0643948675,-0.4102059777999672,505212.8264405012,8.868940383288782e-06,0.0007286020525904844,0.7943282347242815,0.7
nan,0.0,0.0,0.0,0.0,0.0,0.0,0.0,0.0,0.0,1.0,False,False,-70.0,1744801.4475209382,2633271.1945941397,-0.5346907239782146,505212.8264405012,8.868940383288782e-06,0.0007208098169986986,0.7943282347242815,0.7
nan,0.0,0.0,0.0,0.0,0.0,0.0,0.0,0.0,0.0,1.0,False,False,-68.0,1744801.4475209382,2647395.0392500227,-0.658524893563332,505212.8264405012,8.868940383288782e-06,0.0007131420594600067,0.7943282347242815,0.7
nan,0.0,0.0,0.0,0.0,0.0,0.0,0.0,0.0,0.0,1.0,False,False,-66.0,1744801.4475209382,2661518.5340400003,-0.7817188581664719,505212.8264405012,8.868940383288782e-06,0.0007055961763002593,0.7943282347242815,0.7
nan,0.0,0.0,0.0,0.0,0.0,0.0,0.0,0.0,0.0,1.0,False,False,-64.0,1744801.4475209382,2675641.6156348097,-0.9042827728526281,505212.8264405012,8.868940383288782e-06,0.0006981696306819558,0.7943282347242815,0.7
nan,0.0,0.0,0.0,0.0,0.0,0.0,0.0,0.0,0.0,1.0,False,False,-62.0,1744801.4475209382,2689764.221672614,-1.0262265816905647,505212.8264405012,8.868940383288782e-06,0.0006908599505844012,0.7943282347242815,0.7
nan,0.0,0.0,0.0,0.0,0.0,0.0,0.0,0.0,0.0,1.0,False,False,-60.0,1744801.4475209382,2703886.2907339693,-1.1475600231353191,505212.8264405012,8.868940383288782e-06,0.0006836647268536599,0.7943282347242815,0.7
nan,0.0,0.0,0.0,0.0,0.0,0.0,0.0,0.0,0.0,1.0,False,False,-58.0,1744801.4475209382,2718007.7623175653,-1.268292635248991,505212.8264405012,8.868940383288782e-06,0.000676581611319598,0.7943282347242815,0.7
nan,0.0,0.0,0.0,0.0,0.0,0.0,0.0,0.0,0.0,1.0,False,False,-56.0,1744801.4475209382,2732128.5768167083,-1.3884337607652706,505212.8264405012,8.868940383288782e-06,0.000669608314977444,0.7943282347242815,0.7
nan,0.0,0.0,0.0,0.0,0.0,0.0,0.0,0.0,0.0,1.0,False,False,-54.0,1744801.4475209382,2746248.6754965186,-1.5079925520032509,505212.8264405012,8.868940383288782e-06,0.000662742606231384,0.7943282347242815,0.7
nan,0.0,0.0,0.0,0.0,0.0,0.0,0.0,0.0,0.0,1.0,False,False,-52.0,1744801.4475209382,2760368.000471824,-1.6269779756355385,505212.8264405012,8.868940383288782e-06,0.0006559823091978278,0.7943282347242815,0.7
nan,0.0,0.0,0.0,0.0,0.0,0.0,0.0,0.0,0.0,1.0,False,False,-50.0,1744801.4475209382,2774486.4946857207,-1.7453988173155972,505212.8264405012,8.868940383288782e-06,0.0006493253020660767,0.7943282347242815,0.7
nan,0.0,0.0,0.0,0.0,0.0,0.0,0.0,0.0,0.0,1.0,False,False,-48.0,1744801.4475209382,2788604.1018887735,-1.8632636861691827,505212.8264405012,8.868940383288782e-06,0.0006427695155142165,0.7943282347242815,0.7
nan,0.0,0.0,0.0,0.0,0.0,0.0,0.0,0.0,0.0,1.0,False,False,-46.0,1744801.4475209382,2802720.7666188465,-1.9805810191542206,505212.8264405012,8.868940383288782e-06,0.0006363129311781523,0.7943282347242815,0.7
nan,0.0,0.0,0.0,0.0,0.0,0.0,0.0,0.0,0.0,1.0,False,False,-44.0,1744801.4475209382,2816836.4341815286,-2.0973590852939257,505212.8264405012,8.868940383288782e-06,0.0006299535801717875,0.7943282347242815,0.7
nan,0.0,0.0,0.0,0.0,0.0,0.0,0.0,0.0,0.0,1.0,False,False,-42.0,1744801.4475209382,2830951.0506311413,-2.213605989786954,505212.8264405012,8.868940383288782e-06,0.0006236895416564359,0.7943282347242815,0.7
nan,0.0,0.0,0.0,0.0,0.0,0.0,0.0,0.0,0.0,1.0,False,False,-40.0,1744801.4475209382,2845064.5627523093,-2.329329677998961,505212.8264405012,8.868940383288782e-06,0.0006175189414576231,0.7943282347242815,0.7
nan,0.0,0.0,0.0,0.0,0.0,0.0,0.0,0.0,0.0,1.0,False,False,-38.0,1744801.4475209382,2859176.9180420684,-2.444537939339412,505212.8264405012,8.868940383288782e-06,0.0006114399507275264,0.7943282347242815,0.7
nan,0.0,0.0,0.0,0.0,0.0,0.0,0.0,0.0,0.0,1.0,False,False,-36.0,1744801.4475209382,2873288.0646925005,-2.5592384110274407,505212.8264405012,8.868940383288782e-06,0.0006054507846513578,0.7943282347242815,0.7
nan,0.0,0.0,0.0,0.0,0.0,0.0,0.0,0.0,0.0,1.0,False,False,-34.0,1744801.4475209382,2887397.9515738715,-2.6734385817502355,505212.8264405012,8.868940383288782e-06,0.0005995497011960743,0.7943282347242815,0.7
nan,0.0,0.0,0.0,0.0,0.0,0.0,0.0,0.0,0.0,1.0,False,False,-32.0,1744801.4475209382,2901506.5282182605,-2.787145795217804,505212.8264405012,8.868940383288782e-06,0.00059373499989986,0.7943282347242815,0.7
nan,0.0,0.0,0.0,0.0,0.0,0.0,0.0,0.0,0.0,1.0,False,False,-30.0,1744801.4475209382,2915613.7448036615,-2.900367253617188,505212.8264405012,8.868940383288782e-06,0.0005880050207008893,0.7943282347242815,0.7
nan,0.0,0.0,0.0,0.0,0.0,0.0,0.0,0.0,0.0,1.0,False,False,-28.0,1744801.4475209382,2929719.552138536,-3.0131100209695445,505212.8264405012,8.868940383288782e-06,0.0005823581428039442,0.7943282347242815,0.7
nan,0.0,0.0,0.0,0.0,0.0,0.0,0.0,0.0,0.0,1.0,False,False,-26.0,1744801.4475209382,2943823.901646816,-3.1253810263930126,505212.8264405012,8.868940383288782e-06,0.0005767927835835059,0.7943282347242815,0.7
nan,0.0,0.0,0.0,0.0,0.0,0.0,0.0,0.0,0.0,1.0,False,False,-24.0,1744801.4475209382,2957926.74535333,-3.237187067274808,505212.8264405012,8.868940383288782e-06,0.0005713073975220082,0.7943282347242815,0.7
nan,0.0,0.0,0.0,0.0,0.0,0.0,0.0,0.0,0.0,1.0,False,False,-22.0,1744801.4475209382,2972028.035869639,-3.348534812355001,505212.8264405012,8.868940383288782e-06,0.0005659004751819842,0.7943282347242815,0.7
nan,0.0,0.0,0.0,0.0,0.0,0.0,0.0,0.0,0.0,1.0,False,False,-20.0,1744801.4475209382,2986127.7263802793,-3.4594308047251454,505212.8264405012,8.868940383288782e-06,0.0005605705422108929,0.7943282347242815,0.7
nan,0.0,0.0,0.0,0.0,0.0,0.0,0.0,0.0,0.0,1.0,False,False,-18.0,1744801.4475209382,3000225.770629386,-3.569881464744161,505212.8264405012,8.868940383288782e-06,0.0005553161583774552,0.7943282347242815,0.7
nan,0.0,0.0,0.0,0.0,0.0,0.0,0.0,0.0,0.0,1.0,False,False,-16.0,1744801.4475209382,3014322.1229076907,-3.679893092874394,505212.8264405012,8.868940383288782e-06,0.0005501359166383844,0.7943282347242815,0.7
nan,0.0,0.0,0.0,0.0,0.0,0.0,0.0,0.0,0.0,1.0,False,False,-14.0,1744801.4475209382,3028416.73803989,-3.7894718724400387,505212.8264405012,8.868940383288782e-06,0.0005450284422344248,0.7943282347242815,0.7
nan,0.0,0.0,0.0,0.0,0.0,0.0,0.0,0.0,0.0,1.0,False,False,-12.0,1744801.4475209382,3042509.5713723497,-3.8986238723106683,505212.8264405012,8.868940383288782e-06,0.0005399923918146733,0.7943282347242815,0.7
nan,0.0,0.0,0.0,0.0,0.0,0.0,0.0,0.0,0.0,1.0,False,False,-10.0,1744801.4475209382,3056600.5787611646,-4.007355049512073,505212.8264405012,8.868940383288782e-06,0.0005350264525881825,0.7943282347242815,0.7
nan,0.0,0.0,0.0,0.0,0.0,0.0,0.0,0.0,0.0,1.0,False,False,-8.0,1744801.4475209382,3070689.716560531,-4.115671251766624,505212.8264405012,8.868940383288782e-06,0.0005301293415018942,0.7943282347242815,0.7
nan,0.0,0.0,0.0,0.0,0.0,0.0,0.0,0.0,0.0,1.0,False,False,-6.0,1744801.4475209382,3084776.9416114534,-4.223578219965347,505212.8264405012,8.868940383288782e-06,0.0005252998044439782,0.7943282347242815,0.7
nan,0.0,0.0,0.0,0.0,0.0,0.0,0.0,0.0,0.0,1.0,False,False,-4.0,1744801.4475209382,3098862.2112307446,-4.331081590573918,505212.8264405012,8.868940383288782e-06,0.0005205366154717026,0.7943282347242815,0.7
nan,0.0,0.0,0.0,0.0,0.0,0.0,0.0,0.0,0.0,1.0,False,False,-2.0,1744801.4475209382,3112945.483200336,-4.438186897974668,505212.8264405012,8.868940383288782e-06,0.0005158385760629752,0.7943282347242815,0.7
nan,0.0,0.0,0.0,0.0,0.0,0.0,0.0,0.0,0.0,1.0,False,False,0.0,1744801.4475209382,3127026.7157568666,-4.544899576746228,505212.8264405012,8.868940383288782e-06,0.0005112045143907492,0.7943282347242815,0.7
nan,0.0,0.0,0.0,0.0,0.0,0.0,0.0,0.0,0.0,1.0,False,False,2.0,1744801.4475209382,3141105.8675815626,-4.651224963883112,505212.8264405012,8.868940383288782e-06,0.0005066332846194996,0.7943282347242815,0.7
nan,0.0,0.0,0.0,0.0,0.0,0.0,0.0,0.0,0.0,1.0,False,False,4.0,1744801.4475209382,3155182.8977903803,-4.757168300956739,505212.8264405012,8.868940383288782e-06,0.00050212376622302,0.7943282347242815,0.7
nan,0.0,0.0,0.0,0.0,0.0,0.0,0.0,0.0,0.0,1.0,False,False,6.0,1744801.4475209382,3169257.7659244183,-4.862734736219995,505212.8264405012,8.868940383288782e-06,0.0004976748633228088,0.7943282347242815,0.7
nan,0.0,0.0,0.0,0.0,0.0,0.0,0.0,0.0,0.0,1.0,False,False,8.0,1744801.4475209382,3183330.431940576,-4.967929326656656,505212.8264405012,8.868940383288782e-06,0.0004932855040463495,0.7943282347242815,0.7
nan,0.0,0.0,0.0,0.0,0.0,0.0,0.0,0.0,0.0,1.0,False,False,10.0,1744801.4475209382,3197400.856202471,-5.0727570399776845,505212.8264405012,8.868940383288782e-06,0.0004889546399046051,0.7943282347242815,0.7
nan,0.0,0.0,0.0,0.0,0.0,0.0,0.0,0.0,0.0,1.0,False,False,12.0,1744801.4475209382,3211468.9994715857,-5.177222756565766,505212.8264405012,8.868940383288782e-06,0.000484681245188087,0.7943282347242815,0.7
nan,0.0,0.0,0.0,0.0,0.0,0.0,0.0,0.0,0.0,1.0,False,False,14.0,1744801.4475209382,3225534.8228986524,-5.281331271369675,505212.8264405012,8.868940383288782e-06,0.0004804643163808667,0.7943282347242815,0.7
nan,0.0,0.0,0.0,0.0,0.0,0.0,0.0,0.0,0.0,1.0,False,False,16.0,1744801.4475209382,3239598.2880152613,-5.385087295749966,505212.8264405012,8.868940383288782e-06,0.0004763028715919335,0.7943282347242815,0.7
nan,0.0,0.0,0.0,0.0,0.0,0.0,0.0,0.0,0.0,1.0,False,False,18.0,1744801.4475209382,3253659.35672569,-5.48849545927758,505212.8264405012,8.868940383288782e-06,0.00047219595000332017,0.7943282347242815,0.7
nan,0.0,0.0,0.0,0.0,0.0,0.0,0.0,0.0,0.0,1.0,False,False,20.0,1744801.4475209382,3267717.991298938,-5.59156031148637,505212.8264405012,8.868940383288782e-06,0.000468142611334438,0.7943282347242815,0.7
nan,0.0,0.0,0.0,0.0,0.0,0.0,0.0,0.0,0.0,1.0,False,False,22.0,1744801.4475209382,3281774.1543609775,-5.6942863235813705,505212.8264405012,8.868940383288782e-06,0.00046414193532208557,0.7943282347242815,0.7
nan,0.0,0.0,0.0,0.0,0.0,0.0,0.0,0.0,0.0,1.0,False,False,24.0,1744801.4475209382,3295827.8088871907,-5.796677890103763,505212.8264405012,8.868940383288782e-06,0.0004601930212156134,0.7943282347242815,0.7
nan,0.0,0.0,0.0,0.0,0.0,0.0,0.0,0.0,0.0,1.0,False,False,26.0,1744801.4475209382,3309878.918195016,-5.898739330553899,505212.8264405012,8.868940383288782e-06,0.00045629498728674676,0.7943282347242815,0.7
nan,0.0,0.0,0.0,0.0,0.0,0.0,0.0,0.0,0.0,1.0,False,False,28.0,1744801.4475209382,3323927.445936769,-6.000474890973636,505212.8264405012,8.868940383288782e-06,0.00045244697035359,0.7943282347242815,0.7
nan,0.0,0.0,0.0,0.0,0.0,0.0,0.0,0.0,0.0,1.0,False,False,30.0,1744801.4475209382,3337973.3560926504,-6.101888745489135,505212.8264405012,8.868940383288782e-06,0.00044864812531834425,0.7943282347242815,0.7
nan,0.0,0.0,0.0,0.0,0.0,0.0,0.0,0.0,0.0,1.0,False,False,32.0,1744801.4475209382,3352016.612963935,-6.2029849978153075,505212.8264405012,8.868940383288782e-06,0.00044489762471829736,0.7943282347242815,0.7
nan,0.0,0.0,0.0,0.0,0.0,0.0,0.0,0.0,0.0,1.0,False,False,34.0,1744801.4475209382,3366057.181166325,-6.303767682722808,505212.8264405012,8.868940383288782e-06,0.00044119465828965494,0.7943282347242815,0.7
nan,0.0,0.0,0.0,0.0,0.0,0.0,0.0,0.0,0.0,1.0,False,False,36.0,1744801.4475209382,3380095.0256234803,-6.404240767468958,505212.8264405012,8.868940383288782e-06,0.0004375384325437974,0.7943282347242815,0.7
nan,0.0,0.0,0.0,0.0,0.0,0.0,0.0,0.0,0.0,1.0,False,False,38.0,1744801.4475209382,3394130.1115606986,-6.504408153193325,505212.8264405012,8.868940383288782e-06,0.0004339281703555666,0.7943282347242815,0.7
nan,0.0,0.0,0.0,0.0,0.0,0.0,0.0,0.0,0.0,1.0,False,False,40.0,1744801.4475209382,3408162.4044987606,-6.604273676279266,505212.8264405012,8.868940383288782e-06,0.0004303631105631938,0.7943282347242815,0.7
nan,0.0,0.0,0.0,0.0,0.0,0.0,0.0,0.0,0.0,1.0,False,False,42.0,1744801.4475209382,3422191.8702479345,-6.703841109682059,505212.8264405012,8.868940383288782e-06,0.00042684250757949545,0.7943282347242815,0.7
nan,0.0,0.0,0.0,0.0,0.0,0.0,0.0,0.0,0.0,1.0,False,False,44.0,1744801.4475209382,3436218.474902106,-6.803114164224823,505212.8264405012,8.868940383288782e-06,0.0004233656310139912,0.7943282347242815,0.7
nan,0.0,0.0,0.0,0.0,0.0,0.0,0.0,0.0,0.0,1.0,False,False,46.0,1744801.4475209382,3450242.1848330833,-6.902096489862975,505212.8264405012,8.868940383288782e-06,0.0004199317653055768,0.7943282347242815,0.7
nan,0.0,0.0,0.0,0.0,0.0,0.0,0.0,0.0,0.0,1.0,False,False,48.0,1744801.4475209382,3464262.9666850185,-7.000791676918274,505212.8264405012,8.868940383288782e-06,0.00041654020936543945,0.7943282347242815,0.7
nan,0.0,0.0,0.0,0.0,0.0,0.0,0.0,0.0,0.0,1.0,False,False,50.0,1744801.4475209382,3478280.7873689746,-7.099203257283061,505212.8264405012,8.868940383288782e-06,0.00041319027622988333,0.7943282347242815,0.7
nan,0.0,0.0,0.0,0.0,0.0,0.0,0.0,0.0,0.0,1.0,False,False,52.0,1744801.4475209382,3492295.614057626,-7.197334705595754,505212.8264405012,8.868940383288782e-06,0.0004098812927227531,0.7943282347242815,0.7
nan,0.0,0.0,0.0,0.0,0.0,0.0,0.0,0.0,0.0,1.0,False,False,54.0,1744801.4475209382,3506307.4141800827,-7.295189440388232,505212.8264405012,8.868940383288782e-06,0.0004066125991271627,0.7943282347242815,0.7
nan,0.0,0.0,0.0,0.0,0.0,0.0,0.0,0.0,0.0,1.0,False,False,56.0,1744801.4475209382,3520316.1554168444,-7.392770825205906,505212.8264405012,8.868940383288782e-06,0.0004033835488662357,0.7943282347242815,0.7
nan,0.0,0.0,0.0,0.0,0.0,0.0,0.0,0.0,0.0,1.0,False,False,58.0,1744801.4475209382,3534321.805694876,-7.490082169701413,505212.8264405012,8.868940383288782e-06,0.0004001935081925751,0.7943282347242815,0.7
nan,0.0,0.0,0.0,0.0,0.0,0.0,0.0,0.0,0.0,1.0,False,False,60.0,1744801.4475209382,3548324.333182794,-7.587126730702224,505212.8264405012,8.868940383288782e-06,0.00039704185588620246,0.7943282347242815,0.7
nan,0.0,0.0,0.0,0.0,0.0,0.0,0.0,0.0,0.0,1.0,False,False,62.0,1744801.4475209382,3562323.70628618,-7.683907713253494,505212.8264405012,8.868940383288782e-06,0.0003939279829606928,0.7943282347242815,0.7
nan,0.0,0.0,0.0,0.0,0.0,0.0,0.0,0.0,0.0,1.0,False,False,64.0,1744801.4475209382,3576319.8936429936,-7.780428271636163,505212.8264405012,8.868940383288782e-06,0.0003908512923772667,0.7943282347242815,0.7
nan,0.0,0.0,0.0,0.0,0.0,0.0,0.0,0.0,0.0,1.0,False,False,66.0,1744801.4475209382,3590312.8641191055,-7.87669151036152,505212.8264405012,8.868940383288782e-06,0.00038781119876658496,0.7943282347242815,0.7
nan,0.0,0.0,0.0,0.0,0.0,0.0,0.0,0.0,0.0,1.0,False,False,68.0,1744801.4475209382,3604302.586803927,-7.97270048514246,505212.8264405012,8.868940383288782e-06,0.0003848071281580216,0.7943282347242815,0.7
nan,0.0,0.0,0.0,0.0,0.0,0.0,0.0,0.0,0.0,1.0,False,False,70.0,1744801.4475209382,3618289.0310061467,-8.068458203842473,505212.8264405012,8.868940383288782e-06,0.0003818385177161793,0.7943282347242815,0.7
nan,0.0,0.0,0.0,0.0,0.0,0.0,0.0,0.0,0.0,1.0,False,False,72.0,1744801.4475209382,3632272.166249566,-8.16396762740243,505212.8264405012,8.868940383288782e-06,0.00037890481548443487,0.7943282347242815,0.7
nan,0.0,0.0,0.0,0.0,0.0,0.0,0.0,0.0,0.0,1.0,False,False,74.0,1744801.4475209382,3646251.962269038,-8.25923167074633,505212.8264405012,8.868940383288782e-06,0.00037600548013529833,0.7943282347242815,0.7
nan,0.0,0.0,0.0,0.0,0.0,0.0,0.0,0.0,0.0,1.0,False,False,76.0,1744801.4475209382,3660228.389006486,-8.354253203666117,505212.8264405012,8.868940383288782e-06,0.0003731399807273852,0.7943282347242815,0.7
nan,0.0,0.0,0.0,0.0,0.0,0.0,0.0,0.0,0.0,1.0,False,False,78.0,1744801.4475209382,3674201.416607036,-8.44903505168634,505212.8264405012,8.868940383288782e-06,0.0003703077964687993,0.7943282347242815,0.7
nan,0.0,0.0,0.0,0.0,0.0,0.0,0.0,0.0,0.0,1.0,False,False,80.0,1744801.4475209382,3688171.0154152173,-8.543579996909177,505212.8264405012,8.868940383288782e-06,0.00036750841648673855,0.7943282347242815,0.7
nan,0.0,0.0,0.0,0.0,0.0,0.0,0.0,0.0,0.0,1.0,False,False,82.0,1744801.4475209382,3702137.1559712663,-8.637890778840188,505212.8264405012,8.868940383288782e-06,0.0003647413396031381,0.7943282347242815,0.7
nan,0.0,0.0,0.0,0.0,0.0,0.0,0.0,0.0,0.0,1.0,False,False,84.0,1744801.4475209382,3716099.809007506,-8.731970095195669,505212.8264405012,8.868940383288782e-06,0.0003620060741161714,0.7943282347242815,0.7
nan,0.0,0.0,0.0,0.0,0.0,0.0,0.0,0.0,0.0,1.0,False,False,86.0,1744801.4475209382,3730058.945444812,-8.825820602691463,505212.8264405012,8.868940383288782e-06,0.0003593021375874347,0.7943282347242815,0.7
nan,0.0,0.0,0.0,0.0,0.0,0.0,0.0,0.0,0.0,1.0,False,False,88.0,1744801.4475209382,3744014.5363891623,-8.91944491781445,505212.8264405012,8.868940383288782e-06,0.0003566290566346516,0.7943282347242815,0.7
nan,0.0,0.0,0.0,0.0,0.0,0.0,0.0,0.0,0.0,1.0,False,False,90.0,1744801.4475209382,3757966.553128259,-9.012845617576499,505212.8264405012,8.868940383288782e-06,0.00035398636672973223,0.7943282347242815,0.7
nan,0.0,0.0,0.0,0.0,0.0,0.0,0.0,0.0,0.0,1.0,False,False,92.0,1744801.4475209382,3771914.9671282265,-9.106025240251844,505212.8264405012,8.868940383288782e-06,0.0003513736120020344,0.7943282347242815,0.7
nan,0.0,0.0,0.0,0.0,0.0,0.0,0.0,0.0,0.0,1.0,False,False,94.0,1744801.4475209382,3785859.7500303946,-9.198986286097954,505212.8264405012,8.868940383288782e-06,0.0003487903450466684,0.7943282347242815,0.7
nan,0.0,0.0,0.0,0.0,0.0,0.0,0.0,0.0,0.0,1.0,False,False,96.0,1744801.4475209382,3799800.8736481424,-9.291731218060605,505212.8264405012,8.868940383288782e-06,0.000346236126737709,0.7943282347242815,0.7
nan,0.0,0.0,0.0,0.0,0.0,0.0,0.0,0.0,0.0,1.0,False,False,98.0,1744801.4475209382,3813738.3099638177,-9.384262462463193,505212.8264405012,8.868940383288782e-06,0.00034371052604616355,0.7943282347242815,0.7
nan,0.0,0.0,0.0,0.0,0.0,0.0,0.0,0.0,0.0,1.0,False,False,100.0,1744801.4475209382,3827672.0311257234,-9.476582409681175,505212.8264405012,8.868940383288782e-06,0.00034121311986256447,0.7943282347242815,0.7
nan,0.0,0.0,0.0,0.0,0.0,0.0,0.0,0.0,0.0,1.0,False,False,102.0,1744801.4475209382,3841602.009445176,-9.568693414801606,505212.8264405012,8.868940383288782e-06,0.0003387434928240512,0.7943282347242815,0.7
nan,0.0,0.0,0.0,0.0,0.0,0.0,0.0,0.0,0.0,1.0,False,False,104.0,1744801.4475209382,3855528.2173936223,-9.660597798268203,505212.8264405012,8.868940383288782e-06,0.0003363012371458141,0.7943282347242815,0.7
nan,0.0,0.0,0.0,0.0,0.0,0.0,0.0,0.0,0.0,1.0,False,False,106.0,1744801.4475209382,3869450.627599825,-9.75229784651268,505212.8264405012,8.868940383288782e-06,0.000333885952456775,0.7943282347242815,0.7
nan,0.0,0.0,0.0,0.0,0.0,0.0,0.0,0.0,0.0,1.0,False,False,108.0,1744801.4475209382,3883369.2128471085,-9.84379581257208,505212.8264405012,8.868940383288782e-06,0.000331497245639384,0.7943282347242815,0.7
nan,0.0,0.0,0.0,0.0,0.0,0.0,0.0,0.0,0.0,1.0,False,False,110.0,1744801.4475209382,3897283.946070664,-9.935093916693024,505212.8264405012,8.868940383288782e-06,0.000329134730673416,0.7943282347242815,0.7
nan,0.0,0.0,0.0,0.0,0.0,0.0,0.0,0.0,0.0,1.0,False,False,112.0,1744801.4475209382,3911194.80035492,-10.026194346922853,505212.8264405012,8.868940383288782e-06,0.0003267980284836546,0.7943282347242815,0.7
nan,0.0,0.0,0.0,0.0,0.0,0.0,0.0,0.0,0.0,1.0,False,False,114.0,1744801.4475209382,3925101.748930955,-10.117099259688125,505212.8264405012,8.868940383288782e-06,0.0003244867667913537,0.7943282347242815,0.7
nan,0.0,0.0,0.0,0.0,0.0,0.0,0.0,0.0,0.0,1.0,False,False,116.0,1744801.4475209382,3939004.7651739884,-10.207810780360772,505212.8264405012,8.868940383288782e-06,0.00032220057996936824,0.7943282347242815,0.7
nan,0.0,0.0,0.0,0.0,0.0,0.0,0.0,0.0,0.0,1.0,False,False,118.0,1744801.4475209382,3952903.822600906,-10.298331003812157,505212.8264405012,8.868940383288782e-06,0.00031993910890085593,0.7943282347242815,0.7
nan,0.0,0.0,0.0,0.0,0.0,0.0,0.0,0.0,0.0,1.0,False,False,120.0,1744801.4475209382,3966798.89486785,-10.388661994955477,505212.8264405012,8.868940383288782e-06,0.0003177020008414476,0.7943282347242815,0.7
nan,0.0,0.0,0.0,0.0,0.0,0.0,0.0,0.0,0.0,1.0,False,False,122.0,1744801.4475209382,3980689.955767855,-10.478805789276517,505212.8264405012,8.868940383288782e-06,0.0003154889092847891,0.7943282347242815,0.7
nan,0.0,0.0,0.0,0.0,0.0,0.0,0.0,0.0,0.0,1.0,False,False,124.0,1744801.4475209382,3994576.9792285445,-10.568764393353494,505212.8264405012,8.868940383288782e-06,0.0003132994938313634,0.7943282347242815,0.7
nan,0.0,0.0,0.0,0.0,0.0,0.0,0.0,0.0,0.0,1.0,False,False,126.0,1744801.4475209382,4008459.9393098606,-10.65853978536564,505212.8264405012,8.868940383288782e-06,0.00031113342006050163,0.7943282347242815,0.7
nan,0.0,0.0,0.0,0.0,0.0,0.0,0.0,0.0,0.0,1.0,False,False,128.0,1744801.4475209382,4022338.810201858,-10.748133915591465,505212.8264405012,8.868940383288782e-06,0.0003089903594054945,0.7943282347242815,0.7
nan,0.0,0.0,0.0,0.0,0.0,0.0,0.0,0.0,0.0,1.0,False,False,130.0,1744801.4475209382,4036213.566222536,-10.837548706896422,505212.8264405012,8.868940383288782e-06,0.0003068699890317196,0.7943282347242815,0.7
nan,0.0,0.0,0.0,0.0,0.0,0.0,0.0,0.0,0.0,1.0,False,False,132.0,1744801.4475209382,4050084.181815716,-10.926786055210465,505212.8264405012,8.868940383288782e-06,0.00030477199171770363,0.7943282347242815,0.7
nan,0.0,0.0,0.0,0.0,0.0,0.0,0.0,0.0,0.0,1.0,False,False,134.0,1744801.4475209382,4063950.6315489723,-11.015847829995822,505212.8264405012,8.868940383288782e-06,0.00030269605573903516,0.7943282347242815,0.7
nan,0.0,0.0,0.0,0.0,0.0,0.0,0.0,0.0,0.0,1.0,False,False,136.0,1744801.4475209382,4077812.8901115963,-11.104735874704948,505212.8264405012,8.868940383288782e-06,0.0003006418747550562,0.7943282347242815,0.7
nan,0.0,0.0,0.0,0.0,0.0,0.0,0.0,0.0,0.0,1.0,False,False,138.0,1744801.4475209382,4091670.9323126078,-11.193452007229164,505212.8264405012,8.868940383288782e-06,0.0002986091476982537,0.7943282347242815,0.7
nan,0.0,0.0,0.0,0.0,0.0,0.0,0.0,0.0,0.0,1.0,False,False,140.0,1744801.4475209382,4105524.733078808,-11.281998020338037,505212.8264405012,8.868940383288782e-06,0.0002965975786662778,0.7943282347242815,0.7
nan,0.0,0.0,0.0,0.0,0.0,0.0,0.0,0.0,0.0,1.0,False,False,142.0,1744801.4475209382,4119374.2674528756,-11.370375682109788,505212.8264405012,8.868940383288782e-06,0.0002946068768165193,0.7943282347242815,0.7
nan,0.0,0.0,0.0,0.0,0.0,0.0,0.0,0.0,0.0,1.0,False,False,144.0,1744801.4475209382,4133219.510591497,-11.458586736352952,505212.8264405012,8.868940383288782e-06,0.0002926367562631731,0.7943282347242815,0.7
nan,0.0,0.0,0.0,0.0,0.0,0.0,0.0,0.0,0.0,1.0,False,False,146.0,1744801.4475209382,4147060.437763541,-11.54663290301939,505212.8264405012,8.868940383288782e-06,0.00029068693597672675,0.7943282347242815,0.7
nan,0.0,0.0,0.0,0.0,0.0,0.0,0.0,0.0,0.0,1.0,False,False,148.0,1744801.4475209382,4160897.02434826,-11.634515878609086,505212.8264405012,8.868940383288782e-06,0.000288757139685804,0.7943282347242815,0.7
nan,0.0,0.0,0.0,0.0,0.0,0.0,0.0,0.0,0.0,1.0,False,False,150.0,1744801.4475209382,4174729.2458335506,-11.722237336566542,505212.8264405012,8.868940383288782e-06,0.00028684709578130364,0.7943282347242815,0.7
nan,0.0,0.0,0.0,0.0,0.0,0.0,0.0,0.0,0.0,1.0,False,False,152.0,1744801.4475209382,4188557.077814223,-11.809798927669489,505212.8264405012,8.868940383288782e-06,0.00028495653722277397,0.7943282347242815,0.7
nan,0.0,0.0,0.0,0.0,0.0,0.0,0.0,0.0,0.0,1.0,False,False,154.0,1744801.4475209382,4202380.495990324,-11.897202280409545,505212.8264405012,8.868940383288782e-06,0.00028308520144696027,0.7943282347242815,0.7
nan,0.0,0.0,0.0,0.0,0.0,0.0,0.0,0.0,0.0,1.0,False,False,156.0,1744801.4475209382,4216199.476165492,-11.984449001365405,505212.8264405012,8.868940383288782e-06,0.00028123283027847083,0.7943282347242815,0.7
nan,0.0,0.0,0.0,0.0,0.0,0.0,0.0,0.0,0.0,1.0,False,False,158.0,1744801.4475209382,4230013.994245336,-12.071540675568526,505212.8264405012,8.868940383288782e-06,0.00027939916984250627,0.7943282347242815,0.7
nan,0.0,0.0,0.0,0.0,0.0,0.0,0.0,0.0,0.0,1.0,False,False,160.0,1744801.4475209382,4243824.026235858,-12.158478866861586,505212.8264405012,8.868940383288782e-06,0.00027758397047959553,0.7943282347242815,0.7
nan,0.0,0.0,0.0,0.0,0.0,0.0,0.0,0.0,0.0,1.0,False,False,162.0,1744801.4475209382,4257629.548241903,-12.24526511824987,505212.8264405012,8.868940383288782e-06,0.00027578698666228825,0.7943282347242815,0.7
nan,0.0,0.0,0.0,0.0,0.0,0.0,0.0,0.0,0.0,1.0,False,False,164.0,1744801.4475209382,4271430.536465635,-12.331900952245658,505212.8264405012,8.868940383288782e-06,0.00027400797691375377,0.7943282347242815,0.7
nan,0.0,0.0,0.0,0.0,0.0,0.0,0.0,0.0,0.0,1.0,False,False,166.0,1744801.4475209382,4285226.967205061,-12.418387871205848,505212.8264405012,8.868940383288782e-06,0.0002722467037282321,0.7943282347242815,0.7
nan,0.0,0.0,0.0,0.0,0.0,0.0,0.0,0.0,0.0,1.0,False,False,168.0,1744801.4475209382,4299018.816852558,-12.504727357663004,505212.8264405012,8.868940383288782e-06,0.0002705029334932979,0.7943282347242815,0.7
nan,0.0,0.0,0.0,0.0,0.0,0.0,0.0,0.0,0.0,1.0,False,False,170.0,1744801.4475209382,4312806.061893459,-12.590920874649871,505212.8264405012,8.868940383288782e-06,0.00026877643641388043,0.7943282347242815,0.7
nan,0.0,0.0,0.0,0.0,0.0,0.0,0.0,0.0,0.0,1.0,False,False,172.0,1744801.4475209382,4326588.678904639,-12.676969866017616,505212.8264405012,8.868940383288782e-06,0.0002670669864380033,0.7943282347242815,0.7
nan,0.0,0.0,0.0,0.0,0.0,0.0,0.0,0.0,0.0,1.0,False,False,174.0,1744801.4475209382,4340366.64455315,-12.762875756747897,505212.8264405012,8.868940383288782e-06,0.00026537436118419385,0.7943282347242815,0.7
nan,0.0,0.0,0.0,0.0,0.0,0.0,0.0,0.0,0.0,1.0,False,False,176.0,1744801.4475209382,4354139.935594874,-12.848639953258756,505212.8264405012,8.868940383288782e-06,0.00026369834187052335,0.7943282347242815,0.7
nan,0.0,0.0,0.0,0.0,0.0,0.0,0.0,0.0,0.0,1.0,False,False,178.0,1744801.4475209382,4367908.528873205,-12.934263843704805,505212.8264405012,8.868940383288782e-06,0.00026203871324523406,0.7943282347242815,0.7
nan,0.0,0.0,0.0,0.0,0.0,0.0,0.0,0.0,0.0,1.0,False,False,180.0,1744801.4475209382,4381672.401317752,-13.019748798271502,505212.8264405012,8.868940383288782e-06,0.00026039526351891493,0.7943282347242815,0.7
nan,0.0,0.0,0.0,0.0,0.0,0.0,0.0,0.0,0.0,1.0,False,False,182.0,1744801.4475209382,4395431.529943075,-13.105096169463815,505212.8264405012,8.868940383288782e-06,0.0002587677842981846,0.7943282347242815,0.7
nan,0.0,0.0,0.0,0.0,0.0,0.0,0.0,0.0,0.0,1.0,False,False,184.0,1744801.4475209382,4409185.891847446,-13.190307292389283,505212.8264405012,8.868940383288782e-06,0.0002571560705208455,0.7943282347242815,0.7
nan,0.0,0.0,0.0,0.0,0.0,0.0,0.0,0.0,0.0,1.0,False,False,186.0,1744801.4475209382,4422935.4642116185,-13.275383485035897,505212.8264405012,8.868940383288782e-06,0.00025555992039247186,0.7943282347242815,0.7
nan,0.0,0.0,0.0,0.0,0.0,0.0,0.0,0.0,0.0,1.0,False,False,188.0,1744801.4475209382,4436680.224297648,-13.36032604854447,505212.8264405012,8.868940383288782e-06,0.000253979135324394,0.7943282347242815,0.7
nan,0.0,0.0,0.0,0.0,0.0,0.0,0.0,0.0,0.0,1.0,False,False,190.0,1744801.4475209382,4450420.149447708,-13.4451362674759,505212.8264405012,8.868940383288782e-06,0.00025241351987304625,0.7943282347242815,0.7
nan,0.0,0.0,0.0,0.0,0.0,0.0,0.0,0.0,0.0,1.0,False,False,192.0,1744801.4475209382,4464155.217082951,-13.52981541007355,505212.8264405012,8.868940383288782e-06,0.00025086288168064296,0.7943282347242815,0.7
nan,0.0,0.0,0.0,0.0,0.0,0.0,0.0,0.0,0.0,1.0,False,False,194.0,1744801.4475209382,4477885.404702371,-13.614364728520354,505212.8264405012,8.868940383288782e-06,0.00024932703141715103,0.7943282347242815,0.7
nan,0.0,0.0,0.0,0.0,0.0,0.0,0.0,0.0,0.0,1.0,False,False,196.0,1744801.4475209382,4491610.68988171,-13.698785459191475,505212.8264405012,8.868940383288782e-06,0.00024780578272352416,0.7943282347242815,0.7
nan,0.0,0.0,0.0,0.0,0.0,0.0,0.0,0.0,0.0,1.0,False,False,198.0,1744801.4475209382,4505331.050272367,-13.783078822901892,505212.8264405012,8.868940383288782e-06,0.0002462989521561715,0.7943282347242815,0.7
nan,0.0,0.0,0.0,0.0,0.0,0.0,0.0,0.0,0.0,1.0,False,False,200.0,1744801.4475209382,4519046.463600339,-13.867246025149687,505212.8264405012,8.868940383288782e-06,0.00024480635913262715,0.7943282347242815,0.7
nan,0.0,0.0,0.0,0.0,0.0,0.0,0.0,0.0,0.0,1.0,False,False,202.0,1744801.4475209382,4532756.9076651735,-13.951288256354426,505212.8264405012,8.868940383288782e-06,0.0002433278258783925,0.7943282347242815,0.7
nan,0.0,0.0,0.0,0.0,0.0,0.0,0.0,0.0,0.0,1.0,False,False,204.0,1744801.4475209382,4546462.360338953,-14.03520669209153,505212.8264405012,8.868940383288782e-06,0.00024186317737492178,0.7943282347242815,0.7
nan,0.0,0.0,0.0,0.0,0.0,0.0,0.0,0.0,0.0,1.0,False,False,206.0,1744801.4475209382,4560162.7995652845,-14.119002493321968,505212.8264405012,8.868940383288782e-06,0.00024041224130872454,0.7943282347242815,0.7
nan,0.0,0.0,0.0,0.0,0.0,0.0,0.0,0.0,0.0,1.0,False,False,208.0,1744801.4475209382,4573858.203358319,-14.202676806617909,505212.8264405012,8.868940383288782e-06,0.00023897484802155595,0.7943282347242815,0.7
nan,0.0,0.0,0.0,0.0,0.0,0.0,0.0,0.0,0.0,1.0,False,False,210.0,1744801.4475209382,4587548.549801788,-14.286230764384134,505212.8264405012,8.868940383288782e-06,0.0002375508304616694,0.7943282347242815,0.7
nan,0.0,0.0,0.0,0.0,0.0,0.0,0.0,0.0,0.0,1.0,False,False,212.0,1744801.4475209382,4601233.8170480495,-14.369665485075496,505212.8264405012,8.868940383288782e-06,0.00023614002413610685,0.7943282347242815,0.7
nan,0.0,0.0,0.0,0.0,0.0,0.0,0.0,0.0,0.0,1.0,False,False,214.0,1744801.4475209382,4614913.983317165,-14.452982073410181,505212.8264405012,8.868940383288782e-06,0.0002347422670639988,0.7943282347242815,0.7
nan,0.0,0.0,0.0,0.0,0.0,0.0,0.0,0.0,0.0,1.0,False,False,216.0,1744801.4475209382,4628589.026895982,-14.536181620579397,505212.8264405012,8.868940383288782e-06,0.0002333573997308534,0.7943282347242815,0.7
nan,0.0,0.0,0.0,0.0,0.0,0.0,0.0,0.0,0.0,1.0,False,False,218.0,1744801.4475209382,4642258.926137246,-14.619265204452974,505212.8264405012,8.868940383288782e-06,0.00023198526504380774,0.7943282347242815,0.7
nan,0.0,0.0,0.0,0.0,0.0,0.0,0.0,0.0,0.0,1.0,False,False,220.0,1744801.4475209382,4655923.659458713,-14.702233889781368,505212.8264405012,8.868940383288782e-06,0.00023062570828782098,0.7943282347242815,0.7
nan,0.0,0.0,0.0,0.0,0.0,0.0,0.0,0.0,0.0,1.0,False,False,222.0,1744801.4475209382,4669583.205342295,-14.785088728394003,505212.8264405012,8.868940383288782e-06,0.00022927857708278384,0.7943282347242815,0.7
nan,0.0,0.0,0.0,0.0,0.0,0.0,0.0,0.0,0.0,1.0,False,False,224.0,1744801.4475209382,4683237.542333207,-14.867830759394069,505212.8264405012,8.868940383288782e-06,0.00022794372134152626,0.7943282347242815,0.7
nan,0.0,0.0,0.0,0.0,0.0,0.0,0.0,0.0,0.0,1.0,False,False,226.0,1744801.4475209382,4696886.649039145,-14.950461009349695,505212.8264405012,8.868940383288782e-06,0.00022662099322869877,0.7943282347242815,0.7
nan,0.0,0.0,0.0,0.0,0.0,0.0,0.0,0.0,0.0,1.0,False,False,228.0,1744801.4475209382,4710530.504129463,-15.032980492481876,505212.8264405012,8.868940383288782e-06,0.0002253102471205082,0.7943282347242815,0.7
nan,0.0,0.0,0.0,0.0,0.0,0.0,0.0,0.0,0.0,1.0,False,False,230.0,1744801.4475209382,4724169.086334381,-15.115390210848904,505212.8264405012,8.868940383288782e-06,0.00022401133956528814,0.7943282347242815,0.7
nan,0.0,0.0,0.0,0.0,0.0,0.0,0.0,0.0,0.0,1.0,False,False,232.0,1744801.4475209382,4737802.374444189,-15.197691154527533,505212.8264405012,8.868940383288782e-06,0.00022272412924488453,0.7943282347242815,0.7
nan,0.0,0.0,0.0,0.0,0.0,0.0,0.0,0.0,0.0,1.0,False,False,234.0,1744801.4475209382,4751430.347308488,-15.279884301791075,505212.8264405012,8.868940383288782e-06,0.00022144847693683403,0.7943282347242815,0.7
nan,0.0,0.0,0.0,0.0,0.0,0.0,0.0,0.0,0.0,1.0,False,False,236.0,1744801.4475209382,4765052.983835421,-15.361970619284103,505212.8264405012,8.868940383288782e-06,0.00022018424547732323,0.7943282347242815,0.7
nan,0.0,0.0,0.0,0.0,0.0,0.0,0.0,0.0,0.0,1.0,False,False,238.0,1744801.4475209382,4778670.262990943,-15.44395106219424,505212.8264405012,8.868940383288782e-06,0.0002189312997249027,0.7943282347242815,0.7
nan,0.0,0.0,0.0,0.0,0.0,0.0,0.0,0.0,0.0,1.0,False,False,240.0,1744801.4475209382,4792282.163798079,-15.52582657442087,505212.8264405012,8.868940383288782e-06,0.00021768950652494522,0.7943282347242815,0.7
nan,0.0,0.0,0.0,0.0,0.0,0.0,0.0,0.0,0.0,1.0,False,False,242.0,1744801.4475209382,4805888.665336219,-15.607598088740925,505212.8264405012,8.868940383288782e-06,0.00021645873467482553,0.7943282347242815,0.7
nan,0.0,0.0,0.0,0.0,0.0,0.0,0.0,0.0,0.0,1.0,False,False,244.0,1744801.4475209382,4819489.7467404045,-15.689266526971716,505212.8264405012,8.868940383288782e-06,0.00021523885488980958,0.7943282347242815,0.7
nan,0.0,0.0,0.0,0.0,0.0,0.0,0.0,0.0,0.0,1.0,False,False,246.0,1744801.4475209382,4833085.387200645,-15.770832800130897,505212.8264405012,8.868940383288782e-06,0.00021402973976963226,0.7943282347242815,0.7
nan,0.0,0.0,0.0,0.0,0.0,0.0,0.0,0.0,0.0,1.0,False,False,248.0,1744801.4475209382,4846675.565961238,-15.852297808593798,505212.8264405012,8.868940383288782e-06,0.00021283126376575224,0.7943282347242815,0.7
nan,0.0,0.0,0.0,0.0,0.0,0.0,0.0,0.0,0.0,1.0,False,False,250.0,1744801.4475209382,4860260.262320099,-15.933662442247789,505212.8264405012,8.868940383288782e-06,0.00021164330314926485,0.7943282347242815,0.7
nan,0.0,0.0,0.0,0.0,0.0,0.0,0.0,0.0,0.0,1.0,False,False,252.0,1744801.4475209382,4873839.4556281185,-16.01492758064424,505212.8264405012,8.868940383288782e-06,0.00021046573597946022,0.7943282347242815,0.7
nan,0.0,0.0,0.0,0.0,0.0,0.0,0.0,0.0,0.0,1.0,False,False,254.0,1744801.4475209382,4887413.125288503,-16.096094093147606,505212.8264405012,8.868940383288782e-06,0.0002092984420730109,0.7943282347242815,0.7
nan,0.0,0.0,0.0,0.0,0.0,0.0,0.0,0.0,0.0,1.0,False,False,256.0,1744801.4475209382,4900981.250756162,-16.177162839082158,505212.8264405012,8.868940383288782e-06,0.00020814130297377455,0.7943282347242815,0.7
nan,0.0,0.0,0.0,0.0,0.0,0.0,0.0,0.0,0.0,1.0,False,False,258.0,1744801.4475209382,4914543.811537073,-16.258134667876003,505212.8264405012,8.868940383288782e-06,0.00020699420192319925,0.7943282347242815,0.7
nan,0.0,0.0,0.0,0.0,0.0,0.0,0.0,0.0,0.0,1.0,False,False,260.0,1744801.4475209382,4928100.787187685,-16.339010419202864,505212.8264405012,8.868940383288782e-06,0.00020585702383131492,0.7943282347242815,0.7
nan,0.0,0.0,0.0,0.0,0.0,0.0,0.0,0.0,0.0,1.0,False,False,262.0,1744801.4475209382,4941652.1573143145,-16.419790923121166,505212.8264405012,8.868940383288782e-06,0.00020472965524830097,0.7943282347242815,0.7
nan,0.0,0.0,0.0,0.0,0.0,0.0,0.0,0.0,0.0,1.0,False,False,264.0,1744801.4475209382,4955197.901572556,-16.50047700021101,505212.8264405012,8.868940383288782e-06,0.00020361198433661482,0.7943282347242815,0.7
nan,0.0,0.0,0.0,0.0,0.0,0.0,0.0,0.0,0.0,1.0,False,False,266.0,1744801.4475209382,4968737.999666714,-16.581069461708694,505212.8264405012,8.868940383288782e-06,0.00020250390084366934,0.7943282347242815,0.7
nan,0.0,0.0,0.0,0.0,0.0,0.0,0.0,0.0,0.0,1.0,False,False,268.0,1744801.4475209382,4982272.431349228,-16.661569109638904,505212.8264405012,8.868940383288782e-06,0.00020140529607504782,0.7943282347242815,0.7
nan,0.0,0.0,0.0,0.0,0.0,0.0,0.0,0.0,0.0,1.0,False,False,270.0,1744801.4475209382,4995801.17642012,-16.74197673694484,505212.8264405012,8.868940383288782e-06,0.00020031606286824316,0.7943282347242815,0.7
nan,0.0,0.0,0.0,0.0,0.0,0.0,0.0,0.0,0.0,1.0,False,False,272.0,1744801.4475209382,5009324.214726442,-16.822293127616014,505212.8264405012,8.868940383288782e-06,0.0001992360955669105,0.7943282347242815,0.7
nan,0.0,0.0,0.0,0.0,0.0,0.0,0.0,0.0,0.0,1.0,False,False,274.0,1744801.4475209382,5022841.526161749,-16.902519056813954,505212.8264405012,8.868940383288782e-06,0.00019816528999562103,0.7943282347242815,0.7
nan,0.0,0.0,0.0,0.0,0.0,0.0,0.0,0.0,0.0,1.0,False,False,276.0,1744801.4475209382,5036353.090665566,-16.982655290995776,505212.8264405012,8.868940383288782e-06,0.00019710354343510726,0.7943282347242815,0.7
nan,0.0,0.0,0.0,0.0,0.0,0.0,0.0,0.0,0.0,1.0,False,False,278.0,1744801.4475209382,5049858.888222861,-17.06270258803573,505212.8264405012,8.868940383288782e-06,0.00019605075459798807,0.7943282347242815,0.7
nan,0.0,0.0,0.0,0.0,0.0,0.0,0.0,0.0,0.0,1.0,False,False,280.0,1744801.4475209382,5063358.898863548,-17.142661697344707,505212.8264405012,8.868940383288782e-06,0.00019500682360496213,0.7943282347242815,0.7
nan,0.0,0.0,0.0,0.0,0.0,0.0,0.0,0.0,0.0,1.0,False,False,282.0,1744801.4475209382,5076853.102661979,-17.222533359987736,505212.8264405012,8.868940383288782e-06,0.0001939716519614611,0.7943282347242815,0.7
nan,0.0,0.0,0.0,0.0,0.0,0.0,0.0,0.0,0.0,1.0,False,False,284.0,1744801.4475209382,5090341.479736457,-17.302318308799588,505212.8264405012,8.868940383288782e-06,0.00019294514253475134,0.7943282347242815,0.7
nan,0.0,0.0,0.0,0.0,0.0,0.0,0.0,0.0,0.0,1.0,False,False,286.0,1744801.4475209382,5103824.010248741,-17.382017268498387,505212.8264405012,8.868940383288782e-06,0.00019192719953147518,0.7943282347242815,0.7
nan,0.0,0.0,0.0,0.0,0.0,0.0,0.0,0.0,0.0,1.0,False,False,288.0,1744801.4475209382,5117300.6744035855,-17.461630955797503,505212.8264405012,8.868940383288782e-06,0.00019091772847562105,0.7943282347242815,0.7
nan,0.0,0.0,0.0,0.0,0.0,0.0,0.0,0.0,0.0,1.0,False,False,290.0,1744801.4475209382,5130771.452448263,-17.541160079515386,505212.8264405012,8.868940383288782e-06,0.00018991663618691428,0.7943282347242815,0.7
nan,0.0,0.0,0.0,0.0,0.0,0.0,0.0,0.0,0.0,1.0,False,False,292.0,1744801.4475209382,5144236.32467211,-17.62060534068379,505212.8264405012,8.868940383288782e-06,0.00018892383075961897,0.7943282347242815,0.7
nan,0.0,0.0,0.0,0.0,0.0,0.0,0.0,0.0,0.0,1.0,False,False,294.0,1744801.4475209382,5157695.271406071,-17.69996743265413,505212.8264405012,8.868940383288782e-06,0.00018793922154174193,0.7943282347242815,0.7
nan,0.0,0.0,0.0,0.0,0.0,0.0,0.0,0.0,0.0,1.0,False,False,296.0,1744801.4475209382,5171148.273022262,-17.779247041202186,505212.8264405012,8.868940383288782e-06,0.00018696271911463008,0.7943282347242815,0.7
nan,0.0,0.0,0.0,0.0,0.0,0.0,0.0,0.0,0.0,1.0,False,False,298.0,1744801.4475209382,5184595.309933525,-17.858444844630984,505212.8264405012,8.868940383288782e-06,0.00018599423527295344,0.7943282347242815,0.7
nan,0.0,0.0,0.0,0.0,0.0,0.0,0.0,0.0,0.0,1.0,False,False,300.0,1744801.4475209382,5198036.362593007,-17.937561513872083,505212.8264405012,8.868940383288782e-06,0.00018503368300506413,0.7943282347242815,0.7
nan,0.0,0.0,0.0,0.0,0.0,0.0,0.0,0.0,0.0,1.0,False,False,302.0,1744801.4475209382,5211471.411493741,-18.016597712585295,505212.8264405012,8.868940383288782e-06,0.00018408097647372467,0.7943282347242815,0.7
nan,0.0,0.0,0.0,0.0,0.0,0.0,0.0,0.0,0.0,1.0,False,False,304.0,1744801.4475209382,5224900.437168215,-18.095554097256635,505212.8264405012,8.868940383288782e-06,0.00018313603099719787,0.7943282347242815,0.7
nan,0.0,0.0,0.0,0.0,0.0,0.0,0.0,0.0,0.0,1.0,False,False,306.0,1744801.4475209382,5238323.420187992,-18.17443131729483,505212.8264405012,8.868940383288782e-06,0.00018219876303068782,0.7943282347242815,0.7
nan,0.0,0.0,0.0,0.0,0.0,0.0,0.0,0.0,0.0,1.0,False,False,308.0,1744801.4475209382,5251740.341163284,-18.253230015126206,505212.8264405012,8.868940383288782e-06,0.00018126909014812889,0.7943282347242815,0.7
nan,0.0,0.0,0.0,0.0,0.0,0.0,0.0,0.0,0.0,1.0,False,False,310.0,1744801.4475209382,5265151.180742574,-18.331950826288097,505212.8264405012,8.868940383288782e-06,0.00018034693102431218,0.7943282347242815,0.7
nan,0.0,0.0,0.0,0.0,0.0,0.0,0.0,0.0,0.0,1.0,False,False,312.0,1744801.4475209382,5278555.919612224,-18.410594379520752,505212.8264405012,8.868940383288782e-06,0.00017943220541734257,0.7943282347242815,0.7
nan,0.0,0.0,0.0,0.0,0.0,0.0,0.0,0.0,0.0,1.0,False,False,314.0,1744801.4475209382,5291954.538496094,-18.489161296857763,505212.8264405012,8.868940383288782e-06,0.0001785248341514218,0.7943282347242815,0.7
nan,0.0,0.0,0.0,0.0,0.0,0.0,0.0,0.0,0.0,1.0,False,False,316.0,1744801.4475209382,5305347.0181551725,-18.567652193715084,505212.8264405012,8.868940383288782e-06,0.0001776247390999466,0.7943282347242815,0.7
nan,0.0,0.0,0.0,0.0,0.0,0.0,0.0,0.0,0.0,1.0,False,False,318.0,1744801.4475209382,5318733.339387203,-18.646067678978564,505212.8264405012,8.868940383288782e-06,0.00017673184316892033,0.7943282347242815,0.7
nan,0.0,0.0,0.0,0.0,0.0,0.0,0.0,0.0,0.0,1.0,False,False,320.0,1744801.4475209382,5332113.483026322,-18.72440835509029,505212.8264405012,8.868940383288782e-06,0.00017584607028066698,0.7943282347242815,0.7
nan,0.0,0.0,0.0,0.0,0.0,0.0,0.0,0.0,0.0,1.0,False,False,322.0,1744801.4475209382,5345487.429942715,-18.80267481813331,505212.8264405012,8.868940383288782e-06,0.00017496734535784345,0.7943282347242815,0.7
nan,0.0,0.0,0.0,0.0,0.0,0.0,0.0,0.0,0.0,1.0,False,False,324.0,1744801.4475209382,5358855.16104225,-18.880867657915214,505212.8264405012,8.868940383288782e-06,0.00017409559430774473,0.7943282347242815,0.7
nan,0.0,0.0,0.0,0.0,0.0,0.0,0.0,0.0,0.0,1.0,False,False,326.0,1744801.4475209382,5372216.657266148,-18.958987458050334,505212.8264405012,8.868940383288782e-06,0.00017323074400689328,0.7943282347242815,0.7
nan,0.0,0.0,0.0,0.0,0.0,0.0,0.0,0.0,0.0,1.0,False,False,328.0,1744801.4475209382,5385571.899590637,-19.03703479604068,505212.8264405012,8.868940383288782e-06,0.0001723727222859096,0.7943282347242815,0.7
nan,0.0,0.0,0.0,0.0,0.0,0.0,0.0,0.0,0.0,1.0,False,False,330.0,1744801.4475209382,5398920.869026624,-19.115010243355574,505212.8264405012,8.868940383288782e-06,0.0001715214579146556,0.7943282347242815,0.7
nan,0.0,0.0,0.0,0.0,0.0,0.0,0.0,0.0,0.0,1.0,False,False,332.0,1744801.4475209382,5412263.5466193585,-19.192914365510116,505212.8264405012,8.868940383288782e-06,0.00017067688058764802,0.7943282347242815,0.7
nan,0.0,0.0,0.0,0.0,0.0,0.0,0.0,0.0,0.0,1.0,False,False,334.0,1744801.4475209382,5425599.913448129,-19.270747722142364,505212.8264405012,8.868940383288782e-06,0.00016983892090973222,0.7943282347242815,0.7
nan,0.0,0.0,0.0,0.0,0.0,0.0,0.0,0.0,0.0,1.0,False,False,336.0,1744801.4475209382,5438929.950625928,-19.348510867089338,505212.8264405012,8.868940383288782e-06,0.0001690075103820164,0.7943282347242815,0.7
nan,0.0,0.0,0.0,0.0,0.0,0.0,0.0,0.0,0.0,1.0,False,False,338.0,1744801.4475209382,5452253.639299153,-19.426204348461905,505212.8264405012,8.868940383288782e-06,0.0001681825813880557,0.7943282347242815,0.7
nan,0.0,0.0,0.0,0.0,0.0,0.0,0.0,0.0,0.0,1.0,False,False,340.0,1744801.4475209382,5465570.960647296,-19.503828708718416,505212.8264405012,8.868940383288782e-06,0.00016736406718028513,0.7943282347242815,0.7
nan,0.0,0.0,0.0,0.0,0.0,0.0,0.0,0.0,0.0,1.0,False,False,342.0,1744801.4475209382,5478881.895882642,-19.581384484737292,505212.8264405012,8.868940383288782e-06,0.00016655190186669303,0.7943282347242815,0.7
nan,0.0,0.0,0.0,0.0,0.0,0.0,0.0,0.0,0.0,1.0,False,False,344.0,1744801.4475209382,5492186.426249975,-19.658872207888436,505212.8264405012,8.868940383288782e-06,0.00016574602039773296,0.7943282347242815,0.7
nan,0.0,0.0,0.0,0.0,0.0,0.0,0.0,0.0,0.0,1.0,False,False,346.0,1744801.4475209382,5505484.533026289,-19.736292404103654,505212.8264405012,8.868940383288782e-06,0.00016494635855346734,0.7943282347242815,0.7
nan,0.0,0.0,0.0,0.0,0.0,0.0,0.0,0.0,0.0,1.0,False,False,348.0,1744801.4475209382,5518776.197520493,-19.813645593945825,505212.8264405012,8.868940383288782e-06,0.00016415285293093905,0.7943282347242815,0.7
nan,0.0,0.0,0.0,0.0,0.0,0.0,0.0,0.0,0.0,1.0,False,False,350.0,1744801.4475209382,5532061.40107314,-19.89093229267726,505212.8264405012,8.868940383288782e-06,0.00016336544093176571,0.7943282347242815,0.7
nan,0.0,0.0,0.0,0.0,0.0,0.0,0.0,0.0,0.0,1.0,False,False,352.0,1744801.4475209382,5545340.125056143,-19.968153010326766,505212.8264405012,8.868940383288782e-06,0.0001625840607499531,0.7943282347242815,0.7
nan,0.0,0.0,0.0,0.0,0.0,0.0,0.0,0.0,0.0,1.0,False,False,354.0,1744801.4475209382,5558612.350872506,-20.045308251755912,505212.8264405012,8.868940383288782e-06,0.00016180865135992248,0.7943282347242815,0.7
nan,0.0,0.0,0.0,0.0,0.0,0.0,0.0,0.0,0.0,1.0,False,False,356.0,1744801.4475209382,5571878.059956055,-20.12239851672415,505212.8264405012,8.868940383288782e-06,0.00016103915250474798,0.7943282347242815,0.7
nan,0.0,0.0,0.0,0.0,0.0,0.0,0.0,0.0,0.0,1.0,False,False,358.0,1744801.4475209382,5585137.233771171,-20.19942429995307,505212.8264405012,8.868940383288782e-06,0.00016027550468459973,0.7943282347242815,0.7
nan,0.0,0.0,0.0,0.0,0.0,0.0,0.0,0.0,0.0,1.0,False,False,360.0,1744801.4475209382,5598389.853812536,-20.276386091189536,505212.8264405012,8.868940383288782e-06,0.0001595176491453888,0.7943282347242815,0.7
nan,0.0,0.0,0.0,0.0,0.0,0.0,0.0,0.0,0.0,1.0,False,False,362.0,1744801.4475209382,5611635.90160487,-20.353284375268075,505212.8264405012,8.868940383288782e-06,0.0001587655278676097,0.7943282347242815,0.7
nan,0.0,0.0,0.0,0.0,0.0,0.0,0.0,0.0,0.0,1.0,False,False,364.0,1744801.4475209382,5624875.358702691,-20.430119632172143,505212.8264405012,8.868940383288782e-06,0.00015801908355537631,0.7943282347242815,0.7
nan,0.0,0.0,0.0,0.0,0.0,0.0,0.0,0.0,0.0,1.0,False,False,366.0,1744801.4475209382,5638108.206690058,-20.506892337094612,505212.8264405012,8.868940383288782e-06,0.00015727825962564846,0.7943282347242815,0.7
nan,0.0,0.0,0.0,0.0,0.0,0.0,0.0,0.0,0.0,1.0,False,False,368.0,1744801.4475209382,5651334.427180331,-20.58360296049731,505212.8264405012,8.868940383288782e-06,0.00015654300019764443,0.7943282347242815,0.7
nan,0.0,0.0,0.0,0.0,0.0,0.0,0.0,0.0,0.0,1.0,False,False,370.0,1744801.4475209382,5664554.001815934,-20.660251968169625,505212.8264405012,8.868940383288782e-06,0.0001558132500824354,0.7943282347242815,0.7
nan,0.0,0.0,0.0,0.0,0.0,0.0,0.0,0.0,0.0,1.0,False,False,372.0,1744801.4475209382,5677766.912268112,-20.736839821286342,505212.8264405012,8.868940383288782e-06,0.00015508895477272,0.7943282347242815,0.7
nan,0.0,0.0,0.0,0.0,0.0,0.0,0.0,0.0,0.0,1.0,False,False,374.0,1744801.4475209382,5690973.140236715,-20.813366976464593,505212.8264405012,8.868940383288782e-06,0.00015437006043277296,0.7943282347242815,0.7
nan,0.0,0.0,0.0,0.0,0.0,0.0,0.0,0.0,0.0,1.0,False,False,376.0,1744801.4475209382,5704172.667449949,-20.889833885819883,505212.8264405012,8.868940383288782e-06,0.00015365651388856715,0.7943282347242815,0.7
nan,0.0,0.0,0.0,0.0,0.0,0.0,0.0,0.0,0.0,1.0,False,False,378.0,1744801.4475209382,5717365.475664173,-20.966240997021405,505212.8264405012,8.868940383288782e-06,0.00015294826261806317,0.7943282347242815,0.7
nan,0.0,0.0,0.0,0.0,0.0,0.0,0.0,0.0,0.0,1.0,False,False,380.0,1744801.4475209382,5730551.5466636615,-21.04258875334652,505212.8264405012,8.868940383288782e-06,0.0001522452547416654,0.7943282347242815,0.7
nan,0.0,0.0,0.0,0.0,0.0,0.0,0.0,0.0,0.0,1.0,False,False,382.0,1744801.4475209382,5743730.862260394,-21.11887759373435,505212.8264405012,8.868940383288782e-06,0.00015154743901283932,0.7943282347242815,0.7
nan,0.0,0.0,0.0,0.0,0.0,0.0,0.0,0.0,0.0,1.0,False,False,384.0,1744801.4475209382,5756903.4042938445,-21.195107952838747,505212.8264405012,8.868940383288782e-06,0.00015085476480888825,0.7943282347242815,0.7
nan,0.0,0.0,0.0,0.0,0.0,0.0,0.0,0.0,0.0,1.0,False,False,386.0,1744801.4475209382,5770069.154630768,-21.271280261080346,505212.8264405012,8.868940383288782e-06,0.00015016718212188635,0.7943282347242815,0.7
nan,0.0,0.0,0.0,0.0,0.0,0.0,0.0,0.0,0.0,1.0,False,False,388.0,1744801.4475209382,5783228.09516499,-21.347394944697935,505212.8264405012,8.868940383288782e-06,0.00014948464154976456,0.7943282347242815,0.7
nan,0.0,0.0,0.0,0.0,0.0,0.0,0.0,0.0,0.0,1.0,False,False,390.0,1744801.4475209382,5796380.207817209,-21.42345242579907,505212.8264405012,8.868940383288782e-06,0.0001488070942875461,0.7943282347242815,0.7
nan,0.0,0.0,0.0,0.0,0.0,0.0,0.0,0.0,0.0,1.0,False,False,392.0,1744801.4475209382,5809525.474534794,-21.499453122409957,505212.8264405012,8.868940383288782e-06,0.0001481344921187297,0.7943282347242815,0.7
nan,0.0,0.0,0.0,0.0,0.0,0.0,0.0,0.0,0.0,1.0,False,False,394.0,1744801.4475209382,5822663.877291585,-21.575397448524576,505212.8264405012,8.868940383288782e-06,0.0001474667874068172,0.7943282347242815,0.7
nan,0.0,0.0,0.0,0.0,0.0,0.0,0.0,0.0,0.0,1.0,False,False,396.0,1744801.4475209382,5835795.398087702,-21.65128581415323,505212.8264405012,8.868940383288782e-06,0.00014680393308698247,0.7943282347242815,0.7
nan,0.0,0.0,0.0,0.0,0.0,0.0,0.0,0.0,0.0,1.0,False,False,398.0,1744801.4475209382,5848920.018949353,-21.727118625370156,505212.8264405012,8.868940383288782e-06,0.00014614588265787927,0.7943282347242815,0.7
nan,0.0,0.0,0.0,0.0,0.0,0.0,0.0,0.0,0.0,1.0,False,False,400.0,1744801.4475209382,5862037.721928644,-21.802896284360756,505212.8264405012,8.868940383288782e-06,0.00014549259017358618,0.7943282347242815,0.7
nan,0.0,0.0,0.0,0.0,0.0,0.0,0.0,0.0,0.0,1.0,False,False,402.0,1744801.4475209382,5875148.4891033955,-21.878619189467894,505212.8264405012,8.868940383288782e-06,0.00014484401023568406,0.7943282347242815,0.7
nan,0.0,0.0,0.0,0.0,0.0,0.0,0.0,0.0,0.0,1.0,False,False,404.0,1744801.4475209382,5888252.302576963,-21.95428773523766,505212.8264405012,8.868940383288782e-06,0.00014420009798546545,0.7943282347242815,0.7
nan,0.0,0.0,0.0,0.0,0.0,0.0,0.0,0.0,0.0,1.0,False,False,406.0,1744801.4475209382,5901349.144478053,-22.029902312464476,505212.8264405012,8.868940383288782e-06,0.00014356080909627282,0.7943282347242815,0.7
nan,0.0,0.0,0.0,0.0,0.0,0.0,0.0,0.0,0.0,1.0,False,False,408.0,1744801.4475209382,5914438.996960549,-22.105463308235564,505212.8264405012,8.868940383288782e-06,0.00014292609976596253,0.7943282347242815,0.7
nan,0.0,0.0,0.0,0.0,0.0,0.0,0.0,0.0,0.0,1.0,False,False,410.0,1744801.4475209382,5927521.842203338,-22.18097110597469,505212.8264405012,8.868940383288782e-06,0.00014229592670949334,0.7943282347242815,0.7
nan,0.0,0.0,0.0,0.0,0.0,0.0,0.0,0.0,0.0,1.0,False,False,412.0,1744801.4475209382,5940597.662410138,-22.25642608548548,505212.8264405012,8.868940383288782e-06,0.00014167024715163612,0.7943282347242815,0.7
nan,0.0,0.0,0.0,0.0,0.0,0.0,0.0,0.0,0.0,1.0,False,False,414.0,1744801.4475209382,5953666.439809335,-22.331828622993935,505212.8264405012,8.868940383288782e-06,0.000141049018819803,0.7943282347242815,0.7
nan,0.0,0.0,0.0,0.0,0.0,0.0,0.0,0.0,0.0,1.0,False,False,416.0,1744801.4475209382,5966728.1566538075,-22.40717909119045,505212.8264405012,8.868940383288782e-06,0.00014043219993699403,0.7943282347242815,0.7
nan,0.0,0.0,0.0,0.0,0.0,0.0,0.0,0.0,0.0,1.0,False,False,418.0,1744801.4475209382,5979782.7952207755,-22.482477859271214,505212.8264405012,8.868940383288782e-06,0.00013981974921485802,0.7943282347242815,0.7
nan,0.0,0.0,0.0,0.0,0.0,0.0,0.0,0.0,0.0,1.0,False,False,420.0,1744801.4475209382,5992830.33781163,-22.55772529297905,505212.8264405012,8.868940383288782e-06,0.00013921162584686717,0.7943282347242815,0.7
nan,0.0,0.0,0.0,0.0,0.0,0.0,0.0,0.0,0.0,1.0,False,False,422.0,1744801.4475209382,6005870.766751778,-22.632921754643696,505212.8264405012,8.868940383288782e-06,0.0001386077895016016,0.7943282347242815,0.7
nan,0.0,0.0,0.0,0.0,0.0,0.0,0.0,0.0,0.0,1.0,False,False,424.0,1744801.4475209382,6018904.064390494,-22.708067603221448,505212.8264405012,8.868940383288782e-06,0.00013800820031614275,0.7943282347242815,0.7
nan,0.0,0.0,0.0,0.0,0.0,0.0,0.0,0.0,0.0,1.0,False,False,426.0,1744801.4475209382,6031930.213100755,-22.783163194334346,505212.8264405012,8.868940383288782e-06,0.00013741281888957413,0.7943282347242815,0.7
nan,0.0,0.0,0.0,0.0,0.0,0.0,0.0,0.0,0.0,1.0,False,False,428.0,1744801.4475209382,6044949.195279099,-22.858208880308784,505212.8264405012,8.868940383288782e-06,0.00013682160627658592,0.7943282347242815,0.7
nan,0.0,0.0,0.0,0.0,0.0,0.0,0.0,0.0,0.0,1.0,False,False,430.0,1744801.4475209382,6057960.993345473,-22.933205010213545,505212.8264405012,8.868940383288782e-06,0.0001362345239811828,0.7943282347242815,0.7
nan,0.0,0.0,0.0,0.0,0.0,0.0,0.0,0.0,0.0,1.0,False,False,432.0,1744801.4475209382,6070965.589743088,-23.00815192989738,505212.8264405012,8.868940383288782e-06,0.00013565153395049269,0.7943282347242815,0.7
nan,0.0,0.0,0.0,0.0,0.0,0.0,0.0,0.0,0.0,1.0,False,False,434.0,1744801.4475209382,6083962.966938274,-23.083049982026022,505212.8264405012,8.868940383288782e-06,0.0001350725985686747,0.7943282347242815,0.7
nan,0.0,0.0,0.0,0.0,0.0,0.0,0.0,0.0,0.0,1.0,False,False,436.0,1744801.4475209382,6096953.107420344,-23.15789950611871,505212.8264405012,8.868940383288782e-06,0.00013449768065092386,0.7943282347242815,0.7
nan,0.0,0.0,0.0,0.0,0.0,0.0,0.0,0.0,0.0,1.0,False,False,438.0,1744801.4475209382,6109935.993701444,-23.232700838584197,505212.8264405012,8.868940383288782e-06,0.00013392674343757212,0.7943282347242815,0.7
nan,0.0,0.0,0.0,0.0,0.0,0.0,0.0,0.0,0.0,1.0,False,False,440.0,1744801.4475209382,6122911.608316426,-23.30745431275631,505212.8264405012,8.868940383288782e-06,0.0001333597505882826,0.7943282347242815,0.7
nan,0.0,0.0,0.0,0.0,0.0,0.0,0.0,0.0,0.0,1.0,False,False,442.0,1744801.4475209382,6135879.933822712,-23.382160258928923,505212.8264405012,8.868940383288782e-06,0.00013279666617633571,0.7943282347242815,0.7
nan,0.0,0.0,0.0,0.0,0.0,0.0,0.0,0.0,0.0,1.0,False,False,444.0,1744801.4475209382,6148840.952800151,-23.456819004390635,505212.8264405012,8.868940383288782e-06,0.00013223745468300685,0.7943282347242815,0.7
nan,0.0,0.0,0.0,0.0,0.0,0.0,0.0,0.0,0.0,1.0,False,False,446.0,1744801.4475209382,6161794.647850905,-23.53143087345874,505212.8264405012,8.868940383288782e-06,0.0001316820809920312,0.7943282347242815,0.7
nan,0.0,0.0,0.0,0.0,0.0,0.0,0.0,0.0,0.0,1.0,False,False,448.0,1744801.4475209382,6174741.001599304,-23.605996187512925,505212.8264405012,8.868940383288782e-06,0.00013113051038415733,0.7943282347242815,0.7
nan,0.0,0.0,0.0,0.0,0.0,0.0,0.0,0.0,0.0,1.0,False,False,450.0,1744801.4475209382,6187679.996691733,-23.680515265028497,505212.8264405012,8.868940383288782e-06,0.00013058270853178534,0.7943282347242815,0.7
nan,0.0,0.0,0.0,0.0,0.0,0.0,0.0,0.0,0.0,1.0,False,False,452.0,1744801.4475209382,6200611.615796492,-23.75498842160898,505212.8264405012,8.868940383288782e-06,0.0001300386414936898,0.7943282347242815,0.7
nan,0.0,0.0,0.0,0.0,0.0,0.0,0.0,0.0,0.0,1.0,False,False,454.0,1744801.4475209382,6213535.841603692,-23.829415970018545,505212.8264405012,8.868940383288782e-06,0.0001294982757098247,0.7943282347242815,0.7
nan,0.0,0.0,0.0,0.0,0.0,0.0,0.0,0.0,0.0,1.0,False,False,456.0,1744801.4475209382,6226452.656825119,-23.90379822021381,505212.8264405012,8.868940383288782e-06,0.00012896157799621,0.7943282347242815,0.7
nan,0.0,0.0,0.0,0.0,0.0,0.0,0.0,0.0,0.0,1.0,False,False,458.0,1744801.4475209382,6239362.044194117,-23.978135479375215,505212.8264405012,8.868940383288782e-06,0.00012842851553989797,0.7943282347242815,0.7
nan,0.0,0.0,0.0,0.0,0.0,0.0,0.0,0.0,0.0,1.0,False,False,460.0,1744801.4475209382,6252263.986465479,-24.052428051938136,505212.8264405012,8.868940383288782e-06,0.00012789905589401704,0.7943282347242815,0.7
nan,0.0,0.0,0.0,0.0,0.0,0.0,0.0,0.0,0.0,1.0,False,False,462.0,1744801.4475209382,6265158.466415323,-24.126676239623407,505212.8264405012,8.868940383288782e-06,0.00012737316697289356,0.7943282347242815,0.7
nan,0.0,0.0,0.0,0.0,0.0,0.0,0.0,0.0,0.0,1.0,False,False,464.0,1744801.4475209382,6278045.466840988,-24.20088034146754,505212.8264405012,8.868940383288782e-06,0.0001268508170472481,0.7943282347242815,0.7
nan,0.0,0.0,0.0,0.0,0.0,0.0,0.0,0.0,0.0,1.0,False,False,466.0,1744801.4475209382,6290924.970560908,-24.275040653852482,505212.8264405012,8.868940383288782e-06,0.00012633197473946705,0.7943282347242815,0.7
nan,0.0,0.0,0.0,0.0,0.0,0.0,0.0,0.0,0.0,1.0,False,False,468.0,1744801.4475209382,6303796.960414516,-24.349157470535076,505212.8264405012,8.868940383288782e-06,0.00012581660901894595,0.7943282347242815,0.7
nan,0.0,0.0,0.0,0.0,0.0,0.0,0.0,0.0,0.0,1.0,False,False,470.0,1744801.4475209382,6316661.419262125,-24.423231082675954,505212.8264405012,8.868940383288782e-06,0.00012530468919750554,0.7943282347242815,0.7
nan,0.0,0.0,0.0,0.0,0.0,0.0,0.0,0.0,0.0,1.0,False,False,472.0,1744801.4475209382,6329518.329984832,-24.497261778868285,505212.8264405012,8.868940383288782e-06,0.00012479618492487713,0.7943282347242815,0.7
nan,0.0,0.0,0.0,0.0,0.0,0.0,0.0,0.0,0.0,1.0,False,False,474.0,1744801.4475209382,6342367.675484402,-24.571249845165905,505212.8264405012,8.868940383288782e-06,0.0001242910661842581,0.7943282347242815,0.7
nan,0.0,0.0,0.0,0.0,0.0,0.0,0.0,0.0,0.0,1.0,False,False,476.0,1744801.4475209382,6355209.438683172,-24.645195565111287,505212.8264405012,8.868940383288782e-06,0.00012378930328793466,0.7943282347242815,0.7
nan,0.0,0.0,0.0,0.0,0.0,0.0,0.0,0.0,0.0,1.0,False,False,478.0,1744801.4475209382,6368043.602523945,-24.71909921976295,505212.8264405012,8.868940383288782e-06,0.00012329086687297162,0.7943282347242815,0.7
nan,0.0,0.0,0.0,0.0,0.0,0.0,0.0,0.0,0.0,1.0,False,False,480.0,1744801.4475209382,6380870.149969897,-24.79296108772271,505212.8264405012,8.868940383288782e-06,0.00012279572789696756,0.7943282347242815,0.7
nan,0.0,0.0,0.0,0.0,0.0,0.0,0.0,0.0,0.0,1.0,False,False,482.0,1744801.4475209382,6393689.064004465,-24.86678144516238,505212.8264405012,8.868940383288782e-06,0.00012230385763387493,0.7943282347242815,0.7
nan,0.0,0.0,0.0,0.0,0.0,0.0,0.0,0.0,0.0,1.0,False,False,484.0,1744801.4475209382,6406500.327631266,-24.940560565850284,505212.8264405012,8.868940383288782e-06,0.0001218152276698828,0.7943282347242815,0.7
nan,0.0,0.0,0.0,0.0,0.0,0.0,0.0,0.0,0.0,1.0,False,False,486.0,1744801.4475209382,6419303.923873986,-25.014298721177294,505212.8264405012,8.868940383288782e-06,0.0001213298098993626,0.7943282347242815,0.7
nan,0.0,0.0,0.0,0.0,0.0,0.0,0.0,0.0,0.0,1.0,False,False,488.0,1744801.4475209382,6432099.835776299,-25.087996180182678,505212.8264405012,8.868940383288782e-06,0.0001208475765208744,0.7943282347242815,0.7
nan,0.0,0.0,0.0,0.0,0.0,0.0,0.0,0.0,0.0,1.0,False,False,490.0,1744801.4475209382,6444888.046401767,-25.16165320957945,505212.8264405012,8.868940383288782e-06,0.00012036850003323369,0.7943282347242815,0.7
nan,0.0,0.0,0.0,0.0,0.0,0.0,0.0,0.0,0.0,1.0,False,False,492.0,1744801.4475209382,6457668.53883375,-25.235270073779446,505212.8264405012,8.868940383288782e-06,0.00011989255323163713,0.7943282347242815,0.7
nan,0.0,0.0,0.0,0.0,0.0,0.0,0.0,0.0,0.0,1.0,False,False,494.0,1744801.4475209382,6470441.296175314,-25.30884703491824,505212.8264405012,8.868940383288782e-06,0.00011941970920384664,0.7943282347242815,0.7
nan,0.0,0.0,0.0,0.0,0.0,0.0,0.0,0.0,0.0,1.0,False,False,496.0,1744801.4475209382,6483206.301549151,-25.38238435287944,505212.8264405012,8.868940383288782e-06,0.00011894994132642997,0.7943282347242815,0.7
nan,0.0,0.0,0.0,0.0,0.0,0.0,0.0,0.0,0.0,1.0,False,False,498.0,1744801.4475209382,6495963.538097479,-25.45588228531893,505212.8264405012,8.868940383288782e-06,0.00011848322326105822,0.7943282347242815,0.7
nan,0.0,0.0,0.0,0.0,0.0,0.0,0.0,0.0,0.0,1.0,False,False,500.0,1744801.4475209382,6508712.988981972,-25.529341087688667,505212.8264405012,8.868940383288782e-06,0.00011801952895085765,0.7943282347242815,0.7
nan,0.0,0.0,0.0,0.0,0.0,0.0,0.0,0.0,0.0,1.0,False,False,502.0,1744801.4475209382,6521454.63738366,-25.60276101326022,505212.8264405012,8.868940383288782e-06,0.00011755883261681671,0.7943282347242815,0.7
nan,0.0,0.0,0.0,0.0,0.0,0.0,0.0,0.0,0.0,1.0,False,False,504.0,1744801.4475209382,6534188.466502856,-25.676142313148013,505212.8264405012,8.868940383288782e-06,0.00011710110875424538,0.7943282347242815,0.7
nan,0.0,0.0,0.0,0.0,0.0,0.0,0.0,0.0,0.0,1.0,False,False,506.0,1744801.4475209382,6546914.459559074,-25.749485236332212,505212.8264405012,8.868940383288782e-06,0.00011664633212928769,0.7943282347242815,0.7
nan,0.0,0.0,0.0,0.0,0.0,0.0,0.0,0.0,0.0,1.0,False,False,508.0,1744801.4475209382,6559632.599790938,-25.82279002968141,505212.8264405012,8.868940383288782e-06,0.00011619447777548552,0.7943282347242815,0.7
nan,0.0,0.0,0.0,0.0,0.0,0.0,0.0,0.0,0.0,1.0,False,False,510.0,1744801.4475209382,6572342.87045612,-25.896056937974993,505212.8264405012,8.868940383288782e-06,0.00011574552099039278,0.7943282347242815,0.7
nan,0.0,0.0,0.0,0.0,0.0,0.0,0.0,0.0,0.0,1.0,False,False,512.0,1744801.4475209382,6585045.254831249,-25.969286203925158,505212.8264405012,8.868940383288782e-06,0.00011529943733223978,0.7943282347242815,0.7
nan,0.0,0.0,0.0,0.0,0.0,0.0,0.0,0.0,0.0,1.0,False,False,514.0,1744801.4475209382,6597739.7362118345,-26.042478068198744,505212.8264405012,8.868940383288782e-06,0.00011485620261664669,0.7943282347242815,0.7
nan,0.0,0.0,0.0,0.0,0.0,0.0,0.0,0.0,0.0,1.0,False,False,516.0,1744801.4475209382,6610426.297912202,-26.115632769438772,505212.8264405012,8.868940383288782e-06,0.00011441579291338459,0.7943282347242815,0.7
nan,0.0,0.0,0.0,0.0,0.0,0.0,0.0,0.0,0.0,1.0,False,False,518.0,1744801.4475209382,6623104.923265407,-26.188750544285625,505212.8264405012,8.868940383288782e-06,0.00011397818454318446,0.7943282347242815,0.7
nan,0.0,0.0,0.0,0.0,0.0,0.0,0.0,0.0,0.0,1.0,False,False,520.0,1744801.4475209382,6635775.595623166,-26.26183162739811,505212.8264405012,8.868940383288782e-06,0.00011354335407459234,0.7943282347242815,0.7
nan,0.0,0.0,0.0,0.0,0.0,0.0,0.0,0.0,0.0,1.0,False,False,522.0,1744801.4475209382,6648438.298355786,-26.334876251474107,505212.8264405012,8.868940383288782e-06,0.00011311127832087075,0.7943282347242815,0.7
nan,0.0,0.0,0.0,0.0,0.0,0.0,0.0,0.0,0.0,1.0,False,False,524.0,1744801.4475209382,6661093.014852089,-26.4078846472711,505212.8264405012,8.868940383288782e-06,0.0001126819343369446,0.7943282347242815,0.7
nan,0.0,0.0,0.0,0.0,0.0,0.0,0.0,0.0,0.0,1.0,False,False,526.0,1744801.4475209382,6673739.72851935,-26.4808570436263,505212.8264405012,8.868940383288782e-06,0.00011225529941639157,0.7943282347242815,0.7
nan,0.0,0.0,0.0,0.0,0.0,0.0,0.0,0.0,0.0,1.0,False,False,528.0,1744801.4475209382,6686378.422783221,-26.553793667476683,505212.8264405012,8.868940383288782e-06,0.00011183135108847647,0.7943282347242815,0.7
nan,0.0,0.0,0.0,0.0,0.0,0.0,0.0,0.0,0.0,1.0,False,False,530.0,1744801.4475209382,6699009.081087666,-26.62669474387863,505212.8264405012,8.868940383288782e-06,0.00011141006711522781,0.7943282347242815,0.7
nan,0.0,0.0,0.0,0.0,0.0,0.0,0.0,0.0,0.0,1.0,False,False,532.0,1744801.4475209382,6711631.686894893,-26.699560496027424,505212.8264405012,8.868940383288782e-06,0.00011099142548855706,0.7943282347242815,0.7
nan,0.0,0.0,0.0,0.0,0.0,0.0,0.0,0.0,0.0,1.0,False,False,534.0,1744801.4475209382,6724246.223685294,-26.77239114527648,505212.8264405012,8.868940383288782e-06,0.00011057540442741875,0.7943282347242815,0.7
nan,0.0,0.0,0.0,0.0,0.0,0.0,0.0,0.0,0.0,1.0,False,False,536.0,1744801.4475209382,6736852.674957375,-26.845186911156283,505212.8264405012,8.868940383288782e-06,0.00011016198237501204,0.7943282347242815,0.7
nan,0.0,0.0,0.0,0.0,0.0,0.0,0.0,0.0,0.0,1.0,False,False,538.0,1744801.4475209382,6749451.024227693,-26.917948011393175,505212.8264405012,8.868940383288782e-06,0.00010975113799602197,0.7943282347242815,0.7
nan,0.0,0.0,0.0,0.0,0.0,0.0,0.0,0.0,0.0,1.0,False,False,540.0,1744801.4475209382,6762041.255030794,-26.9906746619279,505212.8264405012,8.868940383288782e-06,0.00010934285017390008,0.7943282347242815,0.7
nan,0.0,0.0,0.0,0.0,0.0,0.0,0.0,0.0,0.0,1.0,False,False,542.0,1744801.4475209382,6774623.350919156,-27.06336707693382,505212.8264405012,8.868940383288782e-06,0.00010893709800818404,0.7943282347242815,0.7
nan,0.0,0.0,0.0,0.0,0.0,0.0,0.0,0.0,0.0,1.0,False,False,544.0,1744801.4475209382,6787197.295463121,-27.136025468835044,505212.8264405012,8.868940383288782e-06,0.00010853386081185566,0.7943282347242815,0.7
nan,0.0,0.0,0.0,0.0,0.0,0.0,0.0,0.0,0.0,1.0,False,False,546.0,1744801.4475209382,6799763.072250837,-27.208650048324277,505212.8264405012,8.868940383288782e-06,0.000108133118108736,0.7943282347242815,0.7
nan,0.0,0.0,0.0,0.0,0.0,0.0,0.0,0.0,0.0,1.0,False,False,548.0,1744801.4475209382,6812320.664888214,-27.281241024380417,505212.8264405012,8.868940383288782e-06,0.00010773484963091721,0.7943282347242815,0.7
nan,0.0,0.0,0.0,0.0,0.0,0.0,0.0,0.0,0.0,1.0,False,False,550.0,1744801.4475209382,6824870.056998839,-27.35379860428599,505212.8264405012,8.868940383288782e-06,0.00010733903531623221,0.7943282347242815,0.7
nan,0.0,0.0,0.0,0.0,0.0,0.0,0.0,0.0,0.0,1.0,False,False,552.0,1744801.4475209382,6837411.232223943,-27.426322993644348,505212.8264405012,8.868940383288782e-06,0.0001069456553057579,0.7943282347242815,0.7
nan,0.0,0.0,0.0,0.0,0.0,0.0,0.0,0.0,0.0,1.0,False,False,554.0,1744801.4475209382,6849944.174222332,-27.498814396396696,505212.8264405012,8.868940383288782e-06,0.00010655468994135578,0.7943282347242815,0.7
nan,0.0,0.0,0.0,0.0,0.0,0.0,0.0,0.0,0.0,1.0,False,False,556.0,1744801.4475209382,6862468.866670343,-27.571273014838813,505212.8264405012,8.868940383288782e-06,0.00010616611976324514,0.7943282347242815,0.7
nan,0.0,0.0,0.0,0.0,0.0,0.0,0.0,0.0,0.0,1.0,False,False,558.0,1744801.4475209382,6874985.29326178,-27.643699049637725,505212.8264405012,8.868940383288782e-06,0.00010577992550761208,0.7943282347242815,0.7
nan,0.0,0.0,0.0,0.0,0.0,0.0,0.0,0.0,0.0,1.0,False,False,560.0,1744801.4475209382,6887493.437707862,-27.716092699848005,505212.8264405012,8.868940383288782e-06,0.00010539608810425121,0.7943282347242815,0.7
nan,0.0,0.0,0.0,0.0,0.0,0.0,0.0,0.0,0.0,1.0,False,False,562.0,1744801.4475209382,6899993.283737176,-27.78845416292804,505212.8264405012,8.868940383288782e-06,0.00010501458867424,0.7943282347242815,0.7
nan,0.0,0.0,0.0,0.0,0.0,0.0,0.0,0.0,0.0,1.0,False,False,564.0,1744801.4475209382,6912484.815095625,-27.860783634756004,505212.8264405012,8.868940383288782e-06,0.00010463540852764645,0.7943282347242815,0.7
nan,0.0,0.0,0.0,0.0,0.0,0.0,0.0,0.0,0.0,1.0,False,False,566.0,1744801.4475209382,6924968.015546372,-27.933081309645633,505212.8264405012,8.868940383288782e-06,0.00010425852916126812,0.7943282347242815,0.7
nan,0.0,0.0,0.0,0.0,0.0,0.0,0.0,0.0,0.0,1.0,False,False,568.0,1744801.4475209382,6937442.8688697945,-28.00534738036186,505212.8264405012,8.868940383288782e-06,0.00010388393225640287,0.7943282347242815,0.7
nan,0.0,0.0,0.0,0.0,0.0,0.0,0.0,0.0,0.0,1.0,False,False,570.0,1744801.4475209382,6949909.358863434,-28.07758203813629,505212.8264405012,8.868940383288782e-06,0.00010351159967665041,0.7943282347242815,0.7
nan,0.0,0.0,0.0,0.0,0.0,0.0,0.0,0.0,0.0,1.0,False,False,572.0,1744801.4475209382,6962367.46934195,-28.14978547268235,505212.8264405012,8.868940383288782e-06,0.00010314151346574419,0.7943282347242815,0.7
nan,0.0,0.0,0.0,0.0,0.0,0.0,0.0,0.0,0.0,1.0,False,False,574.0,1744801.4475209382,6974817.184137066,-28.22195787221044,505212.8264405012,8.868940383288782e-06,0.00010277365584541378,0.7943282347242815,0.7
nan,0.0,0.0,0.0,0.0,0.0,0.0,0.0,0.0,0.0,1.0,False,False,576.0,1744801.4475209382,6987258.487097537,-28.29409942344279,505212.8264405012,8.868940383288782e-06,0.00010240800921327595,0.7943282347242815,0.7
nan,0.0,0.0,0.0,0.0,0.0,0.0,0.0,0.0,0.0,1.0,False,False,578.0,1744801.4475209382,6999691.3620890835,-28.366210311628144,505212.8264405012,8.868940383288782e-06,0.00010204455614075568,0.7943282347242815,0.7
nan,0.0,0.0,0.0,0.0,0.0,0.0,0.0,0.0,0.0,1.0,False,False,580.0,1744801.4475209382,7012115.792994367,-28.43829072055636,505212.8264405012,8.868940383288782e-06,0.00010168327937103478,0.7943282347242815,0.7
nan,0.0,0.0,0.0,0.0,0.0,0.0,0.0,0.0,0.0,1.0,False,False,582.0,1744801.4475209382,7024531.763712929,-28.51034083257269,505212.8264405012,8.868940383288782e-06,0.00010132416181702981,0.7943282347242815,0.7
nan,0.0,0.0,0.0,0.0,0.0,0.0,0.0,0.0,0.0,1.0,False,False,584.0,1744801.4475209382,7036939.2581611555,-28.58236082859205,505212.8264405012,8.868940383288782e-06,0.0001009671865593965,0.7943282347242815,0.7
nan,0.0,0.0,0.0,0.0,0.0,0.0,0.0,0.0,0.0,1.0,False,False,586.0,1744801.4475209382,7049338.260272237,-28.65435088811301,505212.8264405012,8.868940383288782e-06,0.0001006123368445623,0.7943282347242815,0.7
nan,0.0,0.0,0.0,0.0,0.0,0.0,0.0,0.0,0.0,1.0,False,False,588.0,1744801.4475209382,7061728.753996119,-28.72631118923168,505212.8264405012,8.868940383288782e-06,0.00010025959608278533,0.7943282347242815,0.7
nan,0.0,0.0,0.0,0.0,0.0,0.0,0.0,0.0,0.0,1.0,False,False,590.0,1744801.4475209382,7074110.723299464,-28.79824190865539,505212.8264405012,8.868940383288782e-06,9.990894784624e-05,0.7943282347242815,0.7
nan,0.0,0.0,0.0,0.0,0.0,0.0,0.0,0.0,0.0,1.0,False,False,592.0,1744801.4475209382,7086484.152165611,-28.870143221716248,505212.8264405012,8.868940383288782e-06,9.956037586712847e-05,0.7943282347242815,0.7
nan,0.0,0.0,0.0,0.0,0.0,0.0,0.0,0.0,0.0,1.0,False,False,594.0,1744801.4475209382,7098849.024594535,-28.94201530238453,505212.8264405012,8.868940383288782e-06,9.921386403581771e-05,0.7943282347242815,0.7
nan,0.0,0.0,0.0,0.0,0.0,0.0,0.0,0.0,0.0,1.0,False,False,596.0,1744801.4475209382,7111205.324602805,-29.01385832328188,505212.8264405012,8.868940383288782e-06,9.886939639900206e-05,0.7943282347242815,0.7
nan,0.0,0.0,0.0,0.0,0.0,0.0,0.0,0.0,0.0,1.0,False,False,598.0,1744801.4475209382,7123553.036223553,-29.085672455694432,505212.8264405012,8.868940383288782e-06,9.852695715789012e-05,0.7943282347242815,0.7
nan,0.0,0.0,0.0,0.0,0.0,0.0,0.0,0.0,0.0,1.0,False,False,600.0,1744801.4475209382,7135892.143506424,-29.157457869585684,505212.8264405012,8.868940383288782e-06,9.818653066641673e-05,0.7943282347242815,0.7
