qber,gain,error_gain,double_click_gain,detection_rate_hz,error_rate_hz,rate_bits_per_pulse,rate_bits_per_second,eta_total_baseline,eta_total_faded,fading_factor,clipped,visible,time_s,cumulative_rate_integral_bits,distance_m,elevation_deg,eta_geometric,eta_pointing,eta_optical
0.01040305347719956,0.00012156457421546904,1.2646427664965191e-06,1.52145685885519e-10,9706.19000370145,100.97401366836597,6.942440794925849e-05,5548.534145564151,0.0012147196378470065,0.0012147196378470065,1.0,False,True,-600.0,0.0,3205632.9515627655,nan,0.00436926120083144,0.7943282347242815,0.7
0.01040305347719956,0.00012156457421546904,1.2646427664965191e-06,1.52145685885519e-10,9706.19000370145,100.97401366836597,6.942440794925849e-05,5548.534145564151,0.0012147196378470065,0.0012147196378470065,1.0,False,True,-598.0,11097.068291128302,3205632.9515627655,nan,0.00436926120083144,0.7943282347242815,0.7
0.01040305347719956,0.0001215645742154691,1.2646427664965198e-06,1.5214568588551915e-10,9706.190003701455,100.97401366836603,6.942440794925853e-05,5548.534145564155,0.001214719637847007,0.001214719637847007,1.0,False,True,-596.0,22194.136582256608,3205632.951562765,nan,0.004369261200831441,0.7943282347242815,0.7
0.01040305347719956,0.00012156457421546904,1.2646427664965191e-06,1.52145685885519e-10,9706.19000370145,100.97401366836597,6.942440794925849e-05,5548.534145564151,0.0012147196378470065,0.0012147196378470065,1.0,False,True,-594.0,33291.204873384915,3205632.9515627655,nan,0.00436926120083144,0.7943282347242815,0.7
0.01040305347719956,0.00012156457421546904,1.2646427664965191e-06,1.52145685885519e-10,9706.19000370145,100.97401366836597,6.942440794925849e-05,5548.534145564151,0.0012147196378470065,0.0012147196378470065,1.0,False,True,-592.0,44388.273164513215,3205632.951562766,nan,0.004369261200831439,0.7943282347242815,0.7
0.01040305347719956,0.00012156457421546904,1.2646427664965191e-06,1.52145685885519e-10,9706.19000370145,100.97401366836597,6.942440794925849e-05,5548.534145564151,0.0012147196378470065,0.0012147196378470065,1.0,False,True,-590.0,55485.341455641515,3205632.9515627655,nan,0.00436926120083144,0.7943282347242815,0.7
0.01040305347719956,0.0001215645742154691,1.2646427664965198e-06,1.5214568588551915e-10,9706.190003701455,100.97401366836603,6.942440794925853e-05,5548.534145564155,0.001214719637847007,0.001214719637847007,1.0,False,True,-588.0,66582.40974676982,3205632.951562765,nan,0.004369261200831441,0.7943282347242815,0.7
0.01040305347719956,0.0001215645742154691,1.2646427664965198e-06,1.5214568588551915e-10,9706.190003701455,100.97401366836603,6.942440794925853e-05,5548.534145564155,0.001214719637847007,0.001214719637847007,1.0,False,True,-586.0,77679.47803789812,3205632.951562765,nan,0.004369261200831441,0.7943282347242815,0.7
0.01040305347719956,0.0001215645742154691,1.2646427664965198e-06,1.5214568588551915e-10,9706.190003701455,100.97401366836603,6.942440794925853e-05,5548.534145564155,0.001214719637847007,0.001214719637847007,1.0,False,True,-584.0,88776.54632902643,3205632.951562765,nan,0.004369261200831441,0.7943282347242815,0.7
0.01040305347719956,0.0001215645742154691,1.2646427664965198e-06,1.5214568588551915e-10,9706.190003701455,100.97401366836603,6.942440794925853e-05,5548.534145564155,0.001214719637847007,0.001214719637847007,1.0,False,True,-582.0,99873.61462015474,3205632.951562765,nan,0.004369261200831441,0.7943282347242815,0.7
0.01040305347719956,0.0001215645742154691,1.2646427664965198e-06,1.5214568588551915e-10,9706.190003701455,100.97401366836603,6.942440794925853e-05,5548.534145564155,0.001214719637847007,0.001214719637847007,1.0,False,True,-580.0,110970.68291128305,3205632.951562765,nan,0.004369261200831441,0.7943282347242815,0.7
0.010403053477199558,0.00012156457421546915,1.2646427664965202e-06,1.5214568588551928e-10,9706.190003701458,100.97401366836606,6.942440794925855e-05,5548.5341455641565,0.0012147196378470076,0.0012147196378470076,1.0,False,True,-578.0,122067.75120241135,3205632.951562764,nan,0.004369261200831444,0.7943282347242815,0.7
0.01040305347719956,0.0001215645742154691,1.2646427664965198e-06,1.5214568588551915e-10,9706.190003701455,100.97401366836603,6.942440794925853e-05,5548.534145564155,0.001214719637847007,0.001214719637847007,1.0,False,True,-576.0,133164.81949353966,3205632.951562765,nan,0.004369261200831441,0.7943282347242815,0.7
0.01040305347719956,0.0001215645742154691,1.2646427664965198e-06,1.5214568588551915e-10,9706.190003701455,100.97401366836603,6.942440794925853e-05,5548.534145564155,0.001214719637847007,0.001214719637847007,1.0,False,True,-574.0,144261.88778466798,3205632.951562765,nan,0.004369261200831441,0.7943282347242815,0.7
0.01040305347719956,0.0001215645742154691,1.2646427664965198e-06,1.5214568588551915e-10,9706.190003701455,100.97401366836603,6.942440794925853e-05,5548.534145564155,0.001214719637847007,0.001214719637847007,1.0,False,True,-572.0,155358.9560757963,3205632.951562765,nan,0.004369261200831441,0.7943282347242815,0.7
0.01040305347719956,0.00012156457421546904,1.2646427664965191e-06,1.52145685885519e-10,9706.19000370145,100.97401366836597,6.942440794925849e-05,5548.534145564151,0.0012147196378470065,0.0012147196378470065,1.0,False,True,-570.0,166456.0243669246,3205632.951562766,nan,0.004369261200831439,0.7943282347242815,0.7
0.01040305347719956,0.0001215645742154691,1.2646427664965198e-06,1.5214568588551915e-10,9706.190003701455,100.97401366836603,6.942440794925853e-05,5548.534145564155,0.001214719637847007,0.001214719637847007,1.0,False,True,-568.0,177553.0926580529,3205632.951562765,nan,0.004369261200831441,0.7943282347242815,0.7
0.01040305347719956,0.00012156457421546904,1.2646427664965191e-06,1.52145685885519e-10,9706.19000370145,100.97401366836597,6.942440794925849e-05,5548.534145564151,0.0012147196378470065,0.0012147196378470065,1.0,False,True,-566.0,188650.16094918118,3205632.951562766,nan,0.004369261200831439,0.7943282347242815,0.7
0.01040305347719956,0.0001215645742154691,1.2646427664965198e-06,1.5214568588551915e-10,9706.190003701455,100.97401366836603,6.942440794925853e-05,5548.534145564155,0.001214719637847007,0.001214719637847007,1.0,False,True,-564.0,199747.22924030948,3205632.951562765,nan,0.004369261200831441,0.7943282347242815,0.7
0.01040305347719956,0.0001215645742154691,1.2646427664965198e-06,1.5214568588551915e-10,9706.190003701455,100.97401366836603,6.942440794925853e-05,5548.534145564155,0.001214719637847007,0.001214719637847007,1.0,False,True,-562.0,210844.2975314378,3205632.951562765,nan,0.004369261200831441,0.7943282347242815,0.7
0.01040305347719956,0.00012156457421546904,1.2646427664965191e-06,1.52145685885519e-10,9706.19000370145,100.97401366836597,6.942440794925849e-05,5548.534145564151,0.0012147196378470065,0.0012147196378470065,1.0,False,True,-560.0,221941.3658225661,3205632.951562766,nan,0.004369261200831439,0.7943282347242815,0.7
0.01040305347719956,0.00012156457421546899,1.2646427664965187e-06,1.521456858855189e-10,9706.190003701446,100.97401366836594,6.942440794925846e-05,5548.534145564149,0.0012147196378470059,0.0012147196378470059,1.0,False,True,-558.0,233038.43411369438,3205632.9515627665,nan,0.004369261200831438,0.7943282347242815,0.7
0.01040305347719956,0.0001215645742154691,1.2646427664965198e-06,1.5214568588551915e-10,9706.190003701455,100.97401366836603,6.942440794925853e-05,5548.534145564155,0.001214719637847007,0.001214719637847007,1.0,False,True,-556.0,244135.50240482268,3205632.951562765,nan,0.004369261200831441,0.7943282347242815,0.7
0.01040305347719956,0.0001215645742154691,1.2646427664965198e-06,1.5214568588551915e-10,9706.190003701455,100.97401366836603,6.942440794925853e-05,5548.534145564155,0.001214719637847007,0.001214719637847007,1.0,False,True,-554.0,255232.570695951,3205632.951562765,nan,0.004369261200831441,0.7943282347242815,0.7
0.01040305347719956,0.00012156457421546911,1.26464276649652e-06,1.521456858855192e-10,9706.190003701455,100.97401366836604,6.942440794925853e-05,5548.534145564155,0.0012147196378470072,0.0012147196378470072,1.0,False,True,-552.0,266329.6389870793,3205632.9515627646,nan,0.004369261200831442,0.7943282347242815,0.7
0.01040305347719956,0.00012156457421546904,1.2646427664965191e-06,1.52145685885519e-10,9706.19000370145,100.97401366836597,6.942440794925849e-05,5548.534145564151,0.0012147196378470065,0.0012147196378470065,1.0,False,True,-550.0,277426.70727820764,3205632.9515627655,nan,0.00436926120083144,0.7943282347242815,0.7
0.01040305347719956,0.00012156457421546904,1.2646427664965191e-06,1.52145685885519e-10,9706.19000370145,100.97401366836597,6.942440794925849e-05,5548.534145564151,0.0012147196378470065,0.0012147196378470065,1.0,False,True,-548.0,288523.77556933596,3205632.9515627655,nan,0.00436926120083144,0.7943282347242815,0.7
0.01040305347719956,0.0001215645742154691,1.2646427664965198e-06,1.5214568588551915e-10,9706.190003701455,100.97401366836603,6.942440794925853e-05,5548.534145564155,0.001214719637847007,0.001214719637847007,1.0,False,True,-546.0,299620.8438604643,3205632.951562765,nan,0.004369261200831441,0.7943282347242815,0.7
0.01040305347719956,0.00012156457421546904,1.2646427664965191e-06,1.52145685885519e-10,9706.19000370145,100.97401366836597,6.942440794925849e-05,5548.534145564151,0.0012147196378470065,0.0012147196378470065,1.0,False,True,-544.0,310717.9121515926,3205632.9515627655,nan,0.00436926120083144,0.7943282347242815,0.7
0.01040305347719956,0.00012156457421546904,1.2646427664965191e-06,1.52145685885519e-10,9706.19000370145,100.97401366836597,6.942440794925849e-05,5548.534145564151,0.0012147196378470065,0.0012147196378470065,1.0,False,True,-542.0,321814.98044272093,3205632.9515627655,nan,0.00436926120083144,0.7943282347242815,0.7
0.01040305347719956,0.00012156457421546904,1.2646427664965191e-06,1.52145685885519e-10,9706.19000370145,100.97401366836597,6.942440794925849e-05,5548.534145564151,0.0012147196378470065,0.0012147196378470065,1.0,False,True,-540.0,332912.04873384925,3205632.9515627655,nan,0.00436926120083144,0.7943282347242815,0.7
0.01040305347719956,0.0001215645742154691,1.2646427664965198e-06,1.5214568588551915e-10,9706.190003701455,100.97401366836603,6.942440794925853e-05,5548.534145564155,0.001214719637847007,0.001214719637847007,1.0,False,True,-538.0,344009.1170249776,3205632.951562765,nan,0.004369261200831441,0.7943282347242815,0.7
0.01040305347719956,0.0001215645742154691,1.2646427664965198e-06,1.5214568588551915e-10,9706.190003701455,100.97401366836603,6.942440794925853e-05,5548.534145564155,0.001214719637847007,0.001214719637847007,1.0,False,True,-536.0,355106.1853161059,3205632.951562765,nan,0.004369261200831441,0.7943282347242815,0.7
0.01040305347719956,0.00012156457421546904,1.2646427664965191e-06,1.52145685885519e-10,9706.19000370145,100.97401366836597,6.942440794925849e-05,5548.534145564151,0.0012147196378470065,0.0012147196378470065,1.0,False,True,-534.0,366203.2536072342,3205632.9515627655,nan,0.00436926120083144,0.7943282347242815,0.7
0.01040305347719956,0.0001215645742154691,1.2646427664965198e-06,1.5214568588551915e-10,9706.190003701455,100.97401366836603,6.942440794925853e-05,5548.534145564155,0.001214719637847007,0.001214719637847007,1.0,False,True,-532.0,377300.32189836254,3205632.951562765,nan,0.004369261200831441,0.7943282347242815,0.7
0.01040305347719956,0.00012156457421546904,1.2646427664965191e-06,1.52145685885519e-10,9706.19000370145,100.97401366836597,6.942440794925849e-05,5548.534145564151,0.0012147196378470065,0.0012147196378470065,1.0,False,True,-530.0,388397.39018949086,3205632.9515627655,nan,0.00436926120083144,0.7943282347242815,0.7
0.01040305347719956,0.0001215645742154691,1.2646427664965198e-06,1.5214568588551915e-10,9706.190003701455,100.97401366836603,6.942440794925853e-05,5548.534145564155,0.001214719637847007,0.001214719637847007,1.0,False,True,-528.0,399494.4584806192,3205632.951562765,nan,0.004369261200831441,0.7943282347242815,0.7
0.01040305347719956,0.00012156457421546904,1.2646427664965191e-06,1.52145685885519e-10,9706.19000370145,100.97401366836597,6.942440794925849e-05,5548.534145564151,0.0012147196378470065,0.0012147196378470065,1.0,False,True,-526.0,410591.5267717475,3205632.9515627655,nan,0.00436926120083144,0.7943282347242815,0.7
0.01040305347719956,0.00012156457421546904,1.2646427664965191e-06,1.52145685885519e-10,9706.19000370145,100.97401366836597,6.942440794925849e-05,5548.534145564151,0.0012147196378470065,0.0012147196378470065,1.0,False,True,-524.0,421688.59506287583,3205632.9515627655,nan,0.00436926120083144,0.7943282347242815,0.7
0.01040305347719956,0.0001215645742154691,1.2646427664965198e-06,1.5214568588551915e-10,9706.190003701455,100.97401366836603,6.942440794925853e-05,5548.534145564155,0.001214719637847007,0.001214719637847007,1.0,False,True,-522.0,432785.66335400415,3205632.951562765,nan,0.004369261200831441,0.7943282347242815,0.7
0.01040305347719956,0.00012156457421546904,1.2646427664965191e-06,1.52145685885519e-10,9706.19000370145,100.97401366836597,6.942440794925849e-05,5548.534145564151,0.0012147196378470065,0.0012147196378470065,1.0,False,True,-520.0,443882.7316451325,3205632.9515627655,nan,0.00436926120083144,0.7943282347242815,0.7
0.01040305347719956,0.00012156457421546904,1.2646427664965191e-06,1.52145685885519e-10,9706.19000370145,100.97401366836597,6.942440794925849e-05,5548.534145564151,0.0012147196378470065,0.0012147196378470065,1.0,False,True,-518.0,454979.7999362608,3205632.9515627655,nan,0.00436926120083144,0.7943282347242815,0.7
0.01040305347719956,0.0001215645742154691,1.2646427664965198e-06,1.5214568588551915e-10,9706.190003701455,100.97401366836603,6.942440794925853e-05,5548.534145564155,0.001214719637847007,0.001214719637847007,1.0,False,True,-516.0,466076.8682273891,3205632.951562765,nan,0.004369261200831441,0.7943282347242815,0.7
0.01040305347719956,0.0001215645742154691,1.2646427664965198e-06,1.5214568588551915e-10,9706.190003701455,100.97401366836603,6.942440794925853e-05,5548.534145564155,0.001214719637847007,0.001214719637847007,1.0,False,True,-514.0,477173.93651851744,3205632.951562765,nan,0.004369261200831441,0.7943282347242815,0.7
0.01040305347719956,0.00012156457421546904,1.2646427664965191e-06,1.52145685885519e-10,9706.19000370145,100.97401366836597,6.942440794925849e-05,5548.534145564151,0.0012147196378470065,0.0012147196378470065,1.0,False,True,-512.0,488271.00480964576,3205632.9515627655,nan,0.00436926120083144,0.7943282347242815,0.7
0.01040305347719956,0.0001215645742154691,1.2646427664965198e-06,1.5214568588551915e-10,9706.190003701455,100.97401366836603,6.942440794925853e-05,5548.534145564155,0.001214719637847007,0.001214719637847007,1.0,False,True,-510.0,499368.0731007741,3205632.951562765,nan,0.004369261200831441,0.7943282347242815,0.7
0.01040305347719956,0.00012156457421546904,1.2646427664965191e-06,1.52145685885519e-10,9706.19000370145,100.97401366836597,6.942440794925849e-05,5548.534145564151,0.0012147196378470065,0.0012147196378470065,1.0,False,True,-508.0,510465.1413919024,3205632.9515627655,nan,0.00436926120083144,0.7943282347242815,0.7
0.01040305347719956,0.0001215645742154691,1.2646427664965198e-06,1.5214568588551915e-10,9706.190003701455,100.97401366836603,6.942440794925853e-05,5548.534145564155,0.001214719637847007,0.001214719637847007,1.0,False,True,-506.0,521562.2096830307,3205632.951562765,nan,0.004369261200831441,0.7943282347242815,0.7
0.01040305347719956,0.0001215645742154691,1.2646427664965198e-06,1.5214568588551915e-10,9706.190003701455,100.97401366836603,6.942440794925853e-05,5548.534145564155,0.001214719637847007,0.001214719637847007,1.0,False,True,-504.0,532659.277974159,3205632.951562765,nan,0.004369261200831441,0.7943282347242815,0.7
0.01040305347719956,0.0001215645742154691,1.2646427664965198e-06,1.5214568588551915e-10,9706.190003701455,100.97401366836603,6.942440794925853e-05,5548.534145564155,0.001214719637847007,0.001214719637847007,1.0,False,True,-502.0,543756.3462652873,3205632.951562765,nan,0.004369261200831441,0.7943282347242815,0.7
0.01040305347719956,0.0001215645742154691,1.2646427664965198e-06,1.5214568588551915e-10,9706.190003701455,100.97401366836603,6.942440794925853e-05,5548.534145564155,0.001214719637847007,0.001214719637847007,1.0,False,True,-500.0,554853.4145564155,3205632.951562765,nan,0.004369261200831441,0.7943282347242815,0.7
0.01040305347719956,0.0001215645742154691,1.2646427664965198e-06,1.5214568588551915e-10,9706.190003701455,100.97401366836603,6.942440794925853e-05,5548.534145564155,0.001214719637847007,0.001214719637847007,1.0,False,True,-498.0,565950.4828475438,3205632.951562765,nan,0.004369261200831441,0.7943282347242815,0.7
0.01040305347719956,0.0001215645742154691,1.2646427664965198e-06,1.5214568588551915e-10,9706.190003701455,100.97401366836603,6.942440794925853e-05,5548.534145564155,0.001214719637847007,0.001214719637847007,1.0,False,True,-496.0,577047.551138672,3205632.951562765,nan,0.004369261200831441,0.7943282347242815,0.7
0.01040305347719956,0.0001215645742154691,1.2646427664965198e-06,1.5214568588551915e-10,9706.190003701455,100.97401366836603,6.942440794925853e-05,5548.534145564155,0.001214719637847007,0.001214719637847007,1.0,False,True,-494.0,588144.6194298003,3205632.951562765,nan,0.004369261200831441,0.7943282347242815,0.7
0.01040305347719956,0.0001215645742154691,1.2646427664965198e-06,1.5214568588551915e-10,9706.190003701455,100.97401366836603,6.942440794925853e-05,5548.534145564155,0.001214719637847007,0.001214719637847007,1.0,False,True,-492.0,599241.6877209286,3205632.951562765,nan,0.004369261200831441,0.7943282347242815,0.7
0.01040305347719956,0.0001215645742154691,1.2646427664965198e-06,1.5214568588551915e-10,9706.190003701455,100.97401366836603,6.942440794925853e-05,5548.534145564155,0.001214719637847007,0.001214719637847007,1.0,False,True,-490.0,610338.7560120568,3205632.951562765,nan,0.004369261200831441,0.7943282347242815,0.7
0.01040305347719956,0.00012156457421546904,1.2646427664965191e-06,1.52145685885519e-10,9706.19000370145,100.97401366836597,6.942440794925849e-05,5548.534145564151,0.0012147196378470065,0.0012147196378470065,1.0,False,True,-488.0,621435.8243031851,3205632.9515627655,nan,0.00436926120083144,0.7943282347242815,0.7
0.01040305347719956,0.00012156457421546904,1.2646427664965191e-06,1.52145685885519e-10,9706.19000370145,100.97401366836597,6.942440794925849e-05,5548.534145564151,0.0012147196378470065,0.0012147196378470065,1.0,False,True,-486.0,632532.8925943134,3205632.9515627655,nan,0.00436926120083144,0.7943282347242815,0.7
0.01040305347719956,0.00012156457421546904,1.2646427664965191e-06,1.52145685885519e-10,9706.19000370145,100.97401366836597,6.942440794925849e-05,5548.534145564151,0.0012147196378470065,0.0012147196378470065,1.0,False,True,-484.0,643629.9608854416,3205632.951562766,nan,0.004369261200831439,0.7943282347242815,0.7
0.01040305347719956,0.0001215645742154691,1.2646427664965198e-06,1.5214568588551915e-10,9706.190003701455,100.97401366836603,6.942440794925853e-05,5548.534145564155,0.001214719637847007,0.001214719637847007,1.0,False,True,-482.0,654727.0291765699,3205632.951562765,nan,0.004369261200831441,0.7943282347242815,0.7
0.01040305347719956,0.0001215645742154691,1.2646427664965198e-06,1.5214568588551915e-10,9706.190003701455,100.97401366836603,6.942440794925853e-05,5548.534145564155,0.001214719637847007,0.001214719637847007,1.0,False,True,-480.0,665824.0974676982,3205632.951562765,nan,0.004369261200831441,0.7943282347242815,0.7
0.01040305347719956,0.00012156457421546911,1.26464276649652e-06,1.521456858855192e-10,9706.190003701455,100.97401366836604,6.942440794925853e-05,5548.534145564155,0.0012147196378470072,0.0012147196378470072,1.0,False,True,-478.0,676921.1657588264,3205632.9515627646,nan,0.004369261200831442,0.7943282347242815,0.7
0.01040305347719956,0.0001215645742154691,1.2646427664965198e-06,1.5214568588551915e-10,9706.190003701455,100.97401366836603,6.942440794925853e-05,5548.534145564155,0.001214719637847007,0.001214719637847007,1.0,False,True,-476.0,688018.2340499547,3205632.951562765,nan,0.004369261200831441,0.7943282347242815,0.7
0.01040305347719956,0.00012156457421546911,1.26464276649652e-06,1.521456858855192e-10,9706.190003701455,100.97401366836604,6.942440794925853e-05,5548.534145564155,0.0012147196378470072,0.0012147196378470072,1.0,False,True,-474.0,699115.302341083,3205632.9515627646,nan,0.004369261200831442,0.7943282347242815,0.7
0.01040305347719956,0.0001215645742154691,1.2646427664965198e-06,1.5214568588551915e-10,9706.190003701455,100.97401366836603,6.942440794925853e-05,5548.534145564155,0.001214719637847007,0.001214719637847007,1.0,False,True,-472.0,710212.3706322112,3205632.951562765,nan,0.004369261200831441,0.7943282347242815,0.7
0.01040305347719956,0.0001215645742154691,1.2646427664965198e-06,1.5214568588551915e-10,9706.190003701455,100.97401366836603,6.942440794925853e-05,5548.534145564155,0.001214719637847007,0.001214719637847007,1.0,False,True,-470.0,721309.4389233395,3205632.951562765,nan,0.004369261200831441,0.7943282347242815,0.7
0.01040305347719956,0.0001215645742154691,1.2646427664965198e-06,1.5214568588551915e-10,9706.190003701455,100.97401366836603,6.942440794925853e-05,5548.534145564155,0.001214719637847007,0.001214719637847007,1.0,False,True,-468.0,732406.5072144677,3205632.951562765,nan,0.004369261200831441,0.7943282347242815,0.7
0.01040305347719956,0.00012156457421546904,1.2646427664965191e-06,1.52145685885519e-10,9706.19000370145,100.97401366836597,6.942440794925849e-05,5548.534145564151,0.0012147196378470065,0.0012147196378470065,1.0,False,True,-466.0,743503.575505596,3205632.9515627655,nan,0.00436926120083144,0.7943282347242815,0.7
0.01040305347719956,0.00012156457421546904,1.2646427664965191e-06,1.52145685885519e-10,9706.19000370145,100.97401366836597,6.942440794925849e-05,5548.534145564151,0.0012147196378470065,0.0012147196378470065,1.0,False,True,-464.0,754600.6437967243,3205632.9515627655,nan,0.00436926120083144,0.7943282347242815,0.7
0.010403053477199558,0.00012156457421546915,1.2646427664965202e-06,1.5214568588551928e-10,9706.190003701458,100.97401366836606,6.942440794925855e-05,5548.5341455641565,0.0012147196378470076,0.0012147196378470076,1.0,False,True,-462.0,765697.7120878525,3205632.951562764,nan,0.004369261200831444,0.7943282347242815,0.7
0.01040305347719956,0.0001215645742154691,1.2646427664965198e-06,1.5214568588551915e-10,9706.190003701455,100.97401366836603,6.942440794925853e-05,5548.534145564155,0.001214719637847007,0.001214719637847007,1.0,False,True,-460.0,776794.7803789808,3205632.951562765,nan,0.004369261200831441,0.7943282347242815,0.7
0.01040305347719956,0.00012156457421546904,1.2646427664965191e-06,1.52145685885519e-10,9706.19000370145,100.97401366836597,6.942440794925849e-05,5548.534145564151,0.0012147196378470065,0.0012147196378470065,1.0,False,True,-458.0,787891.8486701091,3205632.9515627655,nan,0.00436926120083144,0.7943282347242815,0.7
0.01040305347719956,0.00012156457421546904,1.2646427664965191e-06,1.52145685885519e-10,9706.19000370145,100.97401366836597,6.942440794925849e-05,5548.534145564151,0.0012147196378470065,0.0012147196378470065,1.0,False,True,-456.0,798988.9169612373,3205632.9515627655,nan,0.00436926120083144,0.7943282347242815,0.7
0.010403053477199558,0.00012156457421546915,1.2646427664965202e-06,1.5214568588551928e-10,9706.190003701458,100.97401366836606,6.942440794925855e-05,5548.5341455641565,0.0012147196378470076,0.0012147196378470076,1.0,False,True,-454.0,810085.9852523656,3205632.951562764,nan,0.004369261200831444,0.7943282347242815,0.7
0.01040305347719956,0.00012156457421546911,1.26464276649652e-06,1.521456858855192e-10,9706.190003701455,100.97401366836604,6.942440794925853e-05,5548.534145564155,0.0012147196378470072,0.0012147196378470072,1.0,False,True,-452.0,821183.0535434939,3205632.9515627646,nan,0.004369261200831442,0.7943282347242815,0.7
0.01040305347719956,0.00012156457421546904,1.2646427664965191e-06,1.52145685885519e-10,9706.19000370145,100.97401366836597,6.942440794925849e-05,5548.534145564151,0.0012147196378470065,0.0012147196378470065,1.0,False,True,-450.0,832280.1218346221,3205632.951562766,nan,0.004369261200831439,0.7943282347242815,0.7
0.01040305347719956,0.00012156457421546904,1.2646427664965191e-06,1.52145685885519e-10,9706.19000370145,100.97401366836597,6.942440794925849e-05,5548.534145564151,0.0012147196378470065,0.0012147196378470065,1.0,False,True,-448.0,843377.1901257504,3205632.9515627655,nan,0.00436926120083144,0.7943282347242815,0.7
0.01040305347719956,0.00012156457421546904,1.2646427664965191e-06,1.52145685885519e-10,9706.19000370145,100.97401366836597,6.942440794925849e-05,5548.534145564151,0.0012147196378470065,0.0012147196378470065,1.0,False,True,-446.0,854474.2584168786,3205632.9515627655,nan,0.00436926120083144,0.7943282347242815,0.7
0.01040305347719956,0.00012156457421546904,1.2646427664965191e-06,1.52145685885519e-10,9706.19000370145,100.97401366836597,6.942440794925849e-05,5548.534145564151,0.0012147196378470065,0.0012147196378470065,1.0,False,True,-444.0,865571.3267080069,3205632.9515627655,nan,0.00436926120083144,0.7943282347242815,0.7
0.01040305347719956,0.00012156457421546904,1.2646427664965191e-06,1.52145685885519e-10,9706.19000370145,100.97401366836597,6.942440794925849e-05,5548.534145564151,0.0012147196378470065,0.0012147196378470065,1.0,False,True,-442.0,876668.3949991352,3205632.951562766,nan,0.004369261200831439,0.7943282347242815,0.7
0.01040305347719956,0.00012156457421546904,1.2646427664965191e-06,1.52145685885519e-10,9706.19000370145,100.97401366836597,6.942440794925849e-05,5548.534145564151,0.0012147196378470065,0.0012147196378470065,1.0,False,True,-440.0,887765.4632902634,3205632.9515627655,nan,0.00436926120083144,0.7943282347242815,0.7
0.01040305347719956,0.0001215645742154691,1.2646427664965198e-06,1.5214568588551915e-10,9706.190003701455,100.97401366836603,6.942440794925853e-05,5548.534145564155,0.001214719637847007,0.001214719637847007,1.0,False,True,-438.0,898862.5315813917,3205632.951562765,nan,0.004369261200831441,0.7943282347242815,0.7
0.01040305347719956,0.00012156457421546904,1.2646427664965191e-06,1.52145685885519e-10,9706.19000370145,100.97401366836597,6.942440794925849e-05,5548.534145564151,0.0012147196378470065,0.0012147196378470065,1.0,False,True,-436.0,909959.59987252,3205632.9515627655,nan,0.00436926120083144,0.7943282347242815,0.7
0.01040305347719956,0.0001215645742154691,1.2646427664965198e-06,1.5214568588551915e-10,9706.190003701455,100.97401366836603,6.942440794925853e-05,5548.534145564155,0.001214719637847007,0.001214719637847007,1.0,False,True,-434.0,921056.6681636482,3205632.951562765,nan,0.004369261200831441,0.7943282347242815,0.7
0.01040305347719956,0.00012156457421546904,1.2646427664965191e-06,1.52145685885519e-10,9706.19000370145,100.97401366836597,6.942440794925849e-05,5548.534145564151,0.0012147196378470065,0.0012147196378470065,1.0,False,True,-432.0,932153.7364547765,3205632.9515627655,nan,0.00436926120083144,0.7943282347242815,0.7
0.01040305347719956,0.0001215645742154691,1.2646427664965198e-06,1.5214568588551915e-10,9706.190003701455,100.97401366836603,6.942440794925853e-05,5548.534145564155,0.001214719637847007,0.001214719637847007,1.0,False,True,-430.0,943250.8047459048,3205632.951562765,nan,0.004369261200831441,0.7943282347242815,0.7
0.01040305347719956,0.00012156457421546904,1.2646427664965191e-06,1.52145685885519e-10,9706.19000370145,100.97401366836597,6.942440794925849e-05,5548.534145564151,0.0012147196378470065,0.0012147196378470065,1.0,False,True,-428.0,954347.873037033,3205632.9515627655,nan,0.00436926120083144,0.7943282347242815,0.7
0.01040305347719956,0.00012156457421546911,1.26464276649652e-06,1.521456858855192e-10,9706.190003701455,100.97401366836604,6.942440794925853e-05,5548.534145564155,0.0012147196378470072,0.0012147196378470072,1.0,False,True,-426.0,965444.9413281613,3205632.9515627646,nan,0.004369261200831442,0.7943282347242815,0.7
0.01040305347719956,0.0001215645742154691,1.2646427664965198e-06,1.5214568588551915e-10,9706.190003701455,100.97401366836603,6.942440794925853e-05,5548.534145564155,0.001214719637847007,0.001214719637847007,1.0,False,True,-424.0,976542.0096192895,3205632.951562765,nan,0.004369261200831441,0.7943282347242815,0.7
0.01040305347719956,0.0001215645742154691,1.2646427664965198e-06,1.5214568588551915e-10,9706.190003701455,100.97401366836603,6.942440794925853e-05,5548.534145564155,0.001214719637847007,0.001214719637847007,1.0,False,True,-422.0,987639.0779104178,3205632.951562765,nan,0.004369261200831441,0.7943282347242815,0.7
0.01040305347719956,0.0001215645742154691,1.2646427664965198e-06,1.5214568588551915e-10,9706.190003701455,100.97401366836603,6.942440794925853e-05,5548.534145564155,0.001214719637847007,0.001214719637847007,1.0,False,True,-420.0,998736.1462015461,3205632.951562765,nan,0.004369261200831441,0.7943282347242815,0.7
0.01040305347719956,0.00012156457421546904,1.2646427664965191e-06,1.52145685885519e-10,9706.19000370145,100.97401366836597,6.942440794925849e-05,5548.534145564151,0.0012147196378470065,0.0012147196378470065,1.0,False,True,-418.0,1009833.2144926743,3205632.9515627655,nan,0.00436926120083144,0.7943282347242815,0.7
0.01040305347719956,0.00012156457421546904,1.2646427664965191e-06,1.52145685885519e-10,9706.19000370145,100.97401366836597,6.942440794925849e-05,5548.534145564151,0.0012147196378470065,0.0012147196378470065,1.0,False,True,-416.0,1020930.2827838026,3205632.9515627655,nan,0.00436926120083144,0.7943282347242815,0.7
0.01040305347719956,0.00012156457421546904,1.2646427664965191e-06,1.52145685885519e-10,9706.19000370145,100.97401366836597,6.942440794925849e-05,5548.534145564151,0.0012147196378470065,0.0012147196378470065,1.0,False,True,-414.0,1032027.3510749309,3205632.951562766,nan,0.004369261200831439,0.7943282347242815,0.7
0.01040305347719956,0.00012156457421546899,1.2646427664965187e-06,1.521456858855189e-10,9706.190003701446,100.97401366836594,6.942440794925846e-05,5548.534145564149,0.0012147196378470059,0.0012147196378470059,1.0,False,True,-412.0,1043124.4193660591,3205632.9515627665,nan,0.004369261200831438,0.7943282347242815,0.7
0.01040305347719956,0.00012156457421546899,1.2646427664965187e-06,1.521456858855189e-10,9706.190003701446,100.97401366836594,6.942440794925846e-05,5548.534145564149,0.0012147196378470059,0.0012147196378470059,1.0,False,True,-410.0,1054221.4876571875,3205632.9515627665,nan,0.004369261200831438,0.7943282347242815,0.7
0.01040305347719956,0.00012156457421546904,1.2646427664965191e-06,1.52145685885519e-10,9706.19000370145,100.97401366836597,6.942440794925849e-05,5548.534145564151,0.0012147196378470065,0.0012147196378470065,1.0,False,True,-408.0,1065318.555948316,3205632.9515627655,nan,0.00436926120083144,0.7943282347242815,0.7
0.01040305347719956,0.00012156457421546904,1.2646427664965191e-06,1.52145685885519e-10,9706.19000370145,100.97401366836597,6.942440794925849e-05,5548.534145564151,0.0012147196378470065,0.0012147196378470065,1.0,False,True,-406.0,1076415.6242394443,3205632.9515627655,nan,0.00436926120083144,0.7943282347242815,0.7
0.01040305347719956,0.0001215645742154691,1.2646427664965198e-06,1.5214568588551915e-10,9706.190003701455,100.97401366836603,6.942440794925853e-05,5548.534145564155,0.001214719637847007,0.001214719637847007,1.0,False,True,-404.0,1087512.6925305726,3205632.951562765,nan,0.004369261200831441,0.7943282347242815,0.7
0.01040305347719956,0.0001215645742154691,1.2646427664965198e-06,1.5214568588551915e-10,9706.190003701455,100.97401366836603,6.942440794925853e-05,5548.534145564155,0.001214719637847007,0.001214719637847007,1.0,False,True,-402.0,1098609.760821701,3205632.951562765,nan,0.004369261200831441,0.7943282347242815,0.7
0.01040305347719956,0.0001215645742154691,1.2646427664965198e-06,1.5214568588551915e-10,9706.190003701455,100.97401366836603,6.942440794925853e-05,5548.534145564155,0.001214719637847007,0.001214719637847007,1.0,False,True,-400.0,1109706.8291128294,3205632.951562765,nan,0.004369261200831441,0.7943282347242815,0.7
0.01040305347719956,0.0001215645742154691,1.2646427664965198e-06,1.5214568588551915e-10,9706.190003701455,100.97401366836603,6.942440794925853e-05,5548.534145564155,0.001214719637847007,0.001214719637847007,1.0,False,True,-398.0,1120803.8974039578,3205632.951562765,nan,0.004369261200831441,0.7943282347242815,0.7
0.01040305347719956,0.00012156457421546911,1.26464276649652e-06,1.521456858855192e-10,9706.190003701455,100.97401366836604,6.942440794925853e-05,5548.534145564155,0.0012147196378470072,0.0012147196378470072,1.0,False,True,-396.0,1131900.9656950862,3205632.9515627646,nan,0.004369261200831442,0.7943282347242815,0.7
0.01040305347719956,0.00012156457421546911,1.26464276649652e-06,1.521456858855192e-10,9706.190003701455,100.97401366836604,6.942440794925853e-05,5548.534145564155,0.0012147196378470072,0.0012147196378470072,1.0,False,True,-394.0,1142998.0339862145,3205632.9515627646,nan,0.004369261200831442,0.7943282347242815,0.7
0.01040305347719956,0.0001215645742154691,1.2646427664965198e-06,1.5214568588551915e-10,9706.190003701455,100.97401366836603,6.942440794925853e-05,5548.534145564155,0.001214719637847007,0.001214719637847007,1.0,False,True,-392.0,1154095.102277343,3205632.951562765,nan,0.004369261200831441,0.7943282347242815,0.7
0.01040305347719956,0.00012156457421546904,1.2646427664965191e-06,1.52145685885519e-10,9706.19000370145,100.97401366836597,6.942440794925849e-05,5548.534145564151,0.0012147196378470065,0.0012147196378470065,1.0,False,True,-390.0,1165192.1705684713,3205632.9515627655,nan,0.00436926120083144,0.7943282347242815,0.7
0.01040305347719956,0.0001215645742154691,1.2646427664965198e-06,1.5214568588551915e-10,9706.190003701455,100.97401366836603,6.942440794925853e-05,5548.534145564155,0.001214719637847007,0.001214719637847007,1.0,False,True,-388.0,1176289.2388595997,3205632.951562765,nan,0.004369261200831441,0.7943282347242815,0.7
0.01040305347719956,0.00012156457421546904,1.2646427664965191e-06,1.52145685885519e-10,9706.19000370145,100.97401366836597,6.942440794925849e-05,5548.534145564151,0.0012147196378470065,0.0012147196378470065,1.0,False,True,-386.0,1187386.307150728,3205632.951562766,nan,0.004369261200831439,0.7943282347242815,0.7
0.01040305347719956,0.0001215645742154691,1.2646427664965198e-06,1.5214568588551915e-10,9706.190003701455,100.97401366836603,6.942440794925853e-05,5548.534145564155,0.001214719637847007,0.001214719637847007,1.0,False,True,-384.0,1198483.3754418564,3205632.951562765,nan,0.004369261200831441,0.7943282347242815,0.7
0.01040305347719956,0.00012156457421546899,1.2646427664965187e-06,1.521456858855189e-10,9706.190003701446,100.97401366836594,6.942440794925846e-05,5548.534145564149,0.0012147196378470059,0.0012147196378470059,1.0,False,True,-382.0,1209580.4437329848,3205632.9515627665,nan,0.004369261200831438,0.7943282347242815,0.7
0.01040305347719956,0.00012156457421546899,1.2646427664965187e-06,1.521456858855189e-10,9706.190003701446,100.97401366836594,6.942440794925846e-05,5548.534145564149,0.0012147196378470059,0.0012147196378470059,1.0,False,True,-380.0,1220677.5120241132,3205632.9515627665,nan,0.004369261200831438,0.7943282347242815,0.7
0.01040305347719956,0.00012156457421546904,1.2646427664965191e-06,1.52145685885519e-10,9706.19000370145,100.97401366836597,6.942440794925849e-05,5548.534145564151,0.0012147196378470065,0.0012147196378470065,1.0,False,True,-378.0,1231774.5803152416,3205632.951562766,nan,0.004369261200831439,0.7943282347242815,0.7
0.010403053477199558,0.00012156457421546915,1.2646427664965202e-06,1.5214568588551928e-10,9706.190003701458,100.97401366836606,6.942440794925855e-05,5548.5341455641565,0.0012147196378470076,0.0012147196378470076,1.0,False,True,-376.0,1242871.64860637,3205632.951562764,nan,0.004369261200831444,0.7943282347242815,0.7
0.01040305347719956,0.00012156457421546904,1.2646427664965191e-06,1.52145685885519e-10,9706.19000370145,100.97401366836597,6.942440794925849e-05,5548.534145564151,0.0012147196378470065,0.0012147196378470065,1.0,False,True,-374.0,1253968.7168974984,3205632.9515627655,nan,0.00436926120083144,0.7943282347242815,0.7
0.01040305347719956,0.00012156457421546904,1.2646427664965191e-06,1.52145685885519e-10,9706.19000370145,100.97401366836597,6.942440794925849e-05,5548.534145564151,0.0012147196378470065,0.0012147196378470065,1.0,False,True,-372.0,1265065.7851886267,3205632.9515627655,nan,0.00436926120083144,0.7943282347242815,0.7
0.01040305347719956,0.00012156457421546904,1.2646427664965191e-06,1.52145685885519e-10,9706.19000370145,100.97401366836597,6.942440794925849e-05,5548.534145564151,0.0012147196378470065,0.0012147196378470065,1.0,False,True,-370.0,1276162.853479755,3205632.9515627655,nan,0.00436926120083144,0.7943282347242815,0.7
0.01040305347719956,0.0001215645742154691,1.2646427664965198e-06,1.5214568588551915e-10,9706.190003701455,100.97401366836603,6.942440794925853e-05,5548.534145564155,0.001214719637847007,0.001214719637847007,1.0,False,True,-368.0,1287259.9217708835,3205632.951562765,nan,0.004369261200831441,0.7943282347242815,0.7
0.01040305347719956,0.0001215645742154691,1.2646427664965198e-06,1.5214568588551915e-10,9706.190003701455,100.97401366836603,6.942440794925853e-05,5548.534145564155,0.001214719637847007,0.001214719637847007,1.0,False,True,-366.0,1298356.9900620119,3205632.951562765,nan,0.004369261200831441,0.7943282347242815,0.7
0.01040305347719956,0.0001215645742154691,1.2646427664965198e-06,1.5214568588551915e-10,9706.190003701455,100.97401366836603,6.942440794925853e-05,5548.534145564155,0.001214719637847007,0.001214719637847007,1.0,False,True,-364.0,1309454.0583531403,3205632.951562765,nan,0.004369261200831441,0.7943282347242815,0.7
0.01040305347719956,0.00012156457421546911,1.26464276649652e-06,1.521456858855192e-10,9706.190003701455,100.97401366836604,6.942440794925853e-05,5548.534145564155,0.0012147196378470072,0.0012147196378470072,1.0,False,True,-362.0,1320551.1266442686,3205632.9515627646,nan,0.004369261200831442,0.7943282347242815,0.7
0.01040305347719956,0.0001215645742154691,1.2646427664965198e-06,1.5214568588551915e-10,9706.190003701455,100.97401366836603,6.942440794925853e-05,5548.534145564155,0.001214719637847007,0.001214719637847007,1.0,False,True,-360.0,1331648.194935397,3205632.951562765,nan,0.004369261200831441,0.7943282347242815,0.7
0.01040305347719956,0.0001215645742154691,1.2646427664965198e-06,1.5214568588551915e-10,9706.190003701455,100.97401366836603,6.942440794925853e-05,5548.534145564155,0.001214719637847007,0.001214719637847007,1.0,False,True,-358.0,1342745.2632265254,3205632.951562765,nan,0.004369261200831441,0.7943282347242815,0.7
0.01040305347719956,0.0001215645742154691,1.2646427664965198e-06,1.5214568588551915e-10,9706.190003701455,100.97401366836603,6.942440794925853e-05,5548.534145564155,0.001214719637847007,0.001214719637847007,1.0,False,True,-356.0,1353842.3315176538,3205632.951562765,nan,0.004369261200831441,0.7943282347242815,0.7
0.01040305347719956,0.0001215645742154691,1.2646427664965198e-06,1.5214568588551915e-10,9706.190003701455,100.97401366836603,6.942440794925853e-05,5548.534145564155,0.001214719637847007,0.001214719637847007,1.0,False,True,-354.0,1364939.3998087822,3205632.951562765,nan,0.004369261200831441,0.7943282347242815,0.7
0.01040305347719956,0.00012156457421546904,1.2646427664965191e-06,1.52145685885519e-10,9706.19000370145,100.97401366836597,6.942440794925849e-05,5548.534145564151,0.0012147196378470065,0.0012147196378470065,1.0,False,True,-352.0,1376036.4680999105,3205632.9515627655,nan,0.00436926120083144,0.7943282347242815,0.7
0.01040305347719956,0.00012156457421546904,1.2646427664965191e-06,1.52145685885519e-10,9706.19000370145,100.97401366836597,6.942440794925849e-05,5548.534145564151,0.0012147196378470065,0.0012147196378470065,1.0,False,True,-350.0,1387133.536391039,3205632.9515627655,nan,0.00436926120083144,0.7943282347242815,0.7
0.01040305347719956,0.0001215645742154691,1.2646427664965198e-06,1.5214568588551915e-10,9706.190003701455,100.97401366836603,6.942440794925853e-05,5548.534145564155,0.001214719637847007,0.001214719637847007,1.0,False,True,-348.0,1398230.6046821673,3205632.951562765,nan,0.004369261200831441,0.7943282347242815,0.7
0.01040305347719956,0.00012156457421546904,1.2646427664965191e-06,1.52145685885519e-10,9706.19000370145,100.97401366836597,6.942440794925849e-05,5548.534145564151,0.0012147196378470065,0.0012147196378470065,1.0,False,True,-346.0,1409327.6729732957,3205632.9515627655,nan,0.00436926120083144,0.7943282347242815,0.7
0.01040305347719956,0.00012156457421546911,1.26464276649652e-06,1.521456858855192e-10,9706.190003701455,100.97401366836604,6.942440794925853e-05,5548.534145564155,0.0012147196378470072,0.0012147196378470072,1.0,False,True,-344.0,1420424.741264424,3205632.9515627646,nan,0.004369261200831442,0.7943282347242815,0.7
0.01040305347719956,0.0001215645742154691,1.2646427664965198e-06,1.5214568588551915e-10,9706.190003701455,100.97401366836603,6.942440794925853e-05,5548.534145564155,0.001214719637847007,0.001214719637847007,1.0,False,True,-342.0,1431521.8095555524,3205632.951562765,nan,0.004369261200831441,0.7943282347242815,0.7
0.01040305347719956,0.00012156457421546904,1.2646427664965191e-06,1.52145685885519e-10,9706.19000370145,100.97401366836597,6.942440794925849e-05,5548.534145564151,0.0012147196378470065,0.0012147196378470065,1.0,False,True,-340.0,1442618.8778466808,3205632.9515627655,nan,0.00436926120083144,0.7943282347242815,0.7
0.01040305347719956,0.00012156457421546911,1.26464276649652e-06,1.521456858855192e-10,9706.190003701455,100.97401366836604,6.942440794925853e-05,5548.534145564155,0.0012147196378470072,0.0012147196378470072,1.0,False,True,-338.0,1453715.9461378092,3205632.9515627646,nan,0.004369261200831442,0.7943282347242815,0.7
0.01040305347719956,0.0001215645742154691,1.2646427664965198e-06,1.5214568588551915e-10,9706.190003701455,100.97401366836603,6.942440794925853e-05,5548.534145564155,0.001214719637847007,0.001214719637847007,1.0,False,True,-336.0,1464813.0144289376,3205632.951562765,nan,0.004369261200831441,0.7943282347242815,0.7
0.01040305347719956,0.0001215645742154691,1.2646427664965198e-06,1.5214568588551915e-10,9706.190003701455,100.97401366836603,6.942440794925853e-05,5548.534145564155,0.001214719637847007,0.001214719637847007,1.0,False,True,-334.0,1475910.082720066,3205632.951562765,nan,0.004369261200831441,0.7943282347242815,0.7
0.01040305347719956,0.0001215645742154691,1.2646427664965198e-06,1.5214568588551915e-10,9706.190003701455,100.97401366836603,6.942440794925853e-05,5548.534145564155,0.001214719637847007,0.001214719637847007,1.0,False,True,-332.0,1487007.1510111943,3205632.951562765,nan,0.004369261200831441,0.7943282347242815,0.7
0.01040305347719956,0.0001215645742154691,1.2646427664965198e-06,1.5214568588551915e-10,9706.190003701455,100.97401366836603,6.942440794925853e-05,5548.534145564155,0.001214719637847007,0.001214719637847007,1.0,False,True,-330.0,1498104.2193023227,3205632.951562765,nan,0.004369261200831441,0.7943282347242815,0.7
0.01040305347719956,0.0001215645742154691,1.2646427664965198e-06,1.5214568588551915e-10,9706.190003701455,100.97401366836603,6.942440794925853e-05,5548.534145564155,0.001214719637847007,0.001214719637847007,1.0,False,True,-328.0,1509201.287593451,3205632.951562765,nan,0.004369261200831441,0.7943282347242815,0.7
0.01040305347719956,0.0001215645742154691,1.2646427664965198e-06,1.5214568588551915e-10,9706.190003701455,100.97401366836603,6.942440794925853e-05,5548.534145564155,0.001214719637847007,0.001214719637847007,1.0,False,True,-326.0,1520298.3558845795,3205632.951562765,nan,0.004369261200831441,0.7943282347242815,0.7
0.01040305347719956,0.0001215645742154691,1.2646427664965198e-06,1.5214568588551915e-10,9706.190003701455,100.97401366836603,6.942440794925853e-05,5548.534145564155,0.001214719637847007,0.001214719637847007,1.0,False,True,-324.0,1531395.4241757079,3205632.951562765,nan,0.004369261200831441,0.7943282347242815,0.7
0.01040305347719956,0.00012156457421546904,1.2646427664965191e-06,1.52145685885519e-10,9706.19000370145,100.97401366836597,6.942440794925849e-05,5548.534145564151,0.0012147196378470065,0.0012147196378470065,1.0,False,True,-322.0,1542492.4924668362,3205632.9515627655,nan,0.00436926120083144,0.7943282347242815,0.7
0.01040305347719956,0.00012156457421546904,1.2646427664965191e-06,1.52145685885519e-10,9706.19000370145,100.97401366836597,6.942440794925849e-05,5548.534145564151,0.0012147196378470065,0.0012147196378470065,1.0,False,True,-320.0,1553589.5607579646,3205632.9515627655,nan,0.00436926120083144,0.7943282347242815,0.7
0.01040305347719956,0.00012156457421546904,1.2646427664965191e-06,1.52145685885519e-10,9706.19000370145,100.97401366836597,6.942440794925849e-05,5548.534145564151,0.0012147196378470065,0.0012147196378470065,1.0,False,True,-318.0,1564686.629049093,3205632.9515627655,nan,0.00436926120083144,0.7943282347242815,0.7
0.01040305347719956,0.00012156457421546904,1.2646427664965191e-06,1.52145685885519e-10,9706.19000370145,100.97401366836597,6.942440794925849e-05,5548.534145564151,0.0012147196378470065,0.0012147196378470065,1.0,False,True,-316.0,1575783.6973402214,3205632.9515627655,nan,0.00436926120083144,0.7943282347242815,0.7
0.01040305347719956,0.0001215645742154691,1.2646427664965198e-06,1.5214568588551915e-10,9706.190003701455,100.97401366836603,6.942440794925853e-05,5548.534145564155,0.001214719637847007,0.001214719637847007,1.0,False,True,-314.0,1586880.7656313498,3205632.951562765,nan,0.004369261200831441,0.7943282347242815,0.7
0.01040305347719956,0.00012156457421546904,1.2646427664965191e-06,1.52145685885519e-10,9706.19000370145,100.97401366836597,6.942440794925849e-05,5548.534145564151,0.0012147196378470065,0.0012147196378470065,1.0,False,True,-312.0,1597977.8339224781,3205632.9515627655,nan,0.00436926120083144,0.7943282347242815,0.7
0.01040305347719956,0.0001215645742154691,1.2646427664965198e-06,1.5214568588551915e-10,9706.190003701455,100.97401366836603,6.942440794925853e-05,5548.534145564155,0.001214719637847007,0.001214719637847007,1.0,False,True,-310.0,1609074.9022136065,3205632.951562765,nan,0.004369261200831441,0.7943282347242815,0.7
0.01040305347719956,0.0001215645742154691,1.2646427664965198e-06,1.5214568588551915e-10,9706.190003701455,100.97401366836603,6.942440794925853e-05,5548.534145564155,0.001214719637847007,0.001214719637847007,1.0,False,True,-308.0,1620171.970504735,3205632.951562765,nan,0.004369261200831441,0.7943282347242815,0.7
0.01040305347719956,0.0001215645742154691,1.2646427664965198e-06,1.5214568588551915e-10,9706.190003701455,100.97401366836603,6.942440794925853e-05,5548.534145564155,0.001214719637847007,0.001214719637847007,1.0,False,True,-306.0,1631269.0387958633,3205632.951562765,nan,0.004369261200831441,0.7943282347242815,0.7
0.01040305347719956,0.0001215645742154691,1.2646427664965198e-06,1.5214568588551915e-10,9706.190003701455,100.97401366836603,6.942440794925853e-05,5548.534145564155,0.001214719637847007,0.001214719637847007,1.0,False,True,-304.0,1642366.1070869917,3205632.951562765,nan,0.004369261200831441,0.7943282347242815,0.7
0.01040305347719956,0.0001215645742154691,1.2646427664965198e-06,1.5214568588551915e-10,9706.190003701455,100.97401366836603,6.942440794925853e-05,5548.534145564155,0.001214719637847007,0.001214719637847007,1.0,False,True,-302.0,1653463.17537812,3205632.951562765,nan,0.004369261200831441,0.7943282347242815,0.7
0.010403053477199558,0.00012156457421546915,1.2646427664965202e-06,1.5214568588551928e-10,9706.190003701458,100.97401366836606,6.942440794925855e-05,5548.5341455641565,0.0012147196378470076,0.0012147196378470076,1.0,False,True,-300.0,1664560.2436692484,3205632.951562764,nan,0.004369261200831444,0.7943282347242815,0.7
0.01040305347719956,0.0001215645742154691,1.2646427664965198e-06,1.5214568588551915e-10,9706.190003701455,100.97401366836603,6.942440794925853e-05,5548.534145564155,0.001214719637847007,0.001214719637847007,1.0,False,True,-298.0,1675657.3119603768,3205632.951562765,nan,0.004369261200831441,0.7943282347242815,0.7
0.01040305347719956,0.00012156457421546911,1.26464276649652e-06,1.521456858855192e-10,9706.190003701455,100.97401366836604,6.942440794925853e-05,5548.534145564155,0.0012147196378470072,0.0012147196378470072,1.0,False,True,-296.0,1686754.3802515052,3205632.9515627646,nan,0.004369261200831442,0.7943282347242815,0.7
0.01040305347719956,0.0001215645742154691,1.2646427664965198e-06,1.5214568588551915e-10,9706.190003701455,100.97401366836603,6.942440794925853e-05,5548.534145564155,0.001214719637847007,0.001214719637847007,1.0,False,True,-294.0,1697851.4485426336,3205632.951562765,nan,0.004369261200831441,0.7943282347242815,0.7
0.01040305347719956,0.00012156457421546904,1.2646427664965191e-06,1.52145685885519e-10,9706.19000370145,100.97401366836597,6.942440794925849e-05,5548.534145564151,0.0012147196378470065,0.0012147196378470065,1.0,False,True,-292.0,1708948.516833762,3205632.9515627655,nan,0.00436926120083144,0.7943282347242815,0.7
0.01040305347719956,0.00012156457421546904,1.2646427664965191e-06,1.52145685885519e-10,9706.19000370145,100.97401366836597,6.942440794925849e-05,5548.534145564151,0.0012147196378470065,0.0012147196378470065,1.0,False,True,-290.0,1720045.5851248903,3205632.9515627655,nan,0.00436926120083144,0.7943282347242815,0.7
0.01040305347719956,0.00012156457421546904,1.2646427664965191e-06,1.52145685885519e-10,9706.19000370145,100.97401366836597,6.942440794925849e-05,5548.534145564151,0.0012147196378470065,0.0012147196378470065,1.0,False,True,-288.0,1731142.6534160187,3205632.951562766,nan,0.004369261200831439,0.7943282347242815,0.7
0.01040305347719956,0.00012156457421546904,1.2646427664965191e-06,1.52145685885519e-10,9706.19000370145,100.97401366836597,6.942440794925849e-05,5548.534145564151,0.0012147196378470065,0.0012147196378470065,1.0,False,True,-286.0,1742239.721707147,3205632.951562766,nan,0.004369261200831439,0.7943282347242815,0.7
0.01040305347719956,0.00012156457421546904,1.2646427664965191e-06,1.52145685885519e-10,9706.19000370145,100.97401366836597,6.942440794925849e-05,5548.534145564151,0.0012147196378470065,0.0012147196378470065,1.0,False,True,-284.0,1753336.7899982755,3205632.9515627655,nan,0.00436926120083144,0.7943282347242815,0.7
0.01040305347719956,0.0001215645742154691,1.2646427664965198e-06,1.5214568588551915e-10,9706.190003701455,100.97401366836603,6.942440794925853e-05,5548.534145564155,0.001214719637847007,0.001214719637847007,1.0,False,True,-282.0,1764433.8582894038,3205632.951562765,nan,0.004369261200831441,0.7943282347242815,0.7
0.01040305347719956,0.00012156457421546904,1.2646427664965191e-06,1.52145685885519e-10,9706.19000370145,100.97401366836597,6.942440794925849e-05,5548.534145564151,0.0012147196378470065,0.0012147196378470065,1.0,False,True,-280.0,1775530.9265805322,3205632.9515627655,nan,0.00436926120083144,0.7943282347242815,0.7
0.01040305347719956,0.0001215645742154691,1.2646427664965198e-06,1.5214568588551915e-10,9706.190003701455,100.97401366836603,6.942440794925853e-05,5548.534145564155,0.001214719637847007,0.001214719637847007,1.0,False,True,-278.0,1786627.9948716606,3205632.951562765,nan,0.004369261200831441,0.7943282347242815,0.7
0.01040305347719956,0.0001215645742154691,1.2646427664965198e-06,1.5214568588551915e-10,9706.190003701455,100.97401366836603,6.942440794925853e-05,5548.534145564155,0.001214719637847007,0.001214719637847007,1.0,False,True,-276.0,1797725.063162789,3205632.951562765,nan,0.004369261200831441,0.7943282347242815,0.7
0.010403053477199558,0.00012156457421546915,1.2646427664965202e-06,1.5214568588551928e-10,9706.190003701458,100.97401366836606,6.942440794925855e-05,5548.5341455641565,0.0012147196378470076,0.0012147196378470076,1.0,False,True,-274.0,1808822.1314539174,3205632.951562764,nan,0.004369261200831444,0.7943282347242815,0.7
0.01040305347719956,0.0001215645742154691,1.2646427664965198e-06,1.5214568588551915e-10,9706.190003701455,100.97401366836603,6.942440794925853e-05,5548.534145564155,0.001214719637847007,0.001214719637847007,1.0,False,True,-272.0,1819919.1997450457,3205632.951562765,nan,0.004369261200831441,0.7943282347242815,0.7
0.01040305347719956,0.0001215645742154691,1.2646427664965198e-06,1.5214568588551915e-10,9706.190003701455,100.97401366836603,6.942440794925853e-05,5548.534145564155,0.001214719637847007,0.001214719637847007,1.0,False,True,-270.0,1831016.2680361741,3205632.951562765,nan,0.004369261200831441,0.7943282347242815,0.7
0.01040305347719956,0.0001215645742154691,1.2646427664965198e-06,1.5214568588551915e-10,9706.190003701455,100.97401366836603,6.942440794925853e-05,5548.534145564155,0.001214719637847007,0.001214719637847007,1.0,False,True,-268.0,1842113.3363273025,3205632.951562765,nan,0.004369261200831441,0.7943282347242815,0.7
0.01040305347719956,0.0001215645742154691,1.2646427664965198e-06,1.5214568588551915e-10,9706.190003701455,100.97401366836603,6.942440794925853e-05,5548.534145564155,0.001214719637847007,0.001214719637847007,1.0,False,True,-266.0,1853210.4046184309,3205632.951562765,nan,0.004369261200831441,0.7943282347242815,0.7
0.01040305347719956,0.0001215645742154691,1.2646427664965198e-06,1.5214568588551915e-10,9706.190003701455,100.97401366836603,6.942440794925853e-05,5548.534145564155,0.001214719637847007,0.001214719637847007,1.0,False,True,-264.0,1864307.4729095593,3205632.951562765,nan,0.004369261200831441,0.7943282347242815,0.7
0.01040305347719956,0.0001215645742154691,1.2646427664965198e-06,1.5214568588551915e-10,9706.190003701455,100.97401366836603,6.942440794925853e-05,5548.534145564155,0.001214719637847007,0.001214719637847007,1.0,False,True,-262.0,1875404.5412006876,3205632.951562765,nan,0.004369261200831441,0.7943282347242815,0.7
0.01040305347719956,0.00012156457421546904,1.2646427664965191e-06,1.52145685885519e-10,9706.19000370145,100.97401366836597,6.942440794925849e-05,5548.534145564151,0.0012147196378470065,0.0012147196378470065,1.0,False,True,-260.0,1886501.609491816,3205632.9515627655,nan,0.00436926120083144,0.7943282347242815,0.7
0.01040305347719956,0.0001215645742154691,1.2646427664965198e-06,1.5214568588551915e-10,9706.190003701455,100.97401366836603,6.942440794925853e-05,5548.534145564155,0.001214719637847007,0.001214719637847007,1.0,False,True,-258.0,1897598.6777829444,3205632.951562765,nan,0.004369261200831441,0.7943282347242815,0.7
0.01040305347719956,0.00012156457421546904,1.2646427664965191e-06,1.52145685885519e-10,9706.19000370145,100.97401366836597,6.942440794925849e-05,5548.534145564151,0.0012147196378470065,0.0012147196378470065,1.0,False,True,-256.0,1908695.7460740728,3205632.9515627655,nan,0.00436926120083144,0.7943282347242815,0.7
0.01040305347719956,0.00012156457421546904,1.2646427664965191e-06,1.52145685885519e-10,9706.19000370145,100.97401366836597,6.942440794925849e-05,5548.534145564151,0.0012147196378470065,0.0012147196378470065,1.0,False,True,-254.0,1919792.8143652012,3205632.9515627655,nan,0.00436926120083144,0.7943282347242815,0.7
0.01040305347719956,0.00012156457421546904,1.2646427664965191e-06,1.52145685885519e-10,9706.19000370145,100.97401366836597,6.942440794925849e-05,5548.534145564151,0.0012147196378470065,0.0012147196378470065,1.0,False,True,-252.0,1930889.8826563295,3205632.9515627655,nan,0.00436926120083144,0.7943282347242815,0.7
0.01040305347719956,0.0001215645742154691,1.2646427664965198e-06,1.5214568588551915e-10,9706.190003701455,100.97401366836603,6.942440794925853e-05,5548.534145564155,0.001214719637847007,0.001214719637847007,1.0,False,True,-250.0,1941986.950947458,3205632.951562765,nan,0.004369261200831441,0.7943282347242815,0.7
0.01040305347719956,0.0001215645742154691,1.2646427664965198e-06,1.5214568588551915e-10,9706.190003701455,100.97401366836603,6.942440794925853e-05,5548.534145564155,0.001214719637847007,0.001214719637847007,1.0,False,True,-248.0,1953084.0192385863,3205632.951562765,nan,0.004369261200831441,0.7943282347242815,0.7
0.01040305347719956,0.0001215645742154691,1.2646427664965198e-06,1.5214568588551915e-10,9706.190003701455,100.97401366836603,6.942440794925853e-05,5548.534145564155,0.001214719637847007,0.001214719637847007,1.0,False,True,-246.0,1964181.0875297147,3205632.951562765,nan,0.004369261200831441,0.7943282347242815,0.7
0.01040305347719956,0.0001215645742154691,1.2646427664965198e-06,1.5214568588551915e-10,9706.190003701455,100.97401366836603,6.942440794925853e-05,5548.534145564155,0.001214719637847007,0.001214719637847007,1.0,False,True,-244.0,1975278.155820843,3205632.951562765,nan,0.004369261200831441,0.7943282347242815,0.7
0.01040305347719956,0.0001215645742154691,1.2646427664965198e-06,1.5214568588551915e-10,9706.190003701455,100.97401366836603,6.942440794925853e-05,5548.534145564155,0.001214719637847007,0.001214719637847007,1.0,False,True,-242.0,1986375.2241119714,3205632.951562765,nan,0.004369261200831441,0.7943282347242815,0.7
0.01040305347719956,0.00012156457421546911,1.26464276649652e-06,1.521456858855192e-10,9706.190003701455,100.97401366836604,6.942440794925853e-05,5548.534145564155,0.0012147196378470072,0.0012147196378470072,1.0,False,True,-240.0,1997472.2924030998,3205632.9515627646,nan,0.004369261200831442,0.7943282347242815,0.7
0.01040305347719956,0.00012156457421546904,1.2646427664965191e-06,1.52145685885519e-10,9706.19000370145,100.97401366836597,6.942440794925849e-05,5548.534145564151,0.0012147196378470065,0.0012147196378470065,1.0,False,True,-238.0,2008569.3606942282,3205632.9515627655,nan,0.00436926120083144,0.7943282347242815,0.7
0.01040305347719956,0.00012156457421546911,1.26464276649652e-06,1.521456858855192e-10,9706.190003701455,100.97401366836604,6.942440794925853e-05,5548.534145564155,0.0012147196378470072,0.0012147196378470072,1.0,False,True,-236.0,2019666.4289853566,3205632.9515627646,nan,0.004369261200831442,0.7943282347242815,0.7
0.01040305347719956,0.0001215645742154691,1.2646427664965198e-06,1.5214568588551915e-10,9706.190003701455,100.97401366836603,6.942440794925853e-05,5548.534145564155,0.001214719637847007,0.001214719637847007,1.0,False,True,-234.0,2030763.497276485,3205632.951562765,nan,0.004369261200831441,0.7943282347242815,0.7
0.01040305347719956,0.0001215645742154691,1.2646427664965198e-06,1.5214568588551915e-10,9706.190003701455,100.97401366836603,6.942440794925853e-05,5548.534145564155,0.001214719637847007,0.001214719637847007,1.0,False,True,-232.0,2041860.5655676133,3205632.951562765,nan,0.004369261200831441,0.7943282347242815,0.7
0.01040305347719956,0.00012156457421546904,1.2646427664965191e-06,1.52145685885519e-10,9706.19000370145,100.97401366836597,6.942440794925849e-05,5548.534145564151,0.0012147196378470065,0.0012147196378470065,1.0,False,True,-230.0,2052957.6338587417,3205632.9515627655,nan,0.00436926120083144,0.7943282347242815,0.7
0.01040305347719956,0.0001215645742154691,1.2646427664965198e-06,1.5214568588551915e-10,9706.190003701455,100.97401366836603,6.942440794925853e-05,5548.534145564155,0.001214719637847007,0.001214719637847007,1.0,False,True,-228.0,2064054.70214987,3205632.951562765,nan,0.004369261200831441,0.7943282347242815,0.7
0.01040305347719956,0.00012156457421546904,1.2646427664965191e-06,1.52145685885519e-10,9706.19000370145,100.97401366836597,6.942440794925849e-05,5548.534145564151,0.0012147196378470065,0.0012147196378470065,1.0,False,True,-226.0,2075151.7704409985,3205632.9515627655,nan,0.00436926120083144,0.7943282347242815,0.7
0.01040305347719956,0.00012156457421546904,1.2646427664965191e-06,1.52145685885519e-10,9706.19000370145,100.97401366836597,6.942440794925849e-05,5548.534145564151,0.0012147196378470065,0.0012147196378470065,1.0,False,True,-224.0,2086248.8387321269,3205632.9515627655,nan,0.00436926120083144,0.7943282347242815,0.7
0.01040305347719956,0.00012156457421546911,1.26464276649652e-06,1.521456858855192e-10,9706.190003701455,100.97401366836604,6.942440794925853e-05,5548.534145564155,0.0012147196378470072,0.0012147196378470072,1.0,False,True,-222.0,2097345.9070232552,3205632.9515627646,nan,0.004369261200831442,0.7943282347242815,0.7
0.01040305347719956,0.00012156457421546904,1.2646427664965191e-06,1.52145685885519e-10,9706.19000370145,100.97401366836597,6.942440794925849e-05,5548.534145564151,0.0012147196378470065,0.0012147196378470065,1.0,False,True,-220.0,2108442.9753143834,3205632.9515627655,nan,0.00436926120083144,0.7943282347242815,0.7
0.01040305347719956,0.00012156457421546904,1.2646427664965191e-06,1.52145685885519e-10,9706.19000370145,100.97401366836597,6.942440794925849e-05,5548.534145564151,0.0012147196378470065,0.0012147196378470065,1.0,False,True,-218.0,2119540.0436055115,3205632.9515627655,nan,0.00436926120083144,0.7943282347242815,0.7
0.01040305347719956,0.0001215645742154691,1.2646427664965198e-06,1.5214568588551915e-10,9706.190003701455,100.97401366836603,6.942440794925853e-05,5548.534145564155,0.001214719637847007,0.001214719637847007,1.0,False,True,-216.0,2130637.1118966397,3205632.951562765,nan,0.004369261200831441,0.7943282347242815,0.7
0.01040305347719956,0.00012156457421546904,1.2646427664965191e-06,1.52145685885519e-10,9706.19000370145,100.97401366836597,6.942440794925849e-05,5548.534145564151,0.0012147196378470065,0.0012147196378470065,1.0,False,True,-214.0,2141734.180187768,3205632.9515627655,nan,0.00436926120083144,0.7943282347242815,0.7
0.01040305347719956,0.00012156457421546904,1.2646427664965191e-06,1.52145685885519e-10,9706.19000370145,100.97401366836597,6.942440794925849e-05,5548.534145564151,0.0012147196378470065,0.0012147196378470065,1.0,False,True,-212.0,2152831.248478896,3205632.951562766,nan,0.004369261200831439,0.7943282347242815,0.7
0.01040305347719956,0.0001215645742154691,1.2646427664965198e-06,1.5214568588551915e-10,9706.190003701455,100.97401366836603,6.942440794925853e-05,5548.534145564155,0.001214719637847007,0.001214719637847007,1.0,False,True,-210.0,2163928.316770024,3205632.951562765,nan,0.004369261200831441,0.7943282347242815,0.7
0.01040305347719956,0.00012156457421546904,1.2646427664965191e-06,1.52145685885519e-10,9706.19000370145,100.97401366836597,6.942440794925849e-05,5548.534145564151,0.0012147196378470065,0.0012147196378470065,1.0,False,True,-208.0,2175025.3850611523,3205632.9515627655,nan,0.00436926120083144,0.7943282347242815,0.7
0.01040305347719956,0.0001215645742154691,1.2646427664965198e-06,1.5214568588551915e-10,9706.190003701455,100.97401366836603,6.942440794925853e-05,5548.534145564155,0.001214719637847007,0.001214719637847007,1.0,False,True,-206.0,2186122.4533522804,3205632.951562765,nan,0.004369261200831441,0.7943282347242815,0.7
0.01040305347719956,0.0001215645742154691,1.2646427664965198e-06,1.5214568588551915e-10,9706.190003701455,100.97401366836603,6.942440794925853e-05,5548.534145564155,0.001214719637847007,0.001214719637847007,1.0,False,True,-204.0,2197219.5216434086,3205632.951562765,nan,0.004369261200831441,0.7943282347242815,0.7
0.01040305347719956,0.0001215645742154691,1.2646427664965198e-06,1.5214568588551915e-10,9706.190003701455,100.97401366836603,6.942440794925853e-05,5548.534145564155,0.001214719637847007,0.001214719637847007,1.0,False,True,-202.0,2208316.5899345367,3205632.951562765,nan,0.004369261200831441,0.7943282347242815,0.7
0.01040305347719956,0.0001215645742154691,1.2646427664965198e-06,1.5214568588551915e-10,9706.190003701455,100.97401366836603,6.942440794925853e-05,5548.534145564155,0.001214719637847007,0.001214719637847007,1.0,False,True,-200.0,2219413.658225665,3205632.951562765,nan,0.004369261200831441,0.7943282347242815,0.7
0.01040305347719956,0.0001215645742154691,1.2646427664965198e-06,1.5214568588551915e-10,9706.190003701455,100.97401366836603,6.942440794925853e-05,5548.534145564155,0.001214719637847007,0.001214719637847007,1.0,False,True,-198.0,2230510.726516793,3205632.951562765,nan,0.004369261200831441,0.7943282347242815,0.7
0.01040305347719956,0.00012156457421546904,1.2646427664965191e-06,1.52145685885519e-10,9706.19000370145,100.97401366836597,6.942440794925849e-05,5548.534145564151,0.0012147196378470065,0.0012147196378470065,1.0,False,True,-196.0,2241607.794807921,3205632.951562766,nan,0.004369261200831439,0.7943282347242815,0.7
0.01040305347719956,0.00012156457421546904,1.2646427664965191e-06,1.52145685885519e-10,9706.19000370145,100.97401366836597,6.942440794925849e-05,5548.534145564151,0.0012147196378470065,0.0012147196378470065,1.0,False,True,-194.0,2252704.8630990493,3205632.9515627655,nan,0.00436926120083144,0.7943282347242815,0.7
0.01040305347719956,0.0001215645742154691,1.2646427664965198e-06,1.5214568588551915e-10,9706.190003701455,100.97401366836603,6.942440794925853e-05,5548.534145564155,0.001214719637847007,0.001214719637847007,1.0,False,True,-192.0,2263801.9313901775,3205632.951562765,nan,0.004369261200831441,0.7943282347242815,0.7
0.01040305347719956,0.0001215645742154691,1.2646427664965198e-06,1.5214568588551915e-10,9706.190003701455,100.97401366836603,6.942440794925853e-05,5548.534145564155,0.001214719637847007,0.001214719637847007,1.0,False,True,-190.0,2274898.9996813056,3205632.951562765,nan,0.004369261200831441,0.7943282347242815,0.7
0.01040305347719956,0.00012156457421546904,1.2646427664965191e-06,1.52145685885519e-10,9706.19000370145,100.97401366836597,6.942440794925849e-05,5548.534145564151,0.0012147196378470065,0.0012147196378470065,1.0,False,True,-188.0,2285996.0679724338,3205632.9515627655,nan,0.00436926120083144,0.7943282347242815,0.7
0.01040305347719956,0.00012156457421546911,1.26464276649652e-06,1.521456858855192e-10,9706.190003701455,100.97401366836604,6.942440794925853e-05,5548.534145564155,0.0012147196378470072,0.0012147196378470072,1.0,False,True,-186.0,2297093.136263562,3205632.9515627646,nan,0.004369261200831442,0.7943282347242815,0.7
0.01040305347719956,0.00012156457421546904,1.2646427664965191e-06,1.52145685885519e-10,9706.19000370145,100.97401366836597,6.942440794925849e-05,5548.534145564151,0.0012147196378470065,0.0012147196378470065,1.0,False,True,-184.0,2308190.20455469,3205632.9515627655,nan,0.00436926120083144,0.7943282347242815,0.7
0.01040305347719956,0.00012156457421546904,1.2646427664965191e-06,1.52145685885519e-10,9706.19000370145,100.97401366836597,6.942440794925849e-05,5548.534145564151,0.0012147196378470065,0.0012147196378470065,1.0,False,True,-182.0,2319287.272845818,3205632.9515627655,nan,0.00436926120083144,0.7943282347242815,0.7
0.01040305347719956,0.00012156457421546904,1.2646427664965191e-06,1.52145685885519e-10,9706.19000370145,100.97401366836597,6.942440794925849e-05,5548.534145564151,0.0012147196378470065,0.0012147196378470065,1.0,False,True,-180.0,2330384.3411369463,3205632.9515627655,nan,0.00436926120083144,0.7943282347242815,0.7
0.01040305347719956,0.0001215645742154691,1.2646427664965198e-06,1.5214568588551915e-10,9706.190003701455,100.97401366836603,6.942440794925853e-05,5548.534145564155,0.001214719637847007,0.001214719637847007,1.0,False,True,-178.0,2341481.4094280745,3205632.951562765,nan,0.004369261200831441,0.7943282347242815,0.7
0.01040305347719956,0.0001215645742154691,1.2646427664965198e-06,1.5214568588551915e-10,9706.190003701455,100.97401366836603,6.942440794925853e-05,5548.534145564155,0.001214719637847007,0.001214719637847007,1.0,False,True,-176.0,2352578.4777192026,3205632.951562765,nan,0.004369261200831441,0.7943282347242815,0.7
0.01040305347719956,0.0001215645742154691,1.2646427664965198e-06,1.5214568588551915e-10,9706.190003701455,100.97401366836603,6.942440794925853e-05,5548.534145564155,0.001214719637847007,0.001214719637847007,1.0,False,True,-174.0,2363675.546010331,3205632.951562765,nan,0.004369261200831441,0.7943282347242815,0.7
0.01040305347719956,0.0001215645742154691,1.2646427664965198e-06,1.5214568588551915e-10,9706.190003701455,100.97401366836603,6.942440794925853e-05,5548.534145564155,0.001214719637847007,0.001214719637847007,1.0,False,True,-172.0,2374772.614301459,3205632.951562765,nan,0.004369261200831441,0.7943282347242815,0.7
0.01040305347719956,0.0001215645742154691,1.2646427664965198e-06,1.5214568588551915e-10,9706.190003701455,100.97401366836603,6.942440794925853e-05,5548.534145564155,0.001214719637847007,0.001214719637847007,1.0,False,True,-170.0,2385869.682592587,3205632.951562765,nan,0.004369261200831441,0.7943282347242815,0.7
0.01040305347719956,0.00012156457421546904,1.2646427664965191e-06,1.52145685885519e-10,9706.19000370145,100.97401366836597,6.942440794925849e-05,5548.534145564151,0.0012147196378470065,0.0012147196378470065,1.0,False,True,-168.0,2396966.750883715,3205632.9515627655,nan,0.00436926120083144,0.7943282347242815,0.7
0.01040305347719956,0.0001215645742154691,1.2646427664965198e-06,1.5214568588551915e-10,9706.190003701455,100.97401366836603,6.942440794925853e-05,5548.534145564155,0.001214719637847007,0.001214719637847007,1.0,False,True,-166.0,2408063.8191748434,3205632.951562765,nan,0.004369261200831441,0.7943282347242815,0.7
0.01040305347719956,0.0001215645742154691,1.2646427664965198e-06,1.5214568588551915e-10,9706.190003701455,100.97401366836603,6.942440794925853e-05,5548.534145564155,0.001214719637847007,0.001214719637847007,1.0,False,True,-164.0,2419160.8874659715,3205632.951562765,nan,0.004369261200831441,0.7943282347242815,0.7
0.01040305347719956,0.0001215645742154691,1.2646427664965198e-06,1.5214568588551915e-10,9706.190003701455,100.97401366836603,6.942440794925853e-05,5548.534145564155,0.001214719637847007,0.001214719637847007,1.0,False,True,-162.0,2430257.9557570997,3205632.951562765,nan,0.004369261200831441,0.7943282347242815,0.7
0.01040305347719956,0.0001215645742154691,1.2646427664965198e-06,1.5214568588551915e-10,9706.190003701455,100.97401366836603,6.942440794925853e-05,5548.534145564155,0.001214719637847007,0.001214719637847007,1.0,False,True,-160.0,2441355.024048228,3205632.951562765,nan,0.004369261200831441,0.7943282347242815,0.7
0.01040305347719956,0.0001215645742154691,1.2646427664965198e-06,1.5214568588551915e-10,9706.190003701455,100.97401366836603,6.942440794925853e-05,5548.534145564155,0.001214719637847007,0.001214719637847007,1.0,False,True,-158.0,2452452.092339356,3205632.951562765,nan,0.004369261200831441,0.7943282347242815,0.7
0.01040305347719956,0.00012156457421546904,1.2646427664965191e-06,1.52145685885519e-10,9706.19000370145,100.97401366836597,6.942440794925849e-05,5548.534145564151,0.0012147196378470065,0.0012147196378470065,1.0,False,True,-156.0,2463549.160630484,3205632.9515627655,nan,0.00436926120083144,0.7943282347242815,0.7
0.01040305347719956,0.0001215645742154691,1.2646427664965198e-06,1.5214568588551915e-10,9706.190003701455,100.97401366836603,6.942440794925853e-05,5548.534145564155,0.001214719637847007,0.001214719637847007,1.0,False,True,-154.0,2474646.2289216123,3205632.951562765,nan,0.004369261200831441,0.7943282347242815,0.7
0.01040305347719956,0.0001215645742154691,1.2646427664965198e-06,1.5214568588551915e-10,9706.190003701455,100.97401366836603,6.942440794925853e-05,5548.534145564155,0.001214719637847007,0.001214719637847007,1.0,False,True,-152.0,2485743.2972127404,3205632.951562765,nan,0.004369261200831441,0.7943282347242815,0.7
0.01040305347719956,0.00012156457421546904,1.2646427664965191e-06,1.52145685885519e-10,9706.19000370145,100.97401366836597,6.942440794925849e-05,5548.534145564151,0.0012147196378470065,0.0012147196378470065,1.0,False,True,-150.0,2496840.3655038686,3205632.9515627655,nan,0.00436926120083144,0.7943282347242815,0.7
0.01040305347719956,0.00012156457421546904,1.2646427664965191e-06,1.52145685885519e-10,9706.19000370145,100.97401366836597,6.942440794925849e-05,5548.534145564151,0.0012147196378470065,0.0012147196378470065,1.0,False,True,-148.0,2507937.4337949967,3205632.9515627655,nan,0.00436926120083144,0.7943282347242815,0.7
0.01040305347719956,0.0001215645742154691,1.2646427664965198e-06,1.5214568588551915e-10,9706.190003701455,100.97401366836603,6.942440794925853e-05,5548.534145564155,0.001214719637847007,0.001214719637847007,1.0,False,True,-146.0,2519034.502086125,3205632.951562765,nan,0.004369261200831441,0.7943282347242815,0.7
0.01040305347719956,0.0001215645742154691,1.2646427664965198e-06,1.5214568588551915e-10,9706.190003701455,100.97401366836603,6.942440794925853e-05,5548.534145564155,0.001214719637847007,0.001214719637847007,1.0,False,True,-144.0,2530131.570377253,3205632.951562765,nan,0.004369261200831441,0.7943282347242815,0.7
0.01040305347719956,0.0001215645742154691,1.2646427664965198e-06,1.5214568588551915e-10,9706.190003701455,100.97401366836603,6.942440794925853e-05,5548.534145564155,0.001214719637847007,0.001214719637847007,1.0,False,True,-142.0,2541228.638668381,3205632.951562765,nan,0.004369261200831441,0.7943282347242815,0.7
0.01040305347719956,0.00012156457421546904,1.2646427664965191e-06,1.52145685885519e-10,9706.19000370145,100.97401366836597,6.942440794925849e-05,5548.534145564151,0.0012147196378470065,0.0012147196378470065,1.0,False,True,-140.0,2552325.7069595093,3205632.9515627655,nan,0.00436926120083144,0.7943282347242815,0.7
0.01040305347719956,0.0001215645742154691,1.2646427664965198e-06,1.5214568588551915e-10,9706.190003701455,100.97401366836603,6.942440794925853e-05,5548.534145564155,0.001214719637847007,0.001214719637847007,1.0,False,True,-138.0,2563422.7752506374,3205632.951562765,nan,0.004369261200831441,0.7943282347242815,0.7
0.01040305347719956,0.00012156457421546904,1.2646427664965191e-06,1.52145685885519e-10,9706.19000370145,100.97401366836597,6.942440794925849e-05,5548.534145564151,0.0012147196378470065,0.0012147196378470065,1.0,False,True,-136.0,2574519.8435417656,3205632.9515627655,nan,0.00436926120083144,0.7943282347242815,0.7
0.01040305347719956,0.00012156457421546904,1.2646427664965191e-06,1.52145685885519e-10,9706.19000370145,100.97401366836597,6.942440794925849e-05,5548.534145564151,0.0012147196378470065,0.0012147196378470065,1.0,False,True,-134.0,2585616.9118328937,3205632.9515627655,nan,0.00436926120083144,0.7943282347242815,0.7
0.01040305347719956,0.0001215645742154691,1.2646427664965198e-06,1.5214568588551915e-10,9706.190003701455,100.97401366836603,6.942440794925853e-05,5548.534145564155,0.001214719637847007,0.001214719637847007,1.0,False,True,-132.0,2596713.980124022,3205632.951562765,nan,0.004369261200831441,0.7943282347242815,0.7
0.01040305347719956,0.00012156457421546904,1.2646427664965191e-06,1.52145685885519e-10,9706.19000370145,100.97401366836597,6.942440794925849e-05,5548.534145564151,0.0012147196378470065,0.0012147196378470065,1.0,False,True,-130.0,2607811.04841515,3205632.9515627655,nan,0.00436926120083144,0.7943282347242815,0.7
0.01040305347719956,0.0001215645742154691,1.2646427664965198e-06,1.5214568588551915e-10,9706.190003701455,100.97401366836603,6.942440794925853e-05,5548.534145564155,0.001214719637847007,0.001214719637847007,1.0,False,True,-128.0,2618908.116706278,3205632.951562765,nan,0.004369261200831441,0.7943282347242815,0.7
0.01040305347719956,0.0001215645742154691,1.2646427664965198e-06,1.5214568588551915e-10,9706.190003701455,100.97401366836603,6.942440794925853e-05,5548.534145564155,0.001214719637847007,0.001214719637847007,1.0,False,True,-126.0,2630005.1849974063,3205632.951562765,nan,0.004369261200831441,0.7943282347242815,0.7
0.01040305347719956,0.00012156457421546904,1.2646427664965191e-06,1.52145685885519e-10,9706.19000370145,100.97401366836597,6.942440794925849e-05,5548.534145564151,0.0012147196378470065,0.0012147196378470065,1.0,False,True,-124.0,2641102.2532885345,3205632.9515627655,nan,0.00436926120083144,0.7943282347242815,0.7
0.01040305347719956,0.0001215645742154691,1.2646427664965198e-06,1.5214568588551915e-10,9706.190003701455,100.97401366836603,6.942440794925853e-05,5548.534145564155,0.001214719637847007,0.001214719637847007,1.0,False,True,-122.0,2652199.3215796626,3205632.951562765,nan,0.004369261200831441,0.7943282347242815,0.7
0.01040305347719956,0.00012156457421546904,1.2646427664965191e-06,1.52145685885519e-10,9706.19000370145,100.97401366836597,6.942440794925849e-05,5548.534145564151,0.0012147196378470065,0.0012147196378470065,1.0,False,True,-120.0,2663296.3898707908,3205632.9515627655,nan,0.00436926120083144,0.7943282347242815,0.7
0.01040305347719956,0.0001215645742154691,1.2646427664965198e-06,1.5214568588551915e-10,9706.190003701455,100.97401366836603,6.942440794925853e-05,5548.534145564155,0.001214719637847007,0.001214719637847007,1.0,False,True,-118.0,2674393.458161919,3205632.951562765,nan,0.004369261200831441,0.7943282347242815,0.7
0.01040305347719956,0.00012156457421546904,1.2646427664965191e-06,1.52145685885519e-10,9706.19000370145,100.97401366836597,6.942440794925849e-05,5548.534145564151,0.0012147196378470065,0.0012147196378470065,1.0,False,True,-116.0,2685490.526453047,3205632.9515627655,nan,0.00436926120083144,0.7943282347242815,0.7
0.01040305347719956,0.0001215645742154691,1.2646427664965198e-06,1.5214568588551915e-10,9706.190003701455,100.97401366836603,6.942440794925853e-05,5548.534145564155,0.001214719637847007,0.001214719637847007,1.0,False,True,-114.0,2696587.594744175,3205632.951562765,nan,0.004369261200831441,0.7943282347242815,0.7
0.01040305347719956,0.0001215645742154691,1.2646427664965198e-06,1.5214568588551915e-10,9706.190003701455,100.97401366836603,6.942440794925853e-05,5548.534145564155,0.001214719637847007,0.001214719637847007,1.0,False,True,-112.0,2707684.6630353034,3205632.951562765,nan,0.004369261200831441,0.7943282347242815,0.7
0.01040305347719956,0.0001215645742154691,1.2646427664965198e-06,1.5214568588551915e-10,9706.190003701455,100.97401366836603,6.942440794925853e-05,5548.534145564155,0.001214719637847007,0.001214719637847007,1.0,False,True,-110.0,2718781.7313264315,3205632.951562765,nan,0.004369261200831441,0.7943282347242815,0.7
0.01040305347719956,0.0001215645742154691,1.2646427664965198e-06,1.5214568588551915e-10,9706.190003701455,100.97401366836603,6.942440794925853e-05,5548.534145564155,0.001214719637847007,0.001214719637847007,1.0,False,True,-108.0,2729878.7996175596,3205632.951562765,nan,0.004369261200831441,0.7943282347242815,0.7
0.01040305347719956,0.0001215645742154691,1.2646427664965198e-06,1.5214568588551915e-10,9706.190003701455,100.97401366836603,6.942440794925853e-05,5548.534145564155,0.001214719637847007,0.001214719637847007,1.0,False,True,-106.0,2740975.867908688,3205632.951562765,nan,0.004369261200831441,0.7943282347242815,0.7
0.01040305347719956,0.0001215645742154691,1.2646427664965198e-06,1.5214568588551915e-10,9706.190003701455,100.97401366836603,6.942440794925853e-05,5548.534145564155,0.001214719637847007,0.001214719637847007,1.0,False,True,-104.0,2752072.936199816,3205632.951562765,nan,0.004369261200831441,0.7943282347242815,0.7
0.01040305347719956,0.00012156457421546904,1.2646427664965191e-06,1.52145685885519e-10,9706.19000370145,100.97401366836597,6.942440794925849e-05,5548.534145564151,0.0012147196378470065,0.0012147196378470065,1.0,False,True,-102.0,2763170.004490944,3205632.9515627655,nan,0.00436926120083144,0.7943282347242815,0.7
0.01040305347719956,0.0001215645742154691,1.2646427664965198e-06,1.5214568588551915e-10,9706.190003701455,100.97401366836603,6.942440794925853e-05,5548.534145564155,0.001214719637847007,0.001214719637847007,1.0,False,True,-100.0,2774267.0727820722,3205632.951562765,nan,0.004369261200831441,0.7943282347242815,0.7
0.01040305347719956,0.00012156457421546904,1.2646427664965191e-06,1.52145685885519e-10,9706.19000370145,100.97401366836597,6.942440794925849e-05,5548.534145564151,0.0012147196378470065,0.0012147196378470065,1.0,False,True,-98.0,2785364.1410732004,3205632.9515627655,nan,0.00436926120083144,0.7943282347242815,0.7
0.01040305347719956,0.0001215645742154691,1.2646427664965198e-06,1.5214568588551915e-10,9706.190003701455,100.97401366836603,6.942440794925853e-05,5548.534145564155,0.001214719637847007,0.001214719637847007,1.0,False,True,-96.0,2796461.2093643285,3205632.951562765,nan,0.004369261200831441,0.7943282347242815,0.7
0.01040305347719956,0.0001215645742154691,1.2646427664965198e-06,1.5214568588551915e-10,9706.190003701455,100.97401366836603,6.942440794925853e-05,5548.534145564155,0.001214719637847007,0.001214719637847007,1.0,False,True,-94.0,2807558.2776554567,3205632.951562765,nan,0.004369261200831441,0.7943282347242815,0.7
0.01040305347719956,0.00012156457421546904,1.2646427664965191e-06,1.52145685885519e-10,9706.19000370145,100.97401366836597,6.942440794925849e-05,5548.534145564151,0.0012147196378470065,0.0012147196378470065,1.0,False,True,-92.0,2818655.345946585,3205632.9515627655,nan,0.00436926120083144,0.7943282347242815,0.7
0.01040305347719956,0.00012156457421546904,1.2646427664965191e-06,1.52145685885519e-10,9706.19000370145,100.97401366836597,6.942440794925849e-05,5548.534145564151,0.0012147196378470065,0.0012147196378470065,1.0,False,True,-90.0,2829752.414237713,3205632.9515627655,nan,0.00436926120083144,0.7943282347242815,0.7
0.01040305347719956,0.0001215645742154691,1.2646427664965198e-06,1.5214568588551915e-10,9706.190003701455,100.97401366836603,6.942440794925853e-05,5548.534145564155,0.001214719637847007,0.001214719637847007,1.0,False,True,-88.0,2840849.482528841,3205632.951562765,nan,0.004369261200831441,0.7943282347242815,0.7
0.01040305347719956,0.0001215645742154691,1.2646427664965198e-06,1.5214568588551915e-10,9706.190003701455,100.97401366836603,6.942440794925853e-05,5548.534145564155,0.001214719637847007,0.001214719637847007,1.0,False,True,-86.0,2851946.5508199693,3205632.951562765,nan,0.004369261200831441,0.7943282347242815,0.7
0.01040305347719956,0.00012156457421546904,1.2646427664965191e-06,1.52145685885519e-10,9706.19000370145,100.97401366836597,6.942440794925849e-05,5548.534145564151,0.0012147196378470065,0.0012147196378470065,1.0,False,True,-84.0,2863043.6191110974,3205632.9515627655,nan,0.00436926120083144,0.7943282347242815,0.7
0.01040305347719956,0.0001215645742154691,1.2646427664965198e-06,1.5214568588551915e-10,9706.190003701455,100.97401366836603,6.942440794925853e-05,5548.534145564155,0.001214719637847007,0.001214719637847007,1.0,False,True,-82.0,2874140.6874022256,3205632.951562765,nan,0.004369261200831441,0.7943282347242815,0.7
0.01040305347719956,0.00012156457421546904,1.2646427664965191e-06,1.52145685885519e-10,9706.19000370145,100.97401366836597,6.942440794925849e-05,5548.534145564151,0.0012147196378470065,0.0012147196378470065,1.0,False,True,-80.0,2885237.7556933537,3205632.9515627655,nan,0.00436926120083144,0.7943282347242815,0.7
0.01040305347719956,0.0001215645742154691,1.2646427664965198e-06,1.5214568588551915e-10,9706.190003701455,100.97401366836603,6.942440794925853e-05,5548.534145564155,0.001214719637847007,0.001214719637847007,1.0,False,True,-78.0,2896334.823984482,3205632.951562765,nan,0.004369261200831441,0.7943282347242815,0.7
0.01040305347719956,0.00012156457421546904,1.2646427664965191e-06,1.52145685885519e-10,9706.19000370145,100.97401366836597,6.942440794925849e-05,5548.534145564151,0.0012147196378470065,0.0012147196378470065,1.0,False,True,-76.0,2907431.89227561,3205632.9515627655,nan,0.00436926120083144,0.7943282347242815,0.7
0.01040305347719956,0.0001215645742154691,1.2646427664965198e-06,1.5214568588551915e-10,9706.190003701455,100.97401366836603,6.942440794925853e-05,5548.534145564155,0.001214719637847007,0.001214719637847007,1.0,False,True,-74.0,2918528.960566738,3205632.951562765,nan,0.004369261200831441,0.7943282347242815,0.7
0.01040305347719956,0.0001215645742154691,1.2646427664965198e-06,1.5214568588551915e-10,9706.190003701455,100.97401366836603,6.942440794925853e-05,5548.534145564155,0.001214719637847007,0.001214719637847007,1.0,False,True,-72.0,2929626.0288578663,3205632.951562765,nan,0.004369261200831441,0.7943282347242815,0.7
0.01040305347719956,0.0001215645742154691,1.2646427664965198e-06,1.5214568588551915e-10,9706.190003701455,100.97401366836603,6.942440794925853e-05,5548.534145564155,0.001214719637847007,0.001214719637847007,1.0,False,True,-70.0,2940723.0971489944,3205632.951562765,nan,0.004369261200831441,0.7943282347242815,0.7
0.01040305347719956,0.0001215645742154691,1.2646427664965198e-06,1.5214568588551915e-10,9706.190003701455,100.97401366836603,6.942440794925853e-05,5548.534145564155,0.001214719637847007,0.001214719637847007,1.0,False,True,-68.0,2951820.1654401226,3205632.951562765,nan,0.004369261200831441,0.7943282347242815,0.7
0.01040305347719956,0.0001215645742154691,1.2646427664965198e-06,1.5214568588551915e-10,9706.190003701455,100.97401366836603,6.942440794925853e-05,5548.534145564155,0.001214719637847007,0.001214719637847007,1.0,False,True,-66.0,2962917.2337312507,3205632.951562765,nan,0.004369261200831441,0.7943282347242815,0.7
0.01040305347719956,0.00012156457421546904,1.2646427664965191e-06,1.52145685885519e-10,9706.19000370145,100.97401366836597,6.942440794925849e-05,5548.534145564151,0.0012147196378470065,0.0012147196378470065,1.0,False,True,-64.0,2974014.302022379,3205632.9515627655,nan,0.00436926120083144,0.7943282347242815,0.7
0.01040305347719956,0.0001215645742154691,1.2646427664965198e-06,1.5214568588551915e-10,9706.190003701455,100.97401366836603,6.942440794925853e-05,5548.534145564155,0.001214719637847007,0.001214719637847007,1.0,False,True,-62.0,2985111.370313507,3205632.951562765,nan,0.004369261200831441,0.7943282347242815,0.7
0.01040305347719956,0.00012156457421546904,1.2646427664965191e-06,1.52145685885519e-10,9706.19000370145,100.97401366836597,6.942440794925849e-05,5548.534145564151,0.0012147196378470065,0.0012147196378470065,1.0,False,True,-60.0,2996208.438604635,3205632.9515627655,nan,0.00436926120083144,0.7943282347242815,0.7
0.01040305347719956,0.0001215645742154691,1.2646427664965198e-06,1.5214568588551915e-10,9706.190003701455,100.97401366836603,6.942440794925853e-05,5548.534145564155,0.001214719637847007,0.001214719637847007,1.0,False,True,-58.0,3007305.5068957633,3205632.951562765,nan,0.004369261200831441,0.7943282347242815,0.7
0.01040305347719956,0.0001215645742154691,1.2646427664965198e-06,1.5214568588551915e-10,9706.190003701455,100.97401366836603,6.942440794925853e-05,5548.534145564155,0.001214719637847007,0.001214719637847007,1.0,False,True,-56.0,3018402.5751868915,3205632.951562765,nan,0.004369261200831441,0.7943282347242815,0.7
0.01040305347719956,0.0001215645742154691,1.2646427664965198e-06,1.5214568588551915e-10,9706.190003701455,100.97401366836603,6.942440794925853e-05,5548.534145564155,0.001214719637847007,0.001214719637847007,1.0,False,True,-54.0,3029499.6434780196,3205632.951562765,nan,0.004369261200831441,0.7943282347242815,0.7
0.01040305347719956,0.0001215645742154691,1.2646427664965198e-06,1.5214568588551915e-10,9706.190003701455,100.97401366836603,6.942440794925853e-05,5548.534145564155,0.001214719637847007,0.001214719637847007,1.0,False,True,-52.0,3040596.711769148,3205632.951562765,nan,0.004369261200831441,0.7943282347242815,0.7
0.01040305347719956,0.00012156457421546904,1.2646427664965191e-06,1.52145685885519e-10,9706.19000370145,100.97401366836597,6.942440794925849e-05,5548.534145564151,0.0012147196378470065,0.0012147196378470065,1.0,False,True,-50.0,3051693.780060276,3205632.9515627655,nan,0.00436926120083144,0.7943282347242815,0.7
0.01040305347719956,0.00012156457421546904,1.2646427664965191e-06,1.52145685885519e-10,9706.19000370145,100.97401366836597,6.942440794925849e-05,5548.534145564151,0.0012147196378470065,0.0012147196378470065,1.0,False,True,-48.0,3062790.848351404,3205632.9515627655,nan,0.00436926120083144,0.7943282347242815,0.7
0.01040305347719956,0.00012156457421546904,1.2646427664965191e-06,1.52145685885519e-10,9706.19000370145,100.97401366836597,6.942440794925849e-05,5548.534145564151,0.0012147196378470065,0.0012147196378470065,1.0,False,True,-46.0,3073887.916642532,3205632.9515627655,nan,0.00436926120083144,0.7943282347242815,0.7
0.01040305347719956,0.00012156457421546904,1.2646427664965191e-06,1.52145685885519e-10,9706.19000370145,100.97401366836597,6.942440794925849e-05,5548.534145564151,0.0012147196378470065,0.0012147196378470065,1.0,False,True,-44.0,3084984.9849336604,3205632.9515627655,nan,0.00436926120083144,0.7943282347242815,0.7
0.01040305347719956,0.00012156457421546904,1.2646427664965191e-06,1.52145685885519e-10,9706.19000370145,100.97401366836597,6.942440794925849e-05,5548.534145564151,0.0012147196378470065,0.0012147196378470065,1.0,False,True,-42.0,3096082.0532247885,3205632.9515627655,nan,0.00436926120083144,0.7943282347242815,0.7
0.01040305347719956,0.00012156457421546904,1.2646427664965191e-06,1.52145685885519e-10,9706.19000370145,100.97401366836597,6.942440794925849e-05,5548.534145564151,0.0012147196378470065,0.0012147196378470065,1.0,False,True,-40.0,3107179.1215159167,3205632.9515627655,nan,0.00436926120083144,0.7943282347242815,0.7
0.01040305347719956,0.0001215645742154691,1.2646427664965198e-06,1.5214568588551915e-10,9706.190003701455,100.97401366836603,6.942440794925853e-05,5548.534145564155,0.001214719637847007,0.001214719637847007,1.0,False,True,-38.0,3118276.189807045,3205632.951562765,nan,0.004369261200831441,0.7943282347242815,0.7
0.01040305347719956,0.0001215645742154691,1.2646427664965198e-06,1.5214568588551915e-10,9706.190003701455,100.97401366836603,6.942440794925853e-05,5548.534145564155,0.001214719637847007,0.001214719637847007,1.0,False,True,-36.0,3129373.258098173,3205632.951562765,nan,0.004369261200831441,0.7943282347242815,0.7
0.01040305347719956,0.00012156457421546904,1.2646427664965191e-06,1.52145685885519e-10,9706.19000370145,100.97401366836597,6.942440794925849e-05,5548.534145564151,0.0012147196378470065,0.0012147196378470065,1.0,False,True,-34.0,3140470.326389301,3205632.9515627655,nan,0.00436926120083144,0.7943282347242815,0.7
0.01040305347719956,0.0001215645742154691,1.2646427664965198e-06,1.5214568588551915e-10,9706.190003701455,100.97401366836603,6.942440794925853e-05,5548.534145564155,0.001214719637847007,0.001214719637847007,1.0,False,True,-32.0,3151567.3946804293,3205632.951562765,nan,0.004369261200831441,0.7943282347242815,0.7
0.01040305347719956,0.00012156457421546904,1.2646427664965191e-06,1.52145685885519e-10,9706.19000370145,100.97401366836597,6.942440794925849e-05,5548.534145564151,0.0012147196378470065,0.0012147196378470065,1.0,False,True,-30.0,3162664.4629715574,3205632.9515627655,nan,0.00436926120083144,0.7943282347242815,0.7
0.01040305347719956,0.0001215645742154691,1.2646427664965198e-06,1.5214568588551915e-10,9706.190003701455,100.97401366836603,6.942440794925853e-05,5548.534145564155,0.001214719637847007,0.001214719637847007,1.0,False,True,-28.0,3173761.5312626855,3205632.951562765,nan,0.004369261200831441,0.7943282347242815,0.7
0.01040305347719956,0.0001215645742154691,1.2646427664965198e-06,1.5214568588551915e-10,9706.190003701455,100.97401366836603,6.942440794925853e-05,5548.534145564155,0.001214719637847007,0.001214719637847007,1.0,False,True,-26.0,3184858.5995538137,3205632.951562765,nan,0.004369261200831441,0.7943282347242815,0.7
0.01040305347719956,0.0001215645742154691,1.2646427664965198e-06,1.5214568588551915e-10,9706.190003701455,100.97401366836603,6.942440794925853e-05,5548.534145564155,0.001214719637847007,0.001214719637847007,1.0,False,True,-24.0,3195955.667844942,3205632.951562765,nan,0.004369261200831441,0.7943282347242815,0.7
0.01040305347719956,0.0001215645742154691,1.2646427664965198e-06,1.5214568588551915e-10,9706.190003701455,100.97401366836603,6.942440794925853e-05,5548.534145564155,0.001214719637847007,0.001214719637847007,1.0,False,True,-22.0,3207052.73613607,3205632.951562765,nan,0.004369261200831441,0.7943282347242815,0.7
0.01040305347719956,0.0001215645742154691,1.2646427664965198e-06,1.5214568588551915e-10,9706.190003701455,100.97401366836603,6.942440794925853e-05,5548.534145564155,0.001214719637847007,0.001214719637847007,1.0,False,True,-20.0,3218149.804427198,3205632.951562765,nan,0.004369261200831441,0.7943282347242815,0.7
0.01040305347719956,0.0001215645742154691,1.2646427664965198e-06,1.5214568588551915e-10,9706.190003701455,100.97401366836603,6.942440794925853e-05,5548.534145564155,0.001214719637847007,0.001214719637847007,1.0,False,True,-18.0,3229246.8727183263,3205632.951562765,nan,0.004369261200831441,0.7943282347242815,0.7
0.01040305347719956,0.0001215645742154691,1.2646427664965198e-06,1.5214568588551915e-10,9706.190003701455,100.97401366836603,6.942440794925853e-05,5548.534145564155,0.001214719637847007,0.001214719637847007,1.0,False,True,-16.0,3240343.9410094544,3205632.951562765,nan,0.004369261200831441,0.7943282347242815,0.7
0.01040305347719956,0.00012156457421546904,1.2646427664965191e-06,1.52145685885519e-10,9706.19000370145,100.97401366836597,6.942440794925849e-05,5548.534145564151,0.0012147196378470065,0.0012147196378470065,1.0,False,True,-14.0,3251441.0093005826,3205632.9515627655,nan,0.00436926120083144,0.7943282347242815,0.7
0.01040305347719956,0.0001215645742154691,1.2646427664965198e-06,1.5214568588551915e-10,9706.190003701455,100.97401366836603,6.942440794925853e-05,5548.534145564155,0.001214719637847007,0.001214719637847007,1.0,False,True,-12.0,3262538.0775917107,3205632.951562765,nan,0.004369261200831441,0.7943282347242815,0.7
0.01040305347719956,0.0001215645742154691,1.2646427664965198e-06,1.5214568588551915e-10,9706.190003701455,100.97401366836603,6.942440794925853e-05,5548.534145564155,0.001214719637847007,0.001214719637847007,1.0,False,True,-10.0,3273635.145882839,3205632.951562765,nan,0.004369261200831441,0.7943282347242815,0.7
0.01040305347719956,0.0001215645742154691,1.2646427664965198e-06,1.5214568588551915e-10,9706.190003701455,100.97401366836603,6.942440794925853e-05,5548.534145564155,0.001214719637847007,0.001214719637847007,1.0,False,True,-8.0,3284732.214173967,3205632.951562765,nan,0.004369261200831441,0.7943282347242815,0.7
0.01040305347719956,0.00012156457421546904,1.2646427664965191e-06,1.52145685885519e-10,9706.19000370145,100.97401366836597,6.942440794925849e-05,5548.534145564151,0.0012147196378470065,0.0012147196378470065,1.0,False,True,-6.0,3295829.282465095,3205632.9515627655,nan,0.00436926120083144,0.7943282347242815,0.7
0.01040305347719956,0.0001215645742154691,1.2646427664965198e-06,1.5214568588551915e-10,9706.190003701455,100.97401366836603,6.942440794925853e-05,5548.534145564155,0.001214719637847007,0.001214719637847007,1.0,False,True,-4.0,3306926.3507562233,3205632.951562765,nan,0.004369261200831441,0.7943282347242815,0.7
0.01040305347719956,0.0001215645742154691,1.2646427664965198e-06,1.5214568588551915e-10,9706.190003701455,100.97401366836603,6.942440794925853e-05,5548.534145564155,0.001214719637847007,0.001214719637847007,1.0,False,True,-2.0,3318023.4190473515,3205632.951562765,nan,0.004369261200831441,0.7943282347242815,0.7
0.01040305347719956,0.0001215645742154691,1.2646427664965198e-06,1.5214568588551915e-10,9706.190003701455,100.97401366836603,6.942440794925853e-05,5548.534145564155,0.001214719637847007,0.001214719637847007,1.0,False,True,0.0,3329120.4873384796,3205632.951562765,nan,0.004369261200831441,0.7943282347242815,0.7
0.01040305347719956,0.0001215645742154691,1.2646427664965198e-06,1.5214568588551915e-10,9706.190003701455,100.97401366836603,6.942440794925853e-05,5548.534145564155,0.001214719637847007,0.001214719637847007,1.0,False,True,2.0,3340217.5556296078,3205632.951562765,nan,0.004369261200831441,0.7943282347242815,0.7
0.01040305347719956,0.0001215645742154691,1.2646427664965198e-06,1.5214568588551915e-10,9706.190003701455,100.97401366836603,6.942440794925853e-05,5548.534145564155,0.001214719637847007,0.001214719637847007,1.0,False,True,4.0,3351314.623920736,3205632.951562765,nan,0.004369261200831441,0.7943282347242815,0.7
0.01040305347719956,0.00012156457421546904,1.2646427664965191e-06,1.52145685885519e-10,9706.19000370145,100.97401366836597,6.942440794925849e-05,5548.534145564151,0.0012147196378470065,0.0012147196378470065,1.0,False,True,6.0,3362411.692211864,3205632.9515627655,nan,0.00436926120083144,0.7943282347242815,0.7
0.01040305347719956,0.0001215645742154691,1.2646427664965198e-06,1.5214568588551915e-10,9706.190003701455,100.97401366836603,6.942440794925853e-05,5548.534145564155,0.001214719637847007,0.001214719637847007,1.0,False,True,8.0,3373508.760502992,3205632.951562765,nan,0.004369261200831441,0.7943282347242815,0.7
0.01040305347719956,0.0001215645742154691,1.2646427664965198e-06,1.5214568588551915e-10,9706.190003701455,100.97401366836603,6.942440794925853e-05,5548.534145564155,0.001214719637847007,0.001214719637847007,1.0,False,True,10.0,3384605.8287941203,3205632.951562765,nan,0.004369261200831441,0.7943282347242815,0.7
0.01040305347719956,0.0001215645742154691,1.2646427664965198e-06,1.5214568588551915e-10,9706.190003701455,100.97401366836603,6.942440794925853e-05,5548.534145564155,0.001214719637847007,0.001214719637847007,1.0,False,True,12.0,3395702.8970852485,3205632.951562765,nan,0.004369261200831441,0.7943282347242815,0.7
0.01040305347719956,0.00012156457421546904,1.2646427664965191e-06,1.52145685885519e-10,9706.19000370145,100.97401366836597,6.942440794925849e-05,5548.534145564151,0.0012147196378470065,0.0012147196378470065,1.0,False,True,14.0,3406799.9653763766,3205632.9515627655,nan,0.00436926120083144,0.7943282347242815,0.7
0.01040305347719956,0.0001215645742154691,1.2646427664965198e-06,1.5214568588551915e-10,9706.190003701455,100.97401366836603,6.942440794925853e-05,5548.534145564155,0.001214719637847007,0.001214719637847007,1.0,False,True,16.0,3417897.033667505,3205632.951562765,nan,0.004369261200831441,0.7943282347242815,0.7
0.01040305347719956,0.0001215645742154691,1.2646427664965198e-06,1.5214568588551915e-10,9706.190003701455,100.97401366836603,6.942440794925853e-05,5548.534145564155,0.001214719637847007,0.001214719637847007,1.0,False,True,18.0,3428994.101958633,3205632.951562765,nan,0.004369261200831441,0.7943282347242815,0.7
0.01040305347719956,0.0001215645742154691,1.2646427664965198e-06,1.5214568588551915e-10,9706.190003701455,100.97401366836603,6.942440794925853e-05,5548.534145564155,0.001214719637847007,0.001214719637847007,1.0,False,True,20.0,3440091.170249761,3205632.951562765,nan,0.004369261200831441,0.7943282347242815,0.7
0.01040305347719956,0.0001215645742154691,1.2646427664965198e-06,1.5214568588551915e-10,9706.190003701455,100.97401366836603,6.942440794925853e-05,5548.534145564155,0.001214719637847007,0.001214719637847007,1.0,False,True,22.0,3451188.238540889,3205632.951562765,nan,0.004369261200831441,0.7943282347242815,0.7
0.01040305347719956,0.0001215645742154691,1.2646427664965198e-06,1.5214568588551915e-10,9706.190003701455,100.97401366836603,6.942440794925853e-05,5548.534145564155,0.001214719637847007,0.001214719637847007,1.0,False,True,24.0,3462285.3068320174,3205632.951562765,nan,0.004369261200831441,0.7943282347242815,0.7
0.01040305347719956,0.0001215645742154691,1.2646427664965198e-06,1.5214568588551915e-10,9706.190003701455,100.97401366836603,6.942440794925853e-05,5548.534145564155,0.001214719637847007,0.001214719637847007,1.0,False,True,26.0,3473382.3751231455,3205632.951562765,nan,0.004369261200831441,0.7943282347242815,0.7
0.01040305347719956,0.0001215645742154691,1.2646427664965198e-06,1.5214568588551915e-10,9706.190003701455,100.97401366836603,6.942440794925853e-05,5548.534145564155,0.001214719637847007,0.001214719637847007,1.0,False,True,28.0,3484479.4434142737,3205632.951562765,nan,0.004369261200831441,0.7943282347242815,0.7
0.01040305347719956,0.00012156457421546904,1.2646427664965191e-06,1.52145685885519e-10,9706.19000370145,100.97401366836597,6.942440794925849e-05,5548.534145564151,0.0012147196378470065,0.0012147196378470065,1.0,False,True,30.0,3495576.511705402,3205632.9515627655,nan,0.00436926120083144,0.7943282347242815,0.7
0.01040305347719956,0.0001215645742154691,1.2646427664965198e-06,1.5214568588551915e-10,9706.190003701455,100.97401366836603,6.942440794925853e-05,5548.534145564155,0.001214719637847007,0.001214719637847007,1.0,False,True,32.0,3506673.57999653,3205632.951562765,nan,0.004369261200831441,0.7943282347242815,0.7
0.01040305347719956,0.00012156457421546904,1.2646427664965191e-06,1.52145685885519e-10,9706.19000370145,100.97401366836597,6.942440794925849e-05,5548.534145564151,0.0012147196378470065,0.0012147196378470065,1.0,False,True,34.0,3517770.648287658,3205632.9515627655,nan,0.00436926120083144,0.7943282347242815,0.7
0.01040305347719956,0.0001215645742154691,1.2646427664965198e-06,1.5214568588551915e-10,9706.190003701455,100.97401366836603,6.942440794925853e-05,5548.534145564155,0.001214719637847007,0.001214719637847007,1.0,False,True,36.0,3528867.7165787863,3205632.951562765,nan,0.004369261200831441,0.7943282347242815,0.7
0.01040305347719956,0.0001215645742154691,1.2646427664965198e-06,1.5214568588551915e-10,9706.190003701455,100.97401366836603,6.942440794925853e-05,5548.534145564155,0.001214719637847007,0.001214719637847007,1.0,False,True,38.0,3539964.7848699144,3205632.951562765,nan,0.004369261200831441,0.7943282347242815,0.7
0.01040305347719956,0.00012156457421546904,1.2646427664965191e-06,1.52145685885519e-10,9706.19000370145,100.97401366836597,6.942440794925849e-05,5548.534145564151,0.0012147196378470065,0.0012147196378470065,1.0,False,True,40.0,3551061.8531610426,3205632.9515627655,nan,0.00436926120083144,0.7943282347242815,0.7
0.01040305347719956,0.00012156457421546904,1.2646427664965191e-06,1.52145685885519e-10,9706.19000370145,100.97401366836597,6.942440794925849e-05,5548.534145564151,0.0012147196378470065,0.0012147196378470065,1.0,False,True,42.0,3562158.9214521707,3205632.9515627655,nan,0.00436926120083144,0.7943282347242815,0.7
0.01040305347719956,0.00012156457421546904,1.2646427664965191e-06,1.52145685885519e-10,9706.19000370145,100.97401366836597,6.942440794925849e-05,5548.534145564151,0.0012147196378470065,0.0012147196378470065,1.0,False,True,44.0,3573255.989743299,3205632.9515627655,nan,0.00436926120083144,0.7943282347242815,0.7
0.01040305347719956,0.00012156457421546904,1.2646427664965191e-06,1.52145685885519e-10,9706.19000370145,100.97401366836597,6.942440794925849e-05,5548.534145564151,0.0012147196378470065,0.0012147196378470065,1.0,False,True,46.0,3584353.058034427,3205632.9515627655,nan,0.00436926120083144,0.7943282347242815,0.7
0.01040305347719956,0.00012156457421546904,1.2646427664965191e-06,1.52145685885519e-10,9706.19000370145,100.97401366836597,6.942440794925849e-05,5548.534145564151,0.0012147196378470065,0.0012147196378470065,1.0,False,True,48.0,3595450.126325555,3205632.9515627655,nan,0.00436926120083144,0.7943282347242815,0.7
0.01040305347719956,0.00012156457421546904,1.2646427664965191e-06,1.52145685885519e-10,9706.19000370145,100.97401366836597,6.942440794925849e-05,5548.534145564151,0.0012147196378470065,0.0012147196378470065,1.0,False,True,50.0,3606547.1946166833,3205632.9515627655,nan,0.00436926120083144,0.7943282347242815,0.7
0.01040305347719956,0.0001215645742154691,1.2646427664965198e-06,1.5214568588551915e-10,9706.190003701455,100.97401366836603,6.942440794925853e-05,5548.534145564155,0.001214719637847007,0.001214719637847007,1.0,False,True,52.0,3617644.2629078114,3205632.951562765,nan,0.004369261200831441,0.7943282347242815,0.7
0.01040305347719956,0.0001215645742154691,1.2646427664965198e-06,1.5214568588551915e-10,9706.190003701455,100.97401366836603,6.942440794925853e-05,5548.534145564155,0.001214719637847007,0.001214719637847007,1.0,False,True,54.0,3628741.3311989396,3205632.951562765,nan,0.004369261200831441,0.7943282347242815,0.7
0.01040305347719956,0.0001215645742154691,1.2646427664965198e-06,1.5214568588551915e-10,9706.190003701455,100.97401366836603,6.942440794925853e-05,5548.534145564155,0.001214719637847007,0.001214719637847007,1.0,False,True,56.0,3639838.3994900677,3205632.951562765,nan,0.004369261200831441,0.7943282347242815,0.7
0.01040305347719956,0.0001215645742154691,1.2646427664965198e-06,1.5214568588551915e-10,9706.190003701455,100.97401366836603,6.942440794925853e-05,5548.534145564155,0.001214719637847007,0.001214719637847007,1.0,False,True,58.0,3650935.467781196,3205632.951562765,nan,0.004369261200831441,0.7943282347242815,0.7
0.01040305347719956,0.00012156457421546904,1.2646427664965191e-06,1.52145685885519e-10,9706.19000370145,100.97401366836597,6.942440794925849e-05,5548.534145564151,0.0012147196378470065,0.0012147196378470065,1.0,False,True,60.0,3662032.536072324,3205632.9515627655,nan,0.00436926120083144,0.7943282347242815,0.7
0.01040305347719956,0.0001215645742154691,1.2646427664965198e-06,1.5214568588551915e-10,9706.190003701455,100.97401366836603,6.942440794925853e-05,5548.534145564155,0.001214719637847007,0.001214719637847007,1.0,False,True,62.0,3673129.604363452,3205632.951562765,nan,0.004369261200831441,0.7943282347242815,0.7
0.01040305347719956,0.00012156457421546904,1.2646427664965191e-06,1.52145685885519e-10,9706.19000370145,100.97401366836597,6.942440794925849e-05,5548.534145564151,0.0012147196378470065,0.0012147196378470065,1.0,False,True,64.0,3684226.6726545803,3205632.9515627655,nan,0.00436926120083144,0.7943282347242815,0.7
0.01040305347719956,0.0001215645742154691,1.2646427664965198e-06,1.5214568588551915e-10,9706.190003701455,100.97401366836603,6.942440794925853e-05,5548.534145564155,0.001214719637847007,0.001214719637847007,1.0,False,True,66.0,3695323.7409457085,3205632.951562765,nan,0.004369261200831441,0.7943282347242815,0.7
0.01040305347719956,0.0001215645742154691,1.2646427664965198e-06,1.5214568588551915e-10,9706.190003701455,100.97401366836603,6.942440794925853e-05,5548.534145564155,0.001214719637847007,0.001214719637847007,1.0,False,True,68.0,3706420.8092368366,3205632.951562765,nan,0.004369261200831441,0.7943282347242815,0.7
0.01040305347719956,0.0001215645742154691,1.2646427664965198e-06,1.5214568588551915e-10,9706.190003701455,100.97401366836603,6.942440794925853e-05,5548.534145564155,0.001214719637847007,0.001214719637847007,1.0,False,True,70.0,3717517.8775279648,3205632.951562765,nan,0.004369261200831441,0.7943282347242815,0.7
0.01040305347719956,0.0001215645742154691,1.2646427664965198e-06,1.5214568588551915e-10,9706.190003701455,100.97401366836603,6.942440794925853e-05,5548.534145564155,0.001214719637847007,0.001214719637847007,1.0,False,True,72.0,3728614.945819093,3205632.951562765,nan,0.004369261200831441,0.7943282347242815,0.7
0.01040305347719956,0.0001215645742154691,1.2646427664965198e-06,1.5214568588551915e-10,9706.190003701455,100.97401366836603,6.942440794925853e-05,5548.534145564155,0.001214719637847007,0.001214719637847007,1.0,False,True,74.0,3739712.014110221,3205632.951562765,nan,0.004369261200831441,0.7943282347242815,0.7
0.01040305347719956,0.00012156457421546904,1.2646427664965191e-06,1.52145685885519e-10,9706.19000370145,100.97401366836597,6.942440794925849e-05,5548.534145564151,0.0012147196378470065,0.0012147196378470065,1.0,False,True,76.0,3750809.082401349,3205632.9515627655,nan,0.00436926120083144,0.7943282347242815,0.7
0.01040305347719956,0.0001215645742154691,1.2646427664965198e-06,1.5214568588551915e-10,9706.190003701455,100.97401366836603,6.942440794925853e-05,5548.534145564155,0.001214719637847007,0.001214719637847007,1.0,False,True,78.0,3761906.1506924774,3205632.951562765,nan,0.004369261200831441,0.7943282347242815,0.7
0.01040305347719956,0.00012156457421546904,1.2646427664965191e-06,1.52145685885519e-10,9706.19000370145,100.97401366836597,6.942440794925849e-05,5548.534145564151,0.0012147196378470065,0.0012147196378470065,1.0,False,True,80.0,3773003.2189836055,3205632.9515627655,nan,0.00436926120083144,0.7943282347242815,0.7
0.01040305347719956,0.0001215645742154691,1.2646427664965198e-06,1.5214568588551915e-10,9706.190003701455,100.97401366836603,6.942440794925853e-05,5548.534145564155,0.001214719637847007,0.001214719637847007,1.0,False,True,82.0,3784100.2872747337,3205632.951562765,nan,0.004369261200831441,0.7943282347242815,0.7
0.01040305347719956,0.00012156457421546904,1.2646427664965191e-06,1.52145685885519e-10,9706.19000370145,100.97401366836597,6.942440794925849e-05,5548.534145564151,0.0012147196378470065,0.0012147196378470065,1.0,False,True,84.0,3795197.355565862,3205632.9515627655,nan,0.00436926120083144,0.7943282347242815,0.7
0.01040305347719956,0.0001215645742154691,1.2646427664965198e-06,1.5214568588551915e-10,9706.190003701455,100.97401366836603,6.942440794925853e-05,5548.534145564155,0.001214719637847007,0.001214719637847007,1.0,False,True,86.0,3806294.42385699,3205632.951562765,nan,0.004369261200831441,0.7943282347242815,0.7
0.01040305347719956,0.0001215645742154691,1.2646427664965198e-06,1.5214568588551915e-10,9706.190003701455,100.97401366836603,6.942440794925853e-05,5548.534145564155,0.001214719637847007,0.001214719637847007,1.0,False,True,88.0,3817391.492148118,3205632.951562765,nan,0.004369261200831441,0.7943282347242815,0.7
0.01040305347719956,0.00012156457421546904,1.2646427664965191e-06,1.52145685885519e-10,9706.19000370145,100.97401366836597,6.942440794925849e-05,5548.534145564151,0.0012147196378470065,0.0012147196378470065,1.0,False,True,90.0,3828488.5604392462,3205632.9515627655,nan,0.00436926120083144,0.7943282347242815,0.7
0.01040305347719956,0.00012156457421546904,1.2646427664965191e-06,1.52145685885519e-10,9706.19000370145,100.97401366836597,6.942440794925849e-05,5548.534145564151,0.0012147196378470065,0.0012147196378470065,1.0,False,True,92.0,3839585.6287303744,3205632.9515627655,nan,0.00436926120083144,0.7943282347242815,0.7
0.01040305347719956,0.0001215645742154691,1.2646427664965198e-06,1.5214568588551915e-10,9706.190003701455,100.97401366836603,6.942440794925853e-05,5548.534145564155,0.001214719637847007,0.001214719637847007,1.0,False,True,94.0,3850682.6970215025,3205632.951562765,nan,0.004369261200831441,0.7943282347242815,0.7
0.01040305347719956,0.0001215645742154691,1.2646427664965198e-06,1.5214568588551915e-10,9706.190003701455,100.97401366836603,6.942440794925853e-05,5548.534145564155,0.001214719637847007,0.001214719637847007,1.0,False,True,96.0,3861779.7653126307,3205632.951562765,nan,0.004369261200831441,0.7943282347242815,0.7
0.01040305347719956,0.00012156457421546904,1.2646427664965191e-06,1.52145685885519e-10,9706.19000370145,100.97401366836597,6.942440794925849e-05,5548.534145564151,0.0012147196378470065,0.0012147196378470065,1.0,False,True,98.0,3872876.833603759,3205632.9515627655,nan,0.00436926120083144,0.7943282347242815,0.7
0.01040305347719956,0.0001215645742154691,1.2646427664965198e-06,1.5214568588551915e-10,9706.190003701455,100.97401366836603,6.942440794925853e-05,5548.534145564155,0.001214719637847007,0.001214719637847007,1.0,False,True,100.0,3883973.901894887,3205632.951562765,nan,0.004369261200831441,0.7943282347242815,0.7
0.01040305347719956,0.00012156457421546904,1.2646427664965191e-06,1.52145685885519e-10,9706.19000370145,100.97401366836597,6.942440794925849e-05,5548.534145564151,0.0012147196378470065,0.0012147196378470065,1.0,False,True,102.0,3895070.970186015,3205632.9515627655,nan,0.00436926120083144,0.7943282347242815,0.7
0.01040305347719956,0.0001215645742154691,1.2646427664965198e-06,1.5214568588551915e-10,9706.190003701455,100.97401366836603,6.942440794925853e-05,5548.534145564155,0.001214719637847007,0.001214719637847007,1.0,False,True,104.0,3906168.0384771433,3205632.951562765,nan,0.004369261200831441,0.7943282347242815,0.7
0.01040305347719956,0.0001215645742154691,1.2646427664965198e-06,1.5214568588551915e-10,9706.190003701455,100.97401366836603,6.942440794925853e-05,5548.534145564155,0.001214719637847007,0.001214719637847007,1.0,False,True,106.0,3917265.1067682714,3205632.951562765,nan,0.004369261200831441,0.7943282347242815,0.7
0.01040305347719956,0.0001215645742154691,1.2646427664965198e-06,1.5214568588551915e-10,9706.190003701455,100.97401366836603,6.942440794925853e-05,5548.534145564155,0.001214719637847007,0.001214719637847007,1.0,False,True,108.0,3928362.1750593996,3205632.951562765,nan,0.004369261200831441,0.7943282347242815,0.7
0.01040305347719956,0.0001215645742154691,1.2646427664965198e-06,1.5214568588551915e-10,9706.190003701455,100.97401366836603,6.942440794925853e-05,5548.534145564155,0.001214719637847007,0.001214719637847007,1.0,False,True,110.0,3939459.2433505277,3205632.951562765,nan,0.004369261200831441,0.7943282347242815,0.7
0.01040305347719956,0.0001215645742154691,1.2646427664965198e-06,1.5214568588551915e-10,9706.190003701455,100.97401366836603,6.942440794925853e-05,5548.534145564155,0.001214719637847007,0.001214719637847007,1.0,False,True,112.0,3950556.311641656,3205632.951562765,nan,0.004369261200831441,0.7943282347242815,0.7
0.01040305347719956,0.0001215645742154691,1.2646427664965198e-06,1.5214568588551915e-10,9706.190003701455,100.97401366836603,6.942440794925853e-05,5548.534145564155,0.001214719637847007,0.001214719637847007,1.0,False,True,114.0,3961653.379932784,3205632.951562765,nan,0.004369261200831441,0.7943282347242815,0.7
0.01040305347719956,0.00012156457421546904,1.2646427664965191e-06,1.52145685885519e-10,9706.19000370145,100.97401366836597,6.942440794925849e-05,5548.534145564151,0.0012147196378470065,0.0012147196378470065,1.0,False,True,116.0,3972750.448223912,3205632.9515627655,nan,0.00436926120083144,0.7943282347242815,0.7
0.01040305347719956,0.0001215645742154691,1.2646427664965198e-06,1.5214568588551915e-10,9706.190003701455,100.97401366836603,6.942440794925853e-05,5548.534145564155,0.001214719637847007,0.001214719637847007,1.0,False,True,118.0,3983847.5165150403,3205632.951562765,nan,0.004369261200831441,0.7943282347242815,0.7
0.01040305347719956,0.00012156457421546904,1.2646427664965191e-06,1.52145685885519e-10,9706.19000370145,100.97401366836597,6.942440794925849e-05,5548.534145564151,0.0012147196378470065,0.0012147196378470065,1.0,False,True,120.0,3994944.5848061685,3205632.9515627655,nan,0.00436926120083144,0.7943282347242815,0.7
0.01040305347719956,0.0001215645742154691,1.2646427664965198e-06,1.5214568588551915e-10,9706.190003701455,100.97401366836603,6.942440794925853e-05,5548.534145564155,0.001214719637847007,0.001214719637847007,1.0,False,True,122.0,4006041.6530972966,3205632.951562765,nan,0.004369261200831441,0.7943282347242815,0.7
0.01040305347719956,0.00012156457421546904,1.2646427664965191e-06,1.52145685885519e-10,9706.19000370145,100.97401366836597,6.942440794925849e-05,5548.534145564151,0.0012147196378470065,0.0012147196378470065,1.0,False,True,124.0,4017138.7213884247,3205632.9515627655,nan,0.00436926120083144,0.7943282347242815,0.7
0.01040305347719956,0.0001215645742154691,1.2646427664965198e-06,1.5214568588551915e-10,9706.190003701455,100.97401366836603,6.942440794925853e-05,5548.534145564155,0.001214719637847007,0.001214719637847007,1.0,False,True,126.0,4028235.789679553,3205632.951562765,nan,0.004369261200831441,0.7943282347242815,0.7
0.01040305347719956,0.0001215645742154691,1.2646427664965198e-06,1.5214568588551915e-10,9706.190003701455,100.97401366836603,6.942440794925853e-05,5548.534145564155,0.001214719637847007,0.001214719637847007,1.0,False,True,128.0,4039332.857970681,3205632.951562765,nan,0.004369261200831441,0.7943282347242815,0.7
0.01040305347719956,0.00012156457421546904,1.2646427664965191e-06,1.52145685885519e-10,9706.19000370145,100.97401366836597,6.942440794925849e-05,5548.534145564151,0.0012147196378470065,0.0012147196378470065,1.0,False,True,130.0,4050429.926261809,3205632.9515627655,nan,0.00436926120083144,0.7943282347242815,0.7
0.01040305347719956,0.0001215645742154691,1.2646427664965198e-06,1.5214568588551915e-10,9706.190003701455,100.97401366836603,6.942440794925853e-05,5548.534145564155,0.001214719637847007,0.001214719637847007,1.0,False,True,132.0,4061526.9945529373,3205632.951562765,nan,0.004369261200831441,0.7943282347242815,0.7
0.01040305347719956,0.00012156457421546904,1.2646427664965191e-06,1.52145685885519e-10,9706.19000370145,100.97401366836597,6.942440794925849e-05,5548.534145564151,0.0012147196378470065,0.0012147196378470065,1.0,False,True,134.0,4072624.0628440655,3205632.9515627655,nan,0.00436926120083144,0.7943282347242815,0.7
0.01040305347719956,0.00012156457421546904,1.2646427664965191e-06,1.52145685885519e-10,9706.19000370145,100.97401366836597,6.942440794925849e-05,5548.534145564151,0.0012147196378470065,0.0012147196378470065,1.0,False,True,136.0,4083721.1311351936,3205632.9515627655,nan,0.00436926120083144,0.7943282347242815,0.7
0.01040305347719956,0.0001215645742154691,1.2646427664965198e-06,1.5214568588551915e-10,9706.190003701455,100.97401366836603,6.942440794925853e-05,5548.534145564155,0.001214719637847007,0.001214719637847007,1.0,False,True,138.0,4094818.199426322,3205632.951562765,nan,0.004369261200831441,0.7943282347242815,0.7
0.01040305347719956,0.00012156457421546904,1.2646427664965191e-06,1.52145685885519e-10,9706.19000370145,100.97401366836597,6.942440794925849e-05,5548.534145564151,0.0012147196378470065,0.0012147196378470065,1.0,False,True,140.0,4105915.26771745,3205632.9515627655,nan,0.00436926120083144,0.7943282347242815,0.7
0.01040305347719956,0.0001215645742154691,1.2646427664965198e-06,1.5214568588551915e-10,9706.190003701455,100.97401366836603,6.942440794925853e-05,5548.534145564155,0.001214719637847007,0.001214719637847007,1.0,False,True,142.0,4117012.336008578,3205632.951562765,nan,0.004369261200831441,0.7943282347242815,0.7
0.01040305347719956,0.0001215645742154691,1.2646427664965198e-06,1.5214568588551915e-10,9706.190003701455,100.97401366836603,6.942440794925853e-05,5548.534145564155,0.001214719637847007,0.001214719637847007,1.0,False,True,144.0,4128109.404299706,3205632.951562765,nan,0.004369261200831441,0.7943282347242815,0.7
0.01040305347719956,0.0001215645742154691,1.2646427664965198e-06,1.5214568588551915e-10,9706.190003701455,100.97401366836603,6.942440794925853e-05,5548.534145564155,0.001214719637847007,0.001214719637847007,1.0,False,True,146.0,4139206.4725908344,3205632.951562765,nan,0.004369261200831441,0.7943282347242815,0.7
0.01040305347719956,0.00012156457421546904,1.2646427664965191e-06,1.52145685885519e-10,9706.19000370145,100.97401366836597,6.942440794925849e-05,5548.534145564151,0.0012147196378470065,0.0012147196378470065,1.0,False,True,148.0,4150303.5408819625,3205632.9515627655,nan,0.00436926120083144,0.7943282347242815,0.7
0.01040305347719956,0.00012156457421546904,1.2646427664965191e-06,1.52145685885519e-10,9706.19000370145,100.97401366836597,6.942440794925849e-05,5548.534145564151,0.0012147196378470065,0.0012147196378470065,1.0,False,True,150.0,4161400.6091730907,3205632.9515627655,nan,0.00436926120083144,0.7943282347242815,0.7
0.01040305347719956,0.0001215645742154691,1.2646427664965198e-06,1.5214568588551915e-10,9706.190003701455,100.97401366836603,6.942440794925853e-05,5548.534145564155,0.001214719637847007,0.001214719637847007,1.0,False,True,152.0,4172497.677464219,3205632.951562765,nan,0.004369261200831441,0.7943282347242815,0.7
0.01040305347719956,0.0001215645742154691,1.2646427664965198e-06,1.5214568588551915e-10,9706.190003701455,100.97401366836603,6.942440794925853e-05,5548.534145564155,0.001214719637847007,0.001214719637847007,1.0,False,True,154.0,4183594.745755347,3205632.951562765,nan,0.004369261200831441,0.7943282347242815,0.7
0.01040305347719956,0.00012156457421546904,1.2646427664965191e-06,1.52145685885519e-10,9706.19000370145,100.97401366836597,6.942440794925849e-05,5548.534145564151,0.0012147196378470065,0.0012147196378470065,1.0,False,True,156.0,4194691.814046475,3205632.9515627655,nan,0.00436926120083144,0.7943282347242815,0.7
0.01040305347719956,0.0001215645742154691,1.2646427664965198e-06,1.5214568588551915e-10,9706.190003701455,100.97401366836603,6.942440794925853e-05,5548.534145564155,0.001214719637847007,0.001214719637847007,1.0,False,True,158.0,4205788.882337604,3205632.951562765,nan,0.004369261200831441,0.7943282347242815,0.7
0.01040305347719956,0.0001215645742154691,1.2646427664965198e-06,1.5214568588551915e-10,9706.190003701455,100.97401366836603,6.942440794925853e-05,5548.534145564155,0.001214719637847007,0.001214719637847007,1.0,False,True,160.0,4216885.950628732,3205632.951562765,nan,0.004369261200831441,0.7943282347242815,0.7
0.01040305347719956,0.0001215645742154691,1.2646427664965198e-06,1.5214568588551915e-10,9706.190003701455,100.97401366836603,6.942440794925853e-05,5548.534145564155,0.001214719637847007,0.001214719637847007,1.0,False,True,162.0,4227983.018919861,3205632.951562765,nan,0.004369261200831441,0.7943282347242815,0.7
0.01040305347719956,0.0001215645742154691,1.2646427664965198e-06,1.5214568588551915e-10,9706.190003701455,100.97401366836603,6.942440794925853e-05,5548.534145564155,0.001214719637847007,0.001214719637847007,1.0,False,True,164.0,4239080.08721099,3205632.951562765,nan,0.004369261200831441,0.7943282347242815,0.7
0.01040305347719956,0.0001215645742154691,1.2646427664965198e-06,1.5214568588551915e-10,9706.190003701455,100.97401366836603,6.942440794925853e-05,5548.534145564155,0.001214719637847007,0.001214719637847007,1.0,False,True,166.0,4250177.155502118,3205632.951562765,nan,0.004369261200831441,0.7943282347242815,0.7
0.01040305347719956,0.00012156457421546904,1.2646427664965191e-06,1.52145685885519e-10,9706.19000370145,100.97401366836597,6.942440794925849e-05,5548.534145564151,0.0012147196378470065,0.0012147196378470065,1.0,False,True,168.0,4261274.223793247,3205632.9515627655,nan,0.00436926120083144,0.7943282347242815,0.7
0.01040305347719956,0.0001215645742154691,1.2646427664965198e-06,1.5214568588551915e-10,9706.190003701455,100.97401366836603,6.942440794925853e-05,5548.534145564155,0.001214719637847007,0.001214719637847007,1.0,False,True,170.0,4272371.292084375,3205632.951562765,nan,0.004369261200831441,0.7943282347242815,0.7
0.01040305347719956,0.0001215645742154691,1.2646427664965198e-06,1.5214568588551915e-10,9706.190003701455,100.97401366836603,6.942440794925853e-05,5548.534145564155,0.001214719637847007,0.001214719637847007,1.0,False,True,172.0,4283468.360375504,3205632.951562765,nan,0.004369261200831441,0.7943282347242815,0.7
0.01040305347719956,0.0001215645742154691,1.2646427664965198e-06,1.5214568588551915e-10,9706.190003701455,100.97401366836603,6.942440794925853e-05,5548.534145564155,0.001214719637847007,0.001214719637847007,1.0,False,True,174.0,4294565.428666633,3205632.951562765,nan,0.004369261200831441,0.7943282347242815,0.7
0.01040305347719956,0.0001215645742154691,1.2646427664965198e-06,1.5214568588551915e-10,9706.190003701455,100.97401366836603,6.942440794925853e-05,5548.534145564155,0.001214719637847007,0.001214719637847007,1.0,False,True,176.0,4305662.496957761,3205632.951562765,nan,0.004369261200831441,0.7943282347242815,0.7
0.01040305347719956,0.0001215645742154691,1.2646427664965198e-06,1.5214568588551915e-10,9706.190003701455,100.97401366836603,6.942440794925853e-05,5548.534145564155,0.001214719637847007,0.001214719637847007,1.0,False,True,178.0,4316759.56524889,3205632.951562765,nan,0.004369261200831441,0.7943282347242815,0.7
0.01040305347719956,0.00012156457421546904,1.2646427664965191e-06,1.52145685885519e-10,9706.19000370145,100.97401366836597,6.942440794925849e-05,5548.534145564151,0.0012147196378470065,0.0012147196378470065,1.0,False,True,180.0,4327856.633540018,3205632.9515627655,nan,0.00436926120083144,0.7943282347242815,0.7
0.01040305347719956,0.00012156457421546904,1.2646427664965191e-06,1.52145685885519e-10,9706.19000370145,100.97401366836597,6.942440794925849e-05,5548.534145564151,0.0012147196378470065,0.0012147196378470065,1.0,False,True,182.0,4338953.701831147,3205632.9515627655,nan,0.00436926120083144,0.7943282347242815,0.7
0.01040305347719956,0.00012156457421546904,1.2646427664965191e-06,1.52145685885519e-10,9706.19000370145,100.97401366836597,6.942440794925849e-05,5548.534145564151,0.0012147196378470065,0.0012147196378470065,1.0,False,True,184.0,4350050.770122276,3205632.9515627655,nan,0.00436926120083144,0.7943282347242815,0.7
0.01040305347719956,0.00012156457421546911,1.26464276649652e-06,1.521456858855192e-10,9706.190003701455,100.97401366836604,6.942440794925853e-05,5548.534145564155,0.0012147196378470072,0.0012147196378470072,1.0,False,True,186.0,4361147.838413404,3205632.9515627646,nan,0.004369261200831442,0.7943282347242815,0.7
0.01040305347719956,0.00012156457421546904,1.2646427664965191e-06,1.52145685885519e-10,9706.19000370145,100.97401366836597,6.942440794925849e-05,5548.534145564151,0.0012147196378470065,0.0012147196378470065,1.0,False,True,188.0,4372244.906704533,3205632.9515627655,nan,0.00436926120083144,0.7943282347242815,0.7
0.01040305347719956,0.0001215645742154691,1.2646427664965198e-06,1.5214568588551915e-10,9706.190003701455,100.97401366836603,6.942440794925853e-05,5548.534145564155,0.001214719637847007,0.001214719637847007,1.0,False,True,190.0,4383341.9749956615,3205632.951562765,nan,0.004369261200831441,0.7943282347242815,0.7
0.01040305347719956,0.0001215645742154691,1.2646427664965198e-06,1.5214568588551915e-10,9706.190003701455,100.97401366836603,6.942440794925853e-05,5548.534145564155,0.001214719637847007,0.001214719637847007,1.0,False,True,192.0,4394439.04328679,3205632.951562765,nan,0.004369261200831441,0.7943282347242815,0.7
0.01040305347719956,0.00012156457421546904,1.2646427664965191e-06,1.52145685885519e-10,9706.19000370145,100.97401366836597,6.942440794925849e-05,5548.534145564151,0.0012147196378470065,0.0012147196378470065,1.0,False,True,194.0,4405536.111577919,3205632.9515627655,nan,0.00436926120083144,0.7943282347242815,0.7
0.01040305347719956,0.00012156457421546904,1.2646427664965191e-06,1.52145685885519e-10,9706.19000370145,100.97401366836597,6.942440794925849e-05,5548.534145564151,0.0012147196378470065,0.0012147196378470065,1.0,False,True,196.0,4416633.179869047,3205632.951562766,nan,0.004369261200831439,0.7943282347242815,0.7
0.01040305347719956,0.0001215645742154691,1.2646427664965198e-06,1.5214568588551915e-10,9706.190003701455,100.97401366836603,6.942440794925853e-05,5548.534145564155,0.001214719637847007,0.001214719637847007,1.0,False,True,198.0,4427730.248160176,3205632.951562765,nan,0.004369261200831441,0.7943282347242815,0.7
0.01040305347719956,0.0001215645742154691,1.2646427664965198e-06,1.5214568588551915e-10,9706.190003701455,100.97401366836603,6.942440794925853e-05,5548.534145564155,0.001214719637847007,0.001214719637847007,1.0,False,True,200.0,4438827.316451305,3205632.951562765,nan,0.004369261200831441,0.7943282347242815,0.7
0.01040305347719956,0.0001215645742154691,1.2646427664965198e-06,1.5214568588551915e-10,9706.190003701455,100.97401366836603,6.942440794925853e-05,5548.534145564155,0.001214719637847007,0.001214719637847007,1.0,False,True,202.0,4449924.384742433,3205632.951562765,nan,0.004369261200831441,0.7943282347242815,0.7
0.01040305347719956,0.0001215645742154691,1.2646427664965198e-06,1.5214568588551915e-10,9706.190003701455,100.97401366836603,6.942440794925853e-05,5548.534145564155,0.001214719637847007,0.001214719637847007,1.0,False,True,204.0,4461021.453033562,3205632.951562765,nan,0.004369261200831441,0.7943282347242815,0.7
0.01040305347719956,0.0001215645742154691,1.2646427664965198e-06,1.5214568588551915e-10,9706.190003701455,100.97401366836603,6.942440794925853e-05,5548.534145564155,0.001214719637847007,0.001214719637847007,1.0,False,True,206.0,4472118.52132469,3205632.951562765,nan,0.004369261200831441,0.7943282347242815,0.7
0.01040305347719956,0.00012156457421546904,1.2646427664965191e-06,1.52145685885519e-10,9706.19000370145,100.97401366836597,6.942440794925849e-05,5548.534145564151,0.0012147196378470065,0.0012147196378470065,1.0,False,True,208.0,4483215.589615819,3205632.9515627655,nan,0.00436926120083144,0.7943282347242815,0.7
0.01040305347719956,0.0001215645742154691,1.2646427664965198e-06,1.5214568588551915e-10,9706.190003701455,100.97401366836603,6.942440794925853e-05,5548.534145564155,0.001214719637847007,0.001214719637847007,1.0,False,True,210.0,4494312.657906948,3205632.951562765,nan,0.004369261200831441,0.7943282347242815,0.7
0.01040305347719956,0.00012156457421546904,1.2646427664965191e-06,1.52145685885519e-10,9706.19000370145,100.97401366836597,6.942440794925849e-05,5548.534145564151,0.0012147196378470065,0.0012147196378470065,1.0,False,True,212.0,4505409.726198076,3205632.951562766,nan,0.004369261200831439,0.7943282347242815,0.7
0.01040305347719956,0.00012156457421546904,1.2646427664965191e-06,1.52145685885519e-10,9706.19000370145,100.97401366836597,6.942440794925849e-05,5548.534145564151,0.0012147196378470065,0.0012147196378470065,1.0,False,True,214.0,4516506.794489205,3205632.9515627655,nan,0.00436926120083144,0.7943282347242815,0.7
0.01040305347719956,0.0001215645742154691,1.2646427664965198e-06,1.5214568588551915e-10,9706.190003701455,100.97401366836603,6.942440794925853e-05,5548.534145564155,0.001214719637847007,0.001214719637847007,1.0,False,True,216.0,4527603.8627803335,3205632.951562765,nan,0.004369261200831441,0.7943282347242815,0.7
0.01040305347719956,0.00012156457421546904,1.2646427664965191e-06,1.52145685885519e-10,9706.19000370145,100.97401366836597,6.942440794925849e-05,5548.534145564151,0.0012147196378470065,0.0012147196378470065,1.0,False,True,218.0,4538700.931071462,3205632.9515627655,nan,0.00436926120083144,0.7943282347242815,0.7
0.01040305347719956,0.00012156457421546904,1.2646427664965191e-06,1.52145685885519e-10,9706.19000370145,100.97401366836597,6.942440794925849e-05,5548.534145564151,0.0012147196378470065,0.0012147196378470065,1.0,False,True,220.0,4549797.999362591,3205632.9515627655,nan,0.00436926120083144,0.7943282347242815,0.7
0.01040305347719956,0.00012156457421546911,1.26464276649652e-06,1.521456858855192e-10,9706.190003701455,100.97401366836604,6.942440794925853e-05,5548.534145564155,0.0012147196378470072,0.0012147196378470072,1.0,False,True,222.0,4560895.067653719,3205632.9515627646,nan,0.004369261200831442,0.7943282347242815,0.7
0.01040305347719956,0.00012156457421546904,1.2646427664965191e-06,1.52145685885519e-10,9706.19000370145,100.97401366836597,6.942440794925849e-05,5548.534145564151,0.0012147196378470065,0.0012147196378470065,1.0,False,True,224.0,4571992.135944848,3205632.9515627655,nan,0.00436926120083144,0.7943282347242815,0.7
0.01040305347719956,0.00012156457421546904,1.2646427664965191e-06,1.52145685885519e-10,9706.19000370145,100.97401366836597,6.942440794925849e-05,5548.534145564151,0.0012147196378470065,0.0012147196378470065,1.0,False,True,226.0,4583089.204235977,3205632.9515627655,nan,0.00436926120083144,0.7943282347242815,0.7
0.01040305347719956,0.0001215645742154691,1.2646427664965198e-06,1.5214568588551915e-10,9706.190003701455,100.97401366836603,6.942440794925853e-05,5548.534145564155,0.001214719637847007,0.001214719637847007,1.0,False,True,228.0,4594186.272527105,3205632.951562765,nan,0.004369261200831441,0.7943282347242815,0.7
0.01040305347719956,0.00012156457421546904,1.2646427664965191e-06,1.52145685885519e-10,9706.19000370145,100.97401366836597,6.942440794925849e-05,5548.534145564151,0.0012147196378470065,0.0012147196378470065,1.0,False,True,230.0,4605283.340818234,3205632.9515627655,nan,0.00436926120083144,0.7943282347242815,0.7
0.01040305347719956,0.0001215645742154691,1.2646427664965198e-06,1.5214568588551915e-10,9706.190003701455,100.97401366836603,6.942440794925853e-05,5548.534145564155,0.001214719637847007,0.001214719637847007,1.0,False,True,232.0,4616380.409109362,3205632.951562765,nan,0.004369261200831441,0.7943282347242815,0.7
0.01040305347719956,0.0001215645742154691,1.2646427664965198e-06,1.5214568588551915e-10,9706.190003701455,100.97401366836603,6.942440794925853e-05,5548.534145564155,0.001214719637847007,0.001214719637847007,1.0,False,True,234.0,4627477.477400491,3205632.951562765,nan,0.004369261200831441,0.7943282347242815,0.7
0.01040305347719956,0.00012156457421546911,1.26464276649652e-06,1.521456858855192e-10,9706.190003701455,100.97401366836604,6.942440794925853e-05,5548.534145564155,0.0012147196378470072,0.0012147196378470072,1.0,False,True,236.0,4638574.54569162,3205632.9515627646,nan,0.004369261200831442,0.7943282347242815,0.7
0.01040305347719956,0.00012156457421546904,1.2646427664965191e-06,1.52145685885519e-10,9706.19000370145,100.97401366836597,6.942440794925849e-05,5548.534145564151,0.0012147196378470065,0.0012147196378470065,1.0,False,True,238.0,4649671.613982748,3205632.9515627655,nan,0.00436926120083144,0.7943282347242815,0.7
0.01040305347719956,0.00012156457421546911,1.26464276649652e-06,1.521456858855192e-10,9706.190003701455,100.97401366836604,6.942440794925853e-05,5548.534145564155,0.0012147196378470072,0.0012147196378470072,1.0,False,True,240.0,4660768.682273877,3205632.9515627646,nan,0.004369261200831442,0.7943282347242815,0.7
0.01040305347719956,0.0001215645742154691,1.2646427664965198e-06,1.5214568588551915e-10,9706.190003701455,100.97401366836603,6.942440794925853e-05,5548.534145564155,0.001214719637847007,0.001214719637847007,1.0,False,True,242.0,4671865.7505650055,3205632.951562765,nan,0.004369261200831441,0.7943282347242815,0.7
0.01040305347719956,0.0001215645742154691,1.2646427664965198e-06,1.5214568588551915e-10,9706.190003701455,100.97401366836603,6.942440794925853e-05,5548.534145564155,0.001214719637847007,0.001214719637847007,1.0,False,True,244.0,4682962.818856134,3205632.951562765,nan,0.004369261200831441,0.7943282347242815,0.7
0.01040305347719956,0.0001215645742154691,1.2646427664965198e-06,1.5214568588551915e-10,9706.190003701455,100.97401366836603,6.942440794925853e-05,5548.534145564155,0.001214719637847007,0.001214719637847007,1.0,False,True,246.0,4694059.887147263,3205632.951562765,nan,0.004369261200831441,0.7943282347242815,0.7
0.01040305347719956,0.0001215645742154691,1.2646427664965198e-06,1.5214568588551915e-10,9706.190003701455,100.97401366836603,6.942440794925853e-05,5548.534145564155,0.001214719637847007,0.001214719637847007,1.0,False,True,248.0,4705156.955438391,3205632.951562765,nan,0.004369261200831441,0.7943282347242815,0.7
0.01040305347719956,0.0001215645742154691,1.2646427664965198e-06,1.5214568588551915e-10,9706.190003701455,100.97401366836603,6.942440794925853e-05,5548.534145564155,0.001214719637847007,0.001214719637847007,1.0,False,True,250.0,4716254.02372952,3205632.951562765,nan,0.004369261200831441,0.7943282347242815,0.7
0.01040305347719956,0.00012156457421546904,1.2646427664965191e-06,1.52145685885519e-10,9706.19000370145,100.97401366836597,6.942440794925849e-05,5548.534145564151,0.0012147196378470065,0.0012147196378470065,1.0,False,True,252.0,4727351.0920206485,3205632.9515627655,nan,0.00436926120083144,0.7943282347242815,0.7
0.01040305347719956,0.00012156457421546904,1.2646427664965191e-06,1.52145685885519e-10,9706.19000370145,100.97401366836597,6.942440794925849e-05,5548.534145564151,0.0012147196378470065,0.0012147196378470065,1.0,False,True,254.0,4738448.160311777,3205632.9515627655,nan,0.00436926120083144,0.7943282347242815,0.7
0.01040305347719956,0.00012156457421546904,1.2646427664965191e-06,1.52145685885519e-10,9706.19000370145,100.97401366836597,6.942440794925849e-05,5548.534145564151,0.0012147196378470065,0.0012147196378470065,1.0,False,True,256.0,4749545.228602906,3205632.9515627655,nan,0.00436926120083144,0.7943282347242815,0.7
0.01040305347719956,0.0001215645742154691,1.2646427664965198e-06,1.5214568588551915e-10,9706.190003701455,100.97401366836603,6.942440794925853e-05,5548.534145564155,0.001214719637847007,0.001214719637847007,1.0,False,True,258.0,4760642.296894034,3205632.951562765,nan,0.004369261200831441,0.7943282347242815,0.7
0.01040305347719956,0.00012156457421546904,1.2646427664965191e-06,1.52145685885519e-10,9706.19000370145,100.97401366836597,6.942440794925849e-05,5548.534145564151,0.0012147196378470065,0.0012147196378470065,1.0,False,True,260.0,4771739.365185163,3205632.9515627655,nan,0.00436926120083144,0.7943282347242815,0.7
0.01040305347719956,0.0001215645742154691,1.2646427664965198e-06,1.5214568588551915e-10,9706.190003701455,100.97401366836603,6.942440794925853e-05,5548.534145564155,0.001214719637847007,0.001214719637847007,1.0,False,True,262.0,4782836.433476292,3205632.951562765,nan,0.004369261200831441,0.7943282347242815,0.7
0.01040305347719956,0.0001215645742154691,1.2646427664965198e-06,1.5214568588551915e-10,9706.190003701455,100.97401366836603,6.942440794925853e-05,5548.534145564155,0.001214719637847007,0.001214719637847007,1.0,False,True,264.0,4793933.50176742,3205632.951562765,nan,0.004369261200831441,0.7943282347242815,0.7
0.01040305347719956,0.0001215645742154691,1.2646427664965198e-06,1.5214568588551915e-10,9706.190003701455,100.97401366836603,6.942440794925853e-05,5548.534145564155,0.001214719637847007,0.001214719637847007,1.0,False,True,266.0,4805030.570058549,3205632.951562765,nan,0.004369261200831441,0.7943282347242815,0.7
0.01040305347719956,0.0001215645742154691,1.2646427664965198e-06,1.5214568588551915e-10,9706.190003701455,100.97401366836603,6.942440794925853e-05,5548.534145564155,0.001214719637847007,0.001214719637847007,1.0,False,True,268.0,4816127.638349677,3205632.951562765,nan,0.004369261200831441,0.7943282347242815,0.7
0.01040305347719956,0.0001215645742154691,1.2646427664965198e-06,1.5214568588551915e-10,9706.190003701455,100.97401366836603,6.942440794925853e-05,5548.534145564155,0.001214719637847007,0.001214719637847007,1.0,False,True,270.0,4827224.706640806,3205632.951562765,nan,0.004369261200831441,0.7943282347242815,0.7
0.01040305347719956,0.0001215645742154691,1.2646427664965198e-06,1.5214568588551915e-10,9706.190003701455,100.97401366836603,6.942440794925853e-05,5548.534145564155,0.001214719637847007,0.001214719637847007,1.0,False,True,272.0,4838321.774931935,3205632.951562765,nan,0.004369261200831441,0.7943282347242815,0.7
0.010403053477199558,0.00012156457421546915,1.2646427664965202e-06,1.5214568588551928e-10,9706.190003701458,100.97401366836606,6.942440794925855e-05,5548.5341455641565,0.0012147196378470076,0.0012147196378470076,1.0,False,True,274.0,4849418.843223063,3205632.951562764,nan,0.004369261200831444,0.7943282347242815,0.7
0.01040305347719956,0.0001215645742154691,1.2646427664965198e-06,1.5214568588551915e-10,9706.190003701455,100.97401366836603,6.942440794925853e-05,5548.534145564155,0.001214719637847007,0.001214719637847007,1.0,False,True,276.0,4860515.911514192,3205632.951562765,nan,0.004369261200831441,0.7943282347242815,0.7
0.01040305347719956,0.0001215645742154691,1.2646427664965198e-06,1.5214568588551915e-10,9706.190003701455,100.97401366836603,6.942440794925853e-05,5548.534145564155,0.001214719637847007,0.001214719637847007,1.0,False,True,278.0,4871612.9798053205,3205632.951562765,nan,0.004369261200831441,0.7943282347242815,0.7
0.01040305347719956,0.00012156457421546904,1.2646427664965191e-06,1.52145685885519e-10,9706.19000370145,100.97401366836597,6.942440794925849e-05,5548.534145564151,0.0012147196378470065,0.0012147196378470065,1.0,False,True,280.0,4882710.048096449,3205632.9515627655,nan,0.00436926120083144,0.7943282347242815,0.7
0.01040305347719956,0.0001215645742154691,1.2646427664965198e-06,1.5214568588551915e-10,9706.190003701455,100.97401366836603,6.942440794925853e-05,5548.534145564155,0.001214719637847007,0.001214719637847007,1.0,False,True,282.0,4893807.116387578,3205632.951562765,nan,0.004369261200831441,0.7943282347242815,0.7
0.01040305347719956,0.00012156457421546904,1.2646427664965191e-06,1.52145685885519e-10,9706.19000370145,100.97401366836597,6.942440794925849e-05,5548.534145564151,0.0012147196378470065,0.0012147196378470065,1.0,False,True,284.0,4904904.184678706,3205632.9515627655,nan,0.00436926120083144,0.7943282347242815,0.7
0.01040305347719956,0.00012156457421546904,1.2646427664965191e-06,1.52145685885519e-10,9706.19000370145,100.97401366836597,6.942440794925849e-05,5548.534145564151,0.0012147196378470065,0.0012147196378470065,1.0,False,True,286.0,4916001.252969835,3205632.951562766,nan,0.004369261200831439,0.7943282347242815,0.7
0.01040305347719956,0.00012156457421546904,1.2646427664965191e-06,1.52145685885519e-10,9706.19000370145,100.97401366836597,6.942440794925849e-05,5548.534145564151,0.0012147196378470065,0.0012147196378470065,1.0,False,True,288.0,4927098.321260964,3205632.951562766,nan,0.004369261200831439,0.7943282347242815,0.7
0.01040305347719956,0.00012156457421546904,1.2646427664965191e-06,1.52145685885519e-10,9706.19000370145,100.97401366836597,6.942440794925849e-05,5548.534145564151,0.0012147196378470065,0.0012147196378470065,1.0,False,True,290.0,4938195.389552092,3205632.9515627655,nan,0.00436926120083144,0.7943282347242815,0.7
0.01040305347719956,0.00012156457421546904,1.2646427664965191e-06,1.52145685885519e-10,9706.19000370145,100.97401366836597,6.942440794925849e-05,5548.534145564151,0.0012147196378470065,0.0012147196378470065,1.0,False,True,292.0,4949292.457843221,3205632.9515627655,nan,0.00436926120083144,0.7943282347242815,0.7
0.01040305347719956,0.0001215645742154691,1.2646427664965198e-06,1.5214568588551915e-10,9706.190003701455,100.97401366836603,6.942440794925853e-05,5548.534145564155,0.001214719637847007,0.001214719637847007,1.0,False,True,294.0,4960389.526134349,3205632.951562765,nan,0.004369261200831441,0.7943282347242815,0.7
0.01040305347719956,0.00012156457421546911,1.26464276649652e-06,1.521456858855192e-10,9706.190003701455,100.97401366836604,6.942440794925853e-05,5548.534145564155,0.0012147196378470072,0.0012147196378470072,1.0,False,True,296.0,4971486.594425478,3205632.9515627646,nan,0.004369261200831442,0.7943282347242815,0.7
0.01040305347719956,0.0001215645742154691,1.2646427664965198e-06,1.5214568588551915e-10,9706.190003701455,100.97401366836603,6.942440794925853e-05,5548.534145564155,0.001214719637847007,0.001214719637847007,1.0,False,True,298.0,4982583.662716607,3205632.951562765,nan,0.004369261200831441,0.7943282347242815,0.7
0.010403053477199558,0.00012156457421546915,1.2646427664965202e-06,1.5214568588551928e-10,9706.190003701458,100.97401366836606,6.942440794925855e-05,5548.5341455641565,0.0012147196378470076,0.0012147196378470076,1.0,False,True,300.0,4993680.731007735,3205632.951562764,nan,0.004369261200831444,0.7943282347242815,0.7
0.01040305347719956,0.0001215645742154691,1.2646427664965198e-06,1.5214568588551915e-10,9706.190003701455,100.97401366836603,6.942440794925853e-05,5548.534145564155,0.001214719637847007,0.001214719637847007,1.0,False,True,302.0,5004777.799298864,3205632.951562765,nan,0.004369261200831441,0.7943282347242815,0.7
0.01040305347719956,0.0001215645742154691,1.2646427664965198e-06,1.5214568588551915e-10,9706.190003701455,100.97401366836603,6.942440794925853e-05,5548.534145564155,0.001214719637847007,0.001214719637847007,1.0,False,True,304.0,5015874.8675899925,3205632.951562765,nan,0.004369261200831441,0.7943282347242815,0.7
0.01040305347719956,0.0001215645742154691,1.2646427664965198e-06,1.5214568588551915e-10,9706.190003701455,100.97401366836603,6.942440794925853e-05,5548.534145564155,0.001214719637847007,0.001214719637847007,1.0,False,True,306.0,5026971.935881121,3205632.951562765,nan,0.004369261200831441,0.7943282347242815,0.7
0.01040305347719956,0.0001215645742154691,1.2646427664965198e-06,1.5214568588551915e-10,9706.190003701455,100.97401366836603,6.942440794925853e-05,5548.534145564155,0.001214719637847007,0.001214719637847007,1.0,False,True,308.0,5038069.00417225,3205632.951562765,nan,0.004369261200831441,0.7943282347242815,0.7
0.01040305347719956,0.0001215645742154691,1.2646427664965198e-06,1.5214568588551915e-10,9706.190003701455,100.97401366836603,6.942440794925853e-05,5548.534145564155,0.001214719637847007,0.001214719637847007,1.0,False,True,310.0,5049166.072463378,3205632.951562765,nan,0.004369261200831441,0.7943282347242815,0.7
0.01040305347719956,0.00012156457421546904,1.2646427664965191e-06,1.52145685885519e-10,9706.19000370145,100.97401366836597,6.942440794925849e-05,5548.534145564151,0.0012147196378470065,0.0012147196378470065,1.0,False,True,312.0,5060263.140754507,3205632.9515627655,nan,0.00436926120083144,0.7943282347242815,0.7
0.01040305347719956,0.0001215645742154691,1.2646427664965198e-06,1.5214568588551915e-10,9706.190003701455,100.97401366836603,6.942440794925853e-05,5548.534145564155,0.001214719637847007,0.001214719637847007,1.0,False,True,314.0,5071360.209045636,3205632.951562765,nan,0.004369261200831441,0.7943282347242815,0.7
0.01040305347719956,0.00012156457421546904,1.2646427664965191e-06,1.52145685885519e-10,9706.19000370145,100.97401366836597,6.942440794925849e-05,5548.534145564151,0.0012147196378470065,0.0012147196378470065,1.0,False,True,316.0,5082457.277336764,3205632.9515627655,nan,0.00436926120083144,0.7943282347242815,0.7
0.01040305347719956,0.00012156457421546904,1.2646427664965191e-06,1.52145685885519e-10,9706.19000370145,100.97401366836597,6.942440794925849e-05,5548.534145564151,0.0012147196378470065,0.0012147196378470065,1.0,False,True,318.0,5093554.345627893,3205632.9515627655,nan,0.00436926120083144,0.7943282347242815,0.7
0.01040305347719956,0.00012156457421546904,1.2646427664965191e-06,1.52145685885519e-10,9706.19000370145,100.97401366836597,6.942440794925849e-05,5548.534145564151,0.0012147196378470065,0.0012147196378470065,1.0,False,True,320.0,5104651.413919021,3205632.9515627655,nan,0.00436926120083144,0.7943282347242815,0.7
0.01040305347719956,0.00012156457421546904,1.2646427664965191e-06,1.52145685885519e-10,9706.19000370145,100.97401366836597,6.942440794925849e-05,5548.534145564151,0.0012147196378470065,0.0012147196378470065,1.0,False,True,322.0,5115748.48221015,3205632.9515627655,nan,0.00436926120083144,0.7943282347242815,0.7
0.01040305347719956,0.0001215645742154691,1.2646427664965198e-06,1.5214568588551915e-10,9706.190003701455,100.97401366836603,6.942440794925853e-05,5548.534145564155,0.001214719637847007,0.001214719637847007,1.0,False,True,324.0,5126845.550501279,3205632.951562765,nan,0.004369261200831441,0.7943282347242815,0.7
0.01040305347719956,0.0001215645742154691,1.2646427664965198e-06,1.5214568588551915e-10,9706.190003701455,100.97401366836603,6.942440794925853e-05,5548.534145564155,0.001214719637847007,0.001214719637847007,1.0,False,True,326.0,5137942.618792407,3205632.951562765,nan,0.004369261200831441,0.7943282347242815,0.7
0.01040305347719956,0.0001215645742154691,1.2646427664965198e-06,1.5214568588551915e-10,9706.190003701455,100.97401366836603,6.942440794925853e-05,5548.534145564155,0.001214719637847007,0.001214719637847007,1.0,False,True,328.0,5149039.687083536,3205632.951562765,nan,0.004369261200831441,0.7943282347242815,0.7
0.01040305347719956,0.0001215645742154691,1.2646427664965198e-06,1.5214568588551915e-10,9706.190003701455,100.97401366836603,6.942440794925853e-05,5548.534145564155,0.001214719637847007,0.001214719637847007,1.0,False,True,330.0,5160136.755374664,3205632.951562765,nan,0.004369261200831441,0.7943282347242815,0.7
0.01040305347719956,0.0001215645742154691,1.2646427664965198e-06,1.5214568588551915e-10,9706.190003701455,100.97401366836603,6.942440794925853e-05,5548.534145564155,0.001214719637847007,0.001214719637847007,1.0,False,True,332.0,5171233.823665793,3205632.951562765,nan,0.004369261200831441,0.7943282347242815,0.7
0.01040305347719956,0.0001215645742154691,1.2646427664965198e-06,1.5214568588551915e-10,9706.190003701455,100.97401366836603,6.942440794925853e-05,5548.534145564155,0.001214719637847007,0.001214719637847007,1.0,False,True,334.0,5182330.891956922,3205632.951562765,nan,0.004369261200831441,0.7943282347242815,0.7
0.01040305347719956,0.0001215645742154691,1.2646427664965198e-06,1.5214568588551915e-10,9706.190003701455,100.97401366836603,6.942440794925853e-05,5548.534145564155,0.001214719637847007,0.001214719637847007,1.0,False,True,336.0,5193427.96024805,3205632.951562765,nan,0.004369261200831441,0.7943282347242815,0.7
0.01040305347719956,0.00012156457421546911,1.26464276649652e-06,1.521456858855192e-10,9706.190003701455,100.97401366836604,6.942440794925853e-05,5548.534145564155,0.0012147196378470072,0.0012147196378470072,1.0,False,True,338.0,5204525.028539179,3205632.9515627646,nan,0.004369261200831442,0.7943282347242815,0.7
0.01040305347719956,0.00012156457421546904,1.2646427664965191e-06,1.52145685885519e-10,9706.19000370145,100.97401366836597,6.942440794925849e-05,5548.534145564151,0.0012147196378470065,0.0012147196378470065,1.0,False,True,340.0,5215622.0968303075,3205632.9515627655,nan,0.00436926120083144,0.7943282347242815,0.7
0.01040305347719956,0.0001215645742154691,1.2646427664965198e-06,1.5214568588551915e-10,9706.190003701455,100.97401366836603,6.942440794925853e-05,5548.534145564155,0.001214719637847007,0.001214719637847007,1.0,False,True,342.0,5226719.165121436,3205632.951562765,nan,0.004369261200831441,0.7943282347242815,0.7
0.01040305347719956,0.00012156457421546911,1.26464276649652e-06,1.521456858855192e-10,9706.190003701455,100.97401366836604,6.942440794925853e-05,5548.534145564155,0.0012147196378470072,0.0012147196378470072,1.0,False,True,344.0,5237816.233412565,3205632.9515627646,nan,0.004369261200831442,0.7943282347242815,0.7
0.01040305347719956,0.00012156457421546904,1.2646427664965191e-06,1.52145685885519e-10,9706.19000370145,100.97401366836597,6.942440794925849e-05,5548.534145564151,0.0012147196378470065,0.0012147196378470065,1.0,False,True,346.0,5248913.301703693,3205632.9515627655,nan,0.00436926120083144,0.7943282347242815,0.7
0.01040305347719956,0.0001215645742154691,1.2646427664965198e-06,1.5214568588551915e-10,9706.190003701455,100.97401366836603,6.942440794925853e-05,5548.534145564155,0.001214719637847007,0.001214719637847007,1.0,False,True,348.0,5260010.369994822,3205632.951562765,nan,0.004369261200831441,0.7943282347242815,0.7
0.01040305347719956,0.00012156457421546904,1.2646427664965191e-06,1.52145685885519e-10,9706.19000370145,100.97401366836597,6.942440794925849e-05,5548.534145564151,0.0012147196378470065,0.0012147196378470065,1.0,False,True,350.0,5271107.438285951,3205632.9515627655,nan,0.00436926120083144,0.7943282347242815,0.7
0.01040305347719956,0.00012156457421546904,1.2646427664965191e-06,1.52145685885519e-10,9706.19000370145,100.97401366836597,6.942440794925849e-05,5548.534145564151,0.0012147196378470065,0.0012147196378470065,1.0,False,True,352.0,5282204.506577079,3205632.9515627655,nan,0.00436926120083144,0.7943282347242815,0.7
0.01040305347719956,0.0001215645742154691,1.2646427664965198e-06,1.5214568588551915e-10,9706.190003701455,100.97401366836603,6.942440794925853e-05,5548.534145564155,0.001214719637847007,0.001214719637847007,1.0,False,True,354.0,5293301.574868208,3205632.951562765,nan,0.004369261200831441,0.7943282347242815,0.7
0.01040305347719956,0.0001215645742154691,1.2646427664965198e-06,1.5214568588551915e-10,9706.190003701455,100.97401366836603,6.942440794925853e-05,5548.534145564155,0.001214719637847007,0.001214719637847007,1.0,False,True,356.0,5304398.643159336,3205632.951562765,nan,0.004369261200831441,0.7943282347242815,0.7
0.01040305347719956,0.0001215645742154691,1.2646427664965198e-06,1.5214568588551915e-10,9706.190003701455,100.97401366836603,6.942440794925853e-05,5548.534145564155,0.001214719637847007,0.001214719637847007,1.0,False,True,358.0,5315495.711450465,3205632.951562765,nan,0.004369261200831441,0.7943282347242815,0.7
0.01040305347719956,0.0001215645742154691,1.2646427664965198e-06,1.5214568588551915e-10,9706.190003701455,100.97401366836603,6.942440794925853e-05,5548.534145564155,0.001214719637847007,0.001214719637847007,1.0,False,True,360.0,5326592.779741594,3205632.951562765,nan,0.004369261200831441,0.7943282347242815,0.7
0.01040305347719956,0.00012156457421546911,1.26464276649652e-06,1.521456858855192e-10,9706.190003701455,100.97401366836604,6.942440794925853e-05,5548.534145564155,0.0012147196378470072,0.0012147196378470072,1.0,False,True,362.0,5337689.848032722,3205632.9515627646,nan,0.004369261200831442,0.7943282347242815,0.7
0.01040305347719956,0.0001215645742154691,1.2646427664965198e-06,1.5214568588551915e-10,9706.190003701455,100.97401366836603,6.942440794925853e-05,5548.534145564155,0.001214719637847007,0.001214719637847007,1.0,False,True,364.0,5348786.916323851,3205632.951562765,nan,0.004369261200831441,0.7943282347242815,0.7
0.01040305347719956,0.0001215645742154691,1.2646427664965198e-06,1.5214568588551915e-10,9706.190003701455,100.97401366836603,6.942440794925853e-05,5548.534145564155,0.001214719637847007,0.001214719637847007,1.0,False,True,366.0,5359883.9846149795,3205632.951562765,nan,0.004369261200831441,0.7943282347242815,0.7
0.01040305347719956,0.0001215645742154691,1.2646427664965198e-06,1.5214568588551915e-10,9706.190003701455,100.97401366836603,6.942440794925853e-05,5548.534145564155,0.001214719637847007,0.001214719637847007,1.0,False,True,368.0,5370981.052906108,3205632.951562765,nan,0.004369261200831441,0.7943282347242815,0.7
0.01040305347719956,0.00012156457421546904,1.2646427664965191e-06,1.52145685885519e-10,9706.19000370145,100.97401366836597,6.942440794925849e-05,5548.534145564151,0.0012147196378470065,0.0012147196378470065,1.0,False,True,370.0,5382078.121197237,3205632.9515627655,nan,0.00436926120083144,0.7943282347242815,0.7
0.01040305347719956,0.00012156457421546904,1.2646427664965191e-06,1.52145685885519e-10,9706.19000370145,100.97401366836597,6.942440794925849e-05,5548.534145564151,0.0012147196378470065,0.0012147196378470065,1.0,False,True,372.0,5393175.189488365,3205632.9515627655,nan,0.00436926120083144,0.7943282347242815,0.7
0.01040305347719956,0.00012156457421546904,1.2646427664965191e-06,1.52145685885519e-10,9706.19000370145,100.97401366836597,6.942440794925849e-05,5548.534145564151,0.0012147196378470065,0.0012147196378470065,1.0,False,True,374.0,5404272.257779494,3205632.9515627655,nan,0.00436926120083144,0.7943282347242815,0.7
0.010403053477199558,0.00012156457421546915,1.2646427664965202e-06,1.5214568588551928e-10,9706.190003701458,100.97401366836606,6.942440794925855e-05,5548.5341455641565,0.0012147196378470076,0.0012147196378470076,1.0,False,True,376.0,5415369.326070623,3205632.951562764,nan,0.004369261200831444,0.7943282347242815,0.7
0.01040305347719956,0.00012156457421546904,1.2646427664965191e-06,1.52145685885519e-10,9706.19000370145,100.97401366836597,6.942440794925849e-05,5548.534145564151,0.0012147196378470065,0.0012147196378470065,1.0,False,True,378.0,5426466.394361751,3205632.951562766,nan,0.004369261200831439,0.7943282347242815,0.7
0.01040305347719956,0.00012156457421546899,1.2646427664965187e-06,1.521456858855189e-10,9706.190003701446,100.97401366836594,6.942440794925846e-05,5548.534145564149,0.0012147196378470059,0.0012147196378470059,1.0,False,True,380.0,5437563.46265288,3205632.9515627665,nan,0.004369261200831438,0.7943282347242815,0.7
0.01040305347719956,0.00012156457421546899,1.2646427664965187e-06,1.521456858855189e-10,9706.190003701446,100.97401366836594,6.942440794925846e-05,5548.534145564149,0.0012147196378470059,0.0012147196378470059,1.0,False,True,382.0,5448660.530944008,3205632.9515627665,nan,0.004369261200831438,0.7943282347242815,0.7
0.01040305347719956,0.0001215645742154691,1.2646427664965198e-06,1.5214568588551915e-10,9706.190003701455,100.97401366836603,6.942440794925853e-05,5548.534145564155,0.001214719637847007,0.001214719637847007,1.0,False,True,384.0,5459757.599235137,3205632.951562765,nan,0.004369261200831441,0.7943282347242815,0.7
0.01040305347719956,0.00012156457421546904,1.2646427664965191e-06,1.52145685885519e-10,9706.19000370145,100.97401366836597,6.942440794925849e-05,5548.534145564151,0.0012147196378470065,0.0012147196378470065,1.0,False,True,386.0,5470854.667526266,3205632.951562766,nan,0.004369261200831439,0.7943282347242815,0.7
0.01040305347719956,0.0001215645742154691,1.2646427664965198e-06,1.5214568588551915e-10,9706.190003701455,100.97401366836603,6.942440794925853e-05,5548.534145564155,0.001214719637847007,0.001214719637847007,1.0,False,True,388.0,5481951.735817394,3205632.951562765,nan,0.004369261200831441,0.7943282347242815,0.7
0.01040305347719956,0.00012156457421546904,1.2646427664965191e-06,1.52145685885519e-10,9706.19000370145,100.97401366836597,6.942440794925849e-05,5548.534145564151,0.0012147196378470065,0.0012147196378470065,1.0,False,True,390.0,5493048.804108523,3205632.9515627655,nan,0.00436926120083144,0.7943282347242815,0.7
0.01040305347719956,0.0001215645742154691,1.2646427664965198e-06,1.5214568588551915e-10,9706.190003701455,100.97401366836603,6.942440794925853e-05,5548.534145564155,0.001214719637847007,0.001214719637847007,1.0,False,True,392.0,5504145.872399651,3205632.951562765,nan,0.004369261200831441,0.7943282347242815,0.7
0.01040305347719956,0.00012156457421546911,1.26464276649652e-06,1.521456858855192e-10,9706.190003701455,100.97401366836604,6.942440794925853e-05,5548.534145564155,0.0012147196378470072,0.0012147196378470072,1.0,False,True,394.0,5515242.94069078,3205632.9515627646,nan,0.004369261200831442,0.7943282347242815,0.7
0.01040305347719956,0.00012156457421546911,1.26464276649652e-06,1.521456858855192e-10,9706.190003701455,100.97401366836604,6.942440794925853e-05,5548.534145564155,0.0012147196378470072,0.0012147196378470072,1.0,False,True,396.0,5526340.008981909,3205632.9515627646,nan,0.004369261200831442,0.7943282347242815,0.7
0.01040305347719956,0.0001215645742154691,1.2646427664965198e-06,1.5214568588551915e-10,9706.190003701455,100.97401366836603,6.942440794925853e-05,5548.534145564155,0.001214719637847007,0.001214719637847007,1.0,False,True,398.0,5537437.077273037,3205632.951562765,nan,0.004369261200831441,0.7943282347242815,0.7
0.01040305347719956,0.0001215645742154691,1.2646427664965198e-06,1.5214568588551915e-10,9706.190003701455,100.97401366836603,6.942440794925853e-05,5548.534145564155,0.001214719637847007,0.001214719637847007,1.0,False,True,400.0,5548534.145564166,3205632.951562765,nan,0.004369261200831441,0.7943282347242815,0.7
0.01040305347719956,0.0001215645742154691,1.2646427664965198e-06,1.5214568588551915e-10,9706.190003701455,100.97401366836603,6.942440794925853e-05,5548.534145564155,0.001214719637847007,0.001214719637847007,1.0,False,True,402.0,5559631.2138552945,3205632.951562765,nan,0.004369261200831441,0.7943282347242815,0.7
0.01040305347719956,0.0001215645742154691,1.2646427664965198e-06,1.5214568588551915e-10,9706.190003701455,100.97401366836603,6.942440794925853e-05,5548.534145564155,0.001214719637847007,0.001214719637847007,1.0,False,True,404.0,5570728.282146423,3205632.951562765,nan,0.004369261200831441,0.7943282347242815,0.7
0.01040305347719956,0.00012156457421546904,1.2646427664965191e-06,1.52145685885519e-10,9706.19000370145,100.97401366836597,6.942440794925849e-05,5548.534145564151,0.0012147196378470065,0.0012147196378470065,1.0,False,True,406.0,5581825.350437552,3205632.9515627655,nan,0.00436926120083144,0.7943282347242815,0.7
0.01040305347719956,0.00012156457421546904,1.2646427664965191e-06,1.52145685885519e-10,9706.19000370145,100.97401366836597,6.942440794925849e-05,5548.534145564151,0.0012147196378470065,0.0012147196378470065,1.0,False,True,408.0,5592922.41872868,3205632.9515627655,nan,0.00436926120083144,0.7943282347242815,0.7
0.01040305347719956,0.00012156457421546899,1.2646427664965187e-06,1.521456858855189e-10,9706.190003701446,100.97401366836594,6.942440794925846e-05,5548.534145564149,0.0012147196378470059,0.0012147196378470059,1.0,False,True,410.0,5604019.487019809,3205632.9515627665,nan,0.004369261200831438,0.7943282347242815,0.7
0.01040305347719956,0.00012156457421546899,1.2646427664965187e-06,1.521456858855189e-10,9706.190003701446,100.97401366836594,6.942440794925846e-05,5548.534145564149,0.0012147196378470059,0.0012147196378470059,1.0,False,True,412.0,5615116.555310938,3205632.9515627665,nan,0.004369261200831438,0.7943282347242815,0.7
0.01040305347719956,0.00012156457421546904,1.2646427664965191e-06,1.52145685885519e-10,9706.19000370145,100.97401366836597,6.942440794925849e-05,5548.534145564151,0.0012147196378470065,0.0012147196378470065,1.0,False,True,414.0,5626213.623602066,3205632.951562766,nan,0.004369261200831439,0.7943282347242815,0.7
0.01040305347719956,0.00012156457421546904,1.2646427664965191e-06,1.52145685885519e-10,9706.19000370145,100.97401366836597,6.942440794925849e-05,5548.534145564151,0.0012147196378470065,0.0012147196378470065,1.0,False,True,416.0,5637310.691893195,3205632.9515627655,nan,0.00436926120083144,0.7943282347242815,0.7
0.01040305347719956,0.00012156457421546904,1.2646427664965191e-06,1.52145685885519e-10,9706.19000370145,100.97401366836597,6.942440794925849e-05,5548.534145564151,0.0012147196378470065,0.0012147196378470065,1.0,False,True,418.0,5648407.760184323,3205632.9515627655,nan,0.00436926120083144,0.7943282347242815,0.7
0.01040305347719956,0.0001215645742154691,1.2646427664965198e-06,1.5214568588551915e-10,9706.190003701455,100.97401366836603,6.942440794925853e-05,5548.534145564155,0.001214719637847007,0.001214719637847007,1.0,False,True,420.0,5659504.828475452,3205632.951562765,nan,0.004369261200831441,0.7943282347242815,0.7
0.01040305347719956,0.0001215645742154691,1.2646427664965198e-06,1.5214568588551915e-10,9706.190003701455,100.97401366836603,6.942440794925853e-05,5548.534145564155,0.001214719637847007,0.001214719637847007,1.0,False,True,422.0,5670601.896766581,3205632.951562765,nan,0.004369261200831441,0.7943282347242815,0.7
0.01040305347719956,0.0001215645742154691,1.2646427664965198e-06,1.5214568588551915e-10,9706.190003701455,100.97401366836603,6.942440794925853e-05,5548.534145564155,0.001214719637847007,0.001214719637847007,1.0,False,True,424.0,5681698.965057709,3205632.951562765,nan,0.004369261200831441,0.7943282347242815,0.7
0.01040305347719956,0.00012156457421546911,1.26464276649652e-06,1.521456858855192e-10,9706.190003701455,100.97401366836604,6.942440794925853e-05,5548.534145564155,0.0012147196378470072,0.0012147196378470072,1.0,False,True,426.0,5692796.033348838,3205632.9515627646,nan,0.004369261200831442,0.7943282347242815,0.7
0.01040305347719956,0.00012156457421546904,1.2646427664965191e-06,1.52145685885519e-10,9706.19000370145,100.97401366836597,6.942440794925849e-05,5548.534145564151,0.0012147196378470065,0.0012147196378470065,1.0,False,True,428.0,5703893.1016399665,3205632.9515627655,nan,0.00436926120083144,0.7943282347242815,0.7
0.01040305347719956,0.0001215645742154691,1.2646427664965198e-06,1.5214568588551915e-10,9706.190003701455,100.97401366836603,6.942440794925853e-05,5548.534145564155,0.001214719637847007,0.001214719637847007,1.0,False,True,430.0,5714990.169931095,3205632.951562765,nan,0.004369261200831441,0.7943282347242815,0.7
0.01040305347719956,0.00012156457421546904,1.2646427664965191e-06,1.52145685885519e-10,9706.19000370145,100.97401366836597,6.942440794925849e-05,5548.534145564151,0.0012147196378470065,0.0012147196378470065,1.0,False,True,432.0,5726087.238222224,3205632.9515627655,nan,0.00436926120083144,0.7943282347242815,0.7
0.01040305347719956,0.0001215645742154691,1.2646427664965198e-06,1.5214568588551915e-10,9706.190003701455,100.97401366836603,6.942440794925853e-05,5548.534145564155,0.001214719637847007,0.001214719637847007,1.0,False,True,434.0,5737184.306513352,3205632.951562765,nan,0.004369261200831441,0.7943282347242815,0.7
0.01040305347719956,0.00012156457421546904,1.2646427664965191e-06,1.52145685885519e-10,9706.19000370145,100.97401366836597,6.942440794925849e-05,5548.534145564151,0.0012147196378470065,0.0012147196378470065,1.0,False,True,436.0,5748281.374804481,3205632.9515627655,nan,0.00436926120083144,0.7943282347242815,0.7
0.01040305347719956,0.0001215645742154691,1.2646427664965198e-06,1.5214568588551915e-10,9706.190003701455,100.97401366836603,6.942440794925853e-05,5548.534145564155,0.001214719637847007,0.001214719637847007,1.0,False,True,438.0,5759378.44309561,3205632.951562765,nan,0.004369261200831441,0.7943282347242815,0.7
0.01040305347719956,0.00012156457421546904,1.2646427664965191e-06,1.52145685885519e-10,9706.19000370145,100.97401366836597,6.942440794925849e-05,5548.534145564151,0.0012147196378470065,0.0012147196378470065,1.0,False,True,440.0,5770475.511386738,3205632.9515627655,nan,0.00436926120083144,0.7943282347242815,0.7
0.01040305347719956,0.00012156457421546904,1.2646427664965191e-06,1.52145685885519e-10,9706.19000370145,100.97401366836597,6.942440794925849e-05,5548.534145564151,0.0012147196378470065,0.0012147196378470065,1.0,False,True,442.0,5781572.579677867,3205632.951562766,nan,0.004369261200831439,0.7943282347242815,0.7
0.01040305347719956,0.00012156457421546904,1.2646427664965191e-06,1.52145685885519e-10,9706.19000370145,100.97401366836597,6.942440794925849e-05,5548.534145564151,0.0012147196378470065,0.0012147196378470065,1.0,False,True,444.0,5792669.647968995,3205632.9515627655,nan,0.00436926120083144,0.7943282347242815,0.7
0.01040305347719956,0.00012156457421546904,1.2646427664965191e-06,1.52145685885519e-10,9706.19000370145,100.97401366836597,6.942440794925849e-05,5548.534145564151,0.0012147196378470065,0.0012147196378470065,1.0,False,True,446.0,5803766.716260124,3205632.9515627655,nan,0.00436926120083144,0.7943282347242815,0.7
0.01040305347719956,0.00012156457421546904,1.2646427664965191e-06,1.52145685885519e-10,9706.19000370145,100.97401366836597,6.942440794925849e-05,5548.534145564151,0.0012147196378470065,0.0012147196378470065,1.0,False,True,448.0,5814863.784551253,3205632.9515627655,nan,0.00436926120083144,0.7943282347242815,0.7
0.01040305347719956,0.00012156457421546904,1.2646427664965191e-06,1.52145685885519e-10,9706.19000370145,100.97401366836597,6.942440794925849e-05,5548.534145564151,0.0012147196378470065,0.0012147196378470065,1.0,False,True,450.0,5825960.852842381,3205632.951562766,nan,0.004369261200831439,0.7943282347242815,0.7
0.01040305347719956,0.00012156457421546911,1.26464276649652e-06,1.521456858855192e-10,9706.190003701455,100.97401366836604,6.942440794925853e-05,5548.534145564155,0.0012147196378470072,0.0012147196378470072,1.0,False,True,452.0,5837057.92113351,3205632.9515627646,nan,0.004369261200831442,0.7943282347242815,0.7
0.010403053477199558,0.00012156457421546915,1.2646427664965202e-06,1.5214568588551928e-10,9706.190003701458,100.97401366836606,6.942440794925855e-05,5548.5341455641565,0.0012147196378470076,0.0012147196378470076,1.0,False,True,454.0,5848154.989424638,3205632.951562764,nan,0.004369261200831444,0.7943282347242815,0.7
0.01040305347719956,0.00012156457421546904,1.2646427664965191e-06,1.52145685885519e-10,9706.19000370145,100.97401366836597,6.942440794925849e-05,5548.534145564151,0.0012147196378470065,0.0012147196378470065,1.0,False,True,456.0,5859252.057715767,3205632.9515627655,nan,0.00436926120083144,0.7943282347242815,0.7
0.01040305347719956,0.00012156457421546904,1.2646427664965191e-06,1.52145685885519e-10,9706.19000370145,100.97401366836597,6.942440794925849e-05,5548.534145564151,0.0012147196378470065,0.0012147196378470065,1.0,False,True,458.0,5870349.126006896,3205632.9515627655,nan,0.00436926120083144,0.7943282347242815,0.7
0.01040305347719956,0.0001215645742154691,1.2646427664965198e-06,1.5214568588551915e-10,9706.190003701455,100.97401366836603,6.942440794925853e-05,5548.534145564155,0.001214719637847007,0.001214719637847007,1.0,False,True,460.0,5881446.194298024,3205632.951562765,nan,0.004369261200831441,0.7943282347242815,0.7
0.010403053477199558,0.00012156457421546915,1.2646427664965202e-06,1.5214568588551928e-10,9706.190003701458,100.97401366836606,6.942440794925855e-05,5548.5341455641565,0.0012147196378470076,0.0012147196378470076,1.0,False,True,462.0,5892543.262589153,3205632.951562764,nan,0.004369261200831444,0.7943282347242815,0.7
0.01040305347719956,0.00012156457421546904,1.2646427664965191e-06,1.52145685885519e-10,9706.19000370145,100.97401366836597,6.942440794925849e-05,5548.534145564151,0.0012147196378470065,0.0012147196378470065,1.0,False,True,464.0,5903640.3308802815,3205632.9515627655,nan,0.00436926120083144,0.7943282347242815,0.7
0.01040305347719956,0.00012156457421546904,1.2646427664965191e-06,1.52145685885519e-10,9706.19000370145,100.97401366836597,6.942440794925849e-05,5548.534145564151,0.0012147196378470065,0.0012147196378470065,1.0,False,True,466.0,5914737.39917141,3205632.9515627655,nan,0.00436926120083144,0.7943282347242815,0.7
0.01040305347719956,0.0001215645742154691,1.2646427664965198e-06,1.5214568588551915e-10,9706.190003701455,100.97401366836603,6.942440794925853e-05,5548.534145564155,0.001214719637847007,0.001214719637847007,1.0,False,True,468.0,5925834.467462539,3205632.951562765,nan,0.004369261200831441,0.7943282347242815,0.7
0.01040305347719956,0.0001215645742154691,1.2646427664965198e-06,1.5214568588551915e-10,9706.190003701455,100.97401366836603,6.942440794925853e-05,5548.534145564155,0.001214719637847007,0.001214719637847007,1.0,False,True,470.0,5936931.535753667,3205632.951562765,nan,0.004369261200831441,0.7943282347242815,0.7
0.01040305347719956,0.0001215645742154691,1.2646427664965198e-06,1.5214568588551915e-10,9706.190003701455,100.97401366836603,6.942440794925853e-05,5548.534145564155,0.001214719637847007,0.001214719637847007,1.0,False,True,472.0,5948028.604044796,3205632.951562765,nan,0.004369261200831441,0.7943282347242815,0.7
0.01040305347719956,0.00012156457421546911,1.26464276649652e-06,1.521456858855192e-10,9706.190003701455,100.97401366836604,6.942440794925853e-05,5548.534145564155,0.0012147196378470072,0.0012147196378470072,1.0,False,True,474.0,5959125.672335925,3205632.9515627646,nan,0.004369261200831442,0.7943282347242815,0.7
0.01040305347719956,0.0001215645742154691,1.2646427664965198e-06,1.5214568588551915e-10,9706.190003701455,100.97401366836603,6.942440794925853e-05,5548.534145564155,0.001214719637847007,0.001214719637847007,1.0,False,True,476.0,5970222.740627053,3205632.951562765,nan,0.004369261200831441,0.7943282347242815,0.7
0.01040305347719956,0.00012156457421546911,1.26464276649652e-06,1.521456858855192e-10,9706.190003701455,100.97401366836604,6.942440794925853e-05,5548.534145564155,0.0012147196378470072,0.0012147196378470072,1.0,False,True,478.0,5981319.808918182,3205632.9515627646,nan,0.004369261200831442,0.7943282347242815,0.7
0.01040305347719956,0.0001215645742154691,1.2646427664965198e-06,1.5214568588551915e-10,9706.190003701455,100.97401366836603,6.942440794925853e-05,5548.534145564155,0.001214719637847007,0.001214719637847007,1.0,False,True,480.0,5992416.87720931,3205632.951562765,nan,0.004369261200831441,0.7943282347242815,0.7
0.01040305347719956,0.0001215645742154691,1.2646427664965198e-06,1.5214568588551915e-10,9706.190003701455,100.97401366836603,6.942440794925853e-05,5548.534145564155,0.001214719637847007,0.001214719637847007,1.0,False,True,482.0,6003513.945500439,3205632.951562765,nan,0.004369261200831441,0.7943282347242815,0.7
0.01040305347719956,0.00012156457421546904,1.2646427664965191e-06,1.52145685885519e-10,9706.19000370145,100.97401366836597,6.942440794925849e-05,5548.534145564151,0.0012147196378470065,0.0012147196378470065,1.0,False,True,484.0,6014611.013791568,3205632.951562766,nan,0.004369261200831439,0.7943282347242815,0.7
0.01040305347719956,0.00012156457421546904,1.2646427664965191e-06,1.52145685885519e-10,9706.19000370145,100.97401366836597,6.942440794925849e-05,5548.534145564151,0.0012147196378470065,0.0012147196378470065,1.0,False,True,486.0,6025708.082082696,3205632.9515627655,nan,0.00436926120083144,0.7943282347242815,0.7
0.01040305347719956,0.00012156457421546904,1.2646427664965191e-06,1.52145685885519e-10,9706.19000370145,100.97401366836597,6.942440794925849e-05,5548.534145564151,0.0012147196378470065,0.0012147196378470065,1.0,False,True,488.0,6036805.150373825,3205632.9515627655,nan,0.00436926120083144,0.7943282347242815,0.7
0.01040305347719956,0.0001215645742154691,1.2646427664965198e-06,1.5214568588551915e-10,9706.190003701455,100.97401366836603,6.942440794925853e-05,5548.534145564155,0.001214719637847007,0.001214719637847007,1.0,False,True,490.0,6047902.2186649535,3205632.951562765,nan,0.004369261200831441,0.7943282347242815,0.7
0.01040305347719956,0.0001215645742154691,1.2646427664965198e-06,1.5214568588551915e-10,9706.190003701455,100.97401366836603,6.942440794925853e-05,5548.534145564155,0.001214719637847007,0.001214719637847007,1.0,False,True,492.0,6058999.286956082,3205632.951562765,nan,0.004369261200831441,0.7943282347242815,0.7
0.01040305347719956,0.0001215645742154691,1.2646427664965198e-06,1.5214568588551915e-10,9706.190003701455,100.97401366836603,6.942440794925853e-05,5548.534145564155,0.001214719637847007,0.001214719637847007,1.0,False,True,494.0,6070096.355247211,3205632.951562765,nan,0.004369261200831441,0.7943282347242815,0.7
0.01040305347719956,0.0001215645742154691,1.2646427664965198e-06,1.5214568588551915e-10,9706.190003701455,100.97401366836603,6.942440794925853e-05,5548.534145564155,0.001214719637847007,0.001214719637847007,1.0,False,True,496.0,6081193.423538339,3205632.951562765,nan,0.004369261200831441,0.7943282347242815,0.7
0.01040305347719956,0.0001215645742154691,1.2646427664965198e-06,1.5214568588551915e-10,9706.190003701455,100.97401366836603,6.942440794925853e-05,5548.534145564155,0.001214719637847007,0.001214719637847007,1.0,False,True,498.0,6092290.491829468,3205632.951562765,nan,0.004369261200831441,0.7943282347242815,0.7
0.01040305347719956,0.0001215645742154691,1.2646427664965198e-06,1.5214568588551915e-10,9706.190003701455,100.97401366836603,6.942440794925853e-05,5548.534145564155,0.001214719637847007,0.001214719637847007,1.0,False,True,500.0,6103387.560120597,3205632.951562765,nan,0.004369261200831441,0.7943282347242815,0.7
0.01040305347719956,0.0001215645742154691,1.2646427664965198e-06,1.5214568588551915e-10,9706.190003701455,100.97401366836603,6.942440794925853e-05,5548.534145564155,0.001214719637847007,0.001214719637847007,1.0,False,True,502.0,6114484.628411725,3205632.951562765,nan,0.004369261200831441,0.7943282347242815,0.7
0.01040305347719956,0.0001215645742154691,1.2646427664965198e-06,1.5214568588551915e-10,9706.190003701455,100.97401366836603,6.942440794925853e-05,5548.534145564155,0.001214719637847007,0.001214719637847007,1.0,False,True,504.0,6125581.696702854,3205632.951562765,nan,0.004369261200831441,0.7943282347242815,0.7
0.01040305347719956,0.0001215645742154691,1.2646427664965198e-06,1.5214568588551915e-10,9706.190003701455,100.97401366836603,6.942440794925853e-05,5548.534145564155,0.001214719637847007,0.001214719637847007,1.0,False,True,506.0,6136678.764993982,3205632.951562765,nan,0.004369261200831441,0.7943282347242815,0.7
0.01040305347719956,0.00012156457421546904,1.2646427664965191e-06,1.52145685885519e-10,9706.19000370145,100.97401366836597,6.942440794925849e-05,5548.534145564151,0.0012147196378470065,0.0012147196378470065,1.0,False,True,508.0,6147775.833285111,3205632.9515627655,nan,0.00436926120083144,0.7943282347242815,0.7
0.01040305347719956,0.0001215645742154691,1.2646427664965198e-06,1.5214568588551915e-10,9706.190003701455,100.97401366836603,6.942440794925853e-05,5548.534145564155,0.001214719637847007,0.001214719637847007,1.0,False,True,510.0,6158872.90157624,3205632.951562765,nan,0.004369261200831441,0.7943282347242815,0.7
0.01040305347719956,0.00012156457421546904,1.2646427664965191e-06,1.52145685885519e-10,9706.19000370145,100.97401366836597,6.942440794925849e-05,5548.534145564151,0.0012147196378470065,0.0012147196378470065,1.0,False,True,512.0,6169969.969867368,3205632.9515627655,nan,0.00436926120083144,0.7943282347242815,0.7
0.01040305347719956,0.0001215645742154691,1.2646427664965198e-06,1.5214568588551915e-10,9706.190003701455,100.97401366836603,6.942440794925853e-05,5548.534145564155,0.001214719637847007,0.001214719637847007,1.0,False,True,514.0,6181067.038158497,3205632.951562765,nan,0.004369261200831441,0.7943282347242815,0.7
0.01040305347719956,0.0001215645742154691,1.2646427664965198e-06,1.5214568588551915e-10,9706.190003701455,100.97401366836603,6.942440794925853e-05,5548.534145564155,0.001214719637847007,0.001214719637847007,1.0,False,True,516.0,6192164.106449625,3205632.951562765,nan,0.004369261200831441,0.7943282347242815,0.7
0.01040305347719956,0.00012156457421546904,1.2646427664965191e-06,1.52145685885519e-10,9706.19000370145,100.97401366836597,6.942440794925849e-05,5548.534145564151,0.0012147196378470065,0.0012147196378470065,1.0,False,True,518.0,6203261.174740754,3205632.9515627655,nan,0.00436926120083144,0.7943282347242815,0.7
0.01040305347719956,0.00012156457421546904,1.2646427664965191e-06,1.52145685885519e-10,9706.19000370145,100.97401366836597,6.942440794925849e-05,5548.534145564151,0.0012147196378470065,0.0012147196378470065,1.0,False,True,520.0,6214358.243031883,3205632.9515627655,nan,0.00436926120083144,0.7943282347242815,0.7
0.01040305347719956,0.0001215645742154691,1.2646427664965198e-06,1.5214568588551915e-10,9706.190003701455,100.97401366836603,6.942440794925853e-05,5548.534145564155,0.001214719637847007,0.001214719637847007,1.0,False,True,522.0,6225455.311323011,3205632.951562765,nan,0.004369261200831441,0.7943282347242815,0.7
0.01040305347719956,0.00012156457421546904,1.2646427664965191e-06,1.52145685885519e-10,9706.19000370145,100.97401366836597,6.942440794925849e-05,5548.534145564151,0.0012147196378470065,0.0012147196378470065,1.0,False,True,524.0,6236552.37961414,3205632.9515627655,nan,0.00436926120083144,0.7943282347242815,0.7
0.01040305347719956,0.00012156457421546904,1.2646427664965191e-06,1.52145685885519e-10,9706.19000370145,100.97401366836597,6.942440794925849e-05,5548.534145564151,0.0012147196378470065,0.0012147196378470065,1.0,False,True,526.0,6247649.4479052685,3205632.9515627655,nan,0.00436926120083144,0.7943282347242815,0.7
0.01040305347719956,0.0001215645742154691,1.2646427664965198e-06,1.5214568588551915e-10,9706.190003701455,100.97401366836603,6.942440794925853e-05,5548.534145564155,0.001214719637847007,0.001214719637847007,1.0,False,True,528.0,6258746.516196397,3205632.951562765,nan,0.004369261200831441,0.7943282347242815,0.7
0.01040305347719956,0.00012156457421546904,1.2646427664965191e-06,1.52145685885519e-10,9706.19000370145,100.97401366836597,6.942440794925849e-05,5548.534145564151,0.0012147196378470065,0.0012147196378470065,1.0,False,True,530.0,6269843.584487526,3205632.9515627655,nan,0.00436926120083144,0.7943282347242815,0.7
0.01040305347719956,0.0001215645742154691,1.2646427664965198e-06,1.5214568588551915e-10,9706.190003701455,100.97401366836603,6.942440794925853e-05,5548.534145564155,0.001214719637847007,0.001214719637847007,1.0,False,True,532.0,6280940.652778654,3205632.951562765,nan,0.004369261200831441,0.7943282347242815,0.7
0.01040305347719956,0.00012156457421546904,1.2646427664965191e-06,1.52145685885519e-10,9706.19000370145,100.97401366836597,6.942440794925849e-05,5548.534145564151,0.0012147196378470065,0.0012147196378470065,1.0,False,True,534.0,6292037.721069783,3205632.9515627655,nan,0.00436926120083144,0.7943282347242815,0.7
0.01040305347719956,0.0001215645742154691,1.2646427664965198e-06,1.5214568588551915e-10,9706.190003701455,100.97401366836603,6.942440794925853e-05,5548.534145564155,0.001214719637847007,0.001214719637847007,1.0,False,True,536.0,6303134.789360912,3205632.951562765,nan,0.004369261200831441,0.7943282347242815,0.7
0.01040305347719956,0.0001215645742154691,1.2646427664965198e-06,1.5214568588551915e-10,9706.190003701455,100.97401366836603,6.942440794925853e-05,5548.534145564155,0.001214719637847007,0.001214719637847007,1.0,False,True,538.0,6314231.85765204,3205632.951562765,nan,0.004369261200831441,0.7943282347242815,0.7
0.01040305347719956,0.00012156457421546904,1.2646427664965191e-06,1.52145685885519e-10,9706.19000370145,100.97401366836597,6.942440794925849e-05,5548.534145564151,0.0012147196378470065,0.0012147196378470065,1.0,False,True,540.0,6325328.925943169,3205632.9515627655,nan,0.00436926120083144,0.7943282347242815,0.7
0.01040305347719956,0.00012156457421546904,1.2646427664965191e-06,1.52145685885519e-10,9706.19000370145,100.97401366836597,6.942440794925849e-05,5548.534145564151,0.0012147196378470065,0.0012147196378470065,1.0,False,True,542.0,6336425.994234297,3205632.9515627655,nan,0.00436926120083144,0.7943282347242815,0.7
0.01040305347719956,0.00012156457421546904,1.2646427664965191e-06,1.52145685885519e-10,9706.19000370145,100.97401366836597,6.942440794925849e-05,5548.534145564151,0.0012147196378470065,0.0012147196378470065,1.0,False,True,544.0,6347523.062525426,3205632.9515627655,nan,0.00436926120083144,0.7943282347242815,0.7
0.01040305347719956,0.0001215645742154691,1.2646427664965198e-06,1.5214568588551915e-10,9706.190003701455,100.97401366836603,6.942440794925853e-05,5548.534145564155,0.001214719637847007,0.001214719637847007,1.0,False,True,546.0,6358620.130816555,3205632.951562765,nan,0.004369261200831441,0.7943282347242815,0.7
0.01040305347719956,0.00012156457421546904,1.2646427664965191e-06,1.52145685885519e-10,9706.19000370145,100.97401366836597,6.942440794925849e-05,5548.534145564151,0.0012147196378470065,0.0012147196378470065,1.0,False,True,548.0,6369717.199107683,3205632.9515627655,nan,0.00436926120083144,0.7943282347242815,0.7
0.01040305347719956,0.00012156457421546904,1.2646427664965191e-06,1.52145685885519e-10,9706.19000370145,100.97401366836597,6.942440794925849e-05,5548.534145564151,0.0012147196378470065,0.0012147196378470065,1.0,False,True,550.0,6380814.267398812,3205632.9515627655,nan,0.00436926120083144,0.7943282347242815,0.7
0.01040305347719956,0.00012156457421546911,1.26464276649652e-06,1.521456858855192e-10,9706.190003701455,100.97401366836604,6.942440794925853e-05,5548.534145564155,0.0012147196378470072,0.0012147196378470072,1.0,False,True,552.0,6391911.3356899405,3205632.9515627646,nan,0.004369261200831442,0.7943282347242815,0.7
0.01040305347719956,0.0001215645742154691,1.2646427664965198e-06,1.5214568588551915e-10,9706.190003701455,100.97401366836603,6.942440794925853e-05,5548.534145564155,0.001214719637847007,0.001214719637847007,1.0,False,True,554.0,6403008.403981069,3205632.951562765,nan,0.004369261200831441,0.7943282347242815,0.7
0.01040305347719956,0.0001215645742154691,1.2646427664965198e-06,1.5214568588551915e-10,9706.190003701455,100.97401366836603,6.942440794925853e-05,5548.534145564155,0.001214719637847007,0.001214719637847007,1.0,False,True,556.0,6414105.472272198,3205632.951562765,nan,0.004369261200831441,0.7943282347242815,0.7
0.01040305347719956,0.00012156457421546899,1.2646427664965187e-06,1.521456858855189e-10,9706.190003701446,100.97401366836594,6.942440794925846e-05,5548.534145564149,0.0012147196378470059,0.0012147196378470059,1.0,False,True,558.0,6425202.540563326,3205632.9515627665,nan,0.004369261200831438,0.7943282347242815,0.7
0.01040305347719956,0.00012156457421546904,1.2646427664965191e-06,1.52145685885519e-10,9706.19000370145,100.97401366836597,6.942440794925849e-05,5548.534145564151,0.0012147196378470065,0.0012147196378470065,1.0,False,True,560.0,6436299.608854455,3205632.951562766,nan,0.004369261200831439,0.7943282347242815,0.7
0.01040305347719956,0.0001215645742154691,1.2646427664965198e-06,1.5214568588551915e-10,9706.190003701455,100.97401366836603,6.942440794925853e-05,5548.534145564155,0.001214719637847007,0.001214719637847007,1.0,False,True,562.0,6447396.677145584,3205632.951562765,nan,0.004369261200831441,0.7943282347242815,0.7
0.01040305347719956,0.0001215645742154691,1.2646427664965198e-06,1.5214568588551915e-10,9706.190003701455,100.97401366836603,6.942440794925853e-05,5548.534145564155,0.001214719637847007,0.001214719637847007,1.0,False,True,564.0,6458493.745436712,3205632.951562765,nan,0.004369261200831441,0.7943282347242815,0.7
0.01040305347719956,0.00012156457421546904,1.2646427664965191e-06,1.52145685885519e-10,9706.19000370145,100.97401366836597,6.942440794925849e-05,5548.534145564151,0.0012147196378470065,0.0012147196378470065,1.0,False,True,566.0,6469590.813727841,3205632.951562766,nan,0.004369261200831439,0.7943282347242815,0.7
0.01040305347719956,0.0001215645742154691,1.2646427664965198e-06,1.5214568588551915e-10,9706.190003701455,100.97401366836603,6.942440794925853e-05,5548.534145564155,0.001214719637847007,0.001214719637847007,1.0,False,True,568.0,6480687.882018969,3205632.951562765,nan,0.004369261200831441,0.7943282347242815,0.7
0.01040305347719956,0.00012156457421546904,1.2646427664965191e-06,1.52145685885519e-10,9706.19000370145,100.97401366836597,6.942440794925849e-05,5548.534145564151,0.0012147196378470065,0.0012147196378470065,1.0,False,True,570.0,6491784.950310098,3205632.951562766,nan,0.004369261200831439,0.7943282347242815,0.7
0.01040305347719956,0.0001215645742154691,1.2646427664965198e-06,1.5214568588551915e-10,9706.190003701455,100.97401366836603,6.942440794925853e-05,5548.534145564155,0.001214719637847007,0.001214719637847007,1.0,False,True,572.0,6502882.018601227,3205632.951562765,nan,0.004369261200831441,0.7943282347242815,0.7
0.01040305347719956,0.0001215645742154691,1.2646427664965198e-06,1.5214568588551915e-10,9706.190003701455,100.97401366836603,6.942440794925853e-05,5548.534145564155,0.001214719637847007,0.001214719637847007,1.0,False,True,574.0,6513979.086892355,3205632.951562765,nan,0.004369261200831441,0.7943282347242815,0.7
0.01040305347719956,0.0001215645742154691,1.2646427664965198e-06,1.5214568588551915e-10,9706.190003701455,100.97401366836603,6.942440794925853e-05,5548.534145564155,0.001214719637847007,0.001214719637847007,1.0,False,True,576.0,6525076.155183484,3205632.951562765,nan,0.004369261200831441,0.7943282347242815,0.7
0.010403053477199558,0.00012156457421546915,1.2646427664965202e-06,1.5214568588551928e-10,9706.190003701458,100.97401366836606,6.942440794925855e-05,5548.5341455641565,0.0012147196378470076,0.0012147196378470076,1.0,False,True,578.0,6536173.223474612,3205632.951562764,nan,0.004369261200831444,0.7943282347242815,0.7
0.01040305347719956,0.0001215645742154691,1.2646427664965198e-06,1.5214568588551915e-10,9706.190003701455,100.97401366836603,6.942440794925853e-05,5548.534145564155,0.001214719637847007,0.001214719637847007,1.0,False,True,580.0,6547270.291765741,3205632.951562765,nan,0.004369261200831441,0.7943282347242815,0.7
0.01040305347719956,0.0001215645742154691,1.2646427664965198e-06,1.5214568588551915e-10,9706.190003701455,100.97401366836603,6.942440794925853e-05,5548.534145564155,0.001214719637847007,0.001214719637847007,1.0,False,True,582.0,6558367.36005687,3205632.951562765,nan,0.004369261200831441,0.7943282347242815,0.7
0.01040305347719956,0.0001215645742154691,1.2646427664965198e-06,1.5214568588551915e-10,9706.190003701455,100.97401366836603,6.942440794925853e-05,5548.534145564155,0.001214719637847007,0.001214719637847007,1.0,False,True,584.0,6569464.428347998,3205632.951562765,nan,0.004369261200831441,0.7943282347242815,0.7
0.01040305347719956,0.0001215645742154691,1.2646427664965198e-06,1.5214568588551915e-10,9706.190003701455,100.97401366836603,6.942440794925853e-05,5548.534145564155,0.001214719637847007,0.001214719637847007,1.0,False,True,586.0,6580561.496639127,3205632.951562765,nan,0.004369261200831441,0.7943282347242815,0.7
0.01040305347719956,0.0001215645742154691,1.2646427664965198e-06,1.5214568588551915e-10,9706.190003701455,100.97401366836603,6.942440794925853e-05,5548.534145564155,0.001214719637847007,0.001214719637847007,1.0,False,True,588.0,6591658.5649302555,3205632.951562765,nan,0.004369261200831441,0.7943282347242815,0.7
0.01040305347719956,0.00012156457421546904,1.2646427664965191e-06,1.52145685885519e-10,9706.19000370145,100.97401366836597,6.942440794925849e-05,5548.534145564151,0.0012147196378470065,0.0012147196378470065,1.0,False,True,590.0,6602755.633221384,3205632.9515627655,nan,0.00436926120083144,0.7943282347242815,0.7
0.01040305347719956,0.00012156457421546904,1.2646427664965191e-06,1.52145685885519e-10,9706.19000370145,100.97401366836597,6.942440794925849e-05,5548.534145564151,0.0012147196378470065,0.0012147196378470065,1.0,False,True,592.0,6613852.701512513,3205632.951562766,nan,0.004369261200831439,0.7943282347242815,0.7
0.01040305347719956,0.00012156457421546904,1.2646427664965191e-06,1.52145685885519e-10,9706.19000370145,100.97401366836597,6.942440794925849e-05,5548.534145564151,0.0012147196378470065,0.0012147196378470065,1.0,False,True,594.0,6624949.769803641,3205632.9515627655,nan,0.00436926120083144,0.7943282347242815,0.7
0.01040305347719956,0.0001215645742154691,1.2646427664965198e-06,1.5214568588551915e-10,9706.190003701455,100.97401366836603,6.942440794925853e-05,5548.534145564155,0.001214719637847007,0.001214719637847007,1.0,False,True,596.0,6636046.83809477,3205632.951562765,nan,0.004369261200831441,0.7943282347242815,0.7
0.01040305347719956,0.00012156457421546904,1.2646427664965191e-06,1.52145685885519e-10,9706.19000370145,100.97401366836597,6.942440794925849e-05,5548.534145564151,0.0012147196378470065,0.0012147196378470065,1.0,False,True,598.0,6647143.906385899,3205632.9515627655,nan,0.00436926120083144,0.7943282347242815,0.7
0.01040305347719956,0.00012156457421546904,1.2646427664965191e-06,1.52145685885519e-10,9706.19000370145,100.97401366836597,6.942440794925849e-05,5548.534145564151,0.0012147196378470065,0.0012147196378470065,1.0,False,True,600.0,6658240.974677027,3205632.9515627655,nan,0.00436926120083144,0.7943282347242815,0.7
