qber,gain,error_gain,double_click_gain,detection_rate_hz,error_rate_hz,rate_bits_per_pulse,rate_bits_per_second,eta_total_baseline,eta_total_faded,fading_factor,clipped,visible,time_s,cumulative_rate_integral_bits,distance_m,elevation_deg,atmospheric_path_m,eta_atmospheric,eta_geometric,eta_pointing,eta_optical
nan,0.0,0.0,0.0,0.0,0.0,0.0,0.0,0.0,0.0,1.0,False,False,-600.0,0.0,4348697.350471533,-12.814763156879218,505212.8264405012,8.868940383288782e-06,0.00026435872677546015,0.7943282347242815,0.7
nan,0.0,0.0,0.0,0.0,0.0,0.0,0.0,0.0,0.0,1.0,False,False,-598.0,0.0,4334922.209273118,-12.728943130327584,505212.8264405012,8.868940383288782e-06,0.00026604128276611636,0.7943282347242815,0.7
nan,0.0,0.0,0.0,0.0,0.0,0.0,0.0,0.0,0.0,1.0,False,False,-596.0,0.0,4321142.40264336,-12.642980855945373,505212.8264405012,8.868940383288782e-06,0.0002677405307328824,0.7943282347242815,0.7
nan,0.0,0.0,0.0,0.0,0.0,0.0,0.0,0.0,0.0,1.0,False,False,-594.0,0.0,4307357.953861325,-12.556874920014437,505212.8264405012,8.868940383288782e-06,0.0002694566908718331,0.7943282347242815,0.7
nan,0.0,0.0,0.0,0.0,0.0,0.0,0.0,0.0,0.0,1.0,False,False,-592.0,0.0,4293568.886295434,-12.4706238901329,505212.8264405012,8.868940383288782e-06,0.00027118998700643857,0.7943282347242815,0.7
nan,0.0,0.0,0.0,0.0,0.0,0.0,0.0,0.0,0.0,1.0,False,False,-590.0,0.0,4279775.223404823,-12.384226314906735,505212.8264405012,8.868940383288782e-06,0.000272940646659163,0.7943282347242815,0.7
nan,0.0,0.0,0.0,0.0,0.0,0.0,0.0,0.0,0.0,1.0,False,False,-588.0,0.0,4265976.988740728,-12.297680723635343,505212.8264405012,8.868940383288782e-06,0.00027470890112470987,0.7943282347242815,0.7
nan,0.0,0.0,0.0,0.0,0.0,0.0,0.0,0.0,0.0,1.0,False,False,-586.0,0.0,4252174.205947894,-12.210985625990789,505212.8264405012,8.868940383288782e-06,0.00027649498554495685,0.7943282347242815,0.7
nan,0.0,0.0,0.0,0.0,0.0,0.0,0.0,0.0,0.0,1.0,False,False,-584.0,0.0,4238366.898766014,-12.124139511690798,505212.8264405012,8.868940383288782e-06,0.000278299138985624,0.7943282347242815,0.7
nan,0.0,0.0,0.0,0.0,0.0,0.0,0.0,0.0,0.0,1.0,False,False,-582.0,0.0,4224555.091031205,-12.037140850165054,505212.8264405012,8.868940383288782e-06,0.00028012160451472087,0.7943282347242815,0.7
nan,0.0,0.0,0.0,0.0,0.0,0.0,0.0,0.0,0.0,1.0,False,False,-580.0,0.0,4210738.806677498,-11.949988090214989,505212.8264405012,8.868940383288782e-06,0.00028196262928282205,0.7943282347242815,0.7
nan,0.0,0.0,0.0,0.0,0.0,0.0,0.0,0.0,0.0,1.0,False,False,-578.0,0.0,4196918.069738383,-11.862679659666572,505212.8264405012,8.868940383288782e-06,0.0002838224646052141,0.7943282347242815,0.7
nan,0.0,0.0,0.0,0.0,0.0,0.0,0.0,0.0,0.0,1.0,False,False,-576.0,0.0,4183092.9043483576,-11.7752139650162,505212.8264405012,8.868940383288782e-06,0.00028570136604597225,0.7943282347242815,0.7
nan,0.0,0.0,0.0,0.0,0.0,0.0,0.0,0.0,0.0,1.0,False,False,-574.0,0.0,4169263.334744527,-11.687589391069404,505212.8264405012,8.868940383288782e-06,0.00028759959350400965,0.7943282347242815,0.7
nan,0.0,0.0,0.0,0.0,0.0,0.0,0.0,0.0,0.0,1.0,False,False,-572.0,0.0,4155429.385268236,-11.599804300572234,505212.8264405012,8.868940383288782e-06,0.00028951741130115713,0.7943282347242815,0.7
nan,0.0,0.0,0.0,0.0,0.0,0.0,0.0,0.0,0.0,1.0,False,False,-570.0,0.0,4141591.0803667204,-11.511857033835042,505212.8264405012,8.868940383288782e-06,0.0002914550882723286,0.7943282347242815,0.7
nan,0.0,0.0,0.0,0.0,0.0,0.0,0.0,0.0,0.0,1.0,False,False,-568.0,0.0,4127748.444594815,-11.423745908348808,505212.8264405012,8.868940383288782e-06,0.00029341289785782395,0.7943282347242815,0.7
nan,0.0,0.0,0.0,0.0,0.0,0.0,0.0,0.0,0.0,1.0,False,False,-566.0,0.0,4113901.502616675,-11.335469218393266,505212.8264405012,8.868940383288782e-06,0.00029539111819783253,0.7943282347242815,0.7
nan,0.0,0.0,0.0,0.0,0.0,0.0,0.0,0.0,0.0,1.0,False,False,-564.0,0.0,4100050.2792075532,-11.247025234637363,505212.8264405012,8.868940383288782e-06,0.0002973900322291923,0.7943282347242815,0.7
nan,0.0,0.0,0.0,0.0,0.0,0.0,0.0,0.0,0.0,1.0,False,False,-562.0,0.0,4086194.799255597,-11.158412203731102,505212.8264405012,8.868940383288782e-06,0.00029940992778447077,0.7943282347242815,0.7
nan,0.0,0.0,0.0,0.0,0.0,0.0,0.0,0.0,0.0,1.0,False,False,-560.0,0.0,4072335.0877636974,-11.069628347889223,505212.8264405012,8.868940383288782e-06,0.0003014510976934265,0.7943282347242815,0.7
nan,0.0,0.0,0.0,0.0,0.0,0.0,0.0,0.0,0.0,1.0,False,False,-558.0,0.0,4058471.1698513683,-10.980671864466101,505212.8264405012,8.868940383288782e-06,0.00030351383988692004,0.7943282347242815,0.7
nan,0.0,0.0,0.0,0.0,0.0,0.0,0.0,0.0,0.0,1.0,False,False,-556.0,0.0,4044603.0707566706,-10.891540925521769,505212.8264405012,8.868940383288782e-06,0.0003055984575033398,0.7943282347242815,0.7
nan,0.0,0.0,0.0,0.0,0.0,0.0,0.0,0.0,0.0,1.0,False,False,-554.0,0.0,4030730.8158381768,-10.802233677378961,505212.8264405012,8.868940383288782e-06,0.0003077052589976123,0.7943282347242815,0.7
nan,0.0,0.0,0.0,0.0,0.0,0.0,0.0,0.0,0.0,1.0,False,False,-552.0,0.0,4016854.4305769736,-10.712748240170784,505212.8264405012,8.868940383288782e-06,0.00030983455825287046,0.7943282347242815,0.7
nan,0.0,0.0,0.0,0.0,0.0,0.0,0.0,0.0,0.0,1.0,False,False,-550.0,0.0,4002973.9405787117,-10.623082707378897,505212.8264405012,8.868940383288782e-06,0.0003119866746948503,0.7943282347242815,0.7
nan,0.0,0.0,0.0,0.0,0.0,0.0,0.0,0.0,0.0,1.0,False,False,-548.0,0.0,3989089.371575702,-10.533235145361997,505212.8264405012,8.868940383288782e-06,0.0003141619334090943,0.7943282347242815,0.7
nan,0.0,0.0,0.0,0.0,0.0,0.0,0.0,0.0,0.0,1.0,False,False,-546.0,0.0,3975200.7494290466,-10.443203592874177,505212.8264405012,8.868940383288782e-06,0.000316360665261041,0.7943282347242815,0.7
nan,0.0,0.0,0.0,0.0,0.0,0.0,0.0,0.0,0.0,1.0,False,False,-544.0,0.0,3961308.100130827,-10.352986060573166,505212.8264405012,8.868940383288782e-06,0.00031858320701907896,0.7943282347242815,0.7
nan,0.0,0.0,0.0,0.0,0.0,0.0,0.0,0.0,0.0,1.0,False,False,-542.0,0.0,3947411.449806339,-10.262580530517994,505212.8264405012,8.868940383288782e-06,0.00032082990148064937,0.7943282347242815,0.7
nan,0.0,0.0,0.0,0.0,0.0,0.0,0.0,0.0,0.0,1.0,False,False,-540.0,0.0,3933510.8247163654,-10.171984955656013,505212.8264405012,8.868940383288782e-06,0.0003231010976014865,0.7943282347242815,0.7
nan,0.0,0.0,0.0,0.0,0.0,0.0,0.0,0.0,0.0,1.0,False,False,-538.0,0.0,3919606.251259513,-10.081197259298785,505212.8264405012,8.868940383288782e-06,0.0003253971506280795,0.7943282347242815,0.7
nan,0.0,0.0,0.0,0.0,0.0,0.0,0.0,0.0,0.0,1.0,False,False,-536.0,0.0,3905697.7559745912,-9.990215334586686,505212.8264405012,8.868940383288782e-06,0.0003277184222334514,0.7943282347242815,0.7
nan,0.0,0.0,0.0,0.0,0.0,0.0,0.0,0.0,0.0,1.0,False,False,-534.0,0.0,3891785.365543047,-9.899037043942032,505212.8264405012,8.868940383288782e-06,0.0003300652806563491,0.7943282347242815,0.7
nan,0.0,0.0,0.0,0.0,0.0,0.0,0.0,0.0,0.0,1.0,False,False,-532.0,0.0,3877869.106791453,-9.80766021851018,505212.8264405012,8.868940383288782e-06,0.0003324381008439396,0.7943282347242815,0.7
nan,0.0,0.0,0.0,0.0,0.0,0.0,0.0,0.0,0.0,1.0,False,False,-530.0,0.0,3863949.0066940463,-9.716082657588624,505212.8264405012,8.868940383288782e-06,0.00033483726459811804,0.7943282347242815,0.7
nan,0.0,0.0,0.0,0.0,0.0,0.0,0.0,0.0,0.0,1.0,False,False,-528.0,0.0,3850025.092375336,-9.62430212804346,505212.8264405012,8.868940383288782e-06,0.00033726316072552477,0.7943282347242815,0.7
nan,0.0,0.0,0.0,0.0,0.0,0.0,0.0,0.0,0.0,1.0,False,False,-526.0,0.0,3836097.3911127546,-9.532316363713154,505212.8264405012,8.868940383288782e-06,0.00033971618519138555,0.7943282347242815,0.7
nan,0.0,0.0,0.0,0.0,0.0,0.0,0.0,0.0,0.0,1.0,False,False,-524.0,0.0,3822165.9303393755,-9.44012306479917,505212.8264405012,8.868940383288782e-06,0.000342196741277282,0.7943282347242815,0.7
nan,0.0,0.0,0.0,0.0,0.0,0.0,0.0,0.0,0.0,1.0,False,False,-522.0,0.0,3808230.7376466966,-9.347719897243046,505212.8264405012,8.868940383288782e-06,0.0003447052397429662,0.7943282347242815,0.7
nan,0.0,0.0,0.0,0.0,0.0,0.0,0.0,0.0,0.0,1.0,False,False,-520.0,0.0,3794291.840787476,-9.255104492089838,505212.8264405012,8.868940383288782e-06,0.00034724209899234106,0.7943282347242815,0.7
nan,0.0,0.0,0.0,0.0,0.0,0.0,0.0,0.0,0.0,1.0,False,False,-518.0,0.0,3780349.267678637,-9.162274444837227,505212.8264405012,8.868940383288782e-06,0.0003498077452437247,0.7943282347242815,0.7
nan,0.0,0.0,0.0,0.0,0.0,0.0,0.0,0.0,0.0,1.0,False,False,-516.0,0.0,3766403.046404248,-9.069227314770252,505212.8264405012,8.868940383288782e-06,0.00035240261270452685,0.7943282347242815,0.7
nan,0.0,0.0,0.0,0.0,0.0,0.0,0.0,0.0,0.0,1.0,False,False,-514.0,0.0,3752453.2052185484,-8.97596062428095,505212.8264405012,8.868940383288782e-06,0.00035502714375046856,0.7943282347242815,0.7
nan,0.0,0.0,0.0,0.0,0.0,0.0,0.0,0.0,0.0,1.0,False,False,-512.0,0.0,3738499.7725490704,-8.882471858172902,505212.8264405012,8.868940383288782e-06,0.0003576817891094755,0.7943282347242815,0.7
nan,0.0,0.0,0.0,0.0,0.0,0.0,0.0,0.0,0.0,1.0,False,False,-510.0,0.0,3724542.776999808,-8.788758462950023,505212.8264405012,8.868940383288782e-06,0.0003603670080503911,0.7943282347242815,0.7
nan,0.0,0.0,0.0,0.0,0.0,0.0,0.0,0.0,0.0,1.0,False,False,-508.0,0.0,3710582.2473544804,-8.694817846089085,505212.8264405012,8.868940383288782e-06,0.0003630832685766428,0.7943282347242815,0.7
nan,0.0,0.0,0.0,0.0,0.0,0.0,0.0,0.0,0.0,1.0,False,False,-506.0,0.0,3696618.212579853,-8.60064737529599,505212.8264405012,8.868940383288782e-06,0.0003658310476250224,0.7943282347242815,0.7
nan,0.0,0.0,0.0,0.0,0.0,0.0,0.0,0.0,0.0,1.0,False,False,-504.0,0.0,3682650.701829146,-8.50624437774484,505212.8264405012,8.868940383288782e-06,0.00036861083126972185,0.7943282347242815,0.7
nan,0.0,0.0,0.0,0.0,0.0,0.0,0.0,0.0,0.0,1.0,False,False,-502.0,0.0,3668679.744445524,-8.411606139299687,505212.8264405012,8.868940383288782e-06,0.00037142311493179115,0.7943282347242815,0.7
nan,0.0,0.0,0.0,0.0,0.0,0.0,0.0,0.0,0.0,1.0,False,False,-500.0,0.0,3654705.3699656553,-8.316729903718471,505212.8264405012,8.868940383288782e-06,0.00037426840359417916,0.7943282347242815,0.7
nan,0.0,0.0,0.0,0.0,0.0,0.0,0.0,0.0,0.0,1.0,False,False,-498.0,0.0,3640727.6081233667,-8.221612871838408,505212.8264405012,8.868940383288782e-06,0.0003771472120225272,0.7943282347242815,0.7
nan,0.0,0.0,0.0,0.0,0.0,0.0,0.0,0.0,0.0,1.0,False,False,-496.0,0.0,3626746.48885338,-8.126252200742762,505212.8264405012,8.868940383288782e-06,0.00038006006499188974,0.7943282347242815,0.7
nan,0.0,0.0,0.0,0.0,0.0,0.0,0.0,0.0,0.0,1.0,False,False,-494.0,0.0,3612762.0422951356,-8.030645002908004,505212.8264405012,8.868940383288782e-06,0.0003830074975195662,0.7943282347242815,0.7
nan,0.0,0.0,0.0,0.0,0.0,0.0,0.0,0.0,0.0,1.0,False,False,-492.0,0.0,3598774.2987967078,-7.934788345331394,505212.8264405012,8.868940383288782e-06,0.00038599005510422707,0.7943282347242815,0.7
nan,0.0,0.0,0.0,0.0,0.0,0.0,0.0,0.0,0.0,1.0,False,False,-490.0,0.0,3584783.2889188146,-7.838679248637833,505212.8264405012,8.868940383288782e-06,0.0003890082939715322,0.7943282347242815,0.7
nan,0.0,0.0,0.0,0.0,0.0,0.0,0.0,0.0,0.0,1.0,False,False,-488.0,0.0,3570789.0434389217,-7.742314686165898,505212.8264405012,8.868940383288782e-06,0.000392062781326439,0.7943282347242815,0.7
nan,0.0,0.0,0.0,0.0,0.0,0.0,0.0,0.0,0.0,1.0,False,False,-486.0,0.0,3556791.5933554457,-7.645691583032461,505212.8264405012,8.868940383288782e-06,0.0003951540956124097,0.7943282347242815,0.7
nan,0.0,0.0,0.0,0.0,0.0,0.0,0.0,0.0,0.0,1.0,False,False,-484.0,0.0,3542790.9698920576,-7.5488068151748005,505212.8264405012,8.868940383288782e-06,0.00039828282677773115,0.7943282347242815,0.7
nan,0.0,0.0,0.0,0.0,0.0,0.0,0.0,0.0,0.0,1.0,False,False,-482.0,0.0,3528787.204502092,-7.451657208370375,505212.8264405012,8.868940383288782e-06,0.0004014495765491706,0.7943282347242815,0.7
nan,0.0,0.0,0.0,0.0,0.0,0.0,0.0,0.0,0.0,1.0,False,False,-480.0,0.0,3514780.328873061,-7.354239537232877,505212.8264405012,8.868940383288782e-06,0.00040465495871319553,0.7943282347242815,0.7
nan,0.0,0.0,0.0,0.0,0.0,0.0,0.0,0.0,0.0,1.0,False,False,-478.0,0.0,3500770.374931281,-7.256550524184536,505212.8264405012,8.868940383288782e-06,0.00040789959940499713,0.7943282347242815,0.7
nan,0.0,0.0,0.0,0.0,0.0,0.0,0.0,0.0,0.0,1.0,False,False,-476.0,0.0,3486757.3748466074,-7.1585868384035765,505212.8264405012,8.868940383288782e-06,0.0004111841374055636,0.7943282347242815,0.7
nan,0.0,0.0,0.0,0.0,0.0,0.0,0.0,0.0,0.0,1.0,False,False,-474.0,0.0,3472741.3610372944,-7.060345094746321,505212.8264405012,8.868940383288782e-06,0.0004145092244470569,0.7943282347242815,0.7
nan,0.0,0.0,0.0,0.0,0.0,0.0,0.0,0.0,0.0,1.0,False,False,-472.0,0.0,3458722.3661749624,-6.96182185264317,505212.8264405012,8.868940383288782e-06,0.00041787552552675987,0.7943282347242815,0.7
nan,0.0,0.0,0.0,0.0,0.0,0.0,0.0,0.0,0.0,1.0,False,False,-470.0,0.0,3444700.4231897,-6.863013614967881,505212.8264405012,8.868940383288782e-06,0.0004212837192298624,0.7943282347242815,0.7
nan,0.0,0.0,0.0,0.0,0.0,0.0,0.0,0.0,0.0,1.0,False,False,-468.0,0.0,3430675.5652752863,-6.763916826879124,505212.8264405012,8.868940383288782e-06,0.0004247344980613763,0.7943282347242815,0.7
nan,0.0,0.0,0.0,0.0,0.0,0.0,0.0,0.0,0.0,1.0,False,False,-466.0,0.0,3416647.8258945416,-6.664527874633709,505212.8264405012,8.868940383288782e-06,0.0004282285687874671,0.7943282347242815,0.7
nan,0.0,0.0,0.0,0.0,0.0,0.0,0.0,0.0,0.0,1.0,False,False,-464.0,0.0,3402617.238784818,-6.5648430843707315,505212.8264405012,8.868940383288782e-06,0.0004317666527865082,0.7943282347242815,0.7
nan,0.0,0.0,0.0,0.0,0.0,0.0,0.0,0.0,0.0,1.0,False,False,-462.0,0.0,3388583.8379636207,-6.464858720865551,505212.8264405012,8.868940383288782e-06,0.00043534948641017507,0.7943282347242815,0.7
nan,0.0,0.0,0.0,0.0,0.0,0.0,0.0,0.0,0.0,1.0,False,False,-460.0,0.0,3374547.6577343824,-6.364570986253024,505212.8264405012,8.868940383288782e-06,0.00043897782135489947,0.7943282347242815,0.7
nan,0.0,0.0,0.0,0.0,0.0,0.0,0.0,0.0,0.0,1.0,False,False,-458.0,0.0,3360508.7326923674,-6.263976018718987,505212.8264405012,8.868940383288782e-06,0.00044265242504403076,0.7943282347242815,0.7
nan,0.0,0.0,0.0,0.0,0.0,0.0,0.0,0.0,0.0,1.0,False,False,-456.0,0.0,3346467.0977307395,-6.163069891158991,505212.8264405012,8.868940383288782e-06,0.00044637408102104543,0.7943282347242815,0.7
nan,0.0,0.0,0.0,0.0,0.0,0.0,0.0,0.0,0.0,1.0,False,False,-454.0,0.0,3332422.788046781,-6.061848609803479,505212.8264405012,8.868940383288782e-06,0.0004501435893541771,0.7943282347242815,0.7
nan,0.0,0.0,0.0,0.0,0.0,0.0,0.0,0.0,0.0,1.0,False,False,-452.0,0.0,3318375.839148266,-5.960308112808279,505212.8264405012,8.868940383288782e-06,0.0004539617670528357,0.7943282347242815,0.7
nan,0.0,0.0,0.0,0.0,0.0,0.0,0.0,0.0,0.0,1.0,False,False,-450.0,0.0,3304326.286860002,-5.858444268809663,505212.8264405012,8.868940383288782e-06,0.0004578294484962144,0.7943282347242815,0.7
nan,0.0,0.0,0.0,0.0,0.0,0.0,0.0,0.0,0.0,1.0,False,False,-448.0,0.0,3290274.1673305444,-5.7562528754426046,505212.8264405012,8.868940383288782e-06,0.00046174748587448055,0.7943282347242815,0.7
nan,0.0,0.0,0.0,0.0,0.0,0.0,0.0,0.0,0.0,1.0,False,False,-446.0,0.0,3276219.517039074,-5.653729657821277,505212.8264405012,8.868940383288782e-06,0.0004657167496429805,0.7943282347242815,0.7
nan,0.0,0.0,0.0,0.0,0.0,0.0,0.0,0.0,0.0,1.0,False,False,-444.0,0.0,3262162.3728024648,-5.550870266980888,505212.8264405012,8.868940383288782e-06,0.0004697381289898862,0.7943282347242815,0.7
nan,0.0,0.0,0.0,0.0,0.0,0.0,0.0,0.0,0.0,1.0,False,False,-442.0,0.0,3248102.771782527,-5.44767027827928,505212.8264405012,8.868940383288782e-06,0.00047381253231773996,0.7943282347242815,0.7
nan,0.0,0.0,0.0,0.0,0.0,0.0,0.0,0.0,0.0,1.0,False,False,-440.0,0.0,3234040.751493451,-5.344125189757582,505212.8264405012,8.868940383288782e-06,0.00047794088773936547,0.7943282347242815,0.7
nan,0.0,0.0,0.0,0.0,0.0,0.0,0.0,0.0,0.0,1.0,False,False,-438.0,0.0,3219976.349809434,-5.240230420458166,505212.8264405012,8.868940383288782e-06,0.0004821241435886325,0.7943282347242815,0.7
nan,0.0,0.0,0.0,0.0,0.0,0.0,0.0,0.0,0.0,1.0,False,False,-436.0,0.0,3205909.6049725222,-5.13598130869921,505212.8264405012,8.868940383288782e-06,0.0004863632689465784,0.7943282347242815,0.7
nan,0.0,0.0,0.0,0.0,0.0,0.0,0.0,0.0,0.0,1.0,False,False,-434.0,0.0,3191840.555600648,-5.031373110303958,505212.8264405012,8.868940383288782e-06,0.0004906592541834162,0.7943282347242815,0.7
nan,0.0,0.0,0.0,0.0,0.0,0.0,0.0,0.0,0.0,1.0,False,False,-432.0,0.0,3177769.2406958933,-4.926400996783763,505212.8264405012,8.868940383288782e-06,0.0004950131115169657,0.7943282347242815,0.7
nan,0.0,0.0,0.0,0.0,0.0,0.0,0.0,0.0,0.0,1.0,False,False,-430.0,0.0,3163695.699652969,-4.821060053473379,505212.8264405012,8.868940383288782e-06,0.0004994258755880805,0.7943282347242815,0.7
nan,0.0,0.0,0.0,0.0,0.0,0.0,0.0,0.0,0.0,1.0,False,False,-428.0,0.0,3149619.9722679197,-4.71534527761679,505212.8264405012,8.868940383288782e-06,0.0005038986040536551,0.7943282347242815,0.7
nan,0.0,0.0,0.0,0.0,0.0,0.0,0.0,0.0,0.0,1.0,False,False,-426.0,0.0,3135542.098747069,-4.609251576402589,505212.8264405012,8.868940383288782e-06,0.0005084323781978204,0.7943282347242815,0.7
nan,0.0,0.0,0.0,0.0,0.0,0.0,0.0,0.0,0.0,1.0,False,False,-424.0,0.0,3121462.119716203,-4.502773764946722,505212.8264405012,8.868940383288782e-06,0.0005130283035619636,0.7943282347242815,0.7
nan,0.0,0.0,0.0,0.0,0.0,0.0,0.0,0.0,0.0,1.0,False,False,-422.0,0.0,3107380.076230008,-4.39590656422158,505212.8264405012,8.868940383288782e-06,0.000517687510594228,0.7943282347242815,0.7
nan,0.0,0.0,0.0,0.0,0.0,0.0,0.0,0.0,0.0,1.0,False,False,-420.0,0.0,3093296.0097817644,-4.288644598929342,505212.8264405012,8.868940383288782e-06,0.0005224111553191794,0.7943282347242815,0.7
nan,0.0,0.0,0.0,0.0,0.0,0.0,0.0,0.0,0.0,1.0,False,False,-418.0,0.0,3079209.962313306,-4.180982395317921,505212.8264405012,8.868940383288782e-06,0.0005272004200283443,0.7943282347242815,0.7
nan,0.0,0.0,0.0,0.0,0.0,0.0,0.0,0.0,0.0,1.0,False,False,-416.0,0.0,3065121.976225256,-4.072914378937951,505212.8264405012,8.868940383288782e-06,0.0005320565139923665,0.7943282347242815,0.7
nan,0.0,0.0,0.0,0.0,0.0,0.0,0.0,0.0,0.0,1.0,False,False,-414.0,0.0,3051032.0943875425,-3.9644348723386855,505212.8264405012,8.868940383288782e-06,0.0005369806741955409,0.7943282347242815,0.7
nan,0.0,0.0,0.0,0.0,0.0,0.0,0.0,0.0,0.0,1.0,False,False,-412.0,0.0,3036940.360150216,-3.8555380927009826,505212.8264405012,8.868940383288782e-06,0.000541974166093526,0.7943282347242815,0.7
nan,0.0,0.0,0.0,0.0,0.0,0.0,0.0,0.0,0.0,1.0,False,False,-410.0,0.0,3022846.81735456,-3.7462181494054443,505212.8264405012,8.868940383288782e-06,0.0005470382843950663,0.7943282347242815,0.7
nan,0.0,0.0,0.0,0.0,0.0,0.0,0.0,0.0,0.0,1.0,False,False,-408.0,0.0,3008751.510344515,-3.63646904153353,505212.8264405012,8.868940383288782e-06,0.0005521743538685859,0.7943282347242815,0.7
nan,0.0,0.0,0.0,0.0,0.0,0.0,0.0,0.0,0.0,1.0,False,False,-406.0,0.0,2994654.4839784303,-3.5262846552997034,505212.8264405012,8.868940383288782e-06,0.0005573837301745487,0.7943282347242815,0.7
nan,0.0,0.0,0.0,0.0,0.0,0.0,0.0,0.0,0.0,1.0,False,False,-404.0,0.0,2980555.7836411437,-3.415658761412059,505212.8264405012,8.868940383288782e-06,0.0005626678007245201,0.7943282347242815,0.7
nan,0.0,0.0,0.0,0.0,0.0,0.0,0.0,0.0,0.0,1.0,False,False,-402.0,0.0,2966455.4552564025,-3.3045850123596137,505212.8264405012,8.868940383288782e-06,0.0005680279855679033,0.7943282347242815,0.7
nan,0.0,0.0,0.0,0.0,0.0,0.0,0.0,0.0,0.0,1.0,False,False,-400.0,0.0,2952353.5452996516,-3.1930569396233146,505212.8264405012,8.868940383288782e-06,0.0005734657383073538,0.7943282347242815,0.7
nan,0.0,0.0,0.0,0.0,0.0,0.0,0.0,0.0,0.0,1.0,False,False,-398.0,0.0,2938250.1008111713,-3.081067950808899,505212.8264405012,8.868940383288782e-06,0.0005789825470439335,0.7943282347242815,0.7
nan,0.0,0.0,0.0,0.0,0.0,0.0,0.0,0.0,0.0,1.0,False,False,-396.0,0.0,2924145.1694096085,-2.9686113266985124,505212.8264405012,8.868940383288782e-06,0.0005845799353530878,0.7943282347242815,0.7
nan,0.0,0.0,0.0,0.0,0.0,0.0,0.0,0.0,0.0,1.0,False,False,-394.0,0.0,2910038.799305893,-2.8556802182187897,505212.8264405012,8.868940383288782e-06,0.0005902594632925924,0.7943282347242815,0.7
nan,0.0,0.0,0.0,0.0,0.0,0.0,0.0,0.0,0.0,1.0,False,False,-392.0,0.0,2895931.0393175567,-2.7422676433225917,505212.8264405012,8.868940383288782e-06,0.000596022728443655,0.7943282347242815,0.7
nan,0.0,0.0,0.0,0.0,0.0,0.0,0.0,0.0,0.0,1.0,False,False,-390.0,0.0,2881821.9388834783,-2.628366483781348,505212.8264405012,8.868940383288782e-06,0.0006018713669864014,0.7943282347242815,0.7
nan,0.0,0.0,0.0,0.0,0.0,0.0,0.0,0.0,0.0,1.0,False,False,-388.0,0.0,2867711.548079059,-2.513969481885242,505212.8264405012,8.868940383288782e-06,0.0006078070548110366,0.7943282347242815,0.7
nan,0.0,0.0,0.0,0.0,0.0,0.0,0.0,0.0,0.0,1.0,False,False,-386.0,0.0,2853599.9176318375,-2.3990692370482374,505212.8264405012,8.868940383288782e-06,0.0006138315086660246,0.7943282347242815,0.7
nan,0.0,0.0,0.0,0.0,0.0,0.0,0.0,0.0,0.0,1.0,False,False,-384.0,0.0,2839487.098937581,-2.283658202314434,505212.8264405012,8.868940383288782e-06,0.0006199464873446706,0.7943282347242815,0.7
nan,0.0,0.0,0.0,0.0,0.0,0.0,0.0,0.0,0.0,1.0,False,False,-382.0,0.0,2825373.1440768423,-2.1677286807628717,505212.8264405012,8.868940383288782e-06,0.0006261537929115721,0.7943282347242815,0.7
nan,0.0,0.0,0.0,0.0,0.0,0.0,0.0,0.0,0.0,1.0,False,False,-380.0,0.0,2811258.1058320254,-2.051272821807004,505212.8264405012,8.868940383288782e-06,0.0006324552719704454,0.7943282347242815,0.7
nan,0.0,0.0,0.0,0.0,0.0,0.0,0.0,0.0,0.0,1.0,False,False,-378.0,0.0,2797142.0377049497,-1.9342826173854482,505212.8264405012,8.868940383288782e-06,0.0006388528169749133,0.7943282347242815,0.7
nan,0.0,0.0,0.0,0.0,0.0,0.0,0.0,0.0,0.0,1.0,False,False,-376.0,0.0,2783024.9939349554,-1.816749898040346,505212.8264405012,8.868940383288782e-06,0.0006453483675838951,0.7943282347242815,0.7
nan,0.0,0.0,0.0,0.0,0.0,0.0,0.0,0.0,0.0,1.0,False,False,-374.0,0.0,2768907.029517555,-1.6986663288793107,505212.8264405012,8.868940383288782e-06,0.0006519439120633166,0.7943282347242815,0.7
nan,0.0,0.0,0.0,0.0,0.0,0.0,0.0,0.0,0.0,1.0,False,False,-372.0,0.0,2754788.2002236494,-1.5800234054172644,505212.8264405012,8.868940383288782e-06,0.0006586414887359345,0.7943282347242815,0.7
nan,0.0,0.0,0.0,0.0,0.0,0.0,0.0,0.0,0.0,1.0,False,False,-370.0,0.0,2740668.5626193364,-1.4608124492937353,505212.8264405012,8.868940383288782e-06,0.0006654431874811333,0.7943282347242815,0.7
nan,0.0,0.0,0.0,0.0,0.0,0.0,0.0,0.0,0.0,1.0,False,False,-368.0,0.0,2726548.1740863277,-1.3410246038615117,505212.8264405012,8.868940383288782e-06,0.0006723511512866502,0.7943282347242815,0.7
nan,0.0,0.0,0.0,0.0,0.0,0.0,0.0,0.0,0.0,1.0,False,False,-366.0,0.0,2712427.092842996,-1.220650829642006,505212.8264405012,8.868940383288782e-06,0.0006793675778542518,0.7943282347242815,0.7
nan,0.0,0.0,0.0,0.0,0.0,0.0,0.0,0.0,0.0,1.0,False,False,-364.0,0.0,2698305.37796608,-1.0996818996428748,505212.8264405012,8.868940383288782e-06,0.0006864947212614868,0.7943282347242815,0.7
nan,0.0,0.0,0.0,0.0,0.0,0.0,0.0,0.0,0.0,1.0,False,False,-362.0,0.0,2684183.089413058,-0.9781083945329918,505212.8264405012,8.868940383288782e-06,0.0006937348936817236,0.7943282347242815,0.7
nan,0.0,0.0,0.0,0.0,0.0,0.0,0.0,0.0,0.0,1.0,False,False,-360.0,0.0,2670060.28804523,-0.8559206976696607,505212.8264405012,8.868940383288782e-06,0.0007010904671647849,0.7943282347242815,0.7
nan,0.0,0.0,0.0,0.0,0.0,0.0,0.0,0.0,0.0,1.0,False,False,-358.0,0.0,2655937.0356515287,-0.733108989972977,505212.8264405012,8.868940383288782e-06,0.0007085638754805799,0.7943282347242815,0.7
nan,0.0,0.0,0.0,0.0,0.0,0.0,0.0,0.0,0.0,1.0,False,False,-356.0,0.0,2641813.3949730787,-0.609663244641775,505212.8264405012,8.868940383288782e-06,0.0007161576160282614,0.7943282347242815,0.7
nan,0.0,0.0,0.0,0.0,0.0,0.0,0.0,0.0,0.0,1.0,False,False,-354.0,0.0,2627689.4297285387,-0.4855732217057782,505212.8264405012,8.868940383288782e-06,0.0007238742518135285,0.7943282347242815,0.7
nan,0.0,0.0,0.0,0.0,0.0,0.0,0.0,0.0,0.0,1.0,False,False,-352.0,0.0,2613565.20464026,-0.36082846240762423,505212.8264405012,8.868940383288782e-06,0.0007317164134968134,0.7943282347242815,0.7
nan,0.0,0.0,0.0,0.0,0.0,0.0,0.0,0.0,0.0,1.0,False,False,-350.0,0.0,2599440.785461276,-0.2354182834092328,505212.8264405012,8.868940383288782e-06,0.0007396868015152337,0.7943282347242815,0.7
nan,0.0,0.0,0.0,0.0,0.0,0.0,0.0,0.0,0.0,1.0,False,False,-348.0,0.0,2585316.2390031703,-0.10933177081561929,505212.8264405012,8.868940383288782e-06,0.0007477881882812847,0.7943282347242815,0.7
nan,0.0,0.0,0.0,0.0,0.0,0.0,0.0,0.0,0.0,1.0,False,False,-346.0,0.0,2571191.6331648473,0.017442225990121026,503277.0622145128,9.273194689944021e-06,0.0007560234204614194,0.7943282347242815,0.7
nan,0.0,0.0,0.0,0.0,0.0,0.0,0.0,0.0,0.0,1.0,False,False,-344.0,0.0,2557067.0369622414,0.14491510070766356,489355.9299372446,1.2777347333892999e-05,0.0007643954213377678,0.7943282347242815,0.7
nan,0.0,0.0,0.0,0.0,0.0,0.0,0.0,0.0,0.0,1.0,False,False,-342.0,0.0,2542942.520558999,0.2730984966833151,475757.59425173834,1.7475276558336542e-05,0.0007729071932564278,0.7943282347242815,0.7
nan,0.0,0.0,0.0,0.0,0.0,0.0,0.0,0.0,0.0,1.0,False,False,-340.0,0.0,2528818.1552981744,0.4020043136843296,462486.0133188185,2.3721375419719504e-05,0.0007815618201658901,0.7943282347242815,0.7
nan,0.0,0.0,0.0,0.0,0.0,0.0,0.0,0.0,0.0,1.0,False,False,-338.0,0.0,2514694.0137349702,0.5316447148914019,449544.2881762115,3.195634625768949e-05,0.0007903624702493413,0.7943282347242815,0.7
nan,0.0,0.0,0.0,0.0,0.0,0.0,0.0,0.0,0.0,1.0,False,False,-336.0,0.0,2500570.1696705734,0.6620321341176912,436934.64151439164,4.272219764487997e-05,0.0007993123986547405,0.7943282347242815,0.7
nan,0.0,0.0,0.0,0.0,0.0,0.0,0.0,0.0,0.0,1.0,False,False,-334.0,0.0,2486446.69818712,0.7931792832622886,424658.4068764176,5.667818458337668e-05,0.0008084149503267648,0.7943282347242815,0.7
nan,0.0,0.0,0.0,0.0,0.0,0.0,0.0,0.0,0.0,1.0,False,False,-332.0,0.0,2472323.6756838337,0.9250991600076448,412716.0284542953,7.461733182944071e-05,0.0008176735629448954,0.7943282347242815,0.7
nan,0.0,0.0,0.0,0.0,0.0,0.0,0.0,0.0,0.0,1.0,False,False,-330.0,0.0,2458201.179914391,1.057805055769274,401107.07136523124,9.748308987315986e-05,0.0008270917699721103,0.7943282347242815,0.7
nan,0.0,0.0,0.0,0.0,0.0,0.0,0.0,0.0,0.0,1.0,False,False,-328.0,0.0,2444079.2900255513,1.1913105639081882,389830.24201016553,0.0001263855957386952,0.0008366732038188704,0.7943282347242815,0.7
nan,0.0,0.0,0.0,0.0,0.0,0.0,0.0,0.0,0.0,1.0,False,False,-326.0,0.0,2429958.086597109,1.3256295882152045,378883.4178573198,0.00016261695379419874,0.0008464215991272893,0.7943282347242815,0.7
nan,0.0,0.0,0.0,0.0,0.0,0.0,0.0,0.0,0.0,1.0,False,False,-324.0,0.0,2415837.6516832155,1.4607763516780896,368263.6857683445,0.00020766492153316844,0.0008563407961806178,0.7943282347242815,0.7
nan,0.0,0.0,0.0,0.0,0.0,0.0,0.0,0.0,0.0,1.0,False,False,-322.0,0.0,2401718.068855126,1.596765405541904,357967.3878001213,0.00026322438641157206,0.0008664347444434074,0.7943282347242815,0.7
nan,0.0,0.0,0.0,0.0,0.0,0.0,0.0,0.0,0.0,1.0,False,False,-320.0,0.0,2387599.4232454333,1.7336116386743923,347990.1732807107,0.00033120605452626286,0.0008767075062379704,0.7943282347242815,0.7
nan,0.0,0.0,0.0,0.0,0.0,0.0,0.0,0.0,0.0,1.0,False,False,-318.0,0.0,2373481.8015938397,1.8713302872474618,338327.05587398645,0.000413741839752506,0.0008871632605630241,0.7943282347242815,0.7
nan,0.0,0.0,0.0,0.0,0.0,0.0,0.0,0.0,0.0,1.0,False,False,-316.0,0.0,2359365.292294537,2.0099369447477593,328972.4743141442,0.0005131865397676166,0.0008978063070606775,0.7943282347242815,0.7
nan,0.0,0.0,0.0,0.0,0.0,0.0,0.0,0.0,0.0,1.0,False,False,-314.0,0.0,2345249.985445253,2.1494475723287505,319920.35550610477,0.0006321155075936422,0.000908641070138225,0.7943282347242815,0.7
nan,0.0,0.0,0.0,0.0,0.0,0.0,0.0,0.0,0.0,1.0,False,False,-312.0,0.0,2331135.97289804,2.2898785095176803,311164.1787448569,0.0007733181664477339,0.0009196721032515017,0.7943282347242815,0.7
nan,0.0,0.0,0.0,0.0,0.0,0.0,0.0,0.0,0.0,1.0,False,False,-310.0,0.0,2317023.3483118652,2.43124648529157,302697.03989790124,0.0009397873632261359,0.0009309040933568989,0.7943282347242815,0.7
nan,0.0,0.0,0.0,0.0,0.0,0.0,0.0,0.0,0.0,1.0,False,False,-308.0,0.0,2302912.2072070967,2.57356862953685,294511.7145142253,0.0011347047029345663,0.0009423418655394575,0.7943282347242815,0.7
nan,0.0,0.0,0.0,0.0,0.0,0.0,0.0,0.0,0.0,1.0,False,False,-306.0,0.0,2288802.6470219386,2.716862484907476,286600.71896021627,0.001361422144384024,0.0009539903878248375,0.7943282347242815,0.7
nan,0.0,0.0,0.0,0.0,0.0,0.0,0.0,0.0,0.0,1.0,False,False,-304.0,0.0,2274694.7671709172,2.8611460190979083,278956.36883035325,0.001623440259182798,0.0009658547761833215,0.7943282347242815,0.7
nan,0.0,0.0,0.0,0.0,0.0,0.0,0.0,0.0,0.0,1.0,False,False,-302.0,0.0,2260588.669105491,3.006437637547322,271570.83403098345,0.001924383655797566,0.0009779402997344114,0.7943282347242815,0.7
nan,0.0,0.0,0.0,0.0,0.0,0.0,0.0,0.0,0.0,1.0,False,False,-300.0,0.0,2246484.456376888,3.152756196592469,264436.1900834765,0.002267974144432777,0.0009902523861609878,0.7943282347242815,0.7
nan,0.0,0.0,0.0,0.0,0.0,0.0,0.0,0.0,0.0,1.0,False,False,-298.0,0.0,2232382.2347012404,3.300121017087251,257544.46533102798,0.002658002265009324,0.0010027966273424681,0.7943282347242815,0.7
nan,0.0,0.0,0.0,0.0,0.0,0.0,0.0,0.0,0.0,1.0,False,False,-296.0,0.0,2218282.1120271473,3.4485518985079655,250887.68386129657,0.0030982978195993028,0.0010155787852168057,0.7943282347242815,0.7
nan,0.0,0.0,0.0,0.0,0.0,0.0,0.0,0.0,0.0,1.0,False,False,-294.0,0.0,2204184.198605737,3.598069133564231,244457.90406887874,0.0035927000441438057,0.001028604797881713,0.7943282347242815,0.7
nan,0.0,0.0,0.0,0.0,0.0,0.0,0.0,0.0,0.0,1.0,False,False,-292.0,0.0,2190088.607063356,3.748693523336084,238247.25287805643,0.004145028025090192,0.0010418807859459774,0.7943282347242815,0.7
nan,0.0,0.0,0.0,0.0,0.0,0.0,0.0,0.0,0.0,1.0,False,False,-290.0,0.0,2175995.4524769937,3.9004463929588793,232247.95572656774,0.004759051918592767,0.0010554130591422489,0.7943282347242815,0.7
nan,0.0,0.0,0.0,0.0,0.0,0.0,0.0,0.0,0.0,1.0,False,False,-288.0,0.0,2161904.852452563,4.053349607878907,226452.36247490477,0.005438465467540121,0.001069208123213302,0.7943282347242815,0.7
nan,0.0,0.0,0.0,0.0,0.0,0.0,0.0,0.0,0.0,1.0,False,False,-286.0,0.0,2147816.9272061526,4.207425590703168,220852.9694547449,0.006186860239312788,0.0010832726870843193,0.7943282347242815,0.7
nan,0.0,0.0,0.0,0.0,0.0,0.0,0.0,0.0,0.0,1.0,False,False,-284.0,0.0,2133731.7996483906,4.3626973386681085,215442.43790537826,0.0070077019291593145,0.0010976136703343801,0.7943282347242815,0.7
nan,0.0,0.0,0.0,0.0,0.0,0.0,0.0,0.0,0.0,1.0,False,False,-282.0,0.0,2119649.5954720583,4.519188441753491,210213.60907009148,0.007904308994296774,0.0011122382109810093,0.7943282347242815,0.7
nan,0.0,0.0,0.0,0.0,0.0,0.0,0.0,0.0,0.0,1.0,False,False,-280.0,0.0,2105570.4432430915,4.676923101468205,205159.5162374233,0.008879833805574916,0.0011271536735923174,0.7943282347242815,0.7
nan,0.0,0.0,0.0,0.0,0.0,0.0,0.0,0.0,0.0,1.0,False,False,-278.0,0.0,2091494.4744951213,4.835926150336571,200273.39401607105,0.009937246429582084,0.0011423676577419985,0.7943282347242815,0.7
nan,0.0,0.0,0.0,0.0,0.0,0.0,0.0,0.0,0.0,1.0,False,False,-276.0,0.0,2077421.8238277144,4.996223072115024,195548.68512953192,0.011079321086316488,0.001157888006823225,0.7943282347242815,0.7
nan,0.0,0.0,0.0,0.0,0.0,0.0,0.0,0.0,0.0,1.0,False,False,-274.0,0.0,2063352.6290084906,5.15784002277,190979.04500796006,0.012308625267533178,0.0011737228172382487,0.7943282347242815,0.7
nan,0.0,0.0,0.0,0.0,0.0,0.0,0.0,0.0,0.0,1.0,False,False,-272.0,0.0,2049287.0310792683,5.320803852249822,186558.34444247728,0.013627511449242565,0.0011898804479814307,0.7943282347242815,0.7
nan,0.0,0.0,0.0,0.0,0.0,0.0,0.0,0.0,0.0,1.0,False,False,-270.0,0.0,2035225.1744664467,5.485142127084718,182280.67055118197,0.015038111289208978,0.0012063695306342432,0.7943282347242815,0.7
nan,0.0,0.0,0.0,0.0,0.0,0.0,0.0,0.0,0.0,1.0,False,False,-268.0,0.0,2021167.207095808,5.650883153850658,178140.3262892892,0.01654233216610432,0.00122319897979177,0.7943282347242815,0.7
nan,0.0,0.0,0.0,0.0,0.0,0.0,0.0,0.0,0.0,1.0,False,False,-266.0,0.0,2007113.280511937,5.8180560035343705,174131.82871679487,0.018141855891383084,0.001240378003941215,0.7943282347242815,0.7
nan,0.0,0.0,0.0,0.0,0.0,0.0,0.0,0.0,0.0,1.0,False,False,-264.0,0.0,1993063.5500024904,5.986690536839172,170249.9062184105,0.019838139406814892,0.0012579161168139329,0.7943282347242815,0.7
nan,0.0,0.0,0.0,0.0,0.0,0.0,0.0,0.0,0.0,1.0,False,False,-262.0,0.0,1979018.1747275204,6.1568174304722305,166489.49485166997,0.021632417269425244,0.001275823149233635,0.7943282347242815,0.7
nan,0.0,0.0,0.0,0.0,0.0,0.0,0.0,0.0,0.0,1.0,False,False,-260.0,0.0,1964977.3178541055,6.328468204456607,162845.73398065288,0.023525705720485415,0.0012941092614845327,0.7943282347242815,0.7
nan,0.0,0.0,0.0,0.0,0.0,0.0,0.0,0.0,0.0,1.0,False,False,-258.0,0.0,1950941.1466965305,6.501675250513423,159313.96133544398,0.025518808135049125,0.0013127849562244074,0.7943282347242815,0.7
nan,0.0,0.0,0.0,0.0,0.0,0.0,0.0,0.0,0.0,1.0,False,False,-256.0,0.0,1936909.8328622838,6.676471861561057,155889.70762091083,0.027612321652675673,0.0013318610919688426,0.7943282347242815,0.7
nan,0.0,0.0,0.0,0.0,0.0,0.0,0.0,0.0,0.0,1.0,False,False,-254.0,0.0,1922883.5524041408,6.8528922623815145,152568.69078295585,0.02980664479752008,0.0013513488971742223,0.7943282347242815,0.7
nan,0.0,0.0,0.0,0.0,0.0,0.0,0.0,0.0,0.0,1.0,False,False,-252.0,0.0,1908862.4859786353,7.030971641505627,149346.81002651792,0.03210198590588878,0.0013712599849484493,0.7943282347242815,0.7
nan,0.0,0.0,0.0,0.0,0.0,0.0,0.0,0.0,0.0,1.0,False,False,-250.0,0.0,1894846.8190112207,7.2107461843718434,146220.13966652547,0.03449837219138104,0.0013916063684198368,0.7943282347242815,0.7
nan,0.0,0.0,0.0,0.0,0.0,0.0,0.0,0.0,0.0,1.0,False,False,-248.0,0.0,1880836.7418684433,7.392253107815991,143184.92288134267,0.03699565929095075,0.0014124004767961777,0.7943282347242815,0.7
nan,0.0,0.0,0.0,0.0,0.0,0.0,0.0,0.0,0.0,1.0,False,False,-246.0,0.0,1866832.450037475,7.5755306959515964,140237.56542805675,0.03959354114892486,0.0014336551721475608,0.7943282347242815,0.7
nan,0.0,0.0,0.0,0.0,0.0,0.0,0.0,0.0,0.0,1.0,False,False,-244.0,0.0,1852834.144313359,7.760618337504369,137374.62936927023,0.04229156011047515,0.0014553837669482655,0.7943282347242815,0.7
nan,0.0,0.0,0.0,0.0,0.0,0.0,0.0,0.0,0.0,1.0,False,False,-242.0,0.0,1838842.0309943585,7.947556564666374,134592.82685311403,0.04508911710992338,0.0014776000424147782,0.7943282347242815,0.7
nan,0.0,0.0,0.0,0.0,0.0,0.0,0.0,0.0,0.0,1.0,False,False,-240.0,0.0,1824856.3220857931,8.136387093539453,131889.01398061306,0.047985481853303424,0.0015003182676788958,0.7943282347242815,0.7
nan,0.0,0.0,0.0,0.0,0.0,0.0,0.0,0.0,0.0,1.0,False,False,-238.0,0.0,1810877.2355128063,8.327152866240754,129260.18478854655,0.05097980290744608,0.001523553219836762,0.7943282347242815,0.7
nan,0.0,0.0,0.0,0.0,0.0,0.0,0.0,0.0,0.0,1.0,False,False,-236.0,0.0,1796904.9953424884,8.519898094746038,126703.4653699834,0.054071117620721525,0.0015473202049167932,0.7943282347242815,0.7
nan,0.0,0.0,0.0,0.0,0.0,0.0,0.0,0.0,0.0,1.0,False,False,-234.0,0.0,1782939.8320158517,8.714668306551873,124216.10815003465,0.05725836181209215,0.0015716350798114969,0.7943282347242815,0.7
nan,0.0,0.0,0.0,0.0,0.0,0.0,0.0,0.0,0.0,1.0,False,False,-232.0,0.0,1768981.9825901273,8.911510392239412,121795.48633038564,0.06054037917564865,0.0015965142752204927,0.7943282347242815,0.7
nan,0.0,0.0,0.0,0.0,0.0,0.0,0.0,0.0,0.0,1.0,False,False,-230.0,0.0,1755031.6909919335,9.110472655029193,119439.08851229526,0.06391593035799019,0.0016219748196542945,0.7943282347242815,0.7
nan,0.0,0.0,0.0,0.0,0.0,0.0,0.0,0.0,0.0,1.0,False,False,-228.0,0.0,1741089.2082818605,9.311604862418367,117144.51350498029,0.0673837016743748,0.001648034364550857,0.7943282347242815,0.7
nan,0.0,0.0,0.0,0.0,0.0,0.0,0.0,0.0,0.0,1.0,False,False,-226.0,0.0,1727154.7929310587,9.5149582999979,114909.46532356588,0.0709423134377338,0.0016747112105594156,0.7943282347242815,0.7
nan,0.0,0.0,0.0,0.0,0.0,0.0,0.0,0.0,0.0,1.0,False,False,-224.0,0.0,1713228.7111104543,9.720585827551814,112731.74837883108,0.07459032788139469,0.0017020243350487254,0.7943282347242815,0.7
nan,0.0,0.0,0.0,0.0,0.0,0.0,0.0,0.0,0.0,1.0,False,False,-222.0,0.0,1699311.2369932462,9.928541937544546,110609.26285896926,0.07832625666285499,0.0017299934208995435,0.7943282347242815,0.7
0.17288621852838626,6.016454619603353e-06,1.0401620881308644e-06,5.1761664017782764e-12,480.37721567642774,83.05060028549262,0.0,0.0,4.0164717185383764e-05,4.0164717185383764e-05,1.0,False,True,-220.0,0.0,1685402.6530713835,10.138882816109167,108540.00030222438,0.08214856794116303,0.0017586388866439812,0.7943282347242815,0.7
0.16610807187017582,6.2776857224043385e-06,1.0427742711555165e-06,5.458848107613521e-12,501.23492636250836,83.25916717206582,0.0,0.0,4.277704427155154e-05,4.277704427155154e-05,1.0,False,True,-218.0,0.0,1671503.2504867471,10.35166640665363,106522.03935809508,0.08605569302499952,0.0017879819180172678,0.7943282347242815,0.7
0.159588282810612,6.551297076539915e-06,1.0455102506271876e-06,5.756375420130899e-12,523.0811246283187,83.4776184500771,0.0,0.0,4.551317536379667e-05,4.551317536379667e-05,1.0,False,True,-216.0,0.0,1657613.3293778314,10.566952476208714,104553.5417336855,0.09004603259273228,0.0018180445009904347,0.7943282347242815,0.7
0.15332235589039253,6.837713024109887e-06,1.0483742697589482e-06,6.069414539446477e-12,545.9496916030762,83.7062929142169,0.0,0.0,4.837735401375484e-05,4.837735401375484e-05,1.0,False,True,-214.0,0.0,1643733.1992427255,10.784802684646566,102632.74832111484,0.094117962488848,0.0018488494563555192,0.7943282347242815,0.7
0.1473049777721292,7.1373741038740095e-06,1.0513707337225314e-06,6.398668663570204e-12,569.8758016205355,83.94554229058728,0.0,0.0,5.13739857504909e-05,5.13739857504909e-05,1.0,False,True,-212.0,0.0,1629863.1793192853,11.005280656905772,100757.97550121388,0.09826983910406187,0.0018804204759380206,0.7943282347242815,0.7
0.14153017009048782,7.450738020494758e-06,1.0545042193402876e-06,6.744880658385111e-12,594.8959996071131,84.1957320105455,0.0,0.0,5.4507647773804884e-05,5.4507647773804884e-05,1.0,False,True,-210.0,0.0,1616003.5989834056,11.228452058365017,98927.61161841667,0.10250000434835413,0.001912782160514558,0.7943282347242815,0.7
0.13599142694225808,7.778280653083224e-06,1.0577794851701468e-06,7.108835912753521e-12,621.0482816081278,84.45724201592664,0.0,0.0,5.7783099040643836e-05,5.7783099040643836e-05,1.0,False,True,-208.0,0.0,1602154.7981663751,11.454384673514465,97140.11362115161,0.10680679022854712,0.0019459600595169606,0.7943282347242815,0.7
0.13068183736381708,8.12049710511731e-06,1.0612014820042879e-06,7.49136539397345e-12,648.3721786173664,84.73046759729846,0.0,0.0,6.120529076531758e-05,6.120529076531758e-05,1.0,False,True,-206.0,0.0,1588317.1277923428,11.683148488080692,95394.00386216152,0.1111885230426494,0.0019799807126073213,0.7943282347242815,0.7
0.12559419341954756,8.477902798000425e-06,1.0647753638041888e-06,7.893348920211133e-12,676.9088438910778,85.01582026705834,0.0,0.0,6.4779377356208e-05,6.4779377356208e-05,1.0,False,True,-204.0,0.0,1574490.9502370027,11.914815774769306,93687.86705271964,0.11564352720492616,0.0020148716932118713,0.7943282347242815,0.7
0.12072108472023754,8.851034610667345e-06,1.0685064990961272e-06,8.315718667986316e-12,706.7011439385517,85.31372866929468,0.0,0.0,6.851072781304652e-05,6.851072781304652e-05,1.0,False,True,-202.0,0.0,1560676.639808645,12.149461182796115,92020.34736481801,0.12017012871599334,0.002050661654104888,0.7943282347242815,0.7
0.11605498031740048,9.240452067803247e-06,1.0724004828527885e-06,8.759462934385228e-12,737.7937533941637,85.62463952846069,0.0,0.0,7.240493761042789e-05,7.240493761042789e-05,1.0,False,True,-200.0,0.0,1546874.5832528127,12.387161831386141,90390.14567534582,0.12476665829279597,0.0020873803751371533,0.7943282347242815,0.7
0.11158829899130673,9.64673857939173e-06,1.076463148888138e-06,9.225630175401081e-12,770.233253987726,85.94901863902946,0.0,0.0,7.646784109472913e-05,7.646784109472913e-05,1.0,False,True,-198.0,0.0,1533085.1802818696,12.627997407428841,88796.01694631492,0.1294314541735656,0.0021250588132066925,0.7943282347242815,0.7
0.10731346897873752,1.0070502734454616e-05,1.0807005827941869e-06,9.71533334367296e-12,804.0682378417227,86.28735189841585,0.0,0.0,8.07055244230705e-05,8.07055244230705e-05,1.0,False,True,-196.0,0.0,1519308.8441308567,12.872050267484555,87236.76773526586,0.13416286461290514,0.002163729154572737,0.7943282347242815,0.7
0.10322297818129898,1.0512379651977269e-05,1.085119135449581e-06,1.0229754550910447e-11,839.3494153344582,86.64014638555484,0.0,0.0,8.512433907426818e-05,8.512433907426818e-05,1.0,False,True,-194.0,0.0,1505546.002141111,13.11940554434848,85711.25383015464,0.13895925008185234,0.0022034248696168124,0.7943282347242815,0.7
0.09930941586470596,1.0973032392177006e-05,1.0897254371315954e-06,1.0770150082524459e-11,876.1297277812353,87.00793148765831,0.0,0.0,8.973091596336696e-05,8.973091596336696e-05,1.0,False,True,-192.0,0.0,1491797.0963732032,13.370151258385874,84218.3780030075,0.14381898518796682,0.0022441807701576795,0.7943282347242815,0.7
0.09556550681203702,1.1453153431360472e-05,1.0945264122639843e-06,1.1337855794325586e-11,914.464465192723,87.39126007774095,0.0,0.0,9.453218019222359e-05,9.453218019222359e-05,1.0,False,True,-190.0,0.0,1478062.584250835,13.624378433861997,82757.08787702661,0.14874046032938334,0.002286033069429452,0.7943282347242815,0.7
0.09198413883390387,1.1953466203778936e-05,1.0995292948347795e-06,1.1934292923791727e-11,954.4113893827006,87.79070974563741,0.0,0.0,9.953536647024739e-05,9.953536647024739e-05,1.0,False,True,-188.0,0.0,1464342.9392374628,13.882181220500451,81326.37390178365,0.15372208309695723,0.002329019444834354,0.7943282347242815,0.7
0.08855838447188323,1.2474726713988954e-05,1.1047416445191063e-06,1.2560974351204396e-11,996.0308627052253,88.20688408531089,0.0,0.0,0.00010474803524038687,0.00010474803524038687,1.0,False,True,-186.0,0.0,1450638.6515474957,14.143657020512862,79925.26743143094,0.1587622794377538,0.0023731791035834534,0.7943282347242815,0.7
0.08528151766128075,1.3017725223330212e-05,1.1101713635431355e-06,1.3219511349009997e-11,1039.3859827096044,88.64041404133678,0.0,0.0,0.00011017808954649883,0.00011017808954649883,1.0,False,True,-184.0,0.0,1436950.2288940393,14.408906621352763,78552.83890105829,0.16385949459248206,0.0024185528513399673,0.7943282347242815,0.7
0.08214702604823809,1.3583288014238198e-05,1.1158267143263456e-06,1.3911620861096349e-11,1084.542723010004,89.09195931752987,0.0,0.0,0.00011583379267929577,0.00011583379267929577,1.0,False,True,-182.0,0.0,1423278.1972752865,14.678034334457124,77208.19609647356,0.1690121938189647,0.002465183163980337,0.7943282347242815,0.7
0.07914861958659211,1.4172279236188807e-05,1.121716337940066e-06,1.4639133357276507e-11,1131.5700806728703,89.56220985074634,0.0,0.0,0.00012172378663886373,0.00012172378663886373,1.0,False,True,-180.0,0.0,1409623.1018017677,14.95114814024879,75890.48251290365,0.17421886291298055,0.0025131142625881746,0.7943282347242815,0.7
0.07628023597309683,1.4785602837131183e-05,1.1278492734208565e-06,1.5404001312173878e-11,1180.5402304300644,90.05188735293942,0.0,0.0,0.000127857111452336,0.000127857111452336,1.0,False,True,-178.0,0.0,1395985.507566817,15.228359839682584,74598.87579833617,0.1794780085369942,0.0025623921917951008,0.7943282347242815,0.7
0.07353604341653007,1.5424204584317552e-05,1.1342349779778176e-06,1.6208308361948184e-11,1231.5286860298033,90.56174692458984,0.0,0.0,0.00013424322538583603,0.00013424322538583603,1.0,False,True,-176.0,0.0,1382366.0005627673,15.509785212629884,73332.58627739019,0.1847881583666504,0.00261306490158024,0.7943282347242815,0.7
0.07091044117753573,1.608907417846695e-05,1.1408833481331895e-06,1.7054279196899262e-11,1284.6144690397416,91.09257874265388,0.0,0.0,0.00014089202609008522,0.00014089202609008522,1.0,False,True,-174.0,0.0,1368765.188645513,15.79554418340323,72090.8555517833,0.19014786106424006,0.0026651823326367067,0.7943282347242815,0.7
0.06839805826222606,1.678124746516639e-05,1.1478047418352842e-06,1.7944290252917923e-11,1339.8802854138708,91.645209826146,0.0,0.0,0.00014781387271874244,0.00014781387271874244,1.0,False,True,-172.0,0.0,1355183.7025502683,16.08576099373507,70872.95517373855,0.19555568608723167,0.002718796505408193,0.7943282347242815,0.7
0.06599375060330605,1.7501808747399356e-05,1.1550100015826334e-06,1.888088127015237e-11,1397.4127101338179,92.22050588246118,0.0,0.0,0.00015501960905840438,0.00015501960905840438,1.0,False,True,-170.0,0.0,1341622.19696151,16.380564383531773,69678.18538876009,0.2010102233396189,0.002773961612891858,0.7943282347242815,0.7
0.06369259701820494,1.8251893202987985e-05,1.1625104785972275e-06,1.9866767793023388e-11,1457.302380226865,92.81937323746058,0.0,0.0,0.00016252058770816852,0.00016252058770816852,1.0,False,True,-168.0,0.0,1328081.351640274,16.680087779733352,68505.87394445416,0.20651008267281398,0.0028307341172945193,0.7943282347242815,0.7
0.061489894193868605,1.9032689410615354e-05,1.1703180580835015e-06,2.090485469197396e-11,1519.644196453425,93.44276085224757,0.0,0.0,0.00017032869534545976,0.00017032869534545976,1.0,False,True,-166.0,0.0,1314561.8726121704,16.98446949361642,67355.37496220467,0.21205389324226465,0.0028891728506174152,0.7943282347242815,0.7
0.05938115091255605,1.984544198785789e-05,1.1784451856073657e-06,2.1998250793986184e-11,1584.5375339378436,94.0916624293725,0.0,0.0,0.00017845637911246428,0.00017845637911246428,1.0,False,True,-164.0,0.0,1301064.4934196947,17.293852926885346,66226.06786879578,0.21764030272469712,0.002949339119230026,0.7943282347242815,0.7
0.057362081701377625,2.069145434446766e-05,1.186904894627679e-06,2.315028471618629e-11,1652.0864620012032,94.76711861105292,0.0,0.0,0.00018691667415561403,0.00018691667415561403,1.0,False,True,-162.0,0.0,1287589.9764426118,17.608386786900347,65117.35638503819,0.22326797640110024,0.0030112968124752643,0.7943282347242815,0.7
0.0554286000609046,2.1572091553719033e-05,1.1957108352083105e-06,2.436452200445105e-11,1722.3999734208444,95.4702192716567,0.0,0.0,0.00019572323234631647,0.00019572323234631647,1.0,False,True,-160.0,0.0,1274139.114290435,17.928225311396393,64028.66756882872,0.2289355961088454,0.0030751125153259612,0.7943282347242815,0.7
0.05357681140380885,2.2488783344229024e-05,1.204877303934876e-06,2.5644783687189377e-11,1795.5922233089789,96.20210590637097,0.0,0.0,0.00020489035220707768,0.00020489035220707768,1.0,False,True,-158.0,0.0,1260712.7312712537,18.253528503047082,62959.45091011208,0.2346418590661377,0.0031408556250855984,0.7943282347242815,0.7
0.05180300581334115,2.344302721410724e-05,1.2144192750547123e-06,2.6995166363211626e-11,1871.7827777585724,96.96397411753918,0.0,0.0,0.00021443301006163703,0.00021443301006163703,1.0,False,True,-156.0,0.0,1247311.6849414045,18.58446237422741,61909.17747535923,0.24038547657133172,0.0032085984720937877,0.7943282347242815,0.7
0.05010365071315209,2.44363916685605e-05,1.2243524328513351e-06,2.8420063951790074e-11,1951.096872346333,97.75707619956417,0.0,0.0,0.00022436689242042766,0.00022436689242042766,1.0,False,True,-154.0,0.0,1233936.867740788,18.921199202325987,60877.33909940198,0.24616517257850667,0.0032784164443580475,0.7943282347242815,0.7
0.04847538352393349,2.5470519581286817e-05,1.2346932052567364e-06,2.9924191242839704e-11,2033.665680519525,98.58272382264518,3.363550208068772e-07,26.88214956536525,0.000234708429604781,0.000234708429604781,1.0,False,True,-152.0,26.88214956536525,1220589.208718848,19.263917795948398,59863.44762247836,0.2519796821506551,0.0033503881159876077,0.7943282347242815,0.7
0.04691500436878058,2.6547131678892733e-05,1.2454587986938458e-06,3.151260939526101e-11,2119.626591805445,99.44229081473594,8.271475248017963e-07,66.10724412854942,0.00024547483060228744,0.00024547483060228744,1.0,False,True,-150.0,119.87154325927993,1207269.6753565918,19.612803772344225,58867.03417062336,0.2578277497903558,0.0034245953792502322,0.7943282347242815,0.7
0.0454194688772724,2.7668030146399578e-05,1.2566672341298302e-06,3.31907535422214e-11,2209.1234996891135,100.33721604018078,1.3466055762251783e-06,107.62334517499181,0.0002566841191340529,0.0002566841191340529,1.0,False,True,-148.0,293.60213256282117,1193979.2754902763,19.968049846371805,57887.648477523726,0.26370812764790746,0.003501123580009233,0.7943282347242815,0.7
0.04398588112829269,2.883510235037016e-05,1.2683373843055352e-06,3.496446267305941e-11,2302.307098882238,101.26900637225854,1.8957830322563488e-06,151.5146790267708,0.00026835517089925223,0.00026835517089925223,1.0,False,True,-146.0,552.7401567645838,1180719.059342739,20.329856131293887,56924.85824618052,0.26961957360565614,0.0035800616562225098,0.7943282347242815,0.7
0.042611486762997045,3.005032467444785e-05,1.2804890120889982e-06,3.684001197275642e-11,2399.3351915676217,102.23923975547669,2.4757846182933584e-06,197.8695374932604,0.0002805077519449928,0.0002805077519449928,1.0,False,True,-144.0,902.1243732846151,1167490.1216686736,20.698430451668738,55978.24854879127,0.2755608492368642,0.0036615022790976973,0.7943282347242815,0.7
0.04129366629206613,3.1315766460013846e-05,1.2931428098800887e-06,3.882414781125613e-11,2500.3730020366174,103.24956835179167,3.0877683064568704e-06,246.7804679658018,0.0002931625580886479,0.0002931625580886479,1.0,False,True,-142.0,1346.7743787436773,1154293.6040204733,21.073988668562563,55047.421263377604,0.28153071763680604,0.0037455419963952495,0.7943282347242815,0.7
0.04002992861528245,3.263359404217633e-05,1.306320439968425e-06,4.092412558611661e-11,2605.593498938254,104.30172176294235,3.732947745556019e-06,298.34446762531616,0.000306341255294904,0.000306341255294904,1.0,False,True,-140.0,1891.8993143347952,1141130.697141656,21.456755017266364,54131.99454583491,0.2875279411228586,0.003832281377252197,0.7943282347242815,0.7
0.03881790476624941,3.400607486847467e-05,1.3200445757183973e-06,4.314775063300479e-11,2715.177724132651,105.39751031882305,4.412594734783794e-06,352.6631811448667,0.0003200665208814668,0.0003200665208814668,1.0,False,True,-138.0,2542.906963104978,1128002.6434951879,21.8469624576394,53231.60233609451,0.2935512788002747,0.003921825157761839,0.7943282347242815,0.7
0.037655341890856814,3.543558168421407e-05,1.3343389434204644e-06,4.550342242871414e-11,2829.315126864468,106.53882841905444,5.1280417315190564e-06,409.8431011180889,0.0003343620853927036,0.0003343620853927036,1.0,False,True,-136.0,3305.4132453679335,1114910.739934453,22.244853037136714,52345.893897309,0.29959948398892505,0.004014282386384945,0.7943282347242815,0.7
0.036540097464435574,3.69245967644854e-05,1.3492283646092788e-06,4.800018232080188e-11,2948.203901663888,107.72765791182768,5.880684381463079e-06,469.99577027263945,0.0003492527749418962,0.0003492527749418962,1.0,False,True,-134.0,4185.252116758662,1101856.3405249296,22.6506782664906,51474.533386940035,0.30567130150647726,0.004109766568084623,0.7943282347242815,0.7
0.035470133749685814,3.847571616823729e-05,1.3647387986023257e-06,5.064776502555086e-11,3072.0513280083314,108.96607149035545,6.671984056713234e-06,533.2379843179982,0.0003647645537759074,0.0003647645537759074,1.0,False,True,-132.0,5188.4858713492995,1088840.8595250384,23.064699507918615,50617.19945884806,0.31176546480201206,0.004208395805865285,0.7943282347242815,0.7
0.034443512494955246,4.00916539845627e-05,1.3808973849607075e-06,5.3456654141795756e-11,3201.0741093625475,110.25623608310664,7.503470384422439e-06,599.6919940408645,0.000380924566764026,0.000380924566764026,1.0,False,True,-130.0,6321.415849708163,1075865.7745349887,23.487188375609886,49773.58489540711,0.3178806929345816,0.004310292938153254,0.7943282347242815,0.7
0.033458389870616306,4.177524653504067e-05,1.3977324855105038e-06,5.643814193062798e-11,3335.498708709979,111.60041620895574,8.376743745103921e-06,669.4857049745494,0.00039776118144953953,0.00039776118144953953,1.0,False,True,-128.0,7590.5935487235765,1062932.629822791,23.918427148100537,48943.39626895271,0.32401568738923386,0.004415585670178217,0.7943282347242815,0.7
0.032513011639622356,4.3529456489004504e-05,1.4152737254934383e-06,5.960439361014313e-11,3475.5616771318328,113.00097726281267,9.29347771564456e-06,742.7528726493681,0.0004153040292328925,0.0004153040292328925,1.0,False,True,-126.0,9002.832126347494,1050043.0398369753,24.358709191983262,48126.353631763326,0.3301691287237471,0.004524406697196126,0.7943282347242815,0.7
0.031605708557156845,4.535737684033964e-05,1.4335520333329103e-06,6.296851640819817e-11,3621.5099713301424,114.46038869069793,1.0255421427352424e-05,819.6332910524005,0.0004335840451726139,0.0004335840451726139,1.0,False,True,-124.0,10565.218290049263,1037198.6929158471,24.80833939619966,47322.190233956004,0.3363396730380508,0.004636893817030879,0.7943282347242815,0.7
0.030734891993329773,4.726223468502078e-05,1.452599678407518e-06,6.654463360372445e-11,3773.601255241074,115.98122700572806,1.1264401803958965e-05,900.2729714929935,0.00045263350579625246,0.00045263350579625246,1.0,False,True,-122.0,12285.124552594656,1024401.3552034198,25.267634615936995,46530.65226873195,0.342525948257883,0.0047531900289982144,0.7943282347242815,0.7
0.029899049772145313,4.924739472786239e-05,1.4724503061168442e-06,7.034796376672161e-11,3932.1041800275684,117.5661785879049,1.2322325638310553e-05,984.8243085760005,0.0004724860642062027,0.0004724860642062027,1.0,False,True,-120.0,14170.22183266365,1011652.8747824098,25.73692412488467,45751.49864444166,0.34872655022400945,0.004873443615804869,0.7943282347242815,0.7
0.02909674221945895,5.1316362434644404e-05,1.493138969401175e-06,7.439490537648516e-11,4097.298635757364,119.21804220077284,1.3431181459380017e-05,1073.4462294169864,0.000493176781642172,0.000493176781642172,1.0,False,True,-118.0,16228.492370656637,998955.1860348524,26.216550074297977,44984.50078302358,0.35494003857773065,0.004997808204483323,0.7943282347242815,0.7
0.02832659841229126,5.3472786731759646e-05,1.514702155736652e-06,7.870312695455925e-11,4269.475966953375,120.93973114681717,1.4593041133137016e-05,1166.3043215869116,0.0005147421545218707,0.0005147421545218707,1.0,False,True,-116.0,18468.242921660534,986310.3142410463,26.70686795696018,44229.44244443215,0.3611649324329946,0.0051264428018195,0.7943282347242815,0.7
0.027587312621642504,5.57204621396312e-05,1.537177808468401e-06,8.329166279050299e-11,4448.939142934066,122.73427497078433,1.5810061131626968e-05,1263.5709345393964,0.0005372201358224987,0.0005372201358224987,1.0,False,True,-114.0,20898.11817778684,973720.3804275317,27.20824707372281,43486.11957671483,0.36739970582518283,0.005259511799051482,0.7943282347242815,0.7
0.02687764094083551,5.806333020817312e-05,1.560605341164445e-06,8.81810142614174e-11,4636.002872426232,124.60482060575433,1.708448339421406e-05,1365.4252484429421,0.0005606501494858333,0.0005606501494858333,1.0,False,True,-112.0,23527.114360769177,961187.6064747515,27.7210709998317,42754.34019140949,0.37364278292671727,0.005397184939853147,0.7943282347242815,0.7
0.026196398091423444,6.0505480102174085e-05,1.5850256434692525e-06,9.339325664600581e-11,4830.993650304319,126.55463284051085,1.8418635693151522e-05,1472.053303398022,0.0005850730963257307,0.0005850730963257307,1.0,False,True,-110.0,26364.59291261014,948714.3204948156,28.24573804770495,42033.92426402979,0.3798925330190628,0.005539637244760322,0.7943282347242815,0.7
0.025542454398738396,6.305114816167839e-05,1.6104810767077685e-06,9.895215120646823e-11,5034.249722489521,128.58709396855002,1.981493140244459e-05,1583.647980964157,0.0006105313496887609,0.0006105313496887609,1.0,False,True,-108.0,29420.294196972318,936302.9624894056,28.7826617222092,41324.70365938252,0.3861472652111871,0.0056870488842408065,0.7943282347242815,0.7
0.024914732929289585,6.57047162367831e-05,1.637015457234208e-06,1.0488326215081658e-10,5246.120952993492,130.705702458583,2.12758685541275e-05,1700.4089287357315,0.0006370687388620647,0.0006370687388620647,1.0,False,True,-106.0,32704.351106672206,923956.0902972687,29.332271163775015,40626.52208151485,0.3924052228944676,0.005839604991545832,0.7943282347242815,0.7
0.02431220678237179,6.84707085677538e-05,1.6646740252347461e-06,1.1121407788831667e-10,5466.968574814606,132.9140704636211,2.280402804957056e-05,1822.542417386166,0.0006647305179372683,0.0006647305179372683,1.0,False,True,-104.0,36227.3024527941,911676.3858399305,29.89501157389039,39939.23504805389,0.3986645779248464,0.005997495405302007,0.7943282347242815,0.7
0.023733896528468353,7.13537869495611e-05,1.6935033963752589e-06,1.1797413574393703e-10,5697.164803855689,135.21591996034263,2.4402070875028e-05,1950.261118129067,0.0006935633175211894,0.0006935633175211894,1.0,False,True,-102.0,40000.10598830933,899466.6616731434,30.471344616603037,39262.70988875104,0.40492342452322194,0.006160914330504252,0.7943282347242815,0.7
0.023178867787251672,7.435874388495108e-05,1.72355149333539e-06,1.2519514899620097e-10,5937.092292238435,137.61507728250567,2.607273415038432e-05,2083.7837869263253,0.0007236150763340282,0.0007236150763340282,1.0,False,True,-100.0,44034.15089336473,887329.8678501269,31.06174878863554,38596.825767991046,0.41117977288631247,0.006330059905147004,0.7943282347242815,0.7
0.02264622893823123,7.749049339175343e-05,1.7548674538861423e-06,1.329111347371788e-10,6187.143394323025,140.11546578150427,2.7818825817819937e-05,2223.3348399959114,0.0007549349493514918,0.0007549349493514918,1.0,False,True,-98.0,48341.269520286965,875269.0991007988,31.666719749563164,37941.47373096712,0.4174315425017392,0.006505133658181472,0.7943282347242815,0.7
0.02213512895739427,8.0754059088082e-05,1.7875015117477316e-06,1.4115854061275794e-10,6447.71921538403,142.7210963135945,2.9643217752779764e-05,2369.143803227042,0.0007875731887265984,0.0007875731887265984,1.0,False,True,-96.0,52933.74816350992,863287.6023289069,32.286770602212094,37296.55677325399,0.42367655516197394,0.00668633984281189,0.7943282347242815,0.7
0.021644755373418586,8.415455913402632e-05,1.8215048460138882e-06,1.4997636797592618e-10,6719.228409296306,145.43605521734304,3.154883705353904e-05,2521.444616025286,0.0008215809932761031,0.0008215809932761031,1.0,False,True,-94.0,57824.33658276225,851388.7844260371,32.92243211198726,36661.98993329954,0.4299125276752126,0.0068738846273515945,0.7943282347242815,0.7
0.021174332337369015,8.769718755968456e-05,1.8569293944413447e-06,1.5940628836141072e-10,7002.085687692278,148.26448940593136,3.353865523744605e-05,2680.4747678552003,0.0008570103218287204,0.0008570103218287204,1.0,False,True,-92.0,63026.25596664273,839576.2203980371,33.57425285223803,36037.70040740937,0.4361370642724576,0.007067975123959597,0.7943282347242815,0.7
0.02072311880003286,9.13871914583644e-05,1.8938276253930338e-06,1.694927494565856e-10,7296.709998978091,151.2105881582106,3.561567504237654e-05,2846.474243386816,0.0008939136652217282,0.0008939136652217282,1.0,False,True,-90.0,68553.20497788474,827853.6617950958,34.24279926099028,35423.62768653083,0.4423476487147173,0.007268818233593729,0.7943282347242815,0.7
0.020290406791360488,9.522984347018116e-05,1.93225226268756e-06,1.8028306588617635e-10,7603.522331316708,154.27856114960966,3.778291450091057e-05,3019.6842496727745,0.0009323437711961575,0.0009323437711961575,1.0,False,True,-88.0,74419.36347094433,816225.045431679,34.928655592423894,34819.72371406391,0.4485416361074661,0.0074766192834748195,0.7943282347242815,0.7
0.01987551979674904,9.92304089266604e-05,1.9722559570613412e-06,1.9182748913636953e-10,7922.943089324767,157.4726122203904,4.0043387923117046e-05,3200.345696255364,0.0009723533158940835,0.0009723533158940835,1.0,False,True,-86.0,80639.39341687247,804694.5023764375,35.632423744338375,34225.953063689754,0.45471624443471126,0.007691580431303109,0.7943282347242815,0.7
0.01947781122518723,0.00010339410697230149,2.0138908974033035e-06,2.041792498060378e-10,8255.388989866491,160.79690833510864,4.240008339219314e-05,3388.6973965741095,0.0010139945151144713,0.0010139945151144713,1.0,False,True,-84.0,87228.43650970195,793266.3671851112,36.35472294053763,33642.2931359657,0.4608685458308162,0.00791389880845998,0.7943282347242815,0.7
0.019096662964556657,0.00010772606492618882,2.057208354393376e-06,2.1739456408097044e-10,8601.269418106627,164.25554314493064,4.4855936346596745e-05,3584.973956598249,0.0010573186679547098,0.0010573186679547098,1.0,False,True,-82.0,94202.10786287431,781945.187341035,37.096189244571455,33068.73437216882,0.4669954576148424,0.008143764372545659,0.7943282347242815,0.7
0.018731484019637368,0.00011223126509820245,2.1022581486906643e-06,2.3153259487824114e-10,8960.982181109159,167.85249452570142,4.741379879421082e-05,3789.403314362683,0.0011023756249789055,0.0011023756249789055,1.0,False,True,-80.0,101576.48513383525,770735.732858157,37.857474878624274,32505.28048346223,0.473093733120905,0.008381357437945595,0.7943282347242815,0.7
0.01838170922864326,0.0001169144832326848,2.1490880354003e-06,2.4665535650345194e-10,9334.908592939437,171.59157543137613,5.007640367993661e-05,4002.203892156495,0.0011492131726362682,0.0011492131726362682,1.0,False,True,-78.0,109368.09234035443,759643.0059901684,38.63924731854817,31951.94869314264,0.47915995236651443,0.00862684585181659,0.7943282347242815,0.7
0.018046798054342852,0.00012178021772211131,2.1977429962448474e-06,2.628275499177952e-10,9723.407822807405,175.47637737822274,5.284632391056414e-05,4223.581321710648,0.0011978763253489718,0.0011978763253489718,1.0,False,True,-76.0,117593.87755422157,748672.250976404,39.442188133146374,31408.769989167467,0.485190512612716,0.00888038178209785,0.7943282347242815,0.7
0.01772623344607827,0.00012683260871834573,2.2482644307164985e-06,2.8011631384704613e-10,10126.810436594551,179.5102058632568,5.572592553209789e-05,4453.724702038497,0.0012484065165382495,0.0012484065165382495,1.0,False,True,-74.0,126271.18357797072,737828.9637403855,40.26699153286711,30875.78938369552,0.4911816188815109,0.009142098084081434,0.7943282347242815,0.7
0.017419520769210467,0.00013207534627603475,2.300689237556052e-06,2.9859087502485173e-10,10545.411062664081,183.6960070259388,5.8717314558744985e-05,4692.8023499047695,0.0013008406799262674,0.0013008406799262674,1.0,False,True,-72.0,135417.71062991399,727118.9014401304,41.11436259014062,30353.066175667664,0.49712927451127054,0.009412104212960766,0.7943282347242815,0.7
0.017126186798762835,0.00013751156669759886,2.3550487782536127e-06,3.1832207890819134e-10,10979.460115640479,188.03628489002503,6.182227697297309e-05,4940.957004513127,0.0013552102127993059,0.0013552102127993059,1.0,False,True,-70.0,145051.46998433187,716548.0917504877,41.985015090772094,29840.67421187865,0.5030292718455707,0.009690481651901055,0.7943282347242815,0.7
0.016845778774224322,0.00014314373632154967,2.4113677149887245e-06,3.393817803285866e-10,11429.154517615243,192.5330085801729,6.504221145786925e-05,5198.300451345023,0.0014115398136395588,0.0014115398136395588,1.0,False,True,-68.0,155190.72744019,706122.8417367908,42.87966897321417,29338.702141069916,0.5088771831704343,0.009977278828873162,0.7943282347242815,0.7
0.01657786351269155,0.00014897352211370375,2.4696627166059175e-06,3.6184207186856805e-10,11894.627365644405,197.1875090019788,6.837805449123794e-05,5464.9075355338655,0.0014698461877103363,0.0014698461877103363,1.0,False,True,-66.0,165853.9354270689,695849.7461558937,43.7990473103307,28847.25365479335,0.5146683520339868,0.010272505501146644,0.7943282347242815,0.7
0.0163220265777196,0.00015500164859579734,2.529941027970958e-06,3.8577432644613193e-10,12375.936508370783,202.00036461379824,7.18301975321292e-05,5740.809543250755,0.0015301366159280597,0.0015301366159280597,1.0,False,True,-64.0,177059.65250585353,685735.6949953064,44.7438727866148,28366.447707830048,0.5203978851045994,0.010576126594372938,0.7943282347242815,0.7
0.016077871501424538,0.00016122774088975236,2.592198900490409e-06,4.1124802986094615e-10,12873.05201406569,206.9712761133025,7.539839617156995e-05,6025.986940853669,0.0015924073847914213,0.0015924073847914213,1.0,False,True,-62.0,188826.44898995795,675787.8800337437,45.71486362296638,27896.418709859972,0.5260606447480717,0.010888055494072586,0.7943282347242815,0.7
0.01584501905756277,0.0001676501539803546,2.656419884822051e-06,4.3832937916440335e-10,13385.842538294848,212.09893012081625,7.908167130710571e-05,6320.3614765639995,0.0016566420783830679,0.0016566420783830679,1.0,False,True,-60.0,201172.79740737562,666013.8001772079,46.712728901329115,27437.31667904285,0.5316512425290842,0.011208146801558573,0.7943282347242815,0.7
0.015623106583460951,0.00017426578871804845,2.7225729909929577e-06,4.670796239806341e-10,13914.060632863497,217.38085227596454,8.287820264325595e-05,6623.787668815149,0.0017228097376490441,0.0017228097376490441,1.0,False,True,-58.0,214116.94655275476,656421.265294154,47.73816324305049,26989.307346935675,0.5371640338698813,0.01153618858437251,0.7943282347242815,0.7
0.015411787348824488,0.00018106989560834818,2.790610726389711e-06,4.975531306932874e-10,14457.327079597282,222.81325058315508,8.67852151237517e-05,6936.043729695355,0.0017908628974103518,0.0017908628974103518,1.0,False,True,-56.0,227676.77795126528,647018.3982418701,48.79184079811315,26552.572203019736,0.5425931141263536,0.011871894173641994,0.7943282347242815,0.7
0.015210729969584053,0.00018805586807628676,2.86046702850412e-06,5.297951541417577e-10,15015.114383769082,228.39085035392895,9.079885927298779e-05,7256.822001603082,0.0018607355179822362,0.0018607355179822362,1.0,False,True,-54.0,241869.6436825637,637813.6347447691,49.8744085077811,26127.308465887836,0.5479323163698694,0.012214893587772195,0.7943282347242815,0.7
0.015019617865055455,0.00019521502766095796,2.932055116983819e-06,5.638393085890086e-10,15586.729623192976,234.10672270629829,9.49140868678739e-05,7585.719020698761,0.001932340835946432,0.001932340835946432,1.0,False,True,-52.0,256712.18470486556,628815.7207548752,50.98647861114249,25713.728966923554,0.5531752111911192,0.012564724693813771,0.7943282347242815,0.7
0.01483814875680644,0.00020253640448860107,3.0052652984705822e-06,5.997047396831794e-10,16171.296920338646,239.9521092944707,9.912452387839514e-05,7922.225362066468,0.002005569167560077,0.002005569167560077,1.0,False,True,-50.0,272220.1290876308,620033.7068967225,52.128620376943836,25312.061931316748,0.5583151088665016,0.012920824254748801,0.7943282347242815,0.7
0.014666034207696155,0.00021000651739022406,3.0799627678841634e-06,6.373930123682911e-10,16767.73988606433,245.91624675477067,0.00010342234320418103,8265.715468572205,0.0020802857084667036,0.0020802857084667036,1.0,False,True,-48.0,288408.06991826947,611476.9395748175,53.30135105644122,24922.550640159898,0.5633450642518627,0.01328251905255551,0.7943282347242815,0.7
0.014502999199646139,0.00021760915915515535,3.155985461062887e-06,6.768847465321619e-10,17374.764473422354,251.98619525208457,0.00010779814038579643,8615.43771746775,0.002156328384636591,0.002156328384636591,1.0,False,True,-46.0,305289.2231043094,603155.0483037473,54.50512607114078,24545.452956805093,0.5682578847838382,0.013649017322602756,0.7943282347242815,0.7
0.014348781748742774,0.0002253251936213504,3.2331420257659646e-06,7.181360528037691e-10,17990.842776557383,258.14667647676737,0.0001122408161695296,8970.505034739379,0.0022335058215679627,0.0022335058215679627,1.0,False,True,-44.0,322875.1658565165,595077.9288112122,55.74032847159263,24181.0407001185,0.5730461419811834,0.014019400783533345,0.7943282347242815,0.7
0.01420313255631613,0.00023313237255308524,3.311209990539946e-06,7.610748452515957e-10,18614.198409506826,264.3799274397943,0.00011673747052787864,9329.88642501836,0.002311595511290254,0.002311595511290254,1.0,False,True,-42.0,341175.55731627427,587255.7214654307,57.00725773004603,23829.598847318266,0.5777021868391274,0.014392617596547265,0.7943282347242815,0.7
0.014065814694656408,0.0002410051814885445,3.3899342232699038e-06,8.055971353794509e-10,19242.794198070715,270.66557739747213,0.00012127331345098118,9692.39984185793,0.0023903422690428086,0.0023903422690428086,1.0,False,True,-40.0,360197.84358315053,579698.7845932449,58.30611796079273,23491.42454957928,0.5822181694996399,0.014767476636414707,0.7943282347242815,0.7
0.013936603326028208,0.0002489147248742209,3.4690257825794636e-06,8.515634418933609e-10,19874.32300849389,276.98055614273494,0.00012583159848086016,10056.706875660551,0.0024694570828610743,0.0024694570828610743,1.0,False,True,-38.0,379946.950300669,572417.6622869818,59.63700569719515,23166.825944740594,0.5865860635557559,0.015142643500371625,0.7943282347242815,0.7
0.013815285453616113,0.0002568286617412031,3.5481612746249363e-06,8.987954817954783e-10,20506.202611609813,283.2990426490778,0.000130393585503379,10421.30977993835,0.0025486164686992466,0.0025486164686992466,1.0,False,True,-36.0,400424.9669562679,565423.0463496511,60.999897393180994,22856.120753297546,0.5907976953071447,0.015516638716233823,0.7943282347242815,0.7
0.013701659702997498,0.00026471120380157094,3.6269828340599428e-06,9.470733383790576e-10,21135.57553084933,289.59246355069826,0.00013493853967347667,10784.551385415814,0.002627462449964568,0.002627462449964568,1.0,False,True,-34.0,421630.82812162203,558725.7321022068,62.39463685844905,22559.634646664563,0.5948447782223639,0.015887838632843886,0.7943282347242815,0.7
0.01359553613267307,0.0002725231880195733,3.705098849711366e-06,9.961333279280432e-10,21759.31483660671,295.8295510832958,0.00013944377345136236,11144.618459644493,0.0027056032821162084,0.0027056032821162084,1.0,False,True,-32.0,443559.99796668236,552336.5678757188,63.82092287940653,22277.69938036363,0.5987189527810406,0.016254479479028975,0.7943282347242815,0.7
0.013496736072103848,0.0002802222353017193,3.7820855514022872e-06,1.0456668060163948e-09,22374.036816675813,301.97646978220797,0.00014388473848967113,11499.549050803764,0.002782615038886096,0.002782615038886096,1.0,False,True,-30.0,466204.1654771306,546266.3981370364,65.27829732007919,22010.65068947628,0.6024118317639803,0.016614665056041922,0.7943282347242815,0.7
0.013405091985611345,0.00028776300581583074,3.857489563017224e-06,1.0953201624393138e-09,22976.1213619196,307.99702032910204,0.00014823517345508908,11847.24430189356,0.0028580441653428576,0.0028580441653428576,1.0,False,True,-28.0,489550.95882982796,540526.0003492497,66.76613403655361,21758.82594949053,0.6059150509293724,0.016966378477649372,0.7943282347242815,0.7
0.013320447360386206,0.0002950975594749337,3.930831507164292e-06,1.1446962469956389e-09,23561.740748710803,313.85292736226893,0.00015246731272517748,12185.485130191744,0.002931411083275845,0.002931411083275845,1.0,False,True,-26.0,513583.68826191325,535126.0158471024,68.28362897211899,21522.561612358913,0.6092203248620701,0.01730749828707728,0.7943282347242815,0.7
0.01324265661673693,0.0003021758272257907,4.001610717829573e-06,1.1933574428009457e-09,24126.897268447523,319.50421575333877,0.00015655215922470096,12511.954032865857,0.003002214905404028,0.003002214905404028,1.0,False,True,-24.0,538281.1274249709,530076.8752094852,69.82979182501535,21302.190435239027,0.6123195076102511,0.017635819157929333,0.7943282347242815,0.7
0.013171585038592613,0.00030894619494008344,4.06931107900292e-06,1.2408305565522026e-09,24667.469847703833,324.9096767859502,0.00016045982244192625,12824.262101895218,0.003069939276474514,0.003069939276474514,1.0,False,True,-22.0,563617.343559732,525388.7188315297,71.40343969321914,21098.038527700737,0.615204657535479,0.017949077226251005,0.7943282347242815,0.7
0.013107108722163032,0.00031535619697017604,4.1334079598959574e-06,1.2866136245997673e-09,25179.269424428494,330.0274218906197,0.00016415991992385257,13119.981112353173,0.0031340593119214095,0.0031340593119214095,1.0,False,True,-20.0,589561.5867739804,521071.3136301818,73.00319309770656,20910.42225197907,0.6178681056031319,0.018244979905525583,0.7943282347242815,0.7
0.013049114540557929,0.0003213533109459872,4.193376162521715e-06,1.3301846402894372e-09,25658.10240762887,334.81551721051426,0.00016762203737410224,13396.68029432825,0.003194049549857139,0.003194049549857139,1.0,False,True,-18.0,616078.2481806618,517133.96705017576,74.62747476418222,20739.645019653835,0.6203025261400691,0.01852123981165228,0.7943282347242815,0.7
0.01299750012209187,0.00032688583940053726,4.248698737518586e-06,1.3710120949012275e-09,26099.841069795093,339.2326874912401,0.00017081623901048248,13651.967121696316,0.0032493927722245025,0.0032493927722245025,1.0,False,True,-16.0,643126.8955966864,513585.4397603268,76.27451150110277,20585.994036664488,0.6225010088930383,0.018775612181063345,0.7943282347242815,0.7
0.012952173839950301,0.00033190385766832095,4.298876462670215e-06,1.4085670976812582e-09,26500.499230805253,343.2390728828589,0.00017371361628311098,13883.531166743855,0.0032995894894425107,0.0032995894894425107,1.0,False,True,-14.0,670662.3938851266,510433.8586300193,77.94233944778149,20449.737056149388,0.6244571310484455,0.01900593491627236,0.7943282347242815,0.7
0.012913054810881838,0.00033636020163745463,4.343437719943718e-06,1.4423367089061676e-09,26856.3111239115,346.79701756116475,0.000176286859660098,14089.189798395344,0.0033441678241833855,0.0033441678241833855,1.0,False,True,-12.0,698635.1148502658,507686.63173853623,79.62881288066781,20331.119204838615,0.6261650277318875,0.019210170156938895,0.7943282347242815,0.7
0.01288007290061657,0.000340211463847291,4.381948455978587e-06,1.4718379950619984e-09,27163.81092806078,349.87186501198784,0.00017851083524187214,14266.934266355283,0.0033826934789650074,0.0033826934789650074,1.0,False,True,-10.0,726991.2389150164,505350.3672817714,81.33161666045797,20230.359953038715,0.6276194594071666,0.019386446070826745,0.7943282347242815,0.7
0.012853168733794242,0.000343418962616164,4.414021872890133e-06,1.4966322099590924e-09,27419.910146835962,352.43273178275945,0.00018036314576156556,14414.97453735361,0.003414779434121369,0.003414779434121369,1.0,False,True,-8.0,755673.1477187253,503430.79828925146,83.04828228122994,20147.65030014405,0.628815874550314,0.01953309740816676,0.7943282347242815,0.7
0.012832293706326763,0.0003459496468266711,4.439327475679858e-06,1.5163384328705394e-09,27621.96985004367,354.45322986306303,0.00018182465433805688,14531.781154510849,0.0034400950021054024,0.0034400950021054024,1.0,False,True,-6.0,784619.9034105897,501932.71503943315,84.77620735078158,20083.15024674448,0.6297504659926791,0.01964870328354082,0.7943282347242815,0.7
0.012817409998316516,0.00034777689905675206,4.457599103153527e-06,1.5306459658079482e-09,27767.864798833743,355.91210790447286,0.00018287994938353107,14616.12239365743,0.0034583738646723123,0.0034583738646723123,1.0,False,True,-4.0,813767.8069587579,500859.9069567741,86.51267819578361,20036.986620531934,0.6304202194138222,0.019732120656051396,0.7943282347242815,0.7
0.012808490585901533,0.000348881202136502,4.4686415931633955e-06,1.5393248145901453e-09,27856.03666619641,356.79378339950466,0.0001835177304518773,14667.095101090525,0.0034694207434185984,0.0034694207434185984,1.0,False,True,-2.0,843051.0244535059,500215.1155888595,88.25489515428653,20009.25131623353,0.6308229526218114,0.019782512079509467,0.7943282347242815,0.7
0.012805519250704238,0.0003492506389454244,4.472335780336387e-06,1.542233655168246e-09,27885.533942725397,357.0887417197365,0.000183731097555005,14684.147816298546,0.0034731164015361256,0.0034731164015361256,1.0,False,True,0.0,872402.2673708949,500000.0000000007,89.99999999999996,20000.0,0.6309573444801932,0.019799366489958153,0.7943282347242815,0.7
0.012808490585901533,0.000348881202136502,4.4686415931633955e-06,1.5393248145901453e-09,27856.03666619641,356.79378339950466,0.0001835177304518773,14667.095101090525,0.0034694207434185984,0.0034694207434185984,1.0,False,True,2.0,901753.5102882839,500215.1155888594,88.25489515428656,20009.25131623353,0.6308229526218114,0.019782512079509467,0.7943282347242815,0.7
0.012817409998316457,0.0003477768990567591,4.457599103153598e-06,1.5306459658080035e-09,27767.864798834307,355.9121079044785,0.0001828799493835352,14616.122393657759,0.003458373864672383,0.003458373864672383,1.0,False,True,4.0,931036.7277830322,500859.90695677436,86.51267819578365,20036.986620531025,0.6304202194138354,0.019732120656051382,0.7943282347242815,0.7
0.012832293706326768,0.00034594964682667064,4.439327475679854e-06,1.5163384328705361e-09,27621.969850043635,354.4532298630627,0.0001818246543380566,14531.781154510827,0.0034400950021053977,0.0034400950021053977,1.0,False,True,6.0,960184.6313312008,501932.7150394335,84.77620735078158,20083.15024674448,0.6297504659926791,0.01964870328354079,0.7943282347242815,0.7
0.012853168733794173,0.0003434189626161724,4.4140218728902165e-06,1.4966322099591573e-09,27419.91014683663,352.43273178276615,0.00018036314576157044,14414.974537354,0.003414779434121452,0.003414779434121452,1.0,False,True,8.0,989131.3870230657,503430.7982892506,83.04828228123,20147.65030014314,0.6288158745503271,0.019533097408166826,0.7943282347242815,0.7
0.012880072900616563,0.0003402114638472917,4.381948455978594e-06,1.4718379950620038e-09,27163.810928060833,349.8718650119884,0.00017851083524187252,14266.934266355314,0.0033826934789650143,0.0033826934789650143,1.0,False,True,10.0,1017813.295826775,505350.36728177086,81.331616660458,20230.359953038715,0.6276194594071666,0.01938644607082679,0.7943282347242815,0.7
0.012913054810881848,0.00033636020163745344,4.3434377199437064e-06,1.4423367089061583e-09,26856.311123911404,346.79701756116384,0.00017628685966009728,14089.189798395288,0.0033441678241833738,0.0033441678241833738,1.0,False,True,12.0,1046169.4198915256,507686.63173853705,79.62881288066785,20331.119204838615,0.6261650277318875,0.019210170156938832,0.7943282347242815,0.7
0.012952173839950306,0.0003319038576683203,4.298876462670208e-06,1.4085670976812532e-09,26500.499230805202,343.23907288285835,0.00017371361628311065,13883.531166743829,0.003299589489442504,0.003299589489442504,1.0,False,True,14.0,1074142.1408566649,510433.85863001994,77.9423394477815,20449.737056149388,0.6244571310484455,0.01900593491627231,0.7943282347242815,0.7
0.012997500122091873,0.0003268858394005369,4.248698737518583e-06,1.371012094901225e-09,26099.84106979506,339.2326874912398,0.00017081623901048226,13651.9671216963,0.0032493927722244994,0.0032493927722244994,1.0,False,True,16.0,1101677.639145105,513585.43976032705,76.27451150110282,20585.994036664488,0.6225010088930383,0.018775612181063325,0.7943282347242815,0.7
0.013049114540557918,0.0003213533109459883,4.193376162521726e-06,1.3301846402894448e-09,25658.102407628958,334.81551721051517,0.0001676220373741028,13396.680294328295,0.003194049549857149,0.003194049549857149,1.0,False,True,18.0,1128726.2865611296,517133.967050175,74.62747476418224,20739.645019653835,0.6203025261400691,0.018521239811652327,0.7943282347242815,0.7
0.01310710872216303,0.00031535619697017615,4.133407959895958e-06,1.286613624599768e-09,25179.269424428505,330.02742189061973,0.00016415991992385263,13119.981112353178,0.003134059311921411,0.003134059311921411,1.0,False,True,20.0,1155242.947967811,521071.31363018166,73.00319309770657,20910.42225197907,0.6178681056031319,0.01824497990552559,0.7943282347242815,0.7
0.013171585038592684,0.0003089461949400765,4.0693110790028505e-06,1.2408305565521534e-09,24667.46984770328,324.90967678594467,0.00016045982244192216,12824.26210189489,0.0030699392764744447,0.0030699392764744447,1.0,False,True,22.0,1181187.191182059,525388.71883153,71.40343969321918,21098.038527701647,0.6152046575354662,0.017949077226250987,0.7943282347242815,0.7
0.01324265661673694,0.00030217582722578994,4.001610717829565e-06,1.1933574428009403e-09,24126.89726844746,319.50421575333814,0.0001565521592247005,12511.954032865819,0.0030022149054040204,0.0030022149054040204,1.0,False,True,24.0,1206523.4073168198,530076.8752094858,69.82979182501539,21302.190435239027,0.6123195076102511,0.01763581915792929,0.7943282347242815,0.7
0.013320447360386132,0.0002950975594749406,3.930831507164361e-06,1.144696246995686e-09,23561.740748711352,313.85292736227444,0.00015246731272518135,12185.485130192055,0.0029314110832759145,0.0029314110832759145,1.0,False,True,26.0,1231220.8464798776,535126.0158471018,68.28362897211903,21522.561612358004,0.6092203248620829,0.01730749828707732,0.7943282347242815,0.7
0.013405091985611264,0.00028776300581583763,3.8574895630172925e-06,1.0953201624393595e-09,22976.121361920148,307.9970203291075,0.00014823517345509307,11847.244301893877,0.002858044165342926,0.002858044165342926,1.0,False,True,28.0,1255253.5759119636,540526.0003492489,66.7661340365536,21758.82594948962,0.605915050929385,0.01696637847764942,0.7943282347242815,0.7
0.01349673607210384,0.0002802222353017196,3.78208555140229e-06,1.0456668060163966e-09,22374.036816675838,301.9764697822082,0.0001438847384896713,11499.549050803778,0.002782615038886099,0.002782615038886099,1.0,False,True,30.0,1278600.3692646613,546266.398137036,65.27829732007922,22010.65068947628,0.6024118317639803,0.016614665056041943,0.7943282347242815,0.7
0.013595536132673154,0.00027252318801956703,3.705098849711303e-06,9.96133327928003e-10,21759.31483660621,295.82955108329077,0.00013944377345135876,11144.618459644204,0.0027056032821161455,0.0027056032821161455,1.0,False,True,32.0,1301244.5367751094,552336.5678757194,63.820922879406595,22277.69938036454,0.598718952781028,0.016254479479028937,0.7943282347242815,0.7
0.013701659702997583,0.0002647112038015649,3.6269828340598826e-06,9.470733383790204e-10,21135.57553084885,289.5924635506935,0.0001349385396734732,10784.551385415536,0.002627462449964508,0.002627462449964508,1.0,False,True,34.0,1323173.706620169,558725.7321022071,62.39463685844911,22559.634646665472,0.5948447782223515,0.015887838632843865,0.7943282347242815,0.7
0.01381528545361603,0.0002568286617412087,3.5481612746249927e-06,8.987954817955124e-10,20506.202611610264,283.2990426490823,0.00013039358550338224,10421.309779938607,0.0025486164686993025,0.0025486164686993025,1.0,False,True,36.0,1344379.5677855234,565423.0463496507,60.99989739318096,22856.120753296636,0.590797695307157,0.015516638716233844,0.7943282347242815,0.7
0.0139366033260282,0.00024891472487422156,3.4690257825794704e-06,8.515634418933647e-10,19874.323008493942,276.98055614273545,0.00012583159848086062,10056.706875660588,0.002469457082861081,0.002469457082861081,1.0,False,True,38.0,1364857.5844411226,572417.662286981,59.63700569719512,23166.825944740594,0.5865860635557559,0.015142643500371668,0.7943282347242815,0.7
0.014065814694656403,0.00024100518148854473,3.389934223269906e-06,8.055971353794521e-10,19242.794198070733,270.6655773974723,0.0001212733134509813,9692.39984185794,0.0023903422690428108,0.0023903422690428108,1.0,False,True,40.0,1384606.6911586411,579698.7845932448,58.30611796079273,23491.42454957928,0.5822181694996399,0.01476747663641471,0.7943282347242815,0.7
0.014203132556316049,0.0002331323725530898,3.3112099905399917e-06,7.610748452516211e-10,18614.19840950719,264.379927439798,0.0001167374705278812,9329.886425018563,0.0023115955112902997,0.0023115955112902997,1.0,False,True,42.0,1403628.9774255175,587255.721465431,57.00725773004608,23829.598847317357,0.5777021868391395,0.014392617596547247,0.7943282347242815,0.7
0.014348781748742769,0.00022532519362135074,3.233142025765968e-06,7.181360528037709e-10,17990.84277655741,258.1466764767676,0.00011224081616952977,8970.505034739394,0.0022335058215679658,0.0022335058215679658,1.0,False,True,44.0,1421929.3688852754,595077.9288112118,55.74032847159262,24181.0407001185,0.5730461419811834,0.014019400783533363,0.7943282347242815,0.7
0.014502999199646226,0.0002176091591551511,3.1559854610628444e-06,6.768847465321394e-10,17374.764473422016,251.98619525208116,0.00010779814038579399,8615.437717467554,0.002156328384636548,0.002156328384636548,1.0,False,True,46.0,1439515.3116374824,603155.048303747,54.50512607114079,24545.452956806002,0.5682578847838263,0.01364901732260277,0.7943282347242815,0.7
0.014666034207696048,0.00021000651739022864,3.0799627678842083e-06,6.373930123683142e-10,16767.739886064694,245.91624675477425,0.00010342234320418373,8265.71546857242,0.002080285708466749,0.002080285708466749,1.0,False,True,48.0,1456396.4648235224,611476.9395748172,53.30135105644123,24922.55064015899,0.5633450642518745,0.013282519052555524,0.7943282347242815,0.7
0.014838148756806332,0.00020253640448860568,3.005265298470629e-06,5.997047396832023e-10,16171.296920339013,239.9521092944744,9.912452387839782e-05,7922.2253620666825,0.002005569167560123,0.002005569167560123,1.0,False,True,50.0,1472584.4056541615,620033.7068967217,52.12862037694384,25312.06193131584,0.5583151088665133,0.012920824254748834,0.7943282347242815,0.7
0.015019617865055665,0.00019521502766094983,2.932055116983738e-06,5.638393085889694e-10,15586.729623192326,234.1067227062918,9.491408686786921e-05,7585.719020698386,0.0019323408359463506,0.0019323408359463506,1.0,False,True,52.0,1488092.3500369266,628815.7207548752,50.986478611142516,25713.728966925373,0.553175211191096,0.012564724693813771,0.7943282347242815,0.7
0.015210729969583838,0.00018805586807629454,2.860467028504198e-06,5.297951541417942e-10,15015.114383769702,228.39085035393518,9.07988592729923e-05,7256.822001603443,0.001860735517982314,0.001860735517982314,1.0,False,True,54.0,1502934.8910592285,637813.6347447691,49.87440850778112,26127.308465886017,0.5479323163698923,0.012214893587772195,0.7943282347242815,0.7
0.01541178734882449,0.00018106989560834807,2.79061072638971e-06,4.975531306932868e-10,14457.327079597275,222.81325058315497,8.678521512375165e-05,6936.043729695351,0.0017908628974103503,0.0017908628974103503,1.0,False,True,56.0,1517127.7567905271,647018.3982418703,48.791840798113206,26552.572203019736,0.5425931141263536,0.011871894173641985,0.7943282347242815,0.7
0.015623106583460838,0.00017426578871805202,2.722572990992994e-06,4.6707962398065e-10,13914.060632863782,217.38085227596744,8.2878202643258e-05,6623.787668815312,0.0017228097376490803,0.0017228097376490803,1.0,False,True,58.0,1530687.5881890377,656421.265294154,47.73816324305046,26989.307346934766,0.5371640338698926,0.01153618858437251,0.7943282347242815,0.7
0.015845019057562644,0.00016765015398035815,2.6564198848220868e-06,4.383293791644186e-10,13385.842538295132,212.0989301208191,7.908167130710776e-05,6320.361476564163,0.0016566420783831034,0.0016566420783831034,1.0,False,True,60.0,1543631.7373344172,666013.8001772077,46.71272890132913,27437.316679041942,0.5316512425290953,0.01120814680155858,0.7943282347242815,0.7
0.016077871501424534,0.0001612277408897524,2.592198900490409e-06,4.112480298609462e-10,12873.052014065694,206.9712761133025,7.539839617157001e-05,6025.986940853673,0.0015924073847914217,0.0015924073847914217,1.0,False,True,62.0,1555978.085751835,675787.8800337436,45.71486362296644,27896.418709859972,0.5260606447480717,0.010888055494072589,0.7943282347242815,0.7
0.0163220265777196,0.00015500164859579734,2.529941027970958e-06,3.8577432644613193e-10,12375.936508370783,202.00036461379824,7.18301975321292e-05,5740.809543250755,0.0015301366159280597,0.0015301366159280597,1.0,False,True,64.0,1567744.8822359394,685735.6949953064,44.74387278661483,28366.447707830048,0.5203978851045994,0.010576126594372938,0.7943282347242815,0.7
0.016577863512691544,0.00014897352211370402,2.4696627166059205e-06,3.6184207186856914e-10,11894.627365644426,197.18750900197904,6.837805449123806e-05,5464.9075355338755,0.0014698461877103394,0.0014698461877103394,1.0,False,True,66.0,1578950.599314724,695849.7461558931,43.799047310330685,28847.25365479335,0.5146683520339868,0.010272505501146664,0.7943282347242815,0.7
0.016845778774224173,0.00014314373632155273,2.411367714988755e-06,3.393817803285982e-10,11429.154517615489,192.53300858017533,6.504221145787097e-05,5198.300451345161,0.0014115398136395894,0.0014115398136395894,1.0,False,True,68.0,1589613.807301603,706122.8417367907,42.87966897321423,29338.702141069007,0.508877183170445,0.009977278828873164,0.7943282347242815,0.7
0.017126186798762693,0.0001375115666976016,2.3550487782536402e-06,3.1832207890820147e-10,10979.460115640697,188.03628489002722,6.18222769729747e-05,4940.957004513256,0.0013552102127993332,0.0013552102127993332,1.0,False,True,70.0,1599753.0647574614,716548.091750488,41.9850150907721,29840.67421187774,0.5030292718455812,0.009690481651901046,0.7943282347242815,0.7
0.017419520769210314,0.00013207534627603746,2.300689237556079e-06,2.985908750248614e-10,10545.411062664298,183.69600702594096,5.8717314558746543e-05,4692.802349904894,0.0013008406799262945,0.0013008406799262945,1.0,False,True,72.0,1609386.8241118796,727118.9014401304,41.11436259014065,30353.066175666754,0.49712927451128097,0.009412104212960766,0.7943282347242815,0.7
0.017726233446078286,0.00012683260871834557,2.2482644307164976e-06,2.801163138470457e-10,10126.810436594538,179.51020586325674,5.572592553209775e-05,4453.724702038486,0.0012484065165382482,0.0012484065165382482,1.0,False,True,74.0,1618533.351163823,737828.963740386,40.26699153286715,30875.78938369552,0.4911816188815109,0.009142098084081424,0.7943282347242815,0.7
0.018046798054343102,0.00012178021772210752,2.1977429962448093e-06,2.628275499177824e-10,9723.407822807101,175.4763773782197,5.284632391056198e-05,4223.581321710476,0.0011978763253489338,0.0011978763253489338,1.0,False,True,76.0,1627210.657187572,748672.2509764041,39.44218813314642,31408.76998916883,0.4851905126127008,0.008880381782097846,0.7943282347242815,0.7
0.018381709228643184,0.00011691448323268584,2.14908803540031e-06,2.4665535650345535e-10,9334.90859293952,171.59157543137695,5.00764036799372e-05,4002.2038921565418,0.0011492131726362786,0.0011492131726362786,1.0,False,True,78.0,1635436.442401439,759643.0059901689,38.63924731854828,31951.948693142185,0.4791599523665194,0.008626845851816582,0.7943282347242815,0.7
0.018731484019637368,0.00011223126509820243,2.102258148690664e-06,2.3153259487824104e-10,8960.982181109157,167.8524945257014,4.7413798794210805e-05,3789.403314362682,0.0011023756249789053,0.0011023756249789053,1.0,False,True,80.0,1643228.0496079582,770735.7328581571,37.85747487862429,32505.28048346223,0.473093733120905,0.008381357437945594,0.7943282347242815,0.7
0.019096662964556557,0.00010772606492619001,2.057208354393388e-06,2.1739456408097414e-10,8601.269418106722,164.25554314493158,4.485593634659743e-05,3584.9739565983036,0.0010573186679547217,0.0010573186679547217,1.0,False,True,82.0,1650602.4268789191,781945.1873410348,37.096189244571526,33068.734372168365,0.4669954576148474,0.008143764372545662,0.7943282347242815,0.7
0.019477811225187328,0.00010339410697230044,2.013890897403293e-06,2.0417924980603463e-10,8255.388989866407,160.7969083351078,4.2400083392192525e-05,3388.6973965740603,0.0010139945151144607,0.0010139945151144607,1.0,False,True,84.0,1657576.0982320914,793266.3671851113,36.354722940537656,33642.29313596616,0.4608685458308113,0.007913898808459979,0.7943282347242815,0.7
0.019875519796748738,9.923040892666336e-05,1.9722559570613705e-06,1.9182748913637816e-10,7922.943089325005,157.47261222039273,4.0043387923118774e-05,3200.3456962555024,0.0009723533158941131,0.0009723533158941131,1.0,False,True,86.0,1664165.141324921,804694.5023764379,35.632423744338475,34225.953063688394,0.4547162444347254,0.0076915804313031026,0.7943282347242815,0.7
0.02029040679136058,9.522984347018028e-05,1.932252262687551e-06,1.8028306588617384e-10,7603.522331316638,154.27856114960895,3.778291450091006e-05,3019.684249672734,0.0009323437711961487,0.0009323437711961487,1.0,False,True,88.0,1670385.1712708492,816225.0454316784,34.928655592423915,34819.72371406437,0.4485416361074613,0.007476619283474829,0.7943282347242815,0.7
0.02072311880003309,9.138719145836245e-05,1.8938276253930143e-06,1.694927494565802e-10,7296.709998977934,151.21058815820905,3.561567504237543e-05,2846.474243386727,0.0008939136652217087,0.0008939136652217087,1.0,False,True,90.0,1676251.3297639086,827853.6617950961,34.2427992609903,35423.62768653175,0.44234764871470794,0.007268818233593723,0.7943282347242815,0.7
0.021174332337369005,8.769718755968465e-05,1.8569293944413455e-06,1.5940628836141092e-10,7002.085687692284,148.26448940593144,3.353865523744609e-05,2680.4747678552035,0.0008570103218287213,0.0008570103218287213,1.0,False,True,92.0,1681778.2787751507,839576.2203980368,33.57425285223802,36037.70040740937,0.4361370642724576,0.007067975123959602,0.7943282347242815,0.7
0.02164475537341882,8.415455913402461e-05,1.8215048460138709e-06,1.4997636797592166e-10,6719.22840929617,145.43605521734165,3.1548837053538106e-05,2521.4446160252114,0.0008215809932760859,0.0008215809932760859,1.0,False,True,94.0,1686980.198159031,851388.7844260371,32.922432111987305,36661.98993330044,0.4299125276752037,0.0068738846273515945,0.7943282347242815,0.7
0.0221351289573945,8.075405908808045e-05,1.7875015117477161e-06,1.4115854061275399e-10,6447.719215383906,142.72109631359325,2.9643217752778883e-05,2369.1438032269716,0.000787573188726583,0.000787573188726583,1.0,False,True,96.0,1691870.7865782832,863287.6023289063,32.28677060221207,37296.55677325491,0.42367655516196495,0.0066863398428119,0.7943282347242815,0.7
0.022646228938231226,7.749049339175346e-05,1.7548674538861427e-06,1.3291113473717887e-10,6187.143394323027,140.1154657815043,2.7818825817819954e-05,2223.3348399959127,0.000754934949351492,0.000754934949351492,1.0,False,True,98.0,1696463.2652215061,875269.0991007987,31.666719749563164,37941.47373096712,0.4174315425017392,0.0065051336581814735,0.7943282347242815,0.7
0.023178867787251388,7.435874388495268e-05,1.7235514933354058e-06,1.2519514899620485e-10,5937.0922922385635,137.61507728250695,2.607273415038522e-05,2083.783786926397,0.0007236150763340442,0.0007236150763340442,1.0,False,True,100.0,1700770.3838484285,887329.8678501263,31.061748788635548,38596.82576799014,0.41117977288632096,0.006330059905147012,0.7943282347242815,0.7
0.023733896528468513,7.135378694956029e-05,1.6935033963752508e-06,1.1797413574393512e-10,5697.164803855623,135.21591996034198,2.4402070875027572e-05,1950.2611181290329,0.0006935633175211815,0.0006935633175211815,1.0,False,True,102.0,1704804.4287534838,899466.6616731435,30.47134461660306,39262.70988875149,0.4049234245232178,0.00616091433050425,0.7943282347242815,0.7
0.024312206782371774,6.847070856775386e-05,1.6646740252347465e-06,1.112140778883168e-10,5466.96857481461,132.91407046362113,2.2804028049570584e-05,1822.5424173861682,0.0006647305179372688,0.0006647305179372688,1.0,False,True,104.0,1708577.232288999,911676.3858399303,29.89501157389042,39939.23504805389,0.3986645779248464,0.00599749540530201,0.7943282347242815,0.7
0.024914732929289585,6.57047162367831e-05,1.637015457234208e-06,1.0488326215081658e-10,5246.120952993492,130.705702458583,2.12758685541275e-05,1700.4089287357315,0.0006370687388620647,0.0006370687388620647,1.0,False,True,106.0,1712100.183635121,923956.0902972686,29.332271163775037,40626.52208151485,0.3924052228944676,0.005839604991545835,0.7943282347242815,0.7
0.025542454398738722,6.305114816167709e-05,1.6104810767077558e-06,9.895215120646538e-11,5034.249722489418,128.587093968549,1.9814931402443873e-05,1583.6479809640996,0.000610531349688748,0.000610531349688748,1.0,False,True,108.0,1715384.240544821,936302.9624894056,28.78266172220924,41324.703659383435,0.3861472652111788,0.0056870488842408065,0.7943282347242815,0.7
0.02619639809142326,6.050548010217478e-05,1.5850256434692595e-06,9.339325664600732e-11,4830.993650304375,126.5546328405114,1.8418635693151922e-05,1472.0533033980541,0.0005850730963257376,0.0005850730963257376,1.0,False,True,110.0,1718439.9418291831,948714.3204948152,28.245738047704975,42033.92426402934,0.3798925330190668,0.005539637244760327,0.7943282347242815,0.7
0.026877640940836004,5.806333020817141e-05,1.5606053411644279e-06,8.818101426141379e-11,4636.002872426096,124.60482060575295,1.7084483394213137e-05,1365.4252484428685,0.0005606501494858162,0.0005606501494858162,1.0,False,True,112.0,1721277.420381024,961187.6064747509,27.72107099983169,42754.34019141085,0.37364278292670555,0.0053971849398531556,0.7943282347242815,0.7
0.02758731262164248,5.572046213963128e-05,1.5371778084684019e-06,8.329166279050315e-11,4448.939142934072,122.7342749707844,1.5810061131627e-05,1263.5709345393986,0.0005372201358224994,0.0005372201358224994,1.0,False,True,114.0,1723906.4165640064,973720.3804275309,27.208247073722802,43486.11957671483,0.36739970582518283,0.005259511799051491,0.7943282347242815,0.7
0.028326598412290887,5.3472786731760744e-05,1.514702155736663e-06,7.870312695456146e-11,4269.475966953462,120.93973114681805,1.4593041133137619e-05,1166.3043215869598,0.0005147421545218816,0.0005147421545218816,1.0,False,True,116.0,1726336.2918201326,986310.3142410462,26.706867956960174,44229.442444431246,0.3611649324330021,0.005126442801819502,0.7943282347242815,0.7
0.029096742219458932,5.131636243464445e-05,1.4931389694011755e-06,7.439490537648525e-11,4097.298635757367,119.21804220077289,1.3431181459380034e-05,1073.4462294169878,0.0004931767816421724,0.0004931767816421724,1.0,False,True,118.0,1728576.0423711366,998955.1860348519,26.216550074297977,44984.50078302358,0.35494003857773065,0.004997808204483329,0.7943282347242815,0.7
0.029899049772146094,4.9247394727860456e-05,1.472450306116825e-06,7.034796376671787e-11,3932.1041800274143,117.56617858790337,1.2322325638309518e-05,984.8243085759178,0.00047248606420618333,0.00047248606420618333,1.0,False,True,120.0,1730634.3129091295,1011652.8747824094,25.736924124884638,45751.498644443476,0.3487265502239948,0.004873443615804872,0.7943282347242815,0.7
0.0307348919933304,4.7262234685019345e-05,1.4525996784075035e-06,6.654463360372173e-11,3773.6012552409593,115.98122700572691,1.1264401803958221e-05,900.2729714929342,0.0004526335057962381,0.0004526335057962381,1.0,False,True,122.0,1732519.4101891983,1024401.3552034198,25.267634615937045,46530.65226873332,0.34252594825787214,0.0047531900289982144,0.7943282347242815,0.7
0.03160570855715643,4.535737684034053e-05,1.4335520333329194e-06,6.296851640819984e-11,3621.5099713302134,114.46038869069865,1.025542142735289e-05,819.6332910524378,0.00043358404517262285,0.00043358404517262285,1.0,False,True,124.0,1734239.3164517437,1037198.6929158471,24.808339396199692,47322.1902339551,0.3363396730380577,0.004636893817030879,0.7943282347242815,0.7
0.03251301163962257,4.3529456489004084e-05,1.415273725493434e-06,5.960439361014236e-11,3475.561677131799,113.00097726281233,9.293477715644345e-06,742.7528726493509,0.0004153040292328883,0.0004153040292328883,1.0,False,True,126.0,1735801.7026154455,1050043.039836975,24.358709191983287,48126.35363176378,0.3301691287237437,0.004524406697196127,0.7943282347242815,0.7
0.033458389870616986,4.177524653503946e-05,1.3977324855104915e-06,5.6438141930625804e-11,3335.498708709882,111.60041620895475,8.376743745103284e-06,669.4857049744986,0.00039776118144952733,0.00039776118144952733,1.0,False,True,128.0,1737213.9411930693,1062932.6298227909,23.91842714810056,48943.39626895408,0.32401568738922365,0.00441558567017822,0.7943282347242815,0.7
0.034443512494954975,4.009165398456314e-05,1.380897384960712e-06,5.345665414179653e-11,3201.0741093625825,110.256236083107,7.503470384422671e-06,599.6919940408831,0.00038092456676403044,0.00038092456676403044,1.0,False,True,130.0,1738483.1188920848,1075865.7745349882,23.487188375609854,49773.58489540666,0.3178806929345849,0.0043102929381532585,0.7943282347242815,0.7
0.035470133749685794,3.847571616823732e-05,1.364738798602326e-06,5.064776502555091e-11,3072.0513280083337,108.96607149035546,6.6719840567132555e-06,533.2379843179999,0.0003647645537759076,0.0003647645537759076,1.0,False,True,132.0,1739616.0488704436,1088840.8595250382,23.064699507918615,50617.19945884806,0.31176546480201206,0.004208395805865287,0.7943282347242815,0.7
0.03654009746443662,3.692459676448394e-05,1.3492283646092644e-06,4.800018232079942e-11,2948.2039016637714,107.72765791182653,5.880684381462335e-06,469.99577027257993,0.00034925277494188164,0.00034925277494188164,1.0,False,True,134.0,1740619.2826250342,1101856.3405249293,22.650678266490583,51474.533386941854,0.30567130150646443,0.0041097665680846236,0.7943282347242815,0.7
0.03765534189085652,3.543558168421444e-05,1.3343389434204682e-06,4.550342242871477e-11,2829.3151268644974,106.53882841905475,5.128041731519236e-06,409.8431011181032,0.0003343620853927074,0.0003343620853927074,1.0,False,True,136.0,1741499.121496425,1114910.7399344528,22.24485303713672,52345.893897308546,0.29959948398892816,0.004014282386384946,0.7943282347242815,0.7
0.03881790476624798,3.4006074868476354e-05,1.320044575718414e-06,4.314775063300753e-11,2715.177724132785,105.39751031882439,4.412594734784629e-06,352.6631811449335,0.0003200665208814836,0.0003200665208814836,1.0,False,True,138.0,1742261.627778688,1128002.6434951879,21.84696245763942,53231.60233609224,0.2935512788002901,0.003921825157761839,0.7943282347242815,0.7
0.04002992861528333,3.263359404217537e-05,1.3063204399684155e-06,4.092412558611507e-11,2605.593498938178,104.30172176294158,3.7329477455555458e-06,298.34446762527836,0.00030634125529489445,0.00030634125529489445,1.0,False,True,140.0,1742912.6354274582,1141130.6971416555,21.45675501726638,54131.99454583628,0.2875279411228495,0.0038322813772522,0.7943282347242815,0.7
0.041293666292067356,3.131576646001262e-05,1.2931428098800765e-06,3.882414781125419e-11,2500.3730020365197,103.24956835179069,3.0877683064562754e-06,246.7804679657542,0.0002931625580886356,0.0002931625580886356,1.0,False,True,142.0,1743457.7603630493,1154293.6040204733,21.07398866856262,55047.42126337942,0.28153071763679427,0.0037455419963952495,0.7943282347242815,0.7
0.042611486762997634,3.005032467444731e-05,1.2804890120889927e-06,3.6840011972755565e-11,2399.3351915675785,102.23923975547625,2.4757846182930954e-06,197.8695374932394,0.0002805077519449874,0.0002805077519449874,1.0,False,True,144.0,1743902.4103685084,1167490.1216686727,20.69843045166873,55978.24854879218,0.27556084923685836,0.0036615022790977025,0.7943282347242815,0.7
0.043985881128293006,2.883510235036989e-05,1.2683373843055323e-06,3.496446267305899e-11,2302.3070988822165,101.2690063722583,1.8957830322562175e-06,151.51467902676032,0.00026835517089924947,0.00026835517089924947,1.0,False,True,146.0,1744251.7945850284,1180719.0593427387,20.32985613129393,56924.85824618097,0.26961957360565336,0.003580061656222512,0.7943282347242815,0.7
0.045419468877273064,2.7668030146399056e-05,1.2566672341298249e-06,3.319075354222061e-11,2209.123499689072,100.33721604018035,1.346605576224938e-06,107.6233451749726,0.0002566841191340477,0.0002566841191340477,1.0,False,True,148.0,1744510.93260923,1193979.2754902758,19.968049846371766,57887.648477524635,0.2637081276479019,0.003501123580009235,0.7943282347242815,0.7
0.04691500436878094,2.6547131678892472e-05,1.2454587986938432e-06,3.151260939526062e-11,2119.626591805424,99.44229081473574,8.271475248016837e-07,66.10724412854042,0.00024547483060228484,0.00024547483060228484,1.0,False,True,150.0,1744684.6631985335,1207269.6753565918,19.612803772344236,58867.03417062381,0.2578277497903531,0.0034245953792502322,0.7943282347242815,0.7
0.04847538352393386,2.5470519581286577e-05,1.234693205256734e-06,2.9924191242839355e-11,2033.6656805195057,98.58272382264498,3.363550208067695e-07,26.88214956535664,0.00023470842960477862,0.00023470842960477862,1.0,False,True,152.0,1744777.6525922273,1220589.2087188477,19.263917795948423,59863.447622478816,0.25197968215065236,0.0033503881159876094,0.7943282347242815,0.7
0.05010365071315208,2.443639166856051e-05,1.2243524328513354e-06,2.842006395179009e-11,1951.0968723463338,97.75707619956418,0.0,0.0,0.00022436689242042777,0.00022436689242042777,1.0,False,True,154.0,1744804.5347417926,1233936.8677407876,18.921199202326015,60877.33909940198,0.24616517257850667,0.00327841644435805,0.7943282347242815,0.7
0.05180300581334298,2.344302721410622e-05,1.2144192750547021e-06,2.699516636321017e-11,1871.7827777584905,96.96397411753836,0.0,0.0,0.00021443301006162678,0.00021443301006162678,1.0,False,True,156.0,1744804.5347417926,1247311.6849414047,18.58446237422743,61909.17747536128,0.24038547657132042,0.0032085984720937872,0.7943282347242815,0.7
0.053576811403808176,2.2488783344229373e-05,1.2048773039348796e-06,2.564478368718987e-11,1795.5922233090066,96.20210590637126,0.0,0.0,0.00020489035220708115,0.00020489035220708115,1.0,False,True,158.0,1744804.5347417926,1260712.731271253,18.253528503047054,62959.4509101114,0.23464185906614135,0.0031408556250856023,0.7943282347242815,0.7
0.05542860006090678,2.1572091553718e-05,1.1957108352083e-06,2.4364522004449615e-11,1722.399973420762,95.47021927165588,0.0,0.0,0.00019572323234630615,0.00019572323234630615,1.0,False,True,160.0,1744804.5347417926,1274139.1142904353,17.928225311396407,64028.667568831,0.2289355961088334,0.0030751125153259595,0.7943282347242815,0.7
0.057362081701379394,2.0691454344466884e-05,1.186904894627671e-06,2.3150284716185225e-11,1652.0864620011412,94.7671186110523,0.0,0.0,0.00018691667415560626,0.00018691667415560626,1.0,False,True,162.0,1744804.5347417926,1287589.9764426113,17.608386786900365,65117.35638504001,0.2232679764010909,0.003011296812475267,0.7943282347242815,0.7
0.05938115091255692,1.984544198785754e-05,1.1784451856073621e-06,2.1998250793985705e-11,1584.5375339378156,94.0916624293722,0.0,0.0,0.00017845637911246076,0.00017845637911246076,1.0,False,True,164.0,1744804.5347417926,1301064.493419694,17.29385292688536,66226.06786879669,0.21764030272469256,0.0029493391192300295,0.7943282347242815,0.7
0.06148989419386786,1.9032689410615628e-05,1.1703180580835042e-06,2.0904854691974327e-11,1519.6441964534467,93.44276085224779,0.0,0.0,0.00017032869534546247,0.00017032869534546247,1.0,False,True,166.0,1744804.5347417926,1314561.8726121704,16.984469493616427,67355.37496220399,0.212053893242268,0.0028891728506174152,0.7943282347242815,0.7
0.06369259701820616,1.8251893202987568e-05,1.1625104785972232e-06,1.9866767793022835e-11,1457.3023802268317,92.81937323746024,0.0,0.0,0.00016252058770816437,0.00016252058770816437,1.0,False,True,168.0,1744804.5347417926,1328081.3516402738,16.68008777973334,68505.87394445529,0.2065100826728086,0.0028307341172945197,0.7943282347242815,0.7
0.06599375060330967,1.7501808747398228e-05,1.1550100015826222e-06,1.88808812701509e-11,1397.4127101337278,92.22050588246029,0.0,0.0,0.00015501960905839313,0.00015501960905839313,1.0,False,True,170.0,1744804.5347417926,1341622.1969615095,16.380564383531777,69678.18538876326,0.20101022333960425,0.0027739616128918602,0.7943282347242815,0.7
0.06839805826222785,1.6781247465165876e-05,1.147804741835279e-06,1.7944290252917257e-11,1339.8802854138296,91.6452098261456,0.0,0.0,0.00014781387271873726,0.00014781387271873726,1.0,False,True,172.0,1744804.5347417926,1355183.7025502676,16.085760993735096,70872.95517374013,0.19555568608722454,0.002718796505408196,0.7943282347242815,0.7
0.07091044117753455,1.608907417846726e-05,1.1408833481331927e-06,1.7054279196899663e-11,1284.6144690397664,91.09257874265413,0.0,0.0,0.00014089202609008833,0.00014089202609008833,1.0,False,True,174.0,1744804.5347417926,1368765.1886455123,15.79554418340322,72090.8555517824,0.19014786106424403,0.0026651823326367093,0.7943282347242815,0.7
0.07353604341653001,1.5424204584317562e-05,1.1342349779778176e-06,1.620830836194819e-11,1231.5286860298042,90.56174692458984,0.0,0.0,0.00013424322538583612,0.00013424322538583612,1.0,False,True,176.0,1744804.5347417926,1382366.000562767,15.509785212629884,73332.58627739019,0.1847881583666504,0.002613064901580242,0.7943282347242815,0.7
0.07628023597309885,1.4785602837130729e-05,1.1278492734208519e-06,1.540400131217331e-11,1180.540230430028,90.05188735293903,0.0,0.0,0.0001278571114523315,0.0001278571114523315,1.0,False,True,178.0,1744804.5347417926,1395985.5075668166,15.228359839682609,74598.87579833776,0.17947800853698764,0.0025623921917951016,0.7943282347242815,0.7
0.07914861958659056,1.4172279236189126e-05,1.1217163379400692e-06,1.4639133357276905e-11,1131.5700806728958,89.5622098507466,0.0,0.0,0.00012172378663886692,0.00012172378663886692,1.0,False,True,180.0,1744804.5347417926,1409623.1018017675,14.951148140248803,75890.48251290251,0.1742188629129851,0.002513114262588175,0.7943282347242815,0.7
0.08214702604823905,1.3583288014238017e-05,1.1158267143263437e-06,1.3911620861096124e-11,1084.5427230099895,89.09195931752973,0.0,0.0,0.00011583379267929395,0.00011583379267929395,1.0,False,True,182.0,1744804.5347417926,1423278.1972752868,14.678034334457116,77208.19609647425,0.16901219381896196,0.0024651831639803355,0.7943282347242815,0.7
0.08528151766128278,1.3017725223329863e-05,1.110171363543132e-06,1.3219511349009574e-11,1039.3859827095766,88.64041404133651,0.0,0.0,0.00011017808954649531,0.00011017808954649531,1.0,False,True,184.0,1744804.5347417926,1436950.2288940393,14.408906621352749,78552.83890105966,0.16385949459247687,0.0024185528513399673,0.7943282347242815,0.7
0.08855838447188528,1.2474726713988629e-05,1.1047416445191031e-06,1.2560974351204005e-11,996.0308627051994,88.20688408531063,0.0,0.0,0.00010474803524038364,0.00010474803524038364,1.0,False,True,186.0,1744804.5347417926,1450638.651547495,14.14365702051287,79925.26743143231,0.15876227943774882,0.0023731791035834547,0.7943282347242815,0.7
0.09198413883390351,1.195346620377899e-05,1.0995292948347802e-06,1.1934292923791795e-11,954.4113893827049,87.79070974563747,0.0,0.0,9.953536647024796e-05,9.953536647024796e-05,1.0,False,True,188.0,1744804.5347417926,1464342.9392374626,13.882181220500453,81326.37390178343,0.15372208309695806,0.0023290194448343554,0.7943282347242815,0.7
0.0955655068120359,1.1453153431360621e-05,1.0945264122639858e-06,1.1337855794325762e-11,914.4644651927348,87.39126007774107,0.0,0.0,9.453218019222508e-05,9.453218019222508e-05,1.0,False,True,190.0,1744804.5347417926,1478062.5842508348,13.624378433862026,82757.08787702593,0.14874046032938573,0.0022860330694294533,0.7943282347242815,0.7
0.09930941586470596,1.0973032392177006e-05,1.0897254371315954e-06,1.0770150082524459e-11,876.1297277812353,87.00793148765831,0.0,0.0,8.973091596336696e-05,8.973091596336696e-05,1.0,False,True,192.0,1744804.5347417926,1491797.096373203,13.370151258385876,84218.3780030075,0.14381898518796682,0.00224418077015768,0.7943282347242815,0.7
0.10322297818129815,1.0512379651977362e-05,1.0851191354495819e-06,1.0229754550910557e-11,839.3494153344657,86.6401463855549,0.0,0.0,8.512433907426913e-05,8.512433907426913e-05,1.0,False,True,194.0,1744804.5347417926,1505546.0021411108,13.119405544348485,85711.2538301542,0.13895925008185384,0.002203424869616813,0.7943282347242815,0.7
0.10731346897874199,1.0070502734454154e-05,1.0807005827941822e-06,9.715333343672423e-12,804.0682378416858,86.28735189841548,0.0,0.0,8.070552442306585e-05,8.070552442306585e-05,1.0,False,True,196.0,1744804.5347417926,1519308.8441308567,12.872050267484513,87236.76773526835,0.13416286461289745,0.002163729154572737,0.7943282347242815,0.7
0.11158829899131005,9.646738579391415e-06,1.0764631488881347e-06,9.225630175400718e-12,770.2332539877008,85.94901863902922,0.0,0.0,7.646784109472598e-05,7.646784109472598e-05,1.0,False,True,198.0,1744804.5347417926,1533085.1802818694,12.62799740742887,88796.01694631674,0.12943145417356022,0.0021250588132066934,0.7943282347242815,0.7
0.11605498031739787,9.240452067803476e-06,1.0724004828527908e-06,8.75946293438549e-12,737.7937533941819,85.62463952846088,0.0,0.0,7.240493761043021e-05,7.240493761043021e-05,1.0,False,True,200.0,1744804.5347417926,1546874.5832528123,12.387161831386152,90390.14567534445,0.12476665829279988,0.002087380375137154,0.7943282347242815,0.7
0.12072108472023932,8.851034610667202e-06,1.0685064990961257e-06,8.315718667986154e-12,706.7011439385403,85.31372866929456,0.0,0.0,6.85107278130451e-05,6.85107278130451e-05,1.0,False,True,202.0,1744804.5347417926,1560676.6398086445,12.149461182796108,92020.34736481891,0.12017012871599088,0.0020506616541048897,0.7943282347242815,0.7
0.1255941934195466,8.477902798000493e-06,1.0647753638041894e-06,7.893348920211209e-12,676.9088438910833,85.0158202670584,0.0,0.0,6.477937735620868e-05,6.477937735620868e-05,1.0,False,True,204.0,1744804.5347417926,1574490.9502370025,11.914815774769332,93687.86705271919,0.11564352720492733,0.0020148716932118717,0.7943282347242815,0.7
0.1306818373638147,8.120497105117473e-06,1.0612014820042896e-06,7.491365393973632e-12,648.3721786173795,84.73046759729858,0.0,0.0,6.12052907653192e-05,6.12052907653192e-05,1.0,False,True,206.0,1744804.5347417926,1588317.1277923423,11.683148488080702,95394.00386216039,0.1111885230426523,0.0019799807126073227,0.7943282347242815,0.7
0.13599142694226055,7.778280653083072e-06,1.0577794851701453e-06,7.108835912753353e-12,621.0482816081156,84.45724201592652,0.0,0.0,5.7783099040642324e-05,5.7783099040642324e-05,1.0,False,True,208.0,1744804.5347417926,1602154.798166375,11.454384673514452,97140.11362115275,0.10680679022854435,0.0019459600595169606,0.7943282347242815,0.7
0.14153017009049085,7.450738020494587e-06,1.054504219340286e-06,6.744880658384921e-12,594.8959996070995,84.19573201054537,0.0,0.0,5.4507647773803176e-05,5.4507647773803176e-05,1.0,False,True,210.0,1744804.5347417926,1616003.5989834056,11.228452058365054,98927.61161841804,0.10250000434835091,0.001912782160514558,0.7943282347242815,0.7
0.14730497777213333,7.137374103873794e-06,1.0513707337225293e-06,6.3986686635699665e-12,569.8758016205184,83.94554229058711,0.0,0.0,5.137398575048875e-05,5.137398575048875e-05,1.0,False,True,212.0,1744804.5347417926,1629863.1793192853,11.005280656905756,100757.9755012157,0.09826983910405775,0.0018804204759380206,0.7943282347242815,0.7
0.15332235589039359,6.837713024109835e-06,1.0483742697589476e-06,6.069414539446419e-12,545.9496916030721,83.70629291421685,0.0,0.0,4.837735401375432e-05,4.837735401375432e-05,1.0,False,True,214.0,1744804.5347417926,1643733.1992427255,10.78480268464656,102632.74832111529,0.09411796248884699,0.0018488494563555192,0.7943282347242815,0.7
0.159588282810612,6.551297076539915e-06,1.0455102506271876e-06,5.756375420130899e-12,523.0811246283187,83.4776184500771,0.0,0.0,4.551317536379667e-05,4.551317536379667e-05,1.0,False,True,216.0,1744804.5347417926,1657613.329377831,10.566952476208714,104553.5417336855,0.09004603259273228,0.0018180445009904353,0.7943282347242815,0.7
0.16610807187016857,6.27768572240463e-06,1.0427742711555194e-06,5.458848107613837e-12,501.2349263625316,83.25916717206606,0.0,0.0,4.277704427155445e-05,4.277704427155445e-05,1.0,False,True,218.0,1744804.5347417926,1671503.2504867467,10.351666406653603,106522.03935809212,0.08605569302500532,0.0017879819180172684,0.7943282347242815,0.7
0.17288621852837763,6.016454619603673e-06,1.0401620881308678e-06,5.176166401778622e-12,480.37721567645326,83.05060028549289,0.0,0.0,4.016471718538695e-05,4.016471718538695e-05,1.0,False,True,220.0,1744804.5347417926,1685402.653071383,10.138882816109142,108540.00030222096,0.0821485679411695,0.0017586388866439818,0.7943282347242815,0.7
nan,0.0,0.0,0.0,0.0,0.0,0.0,0.0,0.0,0.0,1.0,False,False,222.0,1744804.5347417926,1699311.2369932458,9.928541937544562,110609.26285896744,0.07832625666285828,0.0017299934208995448,0.7943282347242815,0.7
nan,0.0,0.0,0.0,0.0,0.0,0.0,0.0,0.0,0.0,1.0,False,False,224.0,1744804.5347417926,1713228.7111104543,9.720585827551814,112731.74837883108,0.07459032788139469,0.0017020243350487254,0.7943282347242815,0.7
nan,0.0,0.0,0.0,0.0,0.0,0.0,0.0,0.0,0.0,1.0,False,False,226.0,1744804.5347417926,1727154.7929310587,9.514958299997897,114909.46532356611,0.0709423134377334,0.0016747112105594156,0.7943282347242815,0.7
nan,0.0,0.0,0.0,0.0,0.0,0.0,0.0,0.0,0.0,1.0,False,False,228.0,1744804.5347417926,1741089.20828186,9.311604862418355,117144.51350498166,0.0673837016743727,0.001648034364550858,0.7943282347242815,0.7
nan,0.0,0.0,0.0,0.0,0.0,0.0,0.0,0.0,0.0,1.0,False,False,230.0,1744804.5347417926,1755031.6909919332,9.11047265502919,119439.08851229583,0.06391593035798933,0.0016219748196542945,0.7943282347242815,0.7
nan,0.0,0.0,0.0,0.0,0.0,0.0,0.0,0.0,0.0,1.0,False,False,232.0,1744804.5347417926,1768981.982590127,8.911510392239427,121795.48633038405,0.060540379175650874,0.0015965142752204934,0.7943282347242815,0.7
nan,0.0,0.0,0.0,0.0,0.0,0.0,0.0,0.0,0.0,1.0,False,False,234.0,1744804.5347417926,1782939.8320158515,8.714668306551884,124216.10815003361,0.057258361812093525,0.0015716350798114969,0.7943282347242815,0.7
nan,0.0,0.0,0.0,0.0,0.0,0.0,0.0,0.0,0.0,1.0,False,False,236.0,1744804.5347417926,1796904.9953424882,8.519898094746052,126703.46536998182,0.054071117620723516,0.001547320204916794,0.7943282347242815,0.7
nan,0.0,0.0,0.0,0.0,0.0,0.0,0.0,0.0,0.0,1.0,False,False,238.0,1744804.5347417926,1810877.2355128056,8.327152866240727,129260.18478854962,0.05097980290744249,0.0015235532198367631,0.7943282347242815,0.7
nan,0.0,0.0,0.0,0.0,0.0,0.0,0.0,0.0,0.0,1.0,False,False,240.0,1744804.5347417926,1824856.3220857922,8.136387093539465,131889.0139806117,0.04798548185330497,0.0015003182676788967,0.7943282347242815,0.7
nan,0.0,0.0,0.0,0.0,0.0,0.0,0.0,0.0,0.0,1.0,False,False,242.0,1744804.5347417926,1838842.0309943575,7.947556564666382,134592.82685311325,0.04508911710992419,0.00147760004241478,0.7943282347242815,0.7
nan,0.0,0.0,0.0,0.0,0.0,0.0,0.0,0.0,0.0,1.0,False,False,244.0,1744804.5347417926,1852834.1443133585,7.760618337504372,137374.62936926988,0.042291560110475496,0.001455383766948266,0.7943282347242815,0.7
nan,0.0,0.0,0.0,0.0,0.0,0.0,0.0,0.0,0.0,1.0,False,False,246.0,1744804.5347417926,1866832.450037475,7.575530695951619,140237.56542806188,0.039593541148920185,0.0014336551721475608,0.7943282347242815,0.7
nan,0.0,0.0,0.0,0.0,0.0,0.0,0.0,0.0,0.0,1.0,False,False,248.0,1744804.5347417926,1880836.741868443,7.3922531078159945,143184.92288134235,0.03699565929095105,0.0014124004767961777,0.7943282347242815,0.7
nan,0.0,0.0,0.0,0.0,0.0,0.0,0.0,0.0,0.0,1.0,False,False,250.0,1744804.5347417926,1894846.8190112205,7.210746184371867,146220.13966652684,0.03449837219137997,0.0013916063684198373,0.7943282347242815,0.7
nan,0.0,0.0,0.0,0.0,0.0,0.0,0.0,0.0,0.0,1.0,False,False,252.0,1744804.5347417926,1908862.4859786353,7.030971641505613,149346.8100265195,0.0321019859058876,0.0013712599849484493,0.7943282347242815,0.7
nan,0.0,0.0,0.0,0.0,0.0,0.0,0.0,0.0,0.0,1.0,False,False,254.0,1744804.5347417926,1922883.5524041408,6.852892262381525,152568.6907829547,0.02980664479752086,0.0013513488971742223,0.7943282347242815,0.7
nan,0.0,0.0,0.0,0.0,0.0,0.0,0.0,0.0,0.0,1.0,False,False,256.0,1744804.5347417926,1936909.8328622836,6.6764718615610406,155889.70762091264,0.027612321652674514,0.0013318610919688433,0.7943282347242815,0.7
nan,0.0,0.0,0.0,0.0,0.0,0.0,0.0,0.0,0.0,1.0,False,False,258.0,1744804.5347417926,1950941.1466965303,6.501675250513425,159313.9613354439,0.025518808135049205,0.0013127849562244078,0.7943282347242815,0.7
nan,0.0,0.0,0.0,0.0,0.0,0.0,0.0,0.0,0.0,1.0,False,False,260.0,1744804.5347417926,1964977.3178541057,6.328468204456598,162845.73398065378,0.02352570572048491,0.0012941092614845327,0.7943282347242815,0.7
nan,0.0,0.0,0.0,0.0,0.0,0.0,0.0,0.0,0.0,1.0,False,False,262.0,1744804.5347417926,1979018.17472752,6.156817430472231,166489.49485166985,0.02163241726942529,0.0012758231492336351,0.7943282347242815,0.7
nan,0.0,0.0,0.0,0.0,0.0,0.0,0.0,0.0,0.0,1.0,False,False,264.0,1744804.5347417926,1993063.5500024902,5.9866905368391885,170249.9062184087,0.019838139406815725,0.0012579161168139333,0.7943282347242815,0.7
nan,0.0,0.0,0.0,0.0,0.0,0.0,0.0,0.0,0.0,1.0,False,False,266.0,1744804.5347417926,2007113.2805119364,5.818056003534373,174131.82871679452,0.01814185589138323,0.0012403780039412162,0.7943282347242815,0.7
nan,0.0,0.0,0.0,0.0,0.0,0.0,0.0,0.0,0.0,1.0,False,False,268.0,1744804.5347417926,2021167.2070958074,5.6508831538506445,178140.32628929056,0.016542332166103804,0.0012231989797917705,0.7943282347242815,0.7
nan,0.0,0.0,0.0,0.0,0.0,0.0,0.0,0.0,0.0,1.0,False,False,270.0,1744804.5347417926,2035225.1744664465,5.485142127084742,182280.6705511839,0.015038111289208301,0.0012063695306342432,0.7943282347242815,0.7
nan,0.0,0.0,0.0,0.0,0.0,0.0,0.0,0.0,0.0,1.0,False,False,272.0,1744804.5347417926,2049287.0310792679,5.320803852249838,186558.3444424756,0.013627511449243087,0.0011898804479814316,0.7943282347242815,0.7
nan,0.0,0.0,0.0,0.0,0.0,0.0,0.0,0.0,0.0,1.0,False,False,274.0,1744804.5347417926,2063352.6290084897,5.157840022770027,190979.0450079572,0.012308625267533983,0.00117372281723825,0.7943282347242815,0.7
nan,0.0,0.0,0.0,0.0,0.0,0.0,0.0,0.0,0.0,1.0,False,False,276.0,1744804.5347417926,2077421.8238277135,4.996223072115042,195548.68512952988,0.011079321086317014,0.0011578880068232264,0.7943282347242815,0.7
nan,0.0,0.0,0.0,0.0,0.0,0.0,0.0,0.0,0.0,1.0,False,False,278.0,1744804.5347417926,2091494.4744951199,4.835926150336589,200273.39401607425,0.009937246429581341,0.001142367657742,0.7943282347242815,0.7
nan,0.0,0.0,0.0,0.0,0.0,0.0,0.0,0.0,0.0,1.0,False,False,280.0,1744804.5347417926,2105570.443243092,4.676923101468212,205159.5162374225,0.008879833805575079,0.0011271536735923166,0.7943282347242815,0.7
nan,0.0,0.0,0.0,0.0,0.0,0.0,0.0,0.0,0.0,1.0,False,False,282.0,1744804.5347417926,2119649.5954720583,4.519188441753491,210213.60907009148,0.007904308994296774,0.0011122382109810093,0.7943282347242815,0.7
nan,0.0,0.0,0.0,0.0,0.0,0.0,0.0,0.0,0.0,1.0,False,False,284.0,1744804.5347417926,2133731.7996483897,4.36269733866809,215442.4379053803,0.007007701929158985,0.0010976136703343808,0.7943282347242815,0.7
nan,0.0,0.0,0.0,0.0,0.0,0.0,0.0,0.0,0.0,1.0,False,False,286.0,1744804.5347417926,2147816.927206152,4.207425590703162,220852.9694547455,0.0061868602393127,0.0010832726870843195,0.7943282347242815,0.7
nan,0.0,0.0,0.0,0.0,0.0,0.0,0.0,0.0,0.0,1.0,False,False,288.0,1744804.5347417926,2161904.852452563,4.053349607878908,226452.36247490472,0.005438465467540132,0.001069208123213302,0.7943282347242815,0.7
nan,0.0,0.0,0.0,0.0,0.0,0.0,0.0,0.0,0.0,1.0,False,False,290.0,1744804.5347417926,2175995.452476993,3.90044639295888,232247.95572656768,0.004759051918592777,0.001055413059142249,0.7943282347242815,0.7
nan,0.0,0.0,0.0,0.0,0.0,0.0,0.0,0.0,0.0,1.0,False,False,292.0,1744804.5347417926,2190088.607063355,3.748693523336085,238247.25287805637,0.004145028025090197,0.0010418807859459782,0.7943282347242815,0.7
nan,0.0,0.0,0.0,0.0,0.0,0.0,0.0,0.0,0.0,1.0,False,False,294.0,1744804.5347417926,2204184.1986057367,3.598069133564253,244457.90406887623,0.0035927000441440117,0.0010286047978817134,0.7943282347242815,0.7
nan,0.0,0.0,0.0,0.0,0.0,0.0,0.0,0.0,0.0,1.0,False,False,296.0,1744804.5347417926,2218282.112027147,3.44855189850797,250887.68386129613,0.0030982978195993344,0.001015578785216806,0.7943282347242815,0.7
nan,0.0,0.0,0.0,0.0,0.0,0.0,0.0,0.0,0.0,1.0,False,False,298.0,1744804.5347417926,2232382.23470124,3.3001210170872524,257544.4653310278,0.002658002265009335,0.0010027966273424684,0.7943282347242815,0.7
nan,0.0,0.0,0.0,0.0,0.0,0.0,0.0,0.0,0.0,1.0,False,False,300.0,1744804.5347417926,2246484.456376887,3.1527561965924806,264436.19008347526,0.002267974144432842,0.0009902523861609887,0.7943282347242815,0.7
nan,0.0,0.0,0.0,0.0,0.0,0.0,0.0,0.0,0.0,1.0,False,False,302.0,1744804.5347417926,2260588.669105491,3.0064376375473225,271570.8340309834,0.00192438365579757,0.0009779402997344114,0.7943282347242815,0.7
nan,0.0,0.0,0.0,0.0,0.0,0.0,0.0,0.0,0.0,1.0,False,False,304.0,1744804.5347417926,2274694.7671709163,2.8611460190978963,278956.3688303546,0.001623440259182748,0.0009658547761833226,0.7943282347242815,0.7
nan,0.0,0.0,0.0,0.0,0.0,0.0,0.0,0.0,0.0,1.0,False,False,306.0,1744804.5347417926,2288802.6470219386,2.716862484907473,286600.7189602166,0.0013614221443840127,0.0009539903878248375,0.7943282347242815,0.7
nan,0.0,0.0,0.0,0.0,0.0,0.0,0.0,0.0,0.0,1.0,False,False,308.0,1744804.5347417926,2302912.2072070963,2.5735686295368545,294511.71451422485,0.001134704702934579,0.0009423418655394577,0.7943282347242815,0.7
nan,0.0,0.0,0.0,0.0,0.0,0.0,0.0,0.0,0.0,1.0,False,False,310.0,1744804.5347417926,2317023.348311865,2.431246485291572,302697.03989790095,0.0009397873632261427,0.0009309040933568993,0.7943282347242815,0.7
nan,0.0,0.0,0.0,0.0,0.0,0.0,0.0,0.0,0.0,1.0,False,False,312.0,1744804.5347417926,2331135.9728980395,2.2898785095176803,311164.1787448569,0.0007733181664477339,0.000919672103251502,0.7943282347242815,0.7
nan,0.0,0.0,0.0,0.0,0.0,0.0,0.0,0.0,0.0,1.0,False,False,314.0,1744804.5347417926,2345249.985445253,2.1494475723287567,319920.3555061041,0.0006321155075936519,0.000908641070138225,0.7943282347242815,0.7
nan,0.0,0.0,0.0,0.0,0.0,0.0,0.0,0.0,0.0,1.0,False,False,316.0,1744804.5347417926,2359365.292294537,2.009936944747756,328972.4743141445,0.0005131865397676123,0.0008978063070606775,0.7943282347242815,0.7
nan,0.0,0.0,0.0,0.0,0.0,0.0,0.0,0.0,0.0,1.0,False,False,318.0,1744804.5347417926,2373481.8015938406,1.871330287247478,338327.05587398465,0.0004137418397525237,0.0008871632605630233,0.7943282347242815,0.7
nan,0.0,0.0,0.0,0.0,0.0,0.0,0.0,0.0,0.0,1.0,False,False,320.0,1744804.5347417926,2387599.4232454333,1.7336116386743994,347990.1732807099,0.0003312060545262686,0.0008767075062379704,0.7943282347242815,0.7
nan,0.0,0.0,0.0,0.0,0.0,0.0,0.0,0.0,0.0,1.0,False,False,322.0,1744804.5347417926,2401718.068855126,1.5967654055419045,357967.3878001213,0.00026322438641157206,0.0008664347444434074,0.7943282347242815,0.7
nan,0.0,0.0,0.0,0.0,0.0,0.0,0.0,0.0,0.0,1.0,False,False,324.0,1744804.5347417926,2415837.6516832146,1.4607763516780738,368263.68576834624,0.00020766492153315993,0.0008563407961806183,0.7943282347242815,0.7
nan,0.0,0.0,0.0,0.0,0.0,0.0,0.0,0.0,0.0,1.0,False,False,326.0,1744804.5347417926,2429958.0865971087,1.3256295882152023,378883.41785732005,0.00016261695379419757,0.0008464215991272895,0.7943282347242815,0.7
nan,0.0,0.0,0.0,0.0,0.0,0.0,0.0,0.0,0.0,1.0,False,False,328.0,1744804.5347417926,2444079.2900255504,1.1913105639081727,389830.2420101672,0.00012638559573869017,0.0008366732038188712,0.7943282347242815,0.7
nan,0.0,0.0,0.0,0.0,0.0,0.0,0.0,0.0,0.0,1.0,False,False,330.0,1744804.5347417926,2458201.17991439,1.0578050557692638,401107.0713652324,9.748308987315727e-05,0.0008270917699721112,0.7943282347242815,0.7
nan,0.0,0.0,0.0,0.0,0.0,0.0,0.0,0.0,0.0,1.0,False,False,332.0,1744804.5347417926,2472323.6756838327,0.9250991600076395,412716.0284542959,7.46173318294398e-05,0.000817673562944896,0.7943282347242815,0.7
nan,0.0,0.0,0.0,0.0,0.0,0.0,0.0,0.0,0.0,1.0,False,False,334.0,1744804.5347417926,2486446.6981871193,0.7931792832622915,424658.4068764173,5.667818458337703e-05,0.000808414950326765,0.7943282347242815,0.7
nan,0.0,0.0,0.0,0.0,0.0,0.0,0.0,0.0,0.0,1.0,False,False,336.0,1744804.5347417926,2500570.169670573,0.6620321341176916,436934.6415143916,4.272219764487997e-05,0.0007993123986547408,0.7943282347242815,0.7
nan,0.0,0.0,0.0,0.0,0.0,0.0,0.0,0.0,0.0,1.0,False,False,338.0,1744804.5347417926,2514694.01373497,0.5316447148914201,449544.2881762095,3.1956346257690926e-05,0.0007903624702493417,0.7943282347242815,0.7
nan,0.0,0.0,0.0,0.0,0.0,0.0,0.0,0.0,0.0,1.0,False,False,340.0,1744804.5347417926,2528818.155298174,0.40200431368432965,462486.0133188185,2.3721375419719504e-05,0.0007815618201658906,0.7943282347242815,0.7
nan,0.0,0.0,0.0,0.0,0.0,0.0,0.0,0.0,0.0,1.0,False,False,342.0,1744804.5347417926,2542942.5205589985,0.2730984966833125,475757.5942517386,1.7475276558336437e-05,0.0007729071932564279,0.7943282347242815,0.7
nan,0.0,0.0,0.0,0.0,0.0,0.0,0.0,0.0,0.0,1.0,False,False,344.0,1744804.5347417926,2557067.036962241,0.1449151007076763,489355.9299372432,1.2777347333893417e-05,0.0007643954213377679,0.7943282347242815,0.7
nan,0.0,0.0,0.0,0.0,0.0,0.0,0.0,0.0,0.0,1.0,False,False,346.0,1744804.5347417926,2571191.6331648473,0.01744222599011089,503277.06221451395,9.273194689943775e-06,0.0007560234204614194,0.7943282347242815,0.7
nan,0.0,0.0,0.0,0.0,0.0,0.0,0.0,0.0,0.0,1.0,False,False,348.0,1744804.5347417926,2585316.2390031707,-0.10933177081561174,505212.8264405012,8.868940383288782e-06,0.0007477881882812845,0.7943282347242815,0.7
nan,0.0,0.0,0.0,0.0,0.0,0.0,0.0,0.0,0.0,1.0,False,False,350.0,1744804.5347417926,2599440.785461276,-0.23541828340924786,505212.8264405012,8.868940383288782e-06,0.0007396868015152337,0.7943282347242815,0.7
nan,0.0,0.0,0.0,0.0,0.0,0.0,0.0,0.0,0.0,1.0,False,False,352.0,1744804.5347417926,2613565.20464026,-0.3608284624076343,505212.8264405012,8.868940383288782e-06,0.0007317164134968134,0.7943282347242815,0.7
nan,0.0,0.0,0.0,0.0,0.0,0.0,0.0,0.0,0.0,1.0,False,False,354.0,1744804.5347417926,2627689.4297285383,-0.4855732217057833,505212.8264405012,8.868940383288782e-06,0.0007238742518135288,0.7943282347242815,0.7
nan,0.0,0.0,0.0,0.0,0.0,0.0,0.0,0.0,0.0,1.0,False,False,356.0,1744804.5347417926,2641813.3949730773,-0.6096632446417802,505212.8264405012,8.868940383288782e-06,0.0007161576160282621,0.7943282347242815,0.7
nan,0.0,0.0,0.0,0.0,0.0,0.0,0.0,0.0,0.0,1.0,False,False,358.0,1744804.5347417926,2655937.0356515287,-0.733108989972977,505212.8264405012,8.868940383288782e-06,0.0007085638754805799,0.7943282347242815,0.7
nan,0.0,0.0,0.0,0.0,0.0,0.0,0.0,0.0,0.0,1.0,False,False,360.0,1744804.5347417926,2670060.2880452294,-0.8559206976696633,505212.8264405012,8.868940383288782e-06,0.000701090467164785,0.7943282347242815,0.7
nan,0.0,0.0,0.0,0.0,0.0,0.0,0.0,0.0,0.0,1.0,False,False,362.0,1744804.5347417926,2684183.089413057,-0.9781083945329896,505212.8264405012,8.868940383288782e-06,0.0006937348936817239,0.7943282347242815,0.7
nan,0.0,0.0,0.0,0.0,0.0,0.0,0.0,0.0,0.0,1.0,False,False,364.0,1744804.5347417926,2698305.37796608,-1.099681899642858,505212.8264405012,8.868940383288782e-06,0.0006864947212614868,0.7943282347242815,0.7
nan,0.0,0.0,0.0,0.0,0.0,0.0,0.0,0.0,0.0,1.0,False,False,366.0,1744804.5347417926,2712427.092842996,-1.220650829641987,505212.8264405012,8.868940383288782e-06,0.0006793675778542518,0.7943282347242815,0.7
nan,0.0,0.0,0.0,0.0,0.0,0.0,0.0,0.0,0.0,1.0,False,False,368.0,1744804.5347417926,2726548.1740863267,-1.341024603861524,505212.8264405012,8.868940383288782e-06,0.0006723511512866507,0.7943282347242815,0.7
nan,0.0,0.0,0.0,0.0,0.0,0.0,0.0,0.0,0.0,1.0,False,False,370.0,1744804.5347417926,2740668.562619336,-1.4608124492937518,505212.8264405012,8.868940383288782e-06,0.0006654431874811334,0.7943282347242815,0.7
nan,0.0,0.0,0.0,0.0,0.0,0.0,0.0,0.0,0.0,1.0,False,False,372.0,1744804.5347417926,2754788.20022365,-1.5800234054172546,505212.8264405012,8.868940383288782e-06,0.0006586414887359341,0.7943282347242815,0.7
nan,0.0,0.0,0.0,0.0,0.0,0.0,0.0,0.0,0.0,1.0,False,False,374.0,1744804.5347417926,2768907.0295175556,-1.6986663288792943,505212.8264405012,8.868940383288782e-06,0.0006519439120633164,0.7943282347242815,0.7
nan,0.0,0.0,0.0,0.0,0.0,0.0,0.0,0.0,0.0,1.0,False,False,376.0,1744804.5347417926,2783024.993934955,-1.8167498980403398,505212.8264405012,8.868940383288782e-06,0.0006453483675838953,0.7943282347242815,0.7
nan,0.0,0.0,0.0,0.0,0.0,0.0,0.0,0.0,0.0,1.0,False,False,378.0,1744804.5347417926,2797142.0377049497,-1.9342826173854506,505212.8264405012,8.868940383288782e-06,0.0006388528169749133,0.7943282347242815,0.7
nan,0.0,0.0,0.0,0.0,0.0,0.0,0.0,0.0,0.0,1.0,False,False,380.0,1744804.5347417926,2811258.105832026,-2.0512728218070198,505212.8264405012,8.868940383288782e-06,0.0006324552719704452,0.7943282347242815,0.7
nan,0.0,0.0,0.0,0.0,0.0,0.0,0.0,0.0,0.0,1.0,False,False,382.0,1744804.5347417926,2825373.144076843,-2.1677286807628873,505212.8264405012,8.868940383288782e-06,0.0006261537929115719,0.7943282347242815,0.7
nan,0.0,0.0,0.0,0.0,0.0,0.0,0.0,0.0,0.0,1.0,False,False,384.0,1744804.5347417926,2839487.098937581,-2.283658202314434,505212.8264405012,8.868940383288782e-06,0.0006199464873446706,0.7943282347242815,0.7
nan,0.0,0.0,0.0,0.0,0.0,0.0,0.0,0.0,0.0,1.0,False,False,386.0,1744804.5347417926,2853599.9176318385,-2.39906923704822,505212.8264405012,8.868940383288782e-06,0.0006138315086660241,0.7943282347242815,0.7
nan,0.0,0.0,0.0,0.0,0.0,0.0,0.0,0.0,0.0,1.0,False,False,388.0,1744804.5347417926,2867711.5480790585,-2.5139694818852374,505212.8264405012,8.868940383288782e-06,0.0006078070548110369,0.7943282347242815,0.7
nan,0.0,0.0,0.0,0.0,0.0,0.0,0.0,0.0,0.0,1.0,False,False,390.0,1744804.5347417926,2881821.9388834788,-2.6283664837813387,505212.8264405012,8.868940383288782e-06,0.000601871366986401,0.7943282347242815,0.7
nan,0.0,0.0,0.0,0.0,0.0,0.0,0.0,0.0,0.0,1.0,False,False,392.0,1744804.5347417926,2895931.0393175557,-2.742267643322601,505212.8264405012,8.868940383288782e-06,0.0005960227284436554,0.7943282347242815,0.7
nan,0.0,0.0,0.0,0.0,0.0,0.0,0.0,0.0,0.0,1.0,False,False,394.0,1744804.5347417926,2910038.799305892,-2.855680218218784,505212.8264405012,8.868940383288782e-06,0.0005902594632925929,0.7943282347242815,0.7
nan,0.0,0.0,0.0,0.0,0.0,0.0,0.0,0.0,0.0,1.0,False,False,396.0,1744804.5347417926,2924145.169409608,-2.9686113266985084,505212.8264405012,8.868940383288782e-06,0.0005845799353530882,0.7943282347242815,0.7
nan,0.0,0.0,0.0,0.0,0.0,0.0,0.0,0.0,0.0,1.0,False,False,398.0,1744804.5347417926,2938250.100811171,-3.0810679508088996,505212.8264405012,8.868940383288782e-06,0.0005789825470439338,0.7943282347242815,0.7
nan,0.0,0.0,0.0,0.0,0.0,0.0,0.0,0.0,0.0,1.0,False,False,400.0,1744804.5347417926,2952353.5452996506,-3.193056939623317,505212.8264405012,8.868940383288782e-06,0.0005734657383073543,0.7943282347242815,0.7
nan,0.0,0.0,0.0,0.0,0.0,0.0,0.0,0.0,0.0,1.0,False,False,402.0,1744804.5347417926,2966455.4552564025,-3.3045850123596168,505212.8264405012,8.868940383288782e-06,0.0005680279855679033,0.7943282347242815,0.7
nan,0.0,0.0,0.0,0.0,0.0,0.0,0.0,0.0,0.0,1.0,False,False,404.0,1744804.5347417926,2980555.783641143,-3.415658761412065,505212.8264405012,8.868940383288782e-06,0.0005626678007245203,0.7943282347242815,0.7
nan,0.0,0.0,0.0,0.0,0.0,0.0,0.0,0.0,0.0,1.0,False,False,406.0,1744804.5347417926,2994654.4839784307,-3.5262846552996856,505212.8264405012,8.868940383288782e-06,0.0005573837301745486,0.7943282347242815,0.7
nan,0.0,0.0,0.0,0.0,0.0,0.0,0.0,0.0,0.0,1.0,False,False,408.0,1744804.5347417926,3008751.510344515,-3.636469041533531,505212.8264405012,8.868940383288782e-06,0.0005521743538685859,0.7943282347242815,0.7
nan,0.0,0.0,0.0,0.0,0.0,0.0,0.0,0.0,0.0,1.0,False,False,410.0,1744804.5347417926,3022846.817354561,-3.746218149405435,505212.8264405012,8.868940383288782e-06,0.0005470382843950659,0.7943282347242815,0.7
nan,0.0,0.0,0.0,0.0,0.0,0.0,0.0,0.0,0.0,1.0,False,False,412.0,1744804.5347417926,3036940.360150217,-3.855538092700977,505212.8264405012,8.868940383288782e-06,0.0005419741660935256,0.7943282347242815,0.7
nan,0.0,0.0,0.0,0.0,0.0,0.0,0.0,0.0,0.0,1.0,False,False,414.0,1744804.5347417926,3051032.0943875425,-3.9644348723386833,505212.8264405012,8.868940383288782e-06,0.0005369806741955409,0.7943282347242815,0.7
nan,0.0,0.0,0.0,0.0,0.0,0.0,0.0,0.0,0.0,1.0,False,False,416.0,1744804.5347417926,3065121.9762252555,-4.0729143789379565,505212.8264405012,8.868940383288782e-06,0.0005320565139923666,0.7943282347242815,0.7
nan,0.0,0.0,0.0,0.0,0.0,0.0,0.0,0.0,0.0,1.0,False,False,418.0,1744804.5347417926,3079209.962313306,-4.180982395317922,505212.8264405012,8.868940383288782e-06,0.0005272004200283443,0.7943282347242815,0.7
nan,0.0,0.0,0.0,0.0,0.0,0.0,0.0,0.0,0.0,1.0,False,False,420.0,1744804.5347417926,3093296.009781764,-4.288644598929341,505212.8264405012,8.868940383288782e-06,0.0005224111553191795,0.7943282347242815,0.7
nan,0.0,0.0,0.0,0.0,0.0,0.0,0.0,0.0,0.0,1.0,False,False,422.0,1744804.5347417926,3107380.0762300077,-4.395906564221587,505212.8264405012,8.868940383288782e-06,0.0005176875105942282,0.7943282347242815,0.7
nan,0.0,0.0,0.0,0.0,0.0,0.0,0.0,0.0,0.0,1.0,False,False,424.0,1744804.5347417926,3121462.1197162024,-4.502773764946723,505212.8264405012,8.868940383288782e-06,0.0005130283035619638,0.7943282347242815,0.7
nan,0.0,0.0,0.0,0.0,0.0,0.0,0.0,0.0,0.0,1.0,False,False,426.0,1744804.5347417926,3135542.0987470686,-4.6092515764025705,505212.8264405012,8.868940383288782e-06,0.0005084323781978206,0.7943282347242815,0.7
nan,0.0,0.0,0.0,0.0,0.0,0.0,0.0,0.0,0.0,1.0,False,False,428.0,1744804.5347417926,3149619.9722679197,-4.715345277616794,505212.8264405012,8.868940383288782e-06,0.0005038986040536551,0.7943282347242815,0.7
nan,0.0,0.0,0.0,0.0,0.0,0.0,0.0,0.0,0.0,1.0,False,False,430.0,1744804.5347417926,3163695.699652969,-4.821060053473373,505212.8264405012,8.868940383288782e-06,0.0004994258755880805,0.7943282347242815,0.7
nan,0.0,0.0,0.0,0.0,0.0,0.0,0.0,0.0,0.0,1.0,False,False,432.0,1744804.5347417926,3177769.2406958938,-4.92640099678377,505212.8264405012,8.868940383288782e-06,0.0004950131115169655,0.7943282347242815,0.7
nan,0.0,0.0,0.0,0.0,0.0,0.0,0.0,0.0,0.0,1.0,False,False,434.0,1744804.5347417926,3191840.555600648,-5.0313731103039565,505212.8264405012,8.868940383288782e-06,0.0004906592541834162,0.7943282347242815,0.7
nan,0.0,0.0,0.0,0.0,0.0,0.0,0.0,0.0,0.0,1.0,False,False,436.0,1744804.5347417926,3205909.6049725222,-5.135981308699218,505212.8264405012,8.868940383288782e-06,0.0004863632689465784,0.7943282347242815,0.7
nan,0.0,0.0,0.0,0.0,0.0,0.0,0.0,0.0,0.0,1.0,False,False,438.0,1744804.5347417926,3219976.3498094347,-5.240230420458162,505212.8264405012,8.868940383288782e-06,0.00048212414358863226,0.7943282347242815,0.7
nan,0.0,0.0,0.0,0.0,0.0,0.0,0.0,0.0,0.0,1.0,False,False,440.0,1744804.5347417926,3234040.751493451,-5.344125189757581,505212.8264405012,8.868940383288782e-06,0.00047794088773936547,0.7943282347242815,0.7
nan,0.0,0.0,0.0,0.0,0.0,0.0,0.0,0.0,0.0,1.0,False,False,442.0,1744804.5347417926,3248102.771782528,-5.44767027827928,505212.8264405012,8.868940383288782e-06,0.00047381253231773974,0.7943282347242815,0.7
nan,0.0,0.0,0.0,0.0,0.0,0.0,0.0,0.0,0.0,1.0,False,False,444.0,1744804.5347417926,3262162.3728024648,-5.550870266980887,505212.8264405012,8.868940383288782e-06,0.0004697381289898862,0.7943282347242815,0.7
nan,0.0,0.0,0.0,0.0,0.0,0.0,0.0,0.0,0.0,1.0,False,False,446.0,1744804.5347417926,3276219.517039074,-5.653729657821284,505212.8264405012,8.868940383288782e-06,0.0004657167496429805,0.7943282347242815,0.7
nan,0.0,0.0,0.0,0.0,0.0,0.0,0.0,0.0,0.0,1.0,False,False,448.0,1744804.5347417926,3290274.1673305444,-5.756252875442598,505212.8264405012,8.868940383288782e-06,0.00046174748587448055,0.7943282347242815,0.7
nan,0.0,0.0,0.0,0.0,0.0,0.0,0.0,0.0,0.0,1.0,False,False,450.0,1744804.5347417926,3304326.286860002,-5.858444268809676,505212.8264405012,8.868940383288782e-06,0.0004578294484962144,0.7943282347242815,0.7
nan,0.0,0.0,0.0,0.0,0.0,0.0,0.0,0.0,0.0,1.0,False,False,452.0,1744804.5347417926,3318375.8391482653,-5.960308112808271,505212.8264405012,8.868940383288782e-06,0.0004539617670528359,0.7943282347242815,0.7
nan,0.0,0.0,0.0,0.0,0.0,0.0,0.0,0.0,0.0,1.0,False,False,454.0,1744804.5347417926,3332422.78804678,-6.061848609803461,505212.8264405012,8.868940383288782e-06,0.00045014358935417724,0.7943282347242815,0.7
nan,0.0,0.0,0.0,0.0,0.0,0.0,0.0,0.0,0.0,1.0,False,False,456.0,1744804.5347417926,3346467.0977307395,-6.163069891159,505212.8264405012,8.868940383288782e-06,0.00044637408102104543,0.7943282347242815,0.7
nan,0.0,0.0,0.0,0.0,0.0,0.0,0.0,0.0,0.0,1.0,False,False,458.0,1744804.5347417926,3360508.7326923674,-6.263976018718997,505212.8264405012,8.868940383288782e-06,0.00044265242504403076,0.7943282347242815,0.7
nan,0.0,0.0,0.0,0.0,0.0,0.0,0.0,0.0,0.0,1.0,False,False,460.0,1744804.5347417926,3374547.657734382,-6.364570986253017,505212.8264405012,8.868940383288782e-06,0.00043897782135489963,0.7943282347242815,0.7
nan,0.0,0.0,0.0,0.0,0.0,0.0,0.0,0.0,0.0,1.0,False,False,462.0,1744804.5347417926,3388583.83796362,-6.464858720865541,505212.8264405012,8.868940383288782e-06,0.00043534948641017534,0.7943282347242815,0.7
nan,0.0,0.0,0.0,0.0,0.0,0.0,0.0,0.0,0.0,1.0,False,False,464.0,1744804.5347417926,3402617.2387848175,-6.564843084370735,505212.8264405012,8.868940383288782e-06,0.00043176665278650843,0.7943282347242815,0.7
nan,0.0,0.0,0.0,0.0,0.0,0.0,0.0,0.0,0.0,1.0,False,False,466.0,1744804.5347417926,3416647.8258945416,-6.664527874633704,505212.8264405012,8.868940383288782e-06,0.0004282285687874671,0.7943282347242815,0.7
nan,0.0,0.0,0.0,0.0,0.0,0.0,0.0,0.0,0.0,1.0,False,False,468.0,1744804.5347417926,3430675.5652752863,-6.763916826879124,505212.8264405012,8.868940383288782e-06,0.0004247344980613763,0.7943282347242815,0.7
nan,0.0,0.0,0.0,0.0,0.0,0.0,0.0,0.0,0.0,1.0,False,False,470.0,1744804.5347417926,3444700.4231897006,-6.863013614967864,505212.8264405012,8.868940383288782e-06,0.00042128371922986224,0.7943282347242815,0.7
nan,0.0,0.0,0.0,0.0,0.0,0.0,0.0,0.0,0.0,1.0,False,False,472.0,1744804.5347417926,3458722.366174962,-6.961821852643164,505212.8264405012,8.868940383288782e-06,0.0004178755255267601,0.7943282347242815,0.7
nan,0.0,0.0,0.0,0.0,0.0,0.0,0.0,0.0,0.0,1.0,False,False,474.0,1744804.5347417926,3472741.3610372944,-7.060345094746306,505212.8264405012,8.868940383288782e-06,0.0004145092244470569,0.7943282347242815,0.7
nan,0.0,0.0,0.0,0.0,0.0,0.0,0.0,0.0,0.0,1.0,False,False,476.0,1744804.5347417926,3486757.3748466074,-7.158586838403586,505212.8264405012,8.868940383288782e-06,0.0004111841374055636,0.7943282347242815,0.7
nan,0.0,0.0,0.0,0.0,0.0,0.0,0.0,0.0,0.0,1.0,False,False,478.0,1744804.5347417926,3500770.37493128,-7.256550524184536,505212.8264405012,8.868940383288782e-06,0.0004078995994049973,0.7943282347242815,0.7
nan,0.0,0.0,0.0,0.0,0.0,0.0,0.0,0.0,0.0,1.0,False,False,480.0,1744804.5347417926,3514780.328873061,-7.354239537232879,505212.8264405012,8.868940383288782e-06,0.00040465495871319553,0.7943282347242815,0.7
nan,0.0,0.0,0.0,0.0,0.0,0.0,0.0,0.0,0.0,1.0,False,False,482.0,1744804.5347417926,3528787.2045020913,-7.451657208370375,505212.8264405012,8.868940383288782e-06,0.0004014495765491707,0.7943282347242815,0.7
nan,0.0,0.0,0.0,0.0,0.0,0.0,0.0,0.0,0.0,1.0,False,False,484.0,1744804.5347417926,3542790.9698920576,-7.548806815174823,505212.8264405012,8.868940383288782e-06,0.00039828282677773115,0.7943282347242815,0.7
nan,0.0,0.0,0.0,0.0,0.0,0.0,0.0,0.0,0.0,1.0,False,False,486.0,1744804.5347417926,3556791.593355445,-7.645691583032456,505212.8264405012,8.868940383288782e-06,0.00039515409561240985,0.7943282347242815,0.7
nan,0.0,0.0,0.0,0.0,0.0,0.0,0.0,0.0,0.0,1.0,False,False,488.0,1744804.5347417926,3570789.0434389217,-7.742314686165902,505212.8264405012,8.868940383288782e-06,0.000392062781326439,0.7943282347242815,0.7
nan,0.0,0.0,0.0,0.0,0.0,0.0,0.0,0.0,0.0,1.0,False,False,490.0,1744804.5347417926,3584783.2889188146,-7.838679248637827,505212.8264405012,8.868940383288782e-06,0.0003890082939715322,0.7943282347242815,0.7
nan,0.0,0.0,0.0,0.0,0.0,0.0,0.0,0.0,0.0,1.0,False,False,492.0,1744804.5347417926,3598774.2987967078,-7.934788345331388,505212.8264405012,8.868940383288782e-06,0.00038599005510422707,0.7943282347242815,0.7
nan,0.0,0.0,0.0,0.0,0.0,0.0,0.0,0.0,0.0,1.0,False,False,494.0,1744804.5347417926,3612762.042295135,-8.030645002908008,505212.8264405012,8.868940383288782e-06,0.00038300749751956633,0.7943282347242815,0.7
nan,0.0,0.0,0.0,0.0,0.0,0.0,0.0,0.0,0.0,1.0,False,False,496.0,1744804.5347417926,3626746.4888533805,-8.126252200742757,505212.8264405012,8.868940383288782e-06,0.00038006006499188957,0.7943282347242815,0.7
nan,0.0,0.0,0.0,0.0,0.0,0.0,0.0,0.0,0.0,1.0,False,False,498.0,1744804.5347417926,3640727.6081233667,-8.22161287183841,505212.8264405012,8.868940383288782e-06,0.0003771472120225272,0.7943282347242815,0.7
nan,0.0,0.0,0.0,0.0,0.0,0.0,0.0,0.0,0.0,1.0,False,False,500.0,1744804.5347417926,3654705.3699656553,-8.316729903718471,505212.8264405012,8.868940383288782e-06,0.00037426840359417916,0.7943282347242815,0.7
nan,0.0,0.0,0.0,0.0,0.0,0.0,0.0,0.0,0.0,1.0,False,False,502.0,1744804.5347417926,3668679.7444455237,-8.411606139299693,505212.8264405012,8.868940383288782e-06,0.00037142311493179136,0.7943282347242815,0.7
nan,0.0,0.0,0.0,0.0,0.0,0.0,0.0,0.0,0.0,1.0,False,False,504.0,1744804.5347417926,3682650.7018291457,-8.506244377744833,505212.8264405012,8.868940383288782e-06,0.00036861083126972196,0.7943282347242815,0.7
nan,0.0,0.0,0.0,0.0,0.0,0.0,0.0,0.0,0.0,1.0,False,False,506.0,1744804.5347417926,3696618.2125798524,-8.600647375295997,505212.8264405012,8.868940383288782e-06,0.0003658310476250225,0.7943282347242815,0.7
nan,0.0,0.0,0.0,0.0,0.0,0.0,0.0,0.0,0.0,1.0,False,False,508.0,1744804.5347417926,3710582.24735448,-8.694817846089082,505212.8264405012,8.868940383288782e-06,0.0003630832685766428,0.7943282347242815,0.7
nan,0.0,0.0,0.0,0.0,0.0,0.0,0.0,0.0,0.0,1.0,False,False,510.0,1744804.5347417926,3724542.7769998084,-8.788758462950014,505212.8264405012,8.868940383288782e-06,0.00036036700805039087,0.7943282347242815,0.7
nan,0.0,0.0,0.0,0.0,0.0,0.0,0.0,0.0,0.0,1.0,False,False,512.0,1744804.5347417926,3738499.7725490704,-8.882471858172906,505212.8264405012,8.868940383288782e-06,0.0003576817891094755,0.7943282347242815,0.7
nan,0.0,0.0,0.0,0.0,0.0,0.0,0.0,0.0,0.0,1.0,False,False,514.0,1744804.5347417926,3752453.2052185484,-8.97596062428094,505212.8264405012,8.868940383288782e-06,0.00035502714375046856,0.7943282347242815,0.7
nan,0.0,0.0,0.0,0.0,0.0,0.0,0.0,0.0,0.0,1.0,False,False,516.0,1744804.5347417926,3766403.0464042476,-9.069227314770247,505212.8264405012,8.868940383288782e-06,0.00035240261270452685,0.7943282347242815,0.7
nan,0.0,0.0,0.0,0.0,0.0,0.0,0.0,0.0,0.0,1.0,False,False,518.0,1744804.5347417926,3780349.267678637,-9.162274444837239,505212.8264405012,8.868940383288782e-06,0.0003498077452437247,0.7943282347242815,0.7
nan,0.0,0.0,0.0,0.0,0.0,0.0,0.0,0.0,0.0,1.0,False,False,520.0,1744804.5347417926,3794291.840787476,-9.255104492089842,505212.8264405012,8.868940383288782e-06,0.00034724209899234106,0.7943282347242815,0.7
nan,0.0,0.0,0.0,0.0,0.0,0.0,0.0,0.0,0.0,1.0,False,False,522.0,1744804.5347417926,3808230.7376466966,-9.347719897243048,505212.8264405012,8.868940383288782e-06,0.0003447052397429662,0.7943282347242815,0.7
nan,0.0,0.0,0.0,0.0,0.0,0.0,0.0,0.0,0.0,1.0,False,False,524.0,1744804.5347417926,3822165.930339376,-9.440123064799176,505212.8264405012,8.868940383288782e-06,0.00034219674127728187,0.7943282347242815,0.7
nan,0.0,0.0,0.0,0.0,0.0,0.0,0.0,0.0,0.0,1.0,False,False,526.0,1744804.5347417926,3836097.391112754,-9.532316363713162,505212.8264405012,8.868940383288782e-06,0.00033971618519138566,0.7943282347242815,0.7
nan,0.0,0.0,0.0,0.0,0.0,0.0,0.0,0.0,0.0,1.0,False,False,528.0,1744804.5347417926,3850025.092375336,-9.624302128043455,505212.8264405012,8.868940383288782e-06,0.00033726316072552477,0.7943282347242815,0.7
nan,0.0,0.0,0.0,0.0,0.0,0.0,0.0,0.0,0.0,1.0,False,False,530.0,1744804.5347417926,3863949.006694047,-9.716082657588618,505212.8264405012,8.868940383288782e-06,0.00033483726459811804,0.7943282347242815,0.7
nan,0.0,0.0,0.0,0.0,0.0,0.0,0.0,0.0,0.0,1.0,False,False,532.0,1744804.5347417926,3877869.1067914525,-9.80766021851017,505212.8264405012,8.868940383288782e-06,0.0003324381008439396,0.7943282347242815,0.7
nan,0.0,0.0,0.0,0.0,0.0,0.0,0.0,0.0,0.0,1.0,False,False,534.0,1744804.5347417926,3891785.365543048,-9.899037043942034,505212.8264405012,8.868940383288782e-06,0.0003300652806563489,0.7943282347242815,0.7
nan,0.0,0.0,0.0,0.0,0.0,0.0,0.0,0.0,0.0,1.0,False,False,536.0,1744804.5347417926,3905697.7559745912,-9.990215334586695,505212.8264405012,8.868940383288782e-06,0.0003277184222334514,0.7943282347242815,0.7
nan,0.0,0.0,0.0,0.0,0.0,0.0,0.0,0.0,0.0,1.0,False,False,538.0,1744804.5347417926,3919606.251259513,-10.081197259298783,505212.8264405012,8.868940383288782e-06,0.0003253971506280795,0.7943282347242815,0.7
nan,0.0,0.0,0.0,0.0,0.0,0.0,0.0,0.0,0.0,1.0,False,False,540.0,1744804.5347417926,3933510.8247163654,-10.171984955656027,505212.8264405012,8.868940383288782e-06,0.0003231010976014865,0.7943282347242815,0.7
nan,0.0,0.0,0.0,0.0,0.0,0.0,0.0,0.0,0.0,1.0,False,False,542.0,1744804.5347417926,3947411.4498063396,-10.262580530517994,505212.8264405012,8.868940383288782e-06,0.00032082990148064926,0.7943282347242815,0.7
nan,0.0,0.0,0.0,0.0,0.0,0.0,0.0,0.0,0.0,1.0,False,False,544.0,1744804.5347417926,3961308.100130827,-10.352986060573159,505212.8264405012,8.868940383288782e-06,0.00031858320701907896,0.7943282347242815,0.7
nan,0.0,0.0,0.0,0.0,0.0,0.0,0.0,0.0,0.0,1.0,False,False,546.0,1744804.5347417926,3975200.7494290457,-10.443203592874184,505212.8264405012,8.868940383288782e-06,0.00031636066526104115,0.7943282347242815,0.7
nan,0.0,0.0,0.0,0.0,0.0,0.0,0.0,0.0,0.0,1.0,False,False,548.0,1744804.5347417926,3989089.371575702,-10.533235145362001,505212.8264405012,8.868940383288782e-06,0.0003141619334090943,0.7943282347242815,0.7
nan,0.0,0.0,0.0,0.0,0.0,0.0,0.0,0.0,0.0,1.0,False,False,550.0,1744804.5347417926,4002973.9405787117,-10.623082707378899,505212.8264405012,8.868940383288782e-06,0.0003119866746948503,0.7943282347242815,0.7
nan,0.0,0.0,0.0,0.0,0.0,0.0,0.0,0.0,0.0,1.0,False,False,552.0,1744804.5347417926,4016854.430576973,-10.712748240170765,505212.8264405012,8.868940383288782e-06,0.0003098345582528706,0.7943282347242815,0.7
nan,0.0,0.0,0.0,0.0,0.0,0.0,0.0,0.0,0.0,1.0,False,False,554.0,1744804.5347417926,4030730.8158381768,-10.802233677378956,505212.8264405012,8.868940383288782e-06,0.0003077052589976123,0.7943282347242815,0.7
nan,0.0,0.0,0.0,0.0,0.0,0.0,0.0,0.0,0.0,1.0,False,False,556.0,1744804.5347417926,4044603.07075667,-10.891540925521769,505212.8264405012,8.868940383288782e-06,0.0003055984575033398,0.7943282347242815,0.7
nan,0.0,0.0,0.0,0.0,0.0,0.0,0.0,0.0,0.0,1.0,False,False,558.0,1744804.5347417926,4058471.1698513683,-10.980671864466112,505212.8264405012,8.868940383288782e-06,0.00030351383988692004,0.7943282347242815,0.7
nan,0.0,0.0,0.0,0.0,0.0,0.0,0.0,0.0,0.0,1.0,False,False,560.0,1744804.5347417926,4072335.087763698,-11.069628347889237,505212.8264405012,8.868940383288782e-06,0.0003014510976934264,0.7943282347242815,0.7
nan,0.0,0.0,0.0,0.0,0.0,0.0,0.0,0.0,0.0,1.0,False,False,562.0,1744804.5347417926,4086194.7992555965,-11.158412203731103,505212.8264405012,8.868940383288782e-06,0.0002994099277844709,0.7943282347242815,0.7
nan,0.0,0.0,0.0,0.0,0.0,0.0,0.0,0.0,0.0,1.0,False,False,564.0,1744804.5347417926,4100050.2792075532,-11.247025234637363,505212.8264405012,8.868940383288782e-06,0.0002973900322291923,0.7943282347242815,0.7
nan,0.0,0.0,0.0,0.0,0.0,0.0,0.0,0.0,0.0,1.0,False,False,566.0,1744804.5347417926,4113901.502616675,-11.335469218393275,505212.8264405012,8.868940383288782e-06,0.00029539111819783253,0.7943282347242815,0.7
nan,0.0,0.0,0.0,0.0,0.0,0.0,0.0,0.0,0.0,1.0,False,False,568.0,1744804.5347417926,4127748.444594815,-11.423745908348797,505212.8264405012,8.868940383288782e-06,0.00029341289785782395,0.7943282347242815,0.7
nan,0.0,0.0,0.0,0.0,0.0,0.0,0.0,0.0,0.0,1.0,False,False,570.0,1744804.5347417926,4141591.0803667214,-11.511857033835042,505212.8264405012,8.868940383288782e-06,0.0002914550882723285,0.7943282347242815,0.7
nan,0.0,0.0,0.0,0.0,0.0,0.0,0.0,0.0,0.0,1.0,False,False,572.0,1744804.5347417926,4155429.385268236,-11.599804300572224,505212.8264405012,8.868940383288782e-06,0.00028951741130115713,0.7943282347242815,0.7
nan,0.0,0.0,0.0,0.0,0.0,0.0,0.0,0.0,0.0,1.0,False,False,574.0,1744804.5347417926,4169263.334744527,-11.687589391069402,505212.8264405012,8.868940383288782e-06,0.00028759959350400965,0.7943282347242815,0.7
nan,0.0,0.0,0.0,0.0,0.0,0.0,0.0,0.0,0.0,1.0,False,False,576.0,1744804.5347417926,4183092.9043483576,-11.775213965016196,505212.8264405012,8.868940383288782e-06,0.00028570136604597225,0.7943282347242815,0.7
nan,0.0,0.0,0.0,0.0,0.0,0.0,0.0,0.0,0.0,1.0,False,False,578.0,1744804.5347417926,4196918.0697383825,-11.862679659666561,505212.8264405012,8.868940383288782e-06,0.0002838224646052142,0.7943282347242815,0.7
nan,0.0,0.0,0.0,0.0,0.0,0.0,0.0,0.0,0.0,1.0,False,False,580.0,1744804.5347417926,4210738.806677498,-11.949988090214987,505212.8264405012,8.868940383288782e-06,0.00028196262928282205,0.7943282347242815,0.7
nan,0.0,0.0,0.0,0.0,0.0,0.0,0.0,0.0,0.0,1.0,False,False,582.0,1744804.5347417926,4224555.091031204,-12.03714085016506,505212.8264405012,8.868940383288782e-06,0.0002801216045147211,0.7943282347242815,0.7
nan,0.0,0.0,0.0,0.0,0.0,0.0,0.0,0.0,0.0,1.0,False,False,584.0,1744804.5347417926,4238366.898766014,-12.1241395116908,505212.8264405012,8.868940383288782e-06,0.000278299138985624,0.7943282347242815,0.7
nan,0.0,0.0,0.0,0.0,0.0,0.0,0.0,0.0,0.0,1.0,False,False,586.0,1744804.5347417926,4252174.205947894,-12.21098562599078,505212.8264405012,8.868940383288782e-06,0.00027649498554495685,0.7943282347242815,0.7
nan,0.0,0.0,0.0,0.0,0.0,0.0,0.0,0.0,0.0,1.0,False,False,588.0,1744804.5347417926,4265976.988740728,-12.297680723635338,505212.8264405012,8.868940383288782e-06,0.00027470890112470987,0.7943282347242815,0.7
nan,0.0,0.0,0.0,0.0,0.0,0.0,0.0,0.0,0.0,1.0,False,False,590.0,1744804.5347417926,4279775.223404823,-12.38422631490674,505212.8264405012,8.868940383288782e-06,0.000272940646659163,0.7943282347242815,0.7
nan,0.0,0.0,0.0,0.0,0.0,0.0,0.0,0.0,0.0,1.0,False,False,592.0,1744804.5347417926,4293568.886295434,-12.470623890132897,505212.8264405012,8.868940383288782e-06,0.00027118998700643857,0.7943282347242815,0.7
nan,0.0,0.0,0.0,0.0,0.0,0.0,0.0,0.0,0.0,1.0,False,False,594.0,1744804.5347417926,4307357.953861325,-12.556874920014439,505212.8264405012,8.868940383288782e-06,0.0002694566908718331,0.7943282347242815,0.7
nan,0.0,0.0,0.0,0.0,0.0,0.0,0.0,0.0,0.0,1.0,False,False,596.0,1744804.5347417926,4321142.40264336,-12.642980855945362,505212.8264405012,8.868940383288782e-06,0.0002677405307328824,0.7943282347242815,0.7
nan,0.0,0.0,0.0,0.0,0.0,0.0,0.0,0.0,0.0,1.0,False,False,598.0,1744804.5347417926,4334922.2092731185,-12.728943130327584,505212.8264405012,8.868940383288782e-06,0.00026604128276611625,0.7943282347242815,0.7
nan,0.0,0.0,0.0,0.0,0.0,0.0,0.0,0.0,0.0,1.0,False,False,600.0,1744804.5347417926,4348697.350471533,-12.814763156879211,505212.8264405012,8.868940383288782e-06,0.00026435872677546015,0.7943282347242815,0.7
