time_s,i_zero_based,j_zero_based,label,kind,distance_km,elevation_deg,visible,eta,qber,key_rate_bps,cumulative_key_bits
-600.0,0,1,Ground A - Sat 1,ground,4348.697350471533,-12.814763156879211,False,0.0,,0.0,0.0
-598.0,0,1,Ground A - Sat 1,ground,4334.922209273119,-12.728943130327584,False,0.0,,0.0,0.0
-596.0,0,1,Ground A - Sat 1,ground,4321.142402643361,-12.642980855945362,False,0.0,,0.0,0.0
-594.0,0,1,Ground A - Sat 1,ground,4307.357953861325,-12.556874920014439,False,0.0,,0.0,0.0
-592.0,0,1,Ground A - Sat 1,ground,4293.568886295434,-12.470623890132897,False,0.0,,0.0,0.0
-590.0,0,1,Ground A - Sat 1,ground,4279.775223404823,-12.38422631490674,False,0.0,,0.0,0.0
-588.0,0,1,Ground A - Sat 1,ground,4265.976988740728,-12.297680723635338,False,0.0,,0.0,0.0
-586.0,0,1,Ground A - Sat 1,ground,4252.174205947894,-12.21098562599078,False,0.0,,0.0,0.0
-584.0,0,1,Ground A - Sat 1,ground,4238.366898766014,-12.1241395116908,False,0.0,,0.0,0.0
-582.0,0,1,Ground A - Sat 1,ground,4224.555091031204,-12.03714085016506,False,0.0,,0.0,0.0
-580.0,0,1,Ground A - Sat 1,ground,4210.738806677498,-11.949988090214987,False,0.0,,0.0,0.0
-578.0,0,1,Ground A - Sat 1,ground,4196.918069738383,-11.862679659666561,False,0.0,,0.0,0.0
-576.0,0,1,Ground A - Sat 1,ground,4183.0929043483575,-11.775213965016196,False,0.0,,0.0,0.0
-574.0,0,1,Ground A - Sat 1,ground,4169.263334744527,-11.687589391069402,False,0.0,,0.0,0.0
-572.0,0,1,Ground A - Sat 1,ground,4155.429385268236,-11.599804300572224,False,0.0,,0.0,0.0
-570.0,0,1,Ground A - Sat 1,ground,4141.591080366721,-11.511857033835042,False,0.0,,0.0,0.0
-568.0,0,1,Ground A - Sat 1,ground,4127.748444594815,-11.423745908348797,False,0.0,,0.0,0.0
-566.0,0,1,Ground A - Sat 1,ground,4113.901502616675,-11.335469218393275,False,0.0,,0.0,0.0
-564.0,0,1,Ground A - Sat 1,ground,4100.050279207553,-11.247025234637363,False,0.0,,0.0,0.0
-562.0,0,1,Ground A - Sat 1,ground,4086.1947992555965,-11.158412203731103,False,0.0,,0.0,0.0
-560.0,0,1,Ground A - Sat 1,ground,4072.3350877636976,-11.069628347889237,False,0.0,,0.0,0.0
-558.0,0,1,Ground A - Sat 1,ground,4058.4711698513684,-10.980671864466112,False,0.0,,0.0,0.0
-556.0,0,1,Ground A - Sat 1,ground,4044.60307075667,-10.891540925521769,False,0.0,,0.0,0.0
-554.0,0,1,Ground A - Sat 1,ground,4030.7308158381766,-10.802233677378956,False,0.0,,0.0,0.0
-552.0,0,1,Ground A - Sat 1,ground,4016.8544305769733,-10.712748240170765,False,0.0,,0.0,0.0
-550.0,0,1,Ground A - Sat 1,ground,4002.973940578712,-10.623082707378899,False,0.0,,0.0,0.0
-548.0,0,1,Ground A - Sat 1,ground,3989.089371575702,-10.533235145362001,False,0.0,,0.0,0.0
-546.0,0,1,Ground A - Sat 1,ground,3975.2007494290456,-10.443203592874184,False,0.0,,0.0,0.0
-544.0,0,1,Ground A - Sat 1,ground,3961.3081001308274,-10.352986060573159,False,0.0,,0.0,0.0
-542.0,0,1,Ground A - Sat 1,ground,3947.4114498063395,-10.262580530517994,False,0.0,,0.0,0.0
-540.0,0,1,Ground A - Sat 1,ground,3933.5108247163653,-10.171984955656027,False,0.0,,0.0,0.0
-538.0,0,1,Ground A - Sat 1,ground,3919.606251259513,-10.081197259298783,False,0.0,,0.0,0.0
-536.0,0,1,Ground A - Sat 1,ground,3905.697755974591,-9.990215334586695,False,0.0,,0.0,0.0
-534.0,0,1,Ground A - Sat 1,ground,3891.785365543048,-9.899037043942034,False,0.0,,0.0,0.0
-532.0,0,1,Ground A - Sat 1,ground,3877.8691067914524,-9.80766021851017,False,0.0,,0.0,0.0
-530.0,0,1,Ground A - Sat 1,ground,3863.9490066940466,-9.716082657588618,False,0.0,,0.0,0.0
-528.0,0,1,Ground A - Sat 1,ground,3850.025092375336,-9.624302128043455,False,0.0,,0.0,0.0
-526.0,0,1,Ground A - Sat 1,ground,3836.097391112754,-9.532316363713162,False,0.0,,0.0,0.0
-524.0,0,1,Ground A - Sat 1,ground,3822.165930339376,-9.440123064799176,False,0.0,,0.0,0.0
-522.0,0,1,Ground A - Sat 1,ground,3808.2307376466965,-9.347719897243048,False,0.0,,0.0,0.0
-520.0,0,1,Ground A - Sat 1,ground,3794.291840787476,-9.255104492089842,False,0.0,,0.0,0.0
-518.0,0,1,Ground A - Sat 1,ground,3780.3492676786373,-9.162274444837239,False,0.0,,0.0,0.0
-516.0,0,1,Ground A - Sat 1,ground,3766.4030464042476,-9.069227314770247,False,0.0,,0.0,0.0
-514.0,0,1,Ground A - Sat 1,ground,3752.453205218548,-8.97596062428094,False,0.0,,0.0,0.0
-512.0,0,1,Ground A - Sat 1,ground,3738.4997725490703,-8.882471858172906,False,0.0,,0.0,0.0
-510.0,0,1,Ground A - Sat 1,ground,3724.542776999808,-8.788758462950014,False,0.0,,0.0,0.0
-508.0,0,1,Ground A - Sat 1,ground,3710.58224735448,-8.694817846089082,False,0.0,,0.0,0.0
-506.0,0,1,Ground A - Sat 1,ground,3696.6182125798523,-8.600647375295997,False,0.0,,0.0,0.0
-504.0,0,1,Ground A - Sat 1,ground,3682.650701829146,-8.506244377744833,False,0.0,,0.0,0.0
-502.0,0,1,Ground A - Sat 1,ground,3668.6797444455237,-8.411606139299693,False,0.0,,0.0,0.0
-500.0,0,1,Ground A - Sat 1,ground,3654.7053699656553,-8.316729903718471,False,0.0,,0.0,0.0
-498.0,0,1,Ground A - Sat 1,ground,3640.7276081233667,-8.22161287183841,False,0.0,,0.0,0.0
-496.0,0,1,Ground A - Sat 1,ground,3626.7464888533805,-8.126252200742757,False,0.0,,0.0,0.0
-494.0,0,1,Ground A - Sat 1,ground,3612.762042295135,-8.030645002908008,False,0.0,,0.0,0.0
-492.0,0,1,Ground A - Sat 1,ground,3598.7742987967076,-7.934788345331388,False,0.0,,0.0,0.0
-490.0,0,1,Ground A - Sat 1,ground,3584.783288918815,-7.838679248637827,False,0.0,,0.0,0.0
-488.0,0,1,Ground A - Sat 1,ground,3570.7890434389215,-7.742314686165902,False,0.0,,0.0,0.0
-486.0,0,1,Ground A - Sat 1,ground,3556.791593355445,-7.645691583032456,False,0.0,,0.0,0.0
-484.0,0,1,Ground A - Sat 1,ground,3542.7909698920575,-7.548806815174823,False,0.0,,0.0,0.0
-482.0,0,1,Ground A - Sat 1,ground,3528.7872045020913,-7.451657208370375,False,0.0,,0.0,0.0
-480.0,0,1,Ground A - Sat 1,ground,3514.780328873061,-7.354239537232879,False,0.0,,0.0,0.0
-478.0,0,1,Ground A - Sat 1,ground,3500.77037493128,-7.256550524184536,False,0.0,,0.0,0.0
-476.0,0,1,Ground A - Sat 1,ground,3486.7573748466075,-7.158586838403586,False,0.0,,0.0,0.0
-474.0,0,1,Ground A - Sat 1,ground,3472.741361037294,-7.060345094746306,False,0.0,,0.0,0.0
-472.0,0,1,Ground A - Sat 1,ground,3458.7223661749617,-6.961821852643164,False,0.0,,0.0,0.0
-470.0,0,1,Ground A - Sat 1,ground,3444.7004231897004,-6.863013614967864,False,0.0,,0.0,0.0
-468.0,0,1,Ground A - Sat 1,ground,3430.6755652752863,-6.763916826879124,False,0.0,,0.0,0.0
-466.0,0,1,Ground A - Sat 1,ground,3416.6478258945417,-6.664527874633704,False,0.0,,0.0,0.0
-464.0,0,1,Ground A - Sat 1,ground,3402.6172387848173,-6.564843084370735,False,0.0,,0.0,0.0
-462.0,0,1,Ground A - Sat 1,ground,3388.58383796362,-6.464858720865541,False,0.0,,0.0,0.0
-460.0,0,1,Ground A - Sat 1,ground,3374.547657734382,-6.364570986253017,False,0.0,,0.0,0.0
-458.0,0,1,Ground A - Sat 1,ground,3360.508732692367,-6.263976018718997,False,0.0,,0.0,0.0
-456.0,0,1,Ground A - Sat 1,ground,3346.4670977307396,-6.163069891159,False,0.0,,0.0,0.0
-454.0,0,1,Ground A - Sat 1,ground,3332.42278804678,-6.061848609803461,False,0.0,,0.0,0.0
-452.0,0,1,Ground A - Sat 1,ground,3318.375839148265,-5.960308112808271,False,0.0,,0.0,0.0
-450.0,0,1,Ground A - Sat 1,ground,3304.3262868600023,-5.858444268809676,False,0.0,,0.0,0.0
-448.0,0,1,Ground A - Sat 1,ground,3290.2741673305445,-5.756252875442598,False,0.0,,0.0,0.0
-446.0,0,1,Ground A - Sat 1,ground,3276.219517039074,-5.653729657821284,False,0.0,,0.0,0.0
-444.0,0,1,Ground A - Sat 1,ground,3262.1623728024647,-5.550870266980887,False,0.0,,0.0,0.0
-442.0,0,1,Ground A - Sat 1,ground,3248.102771782528,-5.44767027827928,False,0.0,,0.0,0.0
-440.0,0,1,Ground A - Sat 1,ground,3234.0407514934514,-5.344125189757581,False,0.0,,0.0,0.0
-438.0,0,1,Ground A - Sat 1,ground,3219.976349809435,-5.240230420458162,False,0.0,,0.0,0.0
-436.0,0,1,Ground A - Sat 1,ground,3205.909604972522,-5.135981308699218,False,0.0,,0.0,0.0
-434.0,0,1,Ground A - Sat 1,ground,3191.840555600648,-5.0313731103039565,False,0.0,,0.0,0.0
-432.0,0,1,Ground A - Sat 1,ground,3177.7692406958936,-4.92640099678377,False,0.0,,0.0,0.0
-430.0,0,1,Ground A - Sat 1,ground,3163.695699652969,-4.821060053473373,False,0.0,,0.0,0.0
-428.0,0,1,Ground A - Sat 1,ground,3149.61997226792,-4.715345277616794,False,0.0,,0.0,0.0
-426.0,0,1,Ground A - Sat 1,ground,3135.5420987470684,-4.6092515764025705,False,0.0,,0.0,0.0
-424.0,0,1,Ground A - Sat 1,ground,3121.4621197162023,-4.502773764946723,False,0.0,,0.0,0.0
-422.0,0,1,Ground A - Sat 1,ground,3107.3800762300075,-4.395906564221587,False,0.0,,0.0,0.0
-420.0,0,1,Ground A - Sat 1,ground,3093.296009781764,-4.288644598929341,False,0.0,,0.0,0.0
-418.0,0,1,Ground A - Sat 1,ground,3079.2099623133063,-4.180982395317922,False,0.0,,0.0,0.0
-416.0,0,1,Ground A - Sat 1,ground,3065.1219762252554,-4.0729143789379565,False,0.0,,0.0,0.0
-414.0,0,1,Ground A - Sat 1,ground,3051.0320943875427,-3.9644348723386833,False,0.0,,0.0,0.0
-412.0,0,1,Ground A - Sat 1,ground,3036.940360150217,-3.855538092700977,False,0.0,,0.0,0.0
-410.0,0,1,Ground A - Sat 1,ground,3022.8468173545607,-3.746218149405435,False,0.0,,0.0,0.0
-408.0,0,1,Ground A - Sat 1,ground,3008.7515103445153,-3.636469041533531,False,0.0,,0.0,0.0
-406.0,0,1,Ground A - Sat 1,ground,2994.6544839784306,-3.5262846552996856,False,0.0,,0.0,0.0
-404.0,0,1,Ground A - Sat 1,ground,2980.5557836411426,-3.415658761412065,False,0.0,,0.0,0.0
-402.0,0,1,Ground A - Sat 1,ground,2966.4554552564023,-3.3045850123596168,False,0.0,,0.0,0.0
-400.0,0,1,Ground A - Sat 1,ground,2952.3535452996507,-3.193056939623317,False,0.0,,0.0,0.0
-398.0,0,1,Ground A - Sat 1,ground,2938.250100811171,-3.0810679508088996,False,0.0,,0.0,0.0
-396.0,0,1,Ground A - Sat 1,ground,2924.145169409608,-2.9686113266985084,False,0.0,,0.0,0.0
-394.0,0,1,Ground A - Sat 1,ground,2910.038799305892,-2.855680218218784,False,0.0,,0.0,0.0
-392.0,0,1,Ground A - Sat 1,ground,2895.9310393175556,-2.742267643322601,False,0.0,,0.0,0.0
-390.0,0,1,Ground A - Sat 1,ground,2881.8219388834787,-2.6283664837813387,False,0.0,,0.0,0.0
-388.0,0,1,Ground A - Sat 1,ground,2867.7115480790585,-2.5139694818852374,False,0.0,,0.0,0.0
-386.0,0,1,Ground A - Sat 1,ground,2853.5999176318383,-2.39906923704822,False,0.0,,0.0,0.0
-384.0,0,1,Ground A - Sat 1,ground,2839.487098937581,-2.283658202314434,False,0.0,,0.0,0.0
-382.0,0,1,Ground A - Sat 1,ground,2825.373144076843,-2.1677286807628873,False,0.0,,0.0,0.0
-380.0,0,1,Ground A - Sat 1,ground,2811.258105832026,-2.0512728218070198,False,0.0,,0.0,0.0
-378.0,0,1,Ground A - Sat 1,ground,2797.14203770495,-1.9342826173854506,False,0.0,,0.0,0.0
-376.0,0,1,Ground A - Sat 1,ground,2783.024993934955,-1.8167498980403398,False,0.0,,0.0,0.0
-374.0,0,1,Ground A - Sat 1,ground,2768.9070295175557,-1.6986663288792943,False,0.0,,0.0,0.0
-372.0,0,1,Ground A - Sat 1,ground,2754.7882002236497,-1.5800234054172546,False,0.0,,0.0,0.0
-370.0,0,1,Ground A - Sat 1,ground,2740.668562619336,-1.4608124492937518,False,0.0,,0.0,0.0
-368.0,0,1,Ground A - Sat 1,ground,2726.5481740863265,-1.341024603861524,False,0.0,,0.0,0.0
-366.0,0,1,Ground A - Sat 1,ground,2712.427092842996,-1.220650829641987,False,0.0,,0.0,0.0
-364.0,0,1,Ground A - Sat 1,ground,2698.30537796608,-1.099681899642858,False,0.0,,0.0,0.0
-362.0,0,1,Ground A - Sat 1,ground,2684.183089413057,-0.9781083945329896,False,0.0,,0.0,0.0
-360.0,0,1,Ground A - Sat 1,ground,2670.0602880452293,-0.8559206976696633,False,0.0,,0.0,0.0
-358.0,0,1,Ground A - Sat 1,ground,2655.9370356515287,-0.733108989972977,False,0.0,,0.0,0.0
-356.0,0,1,Ground A - Sat 1,ground,2641.8133949730773,-0.6096632446417802,False,0.0,,0.0,0.0
-354.0,0,1,Ground A - Sat 1,ground,2627.6894297285385,-0.4855732217057833,False,0.0,,0.0,0.0
-352.0,0,1,Ground A - Sat 1,ground,2613.56520464026,-0.3608284624076343,False,0.0,,0.0,0.0
-350.0,0,1,Ground A - Sat 1,ground,2599.440785461276,-0.23541828340924786,False,0.0,,0.0,0.0
-348.0,0,1,Ground A - Sat 1,ground,2585.3162390031707,-0.10933177081561174,False,0.0,,0.0,0.0
-346.0,0,1,Ground A - Sat 1,ground,2571.191633164847,0.01744222599011089,False,0.0,,0.0,0.0
-344.0,0,1,Ground A - Sat 1,ground,2557.0670369622408,0.1449151007076763,False,0.0,,0.0,0.0
-342.0,0,1,Ground A - Sat 1,ground,2542.9425205589982,0.2730984966833125,False,0.0,,0.0,0.0
-340.0,0,1,Ground A - Sat 1,ground,2528.8181552981737,0.40200431368432965,False,0.0,,0.0,0.0
-338.0,0,1,Ground A - Sat 1,ground,2514.6940137349698,0.5316447148914201,False,0.0,,0.0,0.0
-336.0,0,1,Ground A - Sat 1,ground,2500.570169670573,0.6620321341176916,False,0.0,,0.0,0.0
-334.0,0,1,Ground A - Sat 1,ground,2486.446698187119,0.7931792832622915,False,0.0,,0.0,0.0
-332.0,0,1,Ground A - Sat 1,ground,2472.323675683833,0.9250991600076395,False,0.0,,0.0,0.0
-330.0,0,1,Ground A - Sat 1,ground,2458.20117991439,1.0578050557692638,False,0.0,,0.0,0.0
-328.0,0,1,Ground A - Sat 1,ground,2444.0792900255506,1.1913105639081727,False,0.0,,0.0,0.0
-326.0,0,1,Ground A - Sat 1,ground,2429.958086597109,1.3256295882152023,False,0.0,,0.0,0.0
-324.0,0,1,Ground A - Sat 1,ground,2415.8376516832145,1.4607763516780738,False,0.0,,0.0,0.0
-322.0,0,1,Ground A - Sat 1,ground,2401.7180688551257,1.5967654055419045,False,0.0,,0.0,0.0
-320.0,0,1,Ground A - Sat 1,ground,2387.599423245433,1.7336116386743994,False,0.0,,0.0,0.0
-318.0,0,1,Ground A - Sat 1,ground,2373.4818015938404,1.871330287247478,False,0.0,,0.0,0.0
-316.0,0,1,Ground A - Sat 1,ground,2359.365292294537,2.009936944747756,False,0.0,,0.0,0.0
-314.0,0,1,Ground A - Sat 1,ground,2345.249985445253,2.1494475723287567,False,0.0,,0.0,0.0
-312.0,0,1,Ground A - Sat 1,ground,2331.1359728980397,2.2898785095176803,False,0.0,,0.0,0.0
-310.0,0,1,Ground A - Sat 1,ground,2317.023348311865,2.431246485291572,False,0.0,,0.0,0.0
-308.0,0,1,Ground A - Sat 1,ground,2302.9122072070963,2.5735686295368545,False,0.0,,0.0,0.0
-306.0,0,1,Ground A - Sat 1,ground,2288.802647021939,2.716862484907473,False,0.0,,0.0,0.0
-304.0,0,1,Ground A - Sat 1,ground,2274.6947671709163,2.8611460190978963,False,0.0,,0.0,0.0
-302.0,0,1,Ground A - Sat 1,ground,2260.588669105491,3.0064376375473225,False,0.0,,0.0,0.0
-300.0,0,1,Ground A - Sat 1,ground,2246.484456376887,3.1527561965924806,False,0.0,,0.0,0.0
-298.0,0,1,Ground A - Sat 1,ground,2232.38223470124,3.3001210170872524,False,0.0,,0.0,0.0
-296.0,0,1,Ground A - Sat 1,ground,2218.282112027147,3.44855189850797,False,0.0,,0.0,0.0
-294.0,0,1,Ground A - Sat 1,ground,2204.1841986057366,3.598069133564253,False,0.0,,0.0,0.0
-292.0,0,1,Ground A - Sat 1,ground,2190.088607063355,3.748693523336085,False,0.0,,0.0,0.0
-290.0,0,1,Ground A - Sat 1,ground,2175.9954524769933,3.90044639295888,False,0.0,,0.0,0.0
-288.0,0,1,Ground A - Sat 1,ground,2161.9048524525633,4.053349607878908,False,0.0,,0.0,0.0
-286.0,0,1,Ground A - Sat 1,ground,2147.8169272061523,4.207425590703162,False,0.0,,0.0,0.0
-284.0,0,1,Ground A - Sat 1,ground,2133.73179964839,4.36269733866809,False,0.0,,0.0,0.0
-282.0,0,1,Ground A - Sat 1,ground,2119.649595472058,4.519188441753491,False,0.0,,0.0,0.0
-280.0,0,1,Ground A - Sat 1,ground,2105.570443243092,4.676923101468212,False,0.0,,0.0,0.0
-278.0,0,1,Ground A - Sat 1,ground,2091.49447449512,4.835926150336589,False,0.0,,0.0,0.0
-276.0,0,1,Ground A - Sat 1,ground,2077.4218238277135,4.996223072115042,False,0.0,,0.0,0.0
-274.0,0,1,Ground A - Sat 1,ground,2063.3526290084897,5.157840022770027,False,0.0,,0.0,0.0
-272.0,0,1,Ground A - Sat 1,ground,2049.2870310792678,5.320803852249838,False,0.0,,0.0,0.0
-270.0,0,1,Ground A - Sat 1,ground,2035.2251744664466,5.485142127084742,False,0.0,,0.0,0.0
-268.0,0,1,Ground A - Sat 1,ground,2021.1672070958075,5.6508831538506445,False,0.0,,0.0,0.0
-266.0,0,1,Ground A - Sat 1,ground,2007.1132805119364,5.818056003534373,False,0.0,,0.0,0.0
-264.0,0,1,Ground A - Sat 1,ground,1993.0635500024903,5.9866905368391885,False,0.0,,0.0,0.0
-262.0,0,1,Ground A - Sat 1,ground,1979.01817472752,6.156817430472231,False,0.0,,0.0,0.0
-260.0,0,1,Ground A - Sat 1,ground,1964.9773178541056,6.328468204456598,False,0.0,,0.0,0.0
-258.0,0,1,Ground A - Sat 1,ground,1950.9411466965303,6.501675250513425,False,0.0,,0.0,0.0
-256.0,0,1,Ground A - Sat 1,ground,1936.9098328622836,6.6764718615610406,False,0.0,,0.0,0.0
-254.0,0,1,Ground A - Sat 1,ground,1922.8835524041408,6.852892262381525,False,0.0,,0.0,0.0
-252.0,0,1,Ground A - Sat 1,ground,1908.8624859786353,7.030971641505613,False,0.0,,0.0,0.0
-250.0,0,1,Ground A - Sat 1,ground,1894.8468190112205,7.210746184371867,False,0.0,,0.0,0.0
-248.0,0,1,Ground A - Sat 1,ground,1880.8367418684431,7.3922531078159945,False,0.0,,0.0,0.0
-246.0,0,1,Ground A - Sat 1,ground,1866.832450037475,7.575530695951619,False,0.0,,0.0,0.0
-244.0,0,1,Ground A - Sat 1,ground,1852.8341443133584,7.760618337504372,False,0.0,,0.0,0.0
-242.0,0,1,Ground A - Sat 1,ground,1838.8420309943576,7.947556564666382,False,0.0,,0.0,0.0
-240.0,0,1,Ground A - Sat 1,ground,1824.8563220857923,8.136387093539465,False,0.0,,0.0,0.0
-238.0,0,1,Ground A - Sat 1,ground,1810.8772355128056,8.327152866240727,False,0.0,,0.0,0.0
-236.0,0,1,Ground A - Sat 1,ground,1796.904995342488,8.519898094746052,False,0.0,,0.0,0.0
-234.0,0,1,Ground A - Sat 1,ground,1782.9398320158516,8.714668306551884,False,0.0,,0.0,0.0
-232.0,0,1,Ground A - Sat 1,ground,1768.981982590127,8.911510392239427,False,0.0,,0.0,0.0
-230.0,0,1,Ground A - Sat 1,ground,1755.0316909919331,9.11047265502919,False,0.0,,0.0,0.0
-228.0,0,1,Ground A - Sat 1,ground,1741.08920828186,9.311604862418355,False,0.0,,0.0,0.0
-226.0,0,1,Ground A - Sat 1,ground,1727.1547929310586,9.514958299997897,False,0.0,,0.0,0.0
-224.0,0,1,Ground A - Sat 1,ground,1713.2287111104542,9.720585827551814,False,0.0,,0.0,0.0
-222.0,0,1,Ground A - Sat 1,ground,1699.3112369932458,9.928541937544562,False,0.0,,0.0,0.0
-220.0,0,1,Ground A - Sat 1,ground,1685.402653071383,10.138882816109142,True,4.016471718538695e-05,0.058926066056444126,61.15387072245524,61.15387072245524
-218.0,0,1,Ground A - Sat 1,ground,1671.5032504867468,10.351666406653603,True,4.277704427155445e-05,0.05647292881585923,80.01763686471145,202.3253783096219
-216.0,0,1,Ground A - Sat 1,ground,1657.613329377831,10.566952476208714,True,4.551317536379667e-05,0.05418108049399673,99.98242488814674,382.3254400624801
-214.0,0,1,Ground A - Sat 1,ground,1643.7331992427255,10.78480268464656,True,4.837735401375432e-05,0.052038494315416954,121.08001952746132,603.3878844780882
-212.0,0,1,Ground A - Sat 1,ground,1629.8631793192853,11.005280656905756,True,5.137398575048875e-05,0.050034084277368454,143.3435324271007,867.8114364326502
-210.0,0,1,Ground A - Sat 1,ground,1616.0035989834057,11.228452058365054,True,5.4507647773803176e-05,0.04815763742113981,166.8074953960917,1177.9624642558426
-208.0,0,1,Ground A - Sat 1,ground,1602.1547981663748,11.454384673514452,True,5.7783099040642324e-05,0.04639974879573151,191.50795458739447,1536.2779142393288
-206.0,0,1,Ground A - Sat 1,ground,1588.3171277923423,11.683148488080702,True,6.12052907653192e-05,0.04475175961600049,217.48256605480248,1945.2684348815258
-204.0,0,1,Ground A - Sat 1,ground,1574.4909502370024,11.914815774769332,True,6.477937735620868e-05,0.04320569891556622,244.77069312497343,2407.521694061302
-202.0,0,1,Ground A - Sat 1,ground,1560.6766398086445,12.149461182796108,True,6.85107278130451e-05,0.0417542288422449,273.4135060064414,2925.7058931927168
-200.0,0,1,Ground A - Sat 1,ground,1546.8745832528123,12.387161831386152,True,7.240493761043021e-05,0.04039059363024161,303.4540840440613,3502.5734832432195
-198.0,0,1,Ground A - Sat 1,ground,1533.0851802818693,12.62799740742887,True,7.646784109472598e-05,0.039108572200519345,334.9375210171291,4140.96508830441
-196.0,0,1,Ground A - Sat 1,ground,1519.3088441308566,12.872050267484513,True,8.070552442306585e-05,0.037902434282033416,367.91103387151645,4843.813643193055
-194.0,0,1,Ground A - Sat 1,ground,1505.5460021411109,13.119405544348485,True,8.512433907426913e-05,0.036766899906563455,402.4240752664297,5614.148752331002
-192.0,0,1,Ground A - Sat 1,ground,1491.797096373203,13.370151258385876,True,8.973091596336696e-05,0.03569710210391434,438.5284503154134,6455.101277912845
-190.0,0,1,Ground A - Sat 1,ground,1478.0625842508348,13.624378433862026,True,9.453218019222508e-05,0.03468855260947531,476.278437893144,7369.908166121402
-188.0,0,1,Ground A - Sat 1,ground,1464.3429392374626,13.882181220500453,True,9.953536647024796e-05,0.033737110389181146,515.7309168786594,8361.917520893207
-186.0,0,1,Ground A - Sat 1,ground,1450.638651547495,14.14365702051287,True,0.00010474803524038364,0.03283895278601694,556.9454977042209,9434.593935476087
-184.0,0,1,Ground A - Sat 1,ground,1436.9502288940394,14.408906621352749,True,0.00011017808954649531,0.031990549095641224,599.9846595757798,10591.524092756088
-182.0,0,1,Ground A - Sat 1,ground,1423.2781972752869,14.678034334457116,True,0.00011583379267929395,0.03118863638504444,644.9138937311573,11836.422646063025
-180.0,0,1,Ground A - Sat 1,ground,1409.6231018017675,14.951148140248803,True,0.00012172378663886692,0.03043019737655275,691.8018531009384,13173.138392895122
-178.0,0,1,Ground A - Sat 1,ground,1395.9855075668165,15.228359839682609,True,0.0001278571114523315,0.02971244022915702,740.7205087341684,14605.660754730228
-176.0,0,1,Ground A - Sat 1,ground,1382.366000562767,15.509785212629884,True,0.00013424322538583612,0.02903278005945156,791.7453133503368,16138.126576814733
-174.0,0,1,Ground A - Sat 1,ground,1368.7651886455124,15.79554418340322,True,0.00014089202609008833,0.02838882205511835,844.9553723734184,17774.82726253849
-172.0,0,1,Ground A - Sat 1,ground,1355.1837025502675,16.085760993735096,True,0.00014781387271873726,0.02777834604445151,900.4336228001312,19520.21625771204
-170.0,0,1,Ground A - Sat 1,ground,1341.6221969615096,16.380564383531777,True,0.00015501960905839313,0.02719929239578004,958.2670202459582,21378.91690075813
-168.0,0,1,Ground A - Sat 1,ground,1328.0813516402739,16.68008777973334,True,0.00016252058770816437,0.026649749130604382,1018.5467345014449,23355.730655505533
-166.0,0,1,Ground A - Sat 1,ground,1314.5618726121704,16.984469493616427,True,0.00017032869534546247,0.02612794014371333,1081.368353918826,25455.645743925805
-164.0,0,1,Ground A - Sat 1,ground,1301.064493419694,17.29385292688536,True,0.00017845637911246076,0.025632214432501882,1146.8320989269832,27683.846196771614
-162.0,0,1,Ground A - Sat 1,ground,1287.5899764426113,17.608386786900365,True,0.00018691667415560626,0.025161036246009096,1215.0430449539792,30045.721340652577
-160.0,0,1,Ground A - Sat 1,ground,1274.1391142904354,17.928225311396407,True,0.00019572323234630615,0.02471297607201239,1286.1113549994916,32546.875740606047
-158.0,0,1,Ground A - Sat 1,ground,1260.712731271253,18.253528503047054,True,0.00020489035220708115,0.024286702387652674,1360.152522066253,35193.13961767179
-156.0,0,1,Ground A - Sat 1,ground,1247.3116849414048,18.58446237422743,True,0.00021443301006162678,0.023880974105705055,1437.2876216103127,37990.57976134836
-154.0,0,1,Ground A - Sat 1,ground,1233.9368677407876,18.921199202326015,True,0.00022436689242042777,0.023494633654686296,1517.6435741130633,40945.51095707173
-152.0,0,1,Ground A - Sat 1,ground,1220.5892087188477,19.263917795948423,True,0.00023470842960477862,0.023126600636576976,1601.3534178050215,44064.50794898982
-150.0,0,1,Ground A - Sat 1,ground,1207.2696753565917,19.612803772344236,True,0.00024547483060228484,0.02277586601101057,1688.5565914905508,47354.41795828539
-148.0,0,1,Ground A - Sat 1,ground,1193.9792754902758,19.968049846371766,True,0.0002566841191340477,0.022441486759453285,1779.3992273167548,50822.3737770927
-146.0,0,1,Ground A - Sat 1,ground,1180.7190593427388,20.32985613129393,True,0.00026835517089924947,0.022122580987122137,1874.0344532108463,54475.8074576203
-144.0,0,1,Ground A - Sat 1,ground,1167.4901216686726,20.69843045166873,True,0.0002805077519449874,0.021818323424253962,1972.622704563815,58322.46461539496
-142.0,0,1,Ground A - Sat 1,ground,1154.2936040204734,21.07398866856262,True,0.0002931625580886356,0.02152794129183501,2075.3320445698405,62370.419364528614
-140.0,0,1,Ground A - Sat 1,ground,1141.1306971416554,21.45675501726638,True,0.00030634125529489445,0.021250710500099,2182.3384924254688,66628.08990152393
-138.0,0,1,Ground A - Sat 1,ground,1128.0026434951878,21.84696245763942,True,0.0003200665208814836,0.020985952150975113,2293.8263583620233,71104.25475231142
-136.0,0,1,Ground A - Sat 1,ground,1114.9107399344527,22.24485303713672,True,0.0003343620853927074,0.020733029318311214,2409.988584201041,75808.06969487449
-134.0,0,1,Ground A - Sat 1,ground,1101.8563405249292,22.650678266490583,True,0.00034925277494188164,0.020491344082051628,2531.027087810181,80749.08536688572
-132.0,0,1,Ground A - Sat 1,ground,1088.8408595250382,23.064699507918615,True,0.0003647645537759076,0.020260334794740424,2657.1531094476,85937.2655641435
-130.0,0,1,Ground A - Sat 1,ground,1075.8657745349883,23.487188375609854,True,0.00038092456676403044,0.020039473560639814,2788.587557564351,91383.00623115545
-128.0,0,1,Ground A - Sat 1,ground,1062.932629822791,23.91842714810056,True,0.00039776118144952733,0.019828263909557105,2925.561351117724,97097.15513983753
-126.0,0,1,Ground A - Sat 1,ground,1050.0430398369751,24.358709191983287,True,0.0004153040292328883,0.019626238649064938,3068.3157548755607,103091.03224583081
-124.0,0,1,Ground A - Sat 1,ground,1037.198692915847,24.808339396199692,True,0.00043358404517262285,0.019432957880265857,3217.1027035188054,109376.45070422518
-122.0,0,1,Ground A - Sat 1,ground,1024.4013552034198,25.267634615937045,True,0.0004526335057962381,0.019248007163568868,3372.185109585531,115965.73851732952
-120.0,0,1,Ground A - Sat 1,ground,1011.6528747824094,25.736924124884638,True,0.00047248606420618333,0.01907099582214704,3533.8371494203843,122871.76077633543
-118.0,0,1,Ground A - Sat 1,ground,998.955186034852,26.216550074297977,True,0.0004931767816421724,0.018901555371836944,3702.344520286067,130107.94244604188
-116.0,0,1,Ground A - Sat 1,ground,986.3103142410462,26.706867956960174,True,0.0005147421545218816,0.018739338067221563,3878.004660655653,137688.2916269836
-114.0,0,1,Ground A - Sat 1,ground,973.7203804275308,27.208247073722802,True,0.0005372201358224994,0.018584015554539323,4061.126924402256,145627.42321204153
-112.0,0,1,Ground A - Sat 1,ground,961.187606474751,27.72107099983169,True,0.0005606501494858162,0.018435277622873038,4252.0326981349635,153940.58283457876
-110.0,0,1,Ground A - Sat 1,ground,948.7143204948152,28.245738047704975,True,0.0005850730963257376,0.01829283104581584,4451.055449266164,162643.6709819799
-108.0,0,1,Ground A - Sat 1,ground,936.3029624894057,28.78266172220924,True,0.000610531349688748,0.018156398506480237,4658.540690531061,171753.2671217771
-106.0,0,1,Ground A - Sat 1,ground,923.9560902972686,29.332271163775037,True,0.0006370687388620647,0.018025717599326172,4874.845844591818,181286.6536569
-104.0,0,1,Ground A - Sat 1,ground,911.6763858399303,29.89501157389042,True,0.0006647305179372688,0.017900539902846367,5100.339990015855,191261.83949150765
-102.0,0,1,Ground A - Sat 1,ground,899.4666616731434,30.47134461660306,True,0.0006935633175211815,0.017780630117645663,5335.403467337334,201697.58294886083
-100.0,0,1,Ground A - Sat 1,ground,887.3298678501263,31.061748788635548,True,0.0007236150763340442,0.017665765264918778,5580.427321038948,212613.4137372371
-98.0,0,1,Ground A - Sat 1,ground,875.2690991007987,31.666719749563164,True,0.000754934949351492,0.017555733940745527,5835.812550158504,224029.65360843454
-96.0,0,1,Ground A - Sat 1,ground,863.2876023289064,32.28677060221207,True,0.000787573188726583,0.01745033562200996,6101.96913679292,235967.43529538598
-94.0,0,1,Ground A - Sat 1,ground,851.3887844260371,32.922432111987305,True,0.0008215809932760859,0.017349380020095145,6379.3148180797325,248448.71925025864
-92.0,0,1,Ground A - Sat 1,ground,839.5762203980368,33.57425285223802,True,0.0008570103218287213,0.017252686478829615,6668.273563262055,261496.30763160042
-90.0,0,1,Ground A - Sat 1,ground,827.8536617950962,34.2427992609903,True,0.0008939136652217087,0.01716008341344701,6969.273713265513,275133.854908128
-88.0,0,1,Ground A - Sat 1,ground,816.2250454316784,34.928655592423915,True,0.0009323437711961487,0.01707140778759082,7282.7457358373795,289385.87435723084
-86.0,0,1,Ground A - Sat 1,ground,804.6945023764379,35.632423744338475,True,0.0009723533158941131,0.01698650462563981,7609.1195448228245,304277.73963789106
-84.0,0,1,Ground A - Sat 1,ground,793.2663671851112,36.354722940537656,True,0.0010139945151144607,0.0169052265578503,7948.821327691039,319835.6805104049
-82.0,0,1,Ground A - Sat 1,ground,781.9451873410347,37.096189244571526,True,0.0010573186679547217,0.016827433396018145,8302.269821093545,336086.7716591895
-80.0,0,1,Ground A - Sat 1,ground,770.7357328581571,37.85747487862429,True,0.0011023756249789053,0.016752991737550554,8669.871970249169,353058.9134505322
-78.0,0,1,Ground A - Sat 1,ground,759.643005990169,38.63924731854828,True,0.0011492131726362786,0.01668177459600812,9052.017904554834,370780.8033253362
-76.0,0,1,Ground A - Sat 1,ground,748.672250976404,39.44218813314642,True,0.0011978763253489338,0.016613661056337683,9449.075159302598,389281.8963891936
-74.0,0,1,Ground A - Sat 1,ground,737.8289637403859,40.26699153286715,True,0.0012484065165382482,0.016548535953159617,9861.382072165958,408592.3536206622
-72.0,0,1,Ground A - Sat 1,ground,727.1189014401305,41.11436259014065,True,0.0013008406799262945,0.016486289570607705,10289.240283643794,428742.9759764719
-70.0,0,1,Ground A - Sat 1,ground,716.5480917504881,41.9850150907721,True,0.0013552102127993332,0.016426817362342194,10732.90627350247,449765.1225336182
-68.0,0,1,Ground A - Sat 1,ground,706.1228417367907,42.87966897321423,True,0.0014115398136395894,0.01637001969046841,11192.581871112108,471690.61067823274
-66.0,0,1,Ground A - Sat 1,ground,695.8497461558931,43.799047310330685,True,0.0014698461877103394,0.016315801582198235,11668.403687181955,494551.5962365268
-64.0,0,1,Ground A - Sat 1,ground,685.7356949953064,44.74387278661483,True,0.0015301366159280597,0.016264072503186688,12160.431428661204,518380.43135236995
-62.0,0,1,Ground A - Sat 1,ground,675.7878800337436,45.71486362296644,True,0.0015924073847914217,0.016214746146562587,12668.635078446106,543209.4978594773
-60.0,0,1,Ground A - Sat 1,ground,666.0138001772077,46.71272890132913,True,0.0016566420783831034,0.016167740236753898,13192.880948024747,569071.0138859481
-58.0,0,1,Ground A - Sat 1,ground,656.421265294154,47.73816324305046,True,0.0017228097376490803,0.01612297634728058,13732.916645380885,595996.8114793537
-56.0,0,1,Ground A - Sat 1,ground,647.0183982418704,48.791840798113206,True,0.0017908628974103503,0.016080379731755395,14288.355043340729,624018.0831680753
-54.0,0,1,Ground A - Sat 1,ground,637.813634744769,49.87440850778112,True,0.001860735517982314,0.016039879167394258,14858.657385969544,653165.0955973855
-52.0,0,1,Ground A - Sat 1,ground,628.8157207548752,50.986478611142516,True,0.0019323408359463506,0.01600140681039142,15443.115733256418,683466.8687166115
-50.0,0,1,Ground A - Sat 1,ground,620.0337068967217,52.12862037694384,True,0.002005569167560123,0.01596489806256463,16040.83501736103,714950.819467229
-48.0,0,1,Ground A - Sat 1,ground,611.4769395748172,53.30135105644123,True,0.002080285708466749,0.01593029144871937,16650.71506680375,747642.3695513938
-46.0,0,1,Ground A - Sat 1,ground,603.155048303747,54.50512607114079,True,0.002156328384636548,0.015897528504216527,17271.43304708772,781564.5176652853
-44.0,0,1,Ground A - Sat 1,ground,595.0779288112118,55.74032847159262,True,0.0022335058215679658,0.015866553672262956,17901.42686505977,816737.3775774328
-42.0,0,1,Ground A - Sat 1,ground,587.2557214654311,57.00725773004608,True,0.0023115955112902997,0.01583731421046889,18538.880186612456,853177.684629105
-40.0,0,1,Ground A - Sat 1,ground,579.6987845932448,58.30611796079273,True,0.0023903422690428108,0.015809760106237032,19181.709818144827,890898.2746338623
-38.0,0,1,Ground A - Sat 1,ground,572.417662286981,59.63700569719512,True,0.002469457082861081,0.015783844000564828,19827.55629506847,929907.5407470756
-36.0,0,1,Ground A - Sat 1,ground,565.4230463496507,60.99989739318096,True,0.0025486164686993025,0.015759521119849927,20473.778597539815,970208.8756396838
-34.0,0,1,Ground A - Sat 1,ground,558.7257321022072,62.39463685844911,True,0.002627462449964508,0.015736749215294252,21117.453964777083,1011800.1082020007
-32.0,0,1,Ground A - Sat 1,ground,552.3365678757194,63.820922879406595,True,0.0027056032821161455,0.01571548850950142,21755.38379399709,1054672.945960775
-30.0,0,1,Ground A - Sat 1,ground,546.266398137036,65.27829732007922,True,0.002782615038886099,0.015695701649857646,22384.1065766886,1098812.4363314607
-28.0,0,1,Ground A - Sat 1,ground,540.5260003492489,66.7661340365536,True,0.002858044165342926,0.015677353668276918,22999.918732524213,1144196.4616406735
-26.0,0,1,Ground A - Sat 1,ground,535.1260158471018,68.28362897211903,True,0.0029314110832759145,0.0156604119468795,23598.90404001549,1190795.2844132131
-24.0,0,1,Ground A - Sat 1,ground,530.0768752094857,69.82979182501539,True,0.0030022149054040204,0.0156448461891583,24176.97212643719,1238571.1605796658
-22.0,0,1,Ground A - Sat 1,ground,525.38871883153,71.40343969321918,True,0.0030699392764744447,0.01563062839617241,24729.906165548193,1287478.0388716513
-20.0,0,1,Ground A - Sat 1,ground,521.0713136301816,73.00319309770657,True,0.003134059311921411,0.01561773284729226,25253.419544418328,1337461.3645816178
-18.0,0,1,Ground A - Sat 1,ground,517.133967050175,74.62747476418224,True,0.003194049549857149,0.015606136085007554,25743.220812063053,1388458.004938099
-16.0,0,1,Ground A - Sat 1,ground,513.5854397603271,76.27451150110282,True,0.0032493927722244994,0.015595816903300147,26195.08573269019,1440396.3114828523
-14.0,0,1,Ground A - Sat 1,ground,510.4338586300199,77.9423394477815,True,0.003299589489442504,0.015586756339079954,26604.93476368185,1493196.3319792245
-12.0,0,1,Ground A - Sat 1,ground,507.6866317385371,79.62881288066785,True,0.0033441678241833738,0.01557893766618503,26968.91379861329,1546770.1805415195
-10.0,0,1,Ground A - Sat 1,ground,505.35036728177084,81.331616660458,True,0.0033826934789650143,0.015572346391458507,27283.47559898425,1601022.5699391172
-8.0,0,1,Ground A - Sat 1,ground,503.43079828925056,83.04828228123,True,0.003414779434121452,0.015566970252436694,27545.459026557954,1655851.5045646594
-6.0,0,1,Ground A - Sat 1,ground,501.9327150394335,84.77620735078158,True,0.0034400950021053977,0.015562799216214378,27752.16301955556,1711149.126610773
-4.0,0,1,Ground A - Sat 1,ground,500.85990695677435,86.51267819578365,True,0.003458373864672383,0.015559825479096354,27901.412260620316,1766802.7018909487
-2.0,0,1,Ground A - Sat 1,ground,500.2151155888594,88.25489515428656,True,0.0034694207434185984,0.015558043466697931,27991.61167983267,1822695.7258314018
0.0,0,1,Ground A - Sat 1,ground,500.0000000000007,89.99999999999996,True,0.0034731164015361256,0.015557449834220183,28021.78732329537,1878709.1248345298
2.0,0,1,Ground A - Sat 1,ground,500.2151155888595,88.25489515428653,True,0.0034694207434185984,0.015558043466697931,27991.61167983267,1934722.5238376579
4.0,0,1,Ground A - Sat 1,ground,500.8599069567741,86.51267819578361,True,0.0034583738646723123,0.015559825479096366,27901.412260619745,1990615.5477781103
6.0,0,1,Ground A - Sat 1,ground,501.93271503943316,84.77620735078158,True,0.0034400950021054024,0.015562799216214378,27752.163019555588,2046269.1230582856
8.0,0,1,Ground A - Sat 1,ground,503.43079828925147,83.04828228122994,True,0.003414779434121369,0.015566970252436708,27545.459026557273,2101566.7451043986
10.0,0,1,Ground A - Sat 1,ground,505.35036728177136,81.33161666045797,True,0.0033826934789650074,0.015572346391458507,27283.475598984183,2156395.67972994
12.0,0,1,Ground A - Sat 1,ground,507.6866317385362,79.62881288066781,True,0.0033441678241833855,0.015578937666185028,26968.913798613383,2210648.0691275373
14.0,0,1,Ground A - Sat 1,ground,510.4338586300193,77.94233944778149,True,0.0032995894894425107,0.015586756339079954,26604.934763681897,2264221.9176898324
16.0,0,1,Ground A - Sat 1,ground,513.5854397603268,76.27451150110277,True,0.0032493927722245025,0.015595816903300145,26195.085732690215,2317021.9381862045
18.0,0,1,Ground A - Sat 1,ground,517.1339670501758,74.62747476418222,True,0.003194049549857139,0.015606136085007558,25743.22081206297,2368960.244730958
20.0,0,1,Ground A - Sat 1,ground,521.0713136301817,73.00319309770656,True,0.0031340593119214095,0.01561773284729226,25253.419544418317,2419956.885087439
22.0,0,1,Ground A - Sat 1,ground,525.3887188315297,71.40343969321914,True,0.003069939276474514,0.0156306283961724,24729.90616554876,2469940.210797406
24.0,0,1,Ground A - Sat 1,ground,530.0768752094851,69.82979182501535,True,0.003002214905404028,0.0156448461891583,24176.972126437257,2518847.0890893918
26.0,0,1,Ground A - Sat 1,ground,535.1260158471024,68.28362897211899,True,0.002931411083275845,0.015660411946879515,23598.904040014924,2566622.965255844
28.0,0,1,Ground A - Sat 1,ground,540.5260003492497,66.76613403655361,True,0.0028580441653428576,0.015677353668276935,22999.918732523656,2613221.7880283827
30.0,0,1,Ground A - Sat 1,ground,546.2663981370364,65.27829732007919,True,0.002782615038886096,0.01569570164985765,22384.106576688573,2658605.8133375947
32.0,0,1,Ground A - Sat 1,ground,552.3365678757189,63.82092287940653,True,0.0027056032821162084,0.015715488509501403,21755.383793997593,2702745.303708281
34.0,0,1,Ground A - Sat 1,ground,558.7257321022067,62.39463685844905,True,0.002627462449964568,0.015736749215294235,21117.453964777567,2745618.1414670562
36.0,0,1,Ground A - Sat 1,ground,565.423046349651,60.999897393180994,True,0.0025486164686992466,0.015759521119849944,20473.778597539364,2787209.3740293733
38.0,0,1,Ground A - Sat 1,ground,572.4176622869818,59.63700569719515,True,0.0024694570828610743,0.01578384400056483,19827.556295068418,2827510.708921981
40.0,0,1,Ground A - Sat 1,ground,579.6987845932449,58.30611796079273,True,0.0023903422690428086,0.015809760106237032,19181.709818144805,2866519.9750351943
42.0,0,1,Ground A - Sat 1,ground,587.2557214654307,57.00725773004603,True,0.002311595511290254,0.015837314210468908,18538.88018661209,2904240.5650399514
44.0,0,1,Ground A - Sat 1,ground,595.0779288112121,55.74032847159263,True,0.0022335058215679627,0.015866553672262956,17901.426865059744,2940680.872091623
46.0,0,1,Ground A - Sat 1,ground,603.1550483037473,54.50512607114078,True,0.002156328384636591,0.01589752850421651,17271.433047088074,2975853.732003771
48.0,0,1,Ground A - Sat 1,ground,611.4769395748175,53.30135105644122,True,0.0020802857084667036,0.015930291448719387,16650.715066803383,3009775.8801176623
50.0,0,1,Ground A - Sat 1,ground,620.0337068967225,52.128620376943836,True,0.002005569167560077,0.01596489806256465,16040.835017360658,3042467.430201826
52.0,0,1,Ground A - Sat 1,ground,628.8157207548752,50.98647861114249,True,0.001932340835946432,0.01600140681039138,15443.11573325708,3073951.380952444
54.0,0,1,Ground A - Sat 1,ground,637.813634744769,49.8744085077811,True,0.0018607355179822362,0.016039879167394303,14858.657385968902,3104253.15407167
56.0,0,1,Ground A - Sat 1,ground,647.0183982418702,48.79184079811315,True,0.0017908628974103518,0.016080379731755398,14288.355043340744,3133400.1665009796
58.0,0,1,Ground A - Sat 1,ground,656.421265294154,47.73816324305049,True,0.0017228097376490441,0.016122976347280604,13732.916645380594,3161421.4381897007
60.0,0,1,Ground A - Sat 1,ground,666.0138001772079,46.712728901329115,True,0.0016566420783830679,0.016167740236753922,13192.880948024453,3188347.2357831057
62.0,0,1,Ground A - Sat 1,ground,675.7878800337437,45.71486362296638,True,0.0015924073847914213,0.016214746146562587,12668.635078446103,3214208.751809576
64.0,0,1,Ground A - Sat 1,ground,685.7356949953064,44.7438727866148,True,0.0015301366159280597,0.016264072503186688,12160.431428661204,3239037.818316683
66.0,0,1,Ground A - Sat 1,ground,695.8497461558936,43.7990473103307,True,0.0014698461877103363,0.01631580158219824,11668.40368718193,3262866.653432526
68.0,0,1,Ground A - Sat 1,ground,706.1228417367909,42.87966897321417,True,0.0014115398136395588,0.01637001969046844,11192.581871111857,3285727.63899082
70.0,0,1,Ground A - Sat 1,ground,716.5480917504877,41.985015090772094,True,0.0013552102127993059,0.016426817362342222,10732.90627350225,3307653.127135434
72.0,0,1,Ground A - Sat 1,ground,727.1189014401305,41.11436259014062,True,0.0013008406799262674,0.016486289570607736,10289.240283643574,3328675.27369258
74.0,0,1,Ground A - Sat 1,ground,737.8289637403855,40.26699153286711,True,0.0012484065165382495,0.016548535953159617,9861.38207216597,3348825.8960483894
76.0,0,1,Ground A - Sat 1,ground,748.6722509764039,39.442188133146374,True,0.0011978763253489718,0.01661366105633763,9449.075159302905,3368136.3532798584
78.0,0,1,Ground A - Sat 1,ground,759.6430059901684,38.63924731854817,True,0.0011492131726362682,0.01668177459600814,9052.017904554752,3386637.4463437162
80.0,0,1,Ground A - Sat 1,ground,770.735732858157,37.857474878624274,True,0.0011023756249789055,0.01675299173755055,8669.87197024917,3404359.33621852
82.0,0,1,Ground A - Sat 1,ground,781.945187341035,37.096189244571455,True,0.0010573186679547098,0.016827433396018165,8302.269821093443,3421331.478009863
84.0,0,1,Ground A - Sat 1,ground,793.2663671851111,36.35472294053763,True,0.0010139945151144713,0.01690522655785028,7948.821327691124,3437582.569158647
86.0,0,1,Ground A - Sat 1,ground,804.6945023764375,35.632423744338375,True,0.0009723533158940835,0.01698650462563987,7609.119544822584,3453140.510031161
88.0,0,1,Ground A - Sat 1,ground,816.225045431679,34.928655592423894,True,0.0009323437711961575,0.0170714077875908,7282.745735837457,3468032.375311821
90.0,0,1,Ground A - Sat 1,ground,827.8536617950958,34.24279926099028,True,0.0008939136652217282,0.017160083413446964,6969.273713265668,3482284.394760924
92.0,0,1,Ground A - Sat 1,ground,839.5762203980371,33.57425285223803,True,0.0008570103218287204,0.017252686478829618,6668.273563262048,3495921.9420374515
94.0,0,1,Ground A - Sat 1,ground,851.3887844260371,32.92243211198726,True,0.0008215809932761031,0.017349380020095093,6379.314818079869,3508969.5304187937
96.0,0,1,Ground A - Sat 1,ground,863.2876023289069,32.286770602212094,True,0.0007875731887265984,0.01745033562200991,6101.969136793046,3521450.8143736664
98.0,0,1,Ground A - Sat 1,ground,875.2690991007988,31.666719749563164,True,0.0007549349493514918,0.017555733940745527,5835.812550158502,3533388.596060618
100.0,0,1,Ground A - Sat 1,ground,887.3298678501269,31.06174878863554,True,0.0007236150763340282,0.017665765264918833,5580.427321038821,3544804.835931815
102.0,0,1,Ground A - Sat 1,ground,899.4666616731433,30.471344616603037,True,0.0006935633175211894,0.01778063011764563,5335.403467337398,3555720.6667201915
104.0,0,1,Ground A - Sat 1,ground,911.6763858399305,29.89501157389039,True,0.0006647305179372683,0.017900539902846367,5100.339990015848,3566156.4101775447
106.0,0,1,Ground A - Sat 1,ground,923.9560902972687,29.332271163775015,True,0.0006370687388620647,0.018025717599326172,4874.845844591818,3576131.5960121523
108.0,0,1,Ground A - Sat 1,ground,936.3029624894057,28.7826617222092,True,0.0006105313496887609,0.018156398506480168,4658.540690531166,3585664.9825472753
110.0,0,1,Ground A - Sat 1,ground,948.7143204948156,28.24573804770495,True,0.0005850730963257307,0.018292831045815885,4451.055449266106,3594774.5786870727
112.0,0,1,Ground A - Sat 1,ground,961.1876064747515,27.7210709998317,True,0.0005606501494858333,0.018435277622872937,4252.032698135104,3603477.666834474
114.0,0,1,Ground A - Sat 1,ground,973.7203804275316,27.20824707372281,True,0.0005372201358224987,0.018584015554539327,4061.1269244022487,3611790.8264570115
116.0,0,1,Ground A - Sat 1,ground,986.3103142410463,26.70686795696018,True,0.0005147421545218707,0.018739338067221643,3878.0046606555647,3619729.9580420693
118.0,0,1,Ground A - Sat 1,ground,998.9551860348524,26.216550074297977,True,0.000493176781642172,0.018901555371836947,3702.3445202860626,3627310.307223011
120.0,0,1,Ground A - Sat 1,ground,1011.6528747824098,25.73692412488467,True,0.0004724860642062027,0.019070995822146875,3533.8371494205403,3634546.4888927173
122.0,0,1,Ground A - Sat 1,ground,1024.4013552034198,25.267634615936995,True,0.00045263350579625246,0.019248007163568736,3372.1851095856473,3641452.5111517236
124.0,0,1,Ground A - Sat 1,ground,1037.198692915847,24.80833939619966,True,0.0004335840451726139,0.01943295788026595,3217.1027035187312,3648041.798964828
126.0,0,1,Ground A - Sat 1,ground,1050.0430398369754,24.358709191983262,True,0.0004153040292328925,0.019626238649064893,3068.3157548755967,3654327.217423222
128.0,0,1,Ground A - Sat 1,ground,1062.9326298227911,23.918427148100537,True,0.00039776118144953953,0.01982826390955696,2925.5613511178226,3660321.0945292152
130.0,0,1,Ground A - Sat 1,ground,1075.8657745349888,23.487188375609886,True,0.000380924566764026,0.02003947356063987,2788.5875575643163,3666035.2434378974
132.0,0,1,Ground A - Sat 1,ground,1088.8408595250385,23.064699507918615,True,0.0003647645537759074,0.020260334794740428,2657.153109447599,3671480.9841049095
134.0,0,1,Ground A - Sat 1,ground,1101.8563405249295,22.6506782664906,True,0.0003492527749418962,0.0204913440820514,2531.0270878102992,3676669.1643021675
136.0,0,1,Ground A - Sat 1,ground,1114.910739934453,22.244853037136714,True,0.0003343620853927036,0.020733029318311277,2409.9885842010112,3681610.179974179
138.0,0,1,Ground A - Sat 1,ground,1128.0026434951878,21.8469624576394,True,0.0003200665208814668,0.020985952150975425,2293.826358361886,3686313.9949167417
140.0,0,1,Ground A - Sat 1,ground,1141.130697141656,21.456755017266364,True,0.000306341255294904,0.021250710500098805,2182.3384924255456,3690790.159767529
142.0,0,1,Ground A - Sat 1,ground,1154.2936040204734,21.073988668562563,True,0.0002931625580886479,0.02152794129183474,2075.3320445699396,3695047.8303045244
144.0,0,1,Ground A - Sat 1,ground,1167.4901216686735,20.698430451668738,True,0.0002805077519449928,0.021818323424253834,1972.6227045638593,3699095.7850536583
146.0,0,1,Ground A - Sat 1,ground,1180.719059342739,20.329856131293887,True,0.00026835517089925223,0.02212258098712206,1874.0344532108688,3702942.442211433
148.0,0,1,Ground A - Sat 1,ground,1193.9792754902762,19.968049846371805,True,0.0002566841191340529,0.022441486759453136,1779.399227316797,3706595.8758919607
150.0,0,1,Ground A - Sat 1,ground,1207.2696753565917,19.612803772344225,True,0.00024547483060228744,0.02277586601101049,1688.5565914905715,3710063.831710768
152.0,0,1,Ground A - Sat 1,ground,1220.5892087188479,19.263917795948398,True,0.000234708429604781,0.023126600636576893,1601.3534178050409,3713353.7417200636
154.0,0,1,Ground A - Sat 1,ground,1233.936867740788,18.921199202325987,True,0.00022436689242042766,0.023494633654686303,1517.6435741130626,3716472.7387119816
156.0,0,1,Ground A - Sat 1,ground,1247.3116849414046,18.58446237422741,True,0.00021443301006163703,0.02388097410570464,1437.2876216103957,3719427.669907705
158.0,0,1,Ground A - Sat 1,ground,1260.7127312712537,18.253528503047082,True,0.00020489035220707768,0.024286702387652827,1360.1525220662247,3722225.1100513814
160.0,0,1,Ground A - Sat 1,ground,1274.1391142904351,17.928225311396393,True,0.00019572323234631647,0.024712976072011884,1286.1113549995753,3724871.3739284473
162.0,0,1,Ground A - Sat 1,ground,1287.5899764426117,17.608386786900347,True,0.00018691667415561403,0.025161036246008676,1215.0430449540422,3727372.528328401
164.0,0,1,Ground A - Sat 1,ground,1301.0644934196946,17.293852926885346,True,0.00017845637911246428,0.025632214432501677,1146.8320989270119,3729734.403472282
166.0,0,1,Ground A - Sat 1,ground,1314.5618726121704,16.98446949361642,True,0.00017032869534545976,0.026127940143713505,1081.368353918804,3731962.603925128
168.0,0,1,Ground A - Sat 1,ground,1328.081351640274,16.680087779733352,True,0.00016252058770816852,0.026649749130604087,1018.5467345014777,3734062.5190135483
170.0,0,1,Ground A - Sat 1,ground,1341.62219696151,16.380564383531773,True,0.00015501960905840438,0.027199292395779177,958.2670202460479,3736039.332768296
172.0,0,1,Ground A - Sat 1,ground,1355.1837025502682,16.08576099373507,True,0.00014781387271874244,0.027778346044451077,900.4336228001727,3737898.033411342
174.0,0,1,Ground A - Sat 1,ground,1368.765188645513,15.79554418340323,True,0.00014089202609008522,0.02838882205511864,844.9553723733933,3739643.4224065156
176.0,0,1,Ground A - Sat 1,ground,1382.3660005627673,15.509785212629884,True,0.00013424322538583603,0.029032780059451566,791.7453133503365,3741280.1230922393
178.0,0,1,Ground A - Sat 1,ground,1395.9855075668172,15.228359839682584,True,0.000127857111452336,0.029712440229156513,740.7205087342043,3742812.5889143236
180.0,0,1,Ground A - Sat 1,ground,1409.6231018017677,14.95114814024879,True,0.00012172378663886373,0.030430197376553142,691.8018531009129,3744245.1112761586
182.0,0,1,Ground A - Sat 1,ground,1423.2781972752866,14.678034334457124,True,0.00011583379267929577,0.03118863638504419,644.9138937311717,3745581.8270229907
184.0,0,1,Ground A - Sat 1,ground,1436.9502288940394,14.408906621352763,True,0.00011017808954649883,0.0319905490956407,599.984659575808,3746826.725576298
186.0,0,1,Ground A - Sat 1,ground,1450.6386515474958,14.143657020512862,True,0.00010474803524038687,0.032838952786016416,556.9454977042458,3747983.655733578
188.0,0,1,Ground A - Sat 1,ground,1464.3429392374628,13.882181220500451,True,9.953536647024739e-05,0.03373711038918125,515.730916878655,3749056.332148161
190.0,0,1,Ground A - Sat 1,ground,1478.062584250835,13.624378433861997,True,9.453218019222359e-05,0.03468855260947561,476.2784378931326,3750048.3415029324
192.0,0,1,Ground A - Sat 1,ground,1491.7970963732032,13.370151258385874,True,8.973091596336696e-05,0.03569710210391434,438.5284503154134,3750963.148391141
194.0,0,1,Ground A - Sat 1,ground,1505.546002141111,13.11940554434848,True,8.512433907426818e-05,0.03676689990656369,402.4240752664222,3751804.100916723
196.0,0,1,Ground A - Sat 1,ground,1519.3088441308566,12.872050267484555,True,8.07055244230705e-05,0.03790243428203216,367.91103387155266,3752574.4360258607
198.0,0,1,Ground A - Sat 1,ground,1533.0851802818695,12.627997407428841,True,7.646784109472913e-05,0.0391085722005184,334.9375210171535,3753277.2845807495
200.0,0,1,Ground A - Sat 1,ground,1546.8745832528127,12.387161831386141,True,7.240493761042789e-05,0.040390593630242395,303.45408404404327,3753915.6761858105
202.0,0,1,Ground A - Sat 1,ground,1560.676639808645,12.149461182796115,True,6.851072781304652e-05,0.041754228842244376,273.41350600645245,3754492.543775861
204.0,0,1,Ground A - Sat 1,ground,1574.4909502370026,11.914815774769306,True,6.4779377356208e-05,0.0432056989155665,244.7706931249682,3755010.7279749927
206.0,0,1,Ground A - Sat 1,ground,1588.3171277923427,11.683148488080692,True,6.120529076531758e-05,0.044751759616001224,217.48256605479014,3755472.9812341724
208.0,0,1,Ground A - Sat 1,ground,1602.154798166375,11.454384673514465,True,5.7783099040643836e-05,0.04639974879573075,191.5079545874059,3755881.9717548145
210.0,0,1,Ground A - Sat 1,ground,1616.0035989834057,11.228452058365017,True,5.4507647773804884e-05,0.048157637421138835,166.8074953961043,3756240.287204798
212.0,0,1,Ground A - Sat 1,ground,1629.8631793192853,11.005280656905772,True,5.13739857504909e-05,0.05003408427736709,143.34353242711668,3756550.438232621
214.0,0,1,Ground A - Sat 1,ground,1643.7331992427255,10.784802684646566,True,4.837735401375484e-05,0.05203849431541659,121.08001952746491,3756814.861784576
216.0,0,1,Ground A - Sat 1,ground,1657.6133293778314,10.566952476208714,True,4.551317536379667e-05,0.05418108049399673,99.98242488814674,3757035.9242289914
218.0,0,1,Ground A - Sat 1,ground,1671.5032504867472,10.35166640665363,True,4.277704427155154e-05,0.05647292881586181,80.01763686469018,3757215.924290744
220.0,0,1,Ground A - Sat 1,ground,1685.4026530713834,10.138882816109167,True,4.0164717185383764e-05,0.058926066056447304,61.15387072243214,3757357.0957983313
222.0,0,1,Ground A - Sat 1,ground,1699.3112369932462,9.928541937544546,False,0.0,,0.0,3757418.2496690536
224.0,0,1,Ground A - Sat 1,ground,1713.2287111104542,9.720585827551814,False,0.0,,0.0,3757418.2496690536
226.0,0,1,Ground A - Sat 1,ground,1727.1547929310586,9.5149582999979,False,0.0,,0.0,3757418.2496690536
228.0,0,1,Ground A - Sat 1,ground,1741.0892082818605,9.311604862418367,False,0.0,,0.0,3757418.2496690536
230.0,0,1,Ground A - Sat 1,ground,1755.0316909919334,9.110472655029193,False,0.0,,0.0,3757418.2496690536
232.0,0,1,Ground A - Sat 1,ground,1768.9819825901272,8.911510392239412,False,0.0,,0.0,3757418.2496690536
234.0,0,1,Ground A - Sat 1,ground,1782.9398320158518,8.714668306551873,False,0.0,,0.0,3757418.2496690536
236.0,0,1,Ground A - Sat 1,ground,1796.9049953424883,8.519898094746038,False,0.0,,0.0,3757418.2496690536
238.0,0,1,Ground A - Sat 1,ground,1810.8772355128062,8.327152866240754,False,0.0,,0.0,3757418.2496690536
240.0,0,1,Ground A - Sat 1,ground,1824.8563220857932,8.136387093539453,False,0.0,,0.0,3757418.2496690536
242.0,0,1,Ground A - Sat 1,ground,1838.8420309943585,7.947556564666374,False,0.0,,0.0,3757418.2496690536
244.0,0,1,Ground A - Sat 1,ground,1852.834144313359,7.760618337504369,False,0.0,,0.0,3757418.2496690536
246.0,0,1,Ground A - Sat 1,ground,1866.832450037475,7.5755306959515964,False,0.0,,0.0,3757418.2496690536
248.0,0,1,Ground A - Sat 1,ground,1880.8367418684434,7.392253107815991,False,0.0,,0.0,3757418.2496690536
250.0,0,1,Ground A - Sat 1,ground,1894.8468190112208,7.2107461843718434,False,0.0,,0.0,3757418.2496690536
252.0,0,1,Ground A - Sat 1,ground,1908.8624859786353,7.030971641505627,False,0.0,,0.0,3757418.2496690536
254.0,0,1,Ground A - Sat 1,ground,1922.8835524041408,6.8528922623815145,False,0.0,,0.0,3757418.2496690536
256.0,0,1,Ground A - Sat 1,ground,1936.9098328622838,6.676471861561057,False,0.0,,0.0,3757418.2496690536
258.0,0,1,Ground A - Sat 1,ground,1950.9411466965305,6.501675250513423,False,0.0,,0.0,3757418.2496690536
260.0,0,1,Ground A - Sat 1,ground,1964.9773178541054,6.328468204456607,False,0.0,,0.0,3757418.2496690536
262.0,0,1,Ground A - Sat 1,ground,1979.0181747275205,6.1568174304722305,False,0.0,,0.0,3757418.2496690536
264.0,0,1,Ground A - Sat 1,ground,1993.0635500024905,5.986690536839172,False,0.0,,0.0,3757418.2496690536
266.0,0,1,Ground A - Sat 1,ground,2007.113280511937,5.8180560035343705,False,0.0,,0.0,3757418.2496690536
268.0,0,1,Ground A - Sat 1,ground,2021.167207095808,5.650883153850658,False,0.0,,0.0,3757418.2496690536
270.0,0,1,Ground A - Sat 1,ground,2035.2251744664468,5.485142127084718,False,0.0,,0.0,3757418.2496690536
272.0,0,1,Ground A - Sat 1,ground,2049.287031079268,5.320803852249822,False,0.0,,0.0,3757418.2496690536
274.0,0,1,Ground A - Sat 1,ground,2063.3526290084906,5.15784002277,False,0.0,,0.0,3757418.2496690536
276.0,0,1,Ground A - Sat 1,ground,2077.4218238277144,4.996223072115024,False,0.0,,0.0,3757418.2496690536
278.0,0,1,Ground A - Sat 1,ground,2091.4944744951213,4.835926150336571,False,0.0,,0.0,3757418.2496690536
280.0,0,1,Ground A - Sat 1,ground,2105.5704432430916,4.676923101468205,False,0.0,,0.0,3757418.2496690536
282.0,0,1,Ground A - Sat 1,ground,2119.649595472058,4.519188441753491,False,0.0,,0.0,3757418.2496690536
284.0,0,1,Ground A - Sat 1,ground,2133.7317996483907,4.3626973386681085,False,0.0,,0.0,3757418.2496690536
286.0,0,1,Ground A - Sat 1,ground,2147.8169272061527,4.207425590703168,False,0.0,,0.0,3757418.2496690536
288.0,0,1,Ground A - Sat 1,ground,2161.9048524525633,4.053349607878907,False,0.0,,0.0,3757418.2496690536
290.0,0,1,Ground A - Sat 1,ground,2175.9954524769937,3.9004463929588793,False,0.0,,0.0,3757418.2496690536
292.0,0,1,Ground A - Sat 1,ground,2190.088607063356,3.748693523336084,False,0.0,,0.0,3757418.2496690536
294.0,0,1,Ground A - Sat 1,ground,2204.184198605737,3.598069133564231,False,0.0,,0.0,3757418.2496690536
296.0,0,1,Ground A - Sat 1,ground,2218.2821120271474,3.4485518985079655,False,0.0,,0.0,3757418.2496690536
298.0,0,1,Ground A - Sat 1,ground,2232.3822347012406,3.300121017087251,False,0.0,,0.0,3757418.2496690536
300.0,0,1,Ground A - Sat 1,ground,2246.484456376888,3.152756196592469,False,0.0,,0.0,3757418.2496690536
302.0,0,1,Ground A - Sat 1,ground,2260.588669105491,3.006437637547322,False,0.0,,0.0,3757418.2496690536
304.0,0,1,Ground A - Sat 1,ground,2274.694767170917,2.8611460190979083,False,0.0,,0.0,3757418.2496690536
306.0,0,1,Ground A - Sat 1,ground,2288.802647021939,2.716862484907476,False,0.0,,0.0,3757418.2496690536
308.0,0,1,Ground A - Sat 1,ground,2302.912207207097,2.57356862953685,False,0.0,,0.0,3757418.2496690536
310.0,0,1,Ground A - Sat 1,ground,2317.0233483118654,2.43124648529157,False,0.0,,0.0,3757418.2496690536
312.0,0,1,Ground A - Sat 1,ground,2331.13597289804,2.2898785095176803,False,0.0,,0.0,3757418.2496690536
314.0,0,1,Ground A - Sat 1,ground,2345.249985445253,2.1494475723287505,False,0.0,,0.0,3757418.2496690536
316.0,0,1,Ground A - Sat 1,ground,2359.365292294537,2.0099369447477593,False,0.0,,0.0,3757418.2496690536
318.0,0,1,Ground A - Sat 1,ground,2373.4818015938395,1.8713302872474618,False,0.0,,0.0,3757418.2496690536
320.0,0,1,Ground A - Sat 1,ground,2387.599423245433,1.7336116386743923,False,0.0,,0.0,3757418.2496690536
322.0,0,1,Ground A - Sat 1,ground,2401.718068855126,1.596765405541904,False,0.0,,0.0,3757418.2496690536
324.0,0,1,Ground A - Sat 1,ground,2415.8376516832154,1.4607763516780896,False,0.0,,0.0,3757418.2496690536
326.0,0,1,Ground A - Sat 1,ground,2429.9580865971093,1.3256295882152045,False,0.0,,0.0,3757418.2496690536
328.0,0,1,Ground A - Sat 1,ground,2444.0792900255515,1.1913105639081882,False,0.0,,0.0,3757418.2496690536
330.0,0,1,Ground A - Sat 1,ground,2458.201179914391,1.057805055769274,False,0.0,,0.0,3757418.2496690536
332.0,0,1,Ground A - Sat 1,ground,2472.3236756838337,0.9250991600076448,False,0.0,,0.0,3757418.2496690536
334.0,0,1,Ground A - Sat 1,ground,2486.4466981871196,0.7931792832622886,False,0.0,,0.0,3757418.2496690536
336.0,0,1,Ground A - Sat 1,ground,2500.5701696705733,0.6620321341176912,False,0.0,,0.0,3757418.2496690536
338.0,0,1,Ground A - Sat 1,ground,2514.69401373497,0.5316447148914019,False,0.0,,0.0,3757418.2496690536
340.0,0,1,Ground A - Sat 1,ground,2528.818155298174,0.4020043136843296,False,0.0,,0.0,3757418.2496690536
342.0,0,1,Ground A - Sat 1,ground,2542.942520558999,0.2730984966833151,False,0.0,,0.0,3757418.2496690536
344.0,0,1,Ground A - Sat 1,ground,2557.067036962241,0.14491510070766356,False,0.0,,0.0,3757418.2496690536
346.0,0,1,Ground A - Sat 1,ground,2571.191633164847,0.017442225990121026,False,0.0,,0.0,3757418.2496690536
348.0,0,1,Ground A - Sat 1,ground,2585.3162390031703,-0.10933177081561929,False,0.0,,0.0,3757418.2496690536
350.0,0,1,Ground A - Sat 1,ground,2599.440785461276,-0.2354182834092328,False,0.0,,0.0,3757418.2496690536
352.0,0,1,Ground A - Sat 1,ground,2613.56520464026,-0.36082846240762423,False,0.0,,0.0,3757418.2496690536
354.0,0,1,Ground A - Sat 1,ground,2627.689429728539,-0.4855732217057782,False,0.0,,0.0,3757418.2496690536
356.0,0,1,Ground A - Sat 1,ground,2641.8133949730786,-0.609663244641775,False,0.0,,0.0,3757418.2496690536
358.0,0,1,Ground A - Sat 1,ground,2655.9370356515287,-0.733108989972977,False,0.0,,0.0,3757418.2496690536
360.0,0,1,Ground A - Sat 1,ground,2670.0602880452298,-0.8559206976696607,False,0.0,,0.0,3757418.2496690536
362.0,0,1,Ground A - Sat 1,ground,2684.183089413058,-0.9781083945329918,False,0.0,,0.0,3757418.2496690536
364.0,0,1,Ground A - Sat 1,ground,2698.30537796608,-1.0996818996428748,False,0.0,,0.0,3757418.2496690536
366.0,0,1,Ground A - Sat 1,ground,2712.427092842996,-1.220650829642006,False,0.0,,0.0,3757418.2496690536
368.0,0,1,Ground A - Sat 1,ground,2726.5481740863274,-1.3410246038615117,False,0.0,,0.0,3757418.2496690536
370.0,0,1,Ground A - Sat 1,ground,2740.6685626193366,-1.4608124492937353,False,0.0,,0.0,3757418.2496690536
372.0,0,1,Ground A - Sat 1,ground,2754.7882002236493,-1.5800234054172644,False,0.0,,0.0,3757418.2496690536
374.0,0,1,Ground A - Sat 1,ground,2768.907029517555,-1.6986663288793107,False,0.0,,0.0,3757418.2496690536
376.0,0,1,Ground A - Sat 1,ground,2783.0249939349555,-1.816749898040346,False,0.0,,0.0,3757418.2496690536
378.0,0,1,Ground A - Sat 1,ground,2797.14203770495,-1.9342826173854482,False,0.0,,0.0,3757418.2496690536
380.0,0,1,Ground A - Sat 1,ground,2811.258105832025,-2.051272821807004,False,0.0,,0.0,3757418.2496690536
382.0,0,1,Ground A - Sat 1,ground,2825.3731440768424,-2.1677286807628717,False,0.0,,0.0,3757418.2496690536
384.0,0,1,Ground A - Sat 1,ground,2839.487098937581,-2.283658202314434,False,0.0,,0.0,3757418.2496690536
386.0,0,1,Ground A - Sat 1,ground,2853.5999176318373,-2.3990692370482374,False,0.0,,0.0,3757418.2496690536
388.0,0,1,Ground A - Sat 1,ground,2867.711548079059,-2.513969481885242,False,0.0,,0.0,3757418.2496690536
390.0,0,1,Ground A - Sat 1,ground,2881.821938883478,-2.628366483781348,False,0.0,,0.0,3757418.2496690536
392.0,0,1,Ground A - Sat 1,ground,2895.9310393175565,-2.7422676433225917,False,0.0,,0.0,3757418.2496690536
394.0,0,1,Ground A - Sat 1,ground,2910.038799305893,-2.8556802182187897,False,0.0,,0.0,3757418.2496690536
396.0,0,1,Ground A - Sat 1,ground,2924.1451694096086,-2.9686113266985124,False,0.0,,0.0,3757418.2496690536
398.0,0,1,Ground A - Sat 1,ground,2938.2501008111713,-3.081067950808899,False,0.0,,0.0,3757418.2496690536
400.0,0,1,Ground A - Sat 1,ground,2952.3535452996516,-3.1930569396233146,False,0.0,,0.0,3757418.2496690536
402.0,0,1,Ground A - Sat 1,ground,2966.4554552564023,-3.3045850123596137,False,0.0,,0.0,3757418.2496690536
404.0,0,1,Ground A - Sat 1,ground,2980.5557836411435,-3.415658761412059,False,0.0,,0.0,3757418.2496690536
406.0,0,1,Ground A - Sat 1,ground,2994.65448397843,-3.5262846552997034,False,0.0,,0.0,3757418.2496690536
408.0,0,1,Ground A - Sat 1,ground,3008.7515103445153,-3.63646904153353,False,0.0,,0.0,3757418.2496690536
410.0,0,1,Ground A - Sat 1,ground,3022.84681735456,-3.7462181494054443,False,0.0,,0.0,3757418.2496690536
412.0,0,1,Ground A - Sat 1,ground,3036.9403601502163,-3.8555380927009826,False,0.0,,0.0,3757418.2496690536
414.0,0,1,Ground A - Sat 1,ground,3051.0320943875427,-3.9644348723386855,False,0.0,,0.0,3757418.2496690536
416.0,0,1,Ground A - Sat 1,ground,3065.121976225256,-4.072914378937951,False,0.0,,0.0,3757418.2496690536
418.0,0,1,Ground A - Sat 1,ground,3079.2099623133063,-4.180982395317921,False,0.0,,0.0,3757418.2496690536
420.0,0,1,Ground A - Sat 1,ground,3093.2960097817645,-4.288644598929342,False,0.0,,0.0,3757418.2496690536
422.0,0,1,Ground A - Sat 1,ground,3107.380076230008,-4.39590656422158,False,0.0,,0.0,3757418.2496690536
424.0,0,1,Ground A - Sat 1,ground,3121.462119716203,-4.502773764946722,False,0.0,,0.0,3757418.2496690536
426.0,0,1,Ground A - Sat 1,ground,3135.542098747069,-4.609251576402589,False,0.0,,0.0,3757418.2496690536
428.0,0,1,Ground A - Sat 1,ground,3149.61997226792,-4.71534527761679,False,0.0,,0.0,3757418.2496690536
430.0,0,1,Ground A - Sat 1,ground,3163.695699652969,-4.821060053473379,False,0.0,,0.0,3757418.2496690536
432.0,0,1,Ground A - Sat 1,ground,3177.769240695893,-4.926400996783763,False,0.0,,0.0,3757418.2496690536
434.0,0,1,Ground A - Sat 1,ground,3191.840555600648,-5.031373110303958,False,0.0,,0.0,3757418.2496690536
436.0,0,1,Ground A - Sat 1,ground,3205.909604972522,-5.13598130869921,False,0.0,,0.0,3757418.2496690536
438.0,0,1,Ground A - Sat 1,ground,3219.976349809434,-5.240230420458166,False,0.0,,0.0,3757418.2496690536
440.0,0,1,Ground A - Sat 1,ground,3234.0407514934514,-5.344125189757582,False,0.0,,0.0,3757418.2496690536
442.0,0,1,Ground A - Sat 1,ground,3248.1027717825273,-5.44767027827928,False,0.0,,0.0,3757418.2496690536
444.0,0,1,Ground A - Sat 1,ground,3262.1623728024647,-5.550870266980888,False,0.0,,0.0,3757418.2496690536
446.0,0,1,Ground A - Sat 1,ground,3276.219517039074,-5.653729657821277,False,0.0,,0.0,3757418.2496690536
448.0,0,1,Ground A - Sat 1,ground,3290.2741673305445,-5.7562528754426046,False,0.0,,0.0,3757418.2496690536
450.0,0,1,Ground A - Sat 1,ground,3304.3262868600023,-5.858444268809663,False,0.0,,0.0,3757418.2496690536
452.0,0,1,Ground A - Sat 1,ground,3318.3758391482656,-5.960308112808279,False,0.0,,0.0,3757418.2496690536
454.0,0,1,Ground A - Sat 1,ground,3332.422788046781,-6.061848609803479,False,0.0,,0.0,3757418.2496690536
456.0,0,1,Ground A - Sat 1,ground,3346.4670977307396,-6.163069891158991,False,0.0,,0.0,3757418.2496690536
458.0,0,1,Ground A - Sat 1,ground,3360.508732692367,-6.263976018718987,False,0.0,,0.0,3757418.2496690536
460.0,0,1,Ground A - Sat 1,ground,3374.5476577343825,-6.364570986253024,False,0.0,,0.0,3757418.2496690536
462.0,0,1,Ground A - Sat 1,ground,3388.5838379636207,-6.464858720865551,False,0.0,,0.0,3757418.2496690536
464.0,0,1,Ground A - Sat 1,ground,3402.617238784818,-6.5648430843707315,False,0.0,,0.0,3757418.2496690536
466.0,0,1,Ground A - Sat 1,ground,3416.6478258945417,-6.664527874633709,False,0.0,,0.0,3757418.2496690536
468.0,0,1,Ground A - Sat 1,ground,3430.6755652752863,-6.763916826879124,False,0.0,,0.0,3757418.2496690536
470.0,0,1,Ground A - Sat 1,ground,3444.7004231897,-6.863013614967881,False,0.0,,0.0,3757418.2496690536
472.0,0,1,Ground A - Sat 1,ground,3458.722366174962,-6.96182185264317,False,0.0,,0.0,3757418.2496690536
474.0,0,1,Ground A - Sat 1,ground,3472.7413610372946,-7.060345094746321,False,0.0,,0.0,3757418.2496690536
476.0,0,1,Ground A - Sat 1,ground,3486.7573748466075,-7.1585868384035765,False,0.0,,0.0,3757418.2496690536
478.0,0,1,Ground A - Sat 1,ground,3500.770374931281,-7.256550524184536,False,0.0,,0.0,3757418.2496690536
480.0,0,1,Ground A - Sat 1,ground,3514.780328873061,-7.354239537232877,False,0.0,,0.0,3757418.2496690536
482.0,0,1,Ground A - Sat 1,ground,3528.787204502092,-7.451657208370375,False,0.0,,0.0,3757418.2496690536
484.0,0,1,Ground A - Sat 1,ground,3542.7909698920575,-7.5488068151748005,False,0.0,,0.0,3757418.2496690536
486.0,0,1,Ground A - Sat 1,ground,3556.7915933554455,-7.645691583032461,False,0.0,,0.0,3757418.2496690536
488.0,0,1,Ground A - Sat 1,ground,3570.7890434389215,-7.742314686165898,False,0.0,,0.0,3757418.2496690536
490.0,0,1,Ground A - Sat 1,ground,3584.783288918815,-7.838679248637833,False,0.0,,0.0,3757418.2496690536
492.0,0,1,Ground A - Sat 1,ground,3598.7742987967076,-7.934788345331394,False,0.0,,0.0,3757418.2496690536
494.0,0,1,Ground A - Sat 1,ground,3612.7620422951354,-8.030645002908004,False,0.0,,0.0,3757418.2496690536
496.0,0,1,Ground A - Sat 1,ground,3626.74648885338,-8.126252200742762,False,0.0,,0.0,3757418.2496690536
498.0,0,1,Ground A - Sat 1,ground,3640.7276081233667,-8.221612871838408,False,0.0,,0.0,3757418.2496690536
500.0,0,1,Ground A - Sat 1,ground,3654.7053699656553,-8.316729903718471,False,0.0,,0.0,3757418.2496690536
502.0,0,1,Ground A - Sat 1,ground,3668.679744445524,-8.411606139299687,False,0.0,,0.0,3757418.2496690536
504.0,0,1,Ground A - Sat 1,ground,3682.6507018291463,-8.50624437774484,False,0.0,,0.0,3757418.2496690536
506.0,0,1,Ground A - Sat 1,ground,3696.6182125798528,-8.60064737529599,False,0.0,,0.0,3757418.2496690536
508.0,0,1,Ground A - Sat 1,ground,3710.5822473544804,-8.694817846089085,False,0.0,,0.0,3757418.2496690536
510.0,0,1,Ground A - Sat 1,ground,3724.5427769998078,-8.788758462950023,False,0.0,,0.0,3757418.2496690536
512.0,0,1,Ground A - Sat 1,ground,3738.4997725490703,-8.882471858172902,False,0.0,,0.0,3757418.2496690536
514.0,0,1,Ground A - Sat 1,ground,3752.4532052185486,-8.97596062428095,False,0.0,,0.0,3757418.2496690536
516.0,0,1,Ground A - Sat 1,ground,3766.403046404248,-9.069227314770252,False,0.0,,0.0,3757418.2496690536
518.0,0,1,Ground A - Sat 1,ground,3780.3492676786373,-9.162274444837227,False,0.0,,0.0,3757418.2496690536
520.0,0,1,Ground A - Sat 1,ground,3794.291840787476,-9.255104492089838,False,0.0,,0.0,3757418.2496690536
522.0,0,1,Ground A - Sat 1,ground,3808.2307376466965,-9.347719897243046,False,0.0,,0.0,3757418.2496690536
524.0,0,1,Ground A - Sat 1,ground,3822.1659303393753,-9.44012306479917,False,0.0,,0.0,3757418.2496690536
526.0,0,1,Ground A - Sat 1,ground,3836.0973911127544,-9.532316363713154,False,0.0,,0.0,3757418.2496690536
528.0,0,1,Ground A - Sat 1,ground,3850.025092375336,-9.62430212804346,False,0.0,,0.0,3757418.2496690536
530.0,0,1,Ground A - Sat 1,ground,3863.949006694046,-9.716082657588624,False,0.0,,0.0,3757418.2496690536
532.0,0,1,Ground A - Sat 1,ground,3877.869106791453,-9.80766021851018,False,0.0,,0.0,3757418.2496690536
534.0,0,1,Ground A - Sat 1,ground,3891.785365543047,-9.899037043942032,False,0.0,,0.0,3757418.2496690536
536.0,0,1,Ground A - Sat 1,ground,3905.6977559745915,-9.990215334586686,False,0.0,,0.0,3757418.2496690536
538.0,0,1,Ground A - Sat 1,ground,3919.606251259513,-10.081197259298785,False,0.0,,0.0,3757418.2496690536
540.0,0,1,Ground A - Sat 1,ground,3933.5108247163653,-10.171984955656013,False,0.0,,0.0,3757418.2496690536
542.0,0,1,Ground A - Sat 1,ground,3947.411449806339,-10.262580530517994,False,0.0,,0.0,3757418.2496690536
544.0,0,1,Ground A - Sat 1,ground,3961.3081001308274,-10.352986060573166,False,0.0,,0.0,3757418.2496690536
546.0,0,1,Ground A - Sat 1,ground,3975.2007494290465,-10.443203592874177,False,0.0,,0.0,3757418.2496690536
548.0,0,1,Ground A - Sat 1,ground,3989.089371575702,-10.533235145361997,False,0.0,,0.0,3757418.2496690536
550.0,0,1,Ground A - Sat 1,ground,4002.973940578712,-10.623082707378897,False,0.0,,0.0,3757418.2496690536
552.0,0,1,Ground A - Sat 1,ground,4016.8544305769738,-10.712748240170784,False,0.0,,0.0,3757418.2496690536
554.0,0,1,Ground A - Sat 1,ground,4030.7308158381766,-10.802233677378961,False,0.0,,0.0,3757418.2496690536
556.0,0,1,Ground A - Sat 1,ground,4044.6030707566706,-10.891540925521769,False,0.0,,0.0,3757418.2496690536
558.0,0,1,Ground A - Sat 1,ground,4058.4711698513684,-10.980671864466101,False,0.0,,0.0,3757418.2496690536
560.0,0,1,Ground A - Sat 1,ground,4072.335087763697,-11.069628347889223,False,0.0,,0.0,3757418.2496690536
562.0,0,1,Ground A - Sat 1,ground,4086.194799255597,-11.158412203731102,False,0.0,,0.0,3757418.2496690536
564.0,0,1,Ground A - Sat 1,ground,4100.050279207553,-11.247025234637363,False,0.0,,0.0,3757418.2496690536
566.0,0,1,Ground A - Sat 1,ground,4113.901502616675,-11.335469218393266,False,0.0,,0.0,3757418.2496690536
568.0,0,1,Ground A - Sat 1,ground,4127.748444594815,-11.423745908348808,False,0.0,,0.0,3757418.2496690536
570.0,0,1,Ground A - Sat 1,ground,4141.59108036672,-11.511857033835042,False,0.0,,0.0,3757418.2496690536
572.0,0,1,Ground A - Sat 1,ground,4155.429385268236,-11.599804300572234,False,0.0,,0.0,3757418.2496690536
574.0,0,1,Ground A - Sat 1,ground,4169.263334744527,-11.687589391069404,False,0.0,,0.0,3757418.2496690536
576.0,0,1,Ground A - Sat 1,ground,4183.0929043483575,-11.7752139650162,False,0.0,,0.0,3757418.2496690536
578.0,0,1,Ground A - Sat 1,ground,4196.918069738384,-11.862679659666572,False,0.0,,0.0,3757418.2496690536
580.0,0,1,Ground A - Sat 1,ground,4210.738806677498,-11.949988090214989,False,0.0,,0.0,3757418.2496690536
582.0,0,1,Ground A - Sat 1,ground,4224.555091031205,-12.037140850165054,False,0.0,,0.0,3757418.2496690536
584.0,0,1,Ground A - Sat 1,ground,4238.366898766014,-12.124139511690798,False,0.0,,0.0,3757418.2496690536
586.0,0,1,Ground A - Sat 1,ground,4252.174205947894,-12.210985625990789,False,0.0,,0.0,3757418.2496690536
588.0,0,1,Ground A - Sat 1,ground,4265.976988740728,-12.297680723635343,False,0.0,,0.0,3757418.2496690536
590.0,0,1,Ground A - Sat 1,ground,4279.775223404823,-12.384226314906735,False,0.0,,0.0,3757418.2496690536
592.0,0,1,Ground A - Sat 1,ground,4293.568886295434,-12.4706238901329,False,0.0,,0.0,3757418.2496690536
594.0,0,1,Ground A - Sat 1,ground,4307.357953861325,-12.556874920014437,False,0.0,,0.0,3757418.2496690536
596.0,0,1,Ground A - Sat 1,ground,4321.142402643361,-12.642980855945373,False,0.0,,0.0,3757418.2496690536
598.0,0,1,Ground A - Sat 1,ground,4334.922209273118,-12.728943130327584,False,0.0,,0.0,3757418.2496690536
600.0,0,1,Ground A - Sat 1,ground,4348.697350471533,-12.814763156879218,False,0.0,,0.0,3757418.2496690536
-600.0,1,3,Sat 1 - Ground B,ground,7135.892143506424,-29.157457869585684,False,0.0,,0.0,0.0
-598.0,1,3,Sat 1 - Ground B,ground,7123.553036223553,-29.085672455694432,False,0.0,,0.0,0.0
-596.0,1,3,Sat 1 - Ground B,ground,7111.205324602805,-29.01385832328188,False,0.0,,0.0,0.0
-594.0,1,3,Sat 1 - Ground B,ground,7098.849024594535,-28.94201530238453,False,0.0,,0.0,0.0
-592.0,1,3,Sat 1 - Ground B,ground,7086.484152165612,-28.870143221716248,False,0.0,,0.0,0.0
-590.0,1,3,Sat 1 - Ground B,ground,7074.110723299465,-28.79824190865539,False,0.0,,0.0,0.0
-588.0,1,3,Sat 1 - Ground B,ground,7061.728753996119,-28.72631118923168,False,0.0,,0.0,0.0
-586.0,1,3,Sat 1 - Ground B,ground,7049.338260272237,-28.65435088811301,False,0.0,,0.0,0.0
-584.0,1,3,Sat 1 - Ground B,ground,7036.9392581611555,-28.58236082859205,False,0.0,,0.0,0.0
-582.0,1,3,Sat 1 - Ground B,ground,7024.531763712928,-28.51034083257269,False,0.0,,0.0,0.0
-580.0,1,3,Sat 1 - Ground B,ground,7012.1157929943665,-28.43829072055636,False,0.0,,0.0,0.0
-578.0,1,3,Sat 1 - Ground B,ground,6999.691362089084,-28.366210311628144,False,0.0,,0.0,0.0
-576.0,1,3,Sat 1 - Ground B,ground,6987.258487097537,-28.29409942344279,False,0.0,,0.0,0.0
-574.0,1,3,Sat 1 - Ground B,ground,6974.817184137066,-28.22195787221044,False,0.0,,0.0,0.0
-572.0,1,3,Sat 1 - Ground B,ground,6962.36746934195,-28.14978547268235,False,0.0,,0.0,0.0
-570.0,1,3,Sat 1 - Ground B,ground,6949.909358863434,-28.07758203813629,False,0.0,,0.0,0.0
-568.0,1,3,Sat 1 - Ground B,ground,6937.442868869794,-28.00534738036186,False,0.0,,0.0,0.0
-566.0,1,3,Sat 1 - Ground B,ground,6924.968015546372,-27.933081309645633,False,0.0,,0.0,0.0
-564.0,1,3,Sat 1 - Ground B,ground,6912.484815095625,-27.860783634756004,False,0.0,,0.0,0.0
-562.0,1,3,Sat 1 - Ground B,ground,6899.993283737176,-27.78845416292804,False,0.0,,0.0,0.0
-560.0,1,3,Sat 1 - Ground B,ground,6887.493437707862,-27.716092699848005,False,0.0,,0.0,0.0
-558.0,1,3,Sat 1 - Ground B,ground,6874.9852932617805,-27.643699049637725,False,0.0,,0.0,0.0
-556.0,1,3,Sat 1 - Ground B,ground,6862.468866670343,-27.571273014838813,False,0.0,,0.0,0.0
-554.0,1,3,Sat 1 - Ground B,ground,6849.944174222333,-27.498814396396696,False,0.0,,0.0,0.0
-552.0,1,3,Sat 1 - Ground B,ground,6837.4112322239425,-27.426322993644348,False,0.0,,0.0,0.0
-550.0,1,3,Sat 1 - Ground B,ground,6824.870056998839,-27.35379860428599,False,0.0,,0.0,0.0
-548.0,1,3,Sat 1 - Ground B,ground,6812.320664888214,-27.281241024380417,False,0.0,,0.0,0.0
-546.0,1,3,Sat 1 - Ground B,ground,6799.7630722508375,-27.208650048324277,False,0.0,,0.0,0.0
-544.0,1,3,Sat 1 - Ground B,ground,6787.19729546312,-27.136025468835044,False,0.0,,0.0,0.0
-542.0,1,3,Sat 1 - Ground B,ground,6774.623350919156,-27.06336707693382,False,0.0,,0.0,0.0
-540.0,1,3,Sat 1 - Ground B,ground,6762.041255030794,-26.9906746619279,False,0.0,,0.0,0.0
-538.0,1,3,Sat 1 - Ground B,ground,6749.451024227693,-26.917948011393175,False,0.0,,0.0,0.0
-536.0,1,3,Sat 1 - Ground B,ground,6736.852674957375,-26.845186911156283,False,0.0,,0.0,0.0
-534.0,1,3,Sat 1 - Ground B,ground,6724.246223685294,-26.77239114527648,False,0.0,,0.0,0.0
-532.0,1,3,Sat 1 - Ground B,ground,6711.6316868948925,-26.699560496027424,False,0.0,,0.0,0.0
-530.0,1,3,Sat 1 - Ground B,ground,6699.009081087665,-26.62669474387863,False,0.0,,0.0,0.0
-528.0,1,3,Sat 1 - Ground B,ground,6686.378422783221,-26.553793667476683,False,0.0,,0.0,0.0
-526.0,1,3,Sat 1 - Ground B,ground,6673.73972851935,-26.4808570436263,False,0.0,,0.0,0.0
-524.0,1,3,Sat 1 - Ground B,ground,6661.093014852089,-26.4078846472711,False,0.0,,0.0,0.0
-522.0,1,3,Sat 1 - Ground B,ground,6648.438298355786,-26.334876251474107,False,0.0,,0.0,0.0
-520.0,1,3,Sat 1 - Ground B,ground,6635.775595623167,-26.26183162739811,False,0.0,,0.0,0.0
-518.0,1,3,Sat 1 - Ground B,ground,6623.104923265407,-26.188750544285625,False,0.0,,0.0,0.0
-516.0,1,3,Sat 1 - Ground B,ground,6610.426297912202,-26.115632769438772,False,0.0,,0.0,0.0
-514.0,1,3,Sat 1 - Ground B,ground,6597.7397362118345,-26.042478068198744,False,0.0,,0.0,0.0
-512.0,1,3,Sat 1 - Ground B,ground,6585.045254831249,-25.969286203925158,False,0.0,,0.0,0.0
-510.0,1,3,Sat 1 - Ground B,ground,6572.34287045612,-25.896056937974993,False,0.0,,0.0,0.0
-508.0,1,3,Sat 1 - Ground B,ground,6559.632599790938,-25.82279002968141,False,0.0,,0.0,0.0
-506.0,1,3,Sat 1 - Ground B,ground,6546.914459559073,-25.749485236332212,False,0.0,,0.0,0.0
-504.0,1,3,Sat 1 - Ground B,ground,6534.1884665028565,-25.676142313148013,False,0.0,,0.0,0.0
-502.0,1,3,Sat 1 - Ground B,ground,6521.45463738366,-25.60276101326022,False,0.0,,0.0,0.0
-500.0,1,3,Sat 1 - Ground B,ground,6508.712988981973,-25.529341087688667,False,0.0,,0.0,0.0
-498.0,1,3,Sat 1 - Ground B,ground,6495.96353809748,-25.45588228531893,False,0.0,,0.0,0.0
-496.0,1,3,Sat 1 - Ground B,ground,6483.20630154915,-25.38238435287944,False,0.0,,0.0,0.0
-494.0,1,3,Sat 1 - Ground B,ground,6470.441296175314,-25.30884703491824,False,0.0,,0.0,0.0
-492.0,1,3,Sat 1 - Ground B,ground,6457.66853883375,-25.235270073779446,False,0.0,,0.0,0.0
-490.0,1,3,Sat 1 - Ground B,ground,6444.8880464017675,-25.16165320957945,False,0.0,,0.0,0.0
-488.0,1,3,Sat 1 - Ground B,ground,6432.099835776299,-25.087996180182678,False,0.0,,0.0,0.0
-486.0,1,3,Sat 1 - Ground B,ground,6419.303923873986,-25.014298721177294,False,0.0,,0.0,0.0
-484.0,1,3,Sat 1 - Ground B,ground,6406.5003276312655,-24.940560565850284,False,0.0,,0.0,0.0
-482.0,1,3,Sat 1 - Ground B,ground,6393.689064004465,-24.86678144516238,False,0.0,,0.0,0.0
-480.0,1,3,Sat 1 - Ground B,ground,6380.870149969897,-24.79296108772271,False,0.0,,0.0,0.0
-478.0,1,3,Sat 1 - Ground B,ground,6368.043602523945,-24.71909921976295,False,0.0,,0.0,0.0
-476.0,1,3,Sat 1 - Ground B,ground,6355.209438683171,-24.645195565111287,False,0.0,,0.0,0.0
-474.0,1,3,Sat 1 - Ground B,ground,6342.367675484402,-24.571249845165905,False,0.0,,0.0,0.0
-472.0,1,3,Sat 1 - Ground B,ground,6329.518329984831,-24.497261778868285,False,0.0,,0.0,0.0
-470.0,1,3,Sat 1 - Ground B,ground,6316.6614192621255,-24.423231082675954,False,0.0,,0.0,0.0
-468.0,1,3,Sat 1 - Ground B,ground,6303.7969604145155,-24.349157470535076,False,0.0,,0.0,0.0
-466.0,1,3,Sat 1 - Ground B,ground,6290.924970560908,-24.275040653852482,False,0.0,,0.0,0.0
-464.0,1,3,Sat 1 - Ground B,ground,6278.045466840988,-24.20088034146754,False,0.0,,0.0,0.0
-462.0,1,3,Sat 1 - Ground B,ground,6265.158466415323,-24.126676239623407,False,0.0,,0.0,0.0
-460.0,1,3,Sat 1 - Ground B,ground,6252.263986465479,-24.052428051938136,False,0.0,,0.0,0.0
-458.0,1,3,Sat 1 - Ground B,ground,6239.3620441941175,-23.978135479375215,False,0.0,,0.0,0.0
-456.0,1,3,Sat 1 - Ground B,ground,6226.4526568251185,-23.90379822021381,False,0.0,,0.0,0.0
-454.0,1,3,Sat 1 - Ground B,ground,6213.535841603692,-23.829415970018545,False,0.0,,0.0,0.0
-452.0,1,3,Sat 1 - Ground B,ground,6200.6116157964925,-23.75498842160898,False,0.0,,0.0,0.0
-450.0,1,3,Sat 1 - Ground B,ground,6187.679996691732,-23.680515265028497,False,0.0,,0.0,0.0
-448.0,1,3,Sat 1 - Ground B,ground,6174.741001599305,-23.605996187512925,False,0.0,,0.0,0.0
-446.0,1,3,Sat 1 - Ground B,ground,6161.794647850905,-23.53143087345874,False,0.0,,0.0,0.0
-444.0,1,3,Sat 1 - Ground B,ground,6148.840952800151,-23.456819004390635,False,0.0,,0.0,0.0
-442.0,1,3,Sat 1 - Ground B,ground,6135.879933822712,-23.382160258928923,False,0.0,,0.0,0.0
-440.0,1,3,Sat 1 - Ground B,ground,6122.911608316426,-23.30745431275631,False,0.0,,0.0,0.0
-438.0,1,3,Sat 1 - Ground B,ground,6109.935993701444,-23.232700838584197,False,0.0,,0.0,0.0
-436.0,1,3,Sat 1 - Ground B,ground,6096.953107420344,-23.15789950611871,False,0.0,,0.0,0.0
-434.0,1,3,Sat 1 - Ground B,ground,6083.962966938274,-23.083049982026022,False,0.0,,0.0,0.0
-432.0,1,3,Sat 1 - Ground B,ground,6070.9655897430885,-23.00815192989738,False,0.0,,0.0,0.0
-430.0,1,3,Sat 1 - Ground B,ground,6057.960993345473,-22.933205010213545,False,0.0,,0.0,0.0
-428.0,1,3,Sat 1 - Ground B,ground,6044.949195279099,-22.858208880308784,False,0.0,,0.0,0.0
-426.0,1,3,Sat 1 - Ground B,ground,6031.930213100754,-22.783163194334346,False,0.0,,0.0,0.0
-424.0,1,3,Sat 1 - Ground B,ground,6018.904064390494,-22.708067603221448,False,0.0,,0.0,0.0
-422.0,1,3,Sat 1 - Ground B,ground,6005.870766751778,-22.632921754643696,False,0.0,,0.0,0.0
-420.0,1,3,Sat 1 - Ground B,ground,5992.83033781163,-22.55772529297905,False,0.0,,0.0,0.0
-418.0,1,3,Sat 1 - Ground B,ground,5979.782795220775,-22.482477859271214,False,0.0,,0.0,0.0
-416.0,1,3,Sat 1 - Ground B,ground,5966.728156653808,-22.40717909119045,False,0.0,,0.0,0.0
-414.0,1,3,Sat 1 - Ground B,ground,5953.666439809335,-22.331828622993935,False,0.0,,0.0,0.0
-412.0,1,3,Sat 1 - Ground B,ground,5940.597662410139,-22.25642608548548,False,0.0,,0.0,0.0
-410.0,1,3,Sat 1 - Ground B,ground,5927.521842203338,-22.18097110597469,False,0.0,,0.0,0.0
-408.0,1,3,Sat 1 - Ground B,ground,5914.438996960549,-22.105463308235564,False,0.0,,0.0,0.0
-406.0,1,3,Sat 1 - Ground B,ground,5901.349144478053,-22.029902312464476,False,0.0,,0.0,0.0
-404.0,1,3,Sat 1 - Ground B,ground,5888.252302576963,-21.95428773523766,False,0.0,,0.0,0.0
-402.0,1,3,Sat 1 - Ground B,ground,5875.148489103395,-21.878619189467894,False,0.0,,0.0,0.0
-400.0,1,3,Sat 1 - Ground B,ground,5862.037721928644,-21.802896284360756,False,0.0,,0.0,0.0
-398.0,1,3,Sat 1 - Ground B,ground,5848.920018949353,-21.727118625370156,False,0.0,,0.0,0.0
-396.0,1,3,Sat 1 - Ground B,ground,5835.795398087702,-21.65128581415323,False,0.0,,0.0,0.0
-394.0,1,3,Sat 1 - Ground B,ground,5822.663877291585,-21.575397448524576,False,0.0,,0.0,0.0
-392.0,1,3,Sat 1 - Ground B,ground,5809.525474534794,-21.499453122409957,False,0.0,,0.0,0.0
-390.0,1,3,Sat 1 - Ground B,ground,5796.380207817209,-21.42345242579907,False,0.0,,0.0,0.0
-388.0,1,3,Sat 1 - Ground B,ground,5783.22809516499,-21.347394944697935,False,0.0,,0.0,0.0
-386.0,1,3,Sat 1 - Ground B,ground,5770.069154630768,-21.271280261080346,False,0.0,,0.0,0.0
-384.0,1,3,Sat 1 - Ground B,ground,5756.903404293845,-21.195107952838747,False,0.0,,0.0,0.0
-382.0,1,3,Sat 1 - Ground B,ground,5743.730862260394,-21.11887759373435,False,0.0,,0.0,0.0
-380.0,1,3,Sat 1 - Ground B,ground,5730.551546663662,-21.04258875334652,False,0.0,,0.0,0.0
-378.0,1,3,Sat 1 - Ground B,ground,5717.365475664174,-20.966240997021405,False,0.0,,0.0,0.0
-376.0,1,3,Sat 1 - Ground B,ground,5704.17266744995,-20.889833885819883,False,0.0,,0.0,0.0
-374.0,1,3,Sat 1 - Ground B,ground,5690.973140236715,-20.813366976464593,False,0.0,,0.0,0.0
-372.0,1,3,Sat 1 - Ground B,ground,5677.766912268113,-20.736839821286342,False,0.0,,0.0,0.0
-370.0,1,3,Sat 1 - Ground B,ground,5664.554001815934,-20.660251968169625,False,0.0,,0.0,0.0
-368.0,1,3,Sat 1 - Ground B,ground,5651.334427180331,-20.58360296049731,False,0.0,,0.0,0.0
-366.0,1,3,Sat 1 - Ground B,ground,5638.108206690058,-20.506892337094612,False,0.0,,0.0,0.0
-364.0,1,3,Sat 1 - Ground B,ground,5624.875358702691,-20.430119632172143,False,0.0,,0.0,0.0
-362.0,1,3,Sat 1 - Ground B,ground,5611.63590160487,-20.353284375268075,False,0.0,,0.0,0.0
-360.0,1,3,Sat 1 - Ground B,ground,5598.389853812536,-20.276386091189536,False,0.0,,0.0,0.0
-358.0,1,3,Sat 1 - Ground B,ground,5585.137233771172,-20.19942429995307,False,0.0,,0.0,0.0
-356.0,1,3,Sat 1 - Ground B,ground,5571.878059956055,-20.12239851672415,False,0.0,,0.0,0.0
-354.0,1,3,Sat 1 - Ground B,ground,5558.612350872507,-20.045308251755912,False,0.0,,0.0,0.0
-352.0,1,3,Sat 1 - Ground B,ground,5545.340125056143,-19.968153010326766,False,0.0,,0.0,0.0
-350.0,1,3,Sat 1 - Ground B,ground,5532.06140107314,-19.89093229267726,False,0.0,,0.0,0.0
-348.0,1,3,Sat 1 - Ground B,ground,5518.776197520492,-19.813645593945825,False,0.0,,0.0,0.0
-346.0,1,3,Sat 1 - Ground B,ground,5505.484533026289,-19.736292404103654,False,0.0,,0.0,0.0
-344.0,1,3,Sat 1 - Ground B,ground,5492.186426249976,-19.658872207888436,False,0.0,,0.0,0.0
-342.0,1,3,Sat 1 - Ground B,ground,5478.881895882642,-19.581384484737292,False,0.0,,0.0,0.0
-340.0,1,3,Sat 1 - Ground B,ground,5465.5709606472965,-19.503828708718416,False,0.0,,0.0,0.0
-338.0,1,3,Sat 1 - Ground B,ground,5452.253639299153,-19.426204348461905,False,0.0,,0.0,0.0
-336.0,1,3,Sat 1 - Ground B,ground,5438.9299506259285,-19.348510867089338,False,0.0,,0.0,0.0
-334.0,1,3,Sat 1 - Ground B,ground,5425.599913448129,-19.270747722142364,False,0.0,,0.0,0.0
-332.0,1,3,Sat 1 - Ground B,ground,5412.263546619359,-19.192914365510116,False,0.0,,0.0,0.0
-330.0,1,3,Sat 1 - Ground B,ground,5398.920869026623,-19.115010243355574,False,0.0,,0.0,0.0
-328.0,1,3,Sat 1 - Ground B,ground,5385.571899590636,-19.03703479604068,False,0.0,,0.0,0.0
-326.0,1,3,Sat 1 - Ground B,ground,5372.216657266148,-18.958987458050334,False,0.0,,0.0,0.0
-324.0,1,3,Sat 1 - Ground B,ground,5358.85516104225,-18.880867657915214,False,0.0,,0.0,0.0
-322.0,1,3,Sat 1 - Ground B,ground,5345.487429942715,-18.80267481813331,False,0.0,,0.0,0.0
-320.0,1,3,Sat 1 - Ground B,ground,5332.113483026322,-18.72440835509029,False,0.0,,0.0,0.0
-318.0,1,3,Sat 1 - Ground B,ground,5318.733339387202,-18.646067678978564,False,0.0,,0.0,0.0
-316.0,1,3,Sat 1 - Ground B,ground,5305.347018155173,-18.567652193715084,False,0.0,,0.0,0.0
-314.0,1,3,Sat 1 - Ground B,ground,5291.954538496094,-18.489161296857763,False,0.0,,0.0,0.0
-312.0,1,3,Sat 1 - Ground B,ground,5278.555919612224,-18.410594379520752,False,0.0,,0.0,0.0
-310.0,1,3,Sat 1 - Ground B,ground,5265.151180742574,-18.331950826288097,False,0.0,,0.0,0.0
-308.0,1,3,Sat 1 - Ground B,ground,5251.740341163284,-18.253230015126206,False,0.0,,0.0,0.0
-306.0,1,3,Sat 1 - Ground B,ground,5238.323420187992,-18.17443131729483,False,0.0,,0.0,0.0
-304.0,1,3,Sat 1 - Ground B,ground,5224.900437168216,-18.095554097256635,False,0.0,,0.0,0.0
-302.0,1,3,Sat 1 - Ground B,ground,5211.471411493741,-18.016597712585295,False,0.0,,0.0,0.0
-300.0,1,3,Sat 1 - Ground B,ground,5198.036362593008,-17.937561513872083,False,0.0,,0.0,0.0
-298.0,1,3,Sat 1 - Ground B,ground,5184.595309933525,-17.858444844630984,False,0.0,,0.0,0.0
-296.0,1,3,Sat 1 - Ground B,ground,5171.148273022262,-17.779247041202186,False,0.0,,0.0,0.0
-294.0,1,3,Sat 1 - Ground B,ground,5157.695271406072,-17.69996743265413,False,0.0,,0.0,0.0
-292.0,1,3,Sat 1 - Ground B,ground,5144.236324672111,-17.62060534068379,False,0.0,,0.0,0.0
-290.0,1,3,Sat 1 - Ground B,ground,5130.771452448263,-17.541160079515386,False,0.0,,0.0,0.0
-288.0,1,3,Sat 1 - Ground B,ground,5117.300674403586,-17.461630955797503,False,0.0,,0.0,0.0
-286.0,1,3,Sat 1 - Ground B,ground,5103.824010248741,-17.382017268498387,False,0.0,,0.0,0.0
-284.0,1,3,Sat 1 - Ground B,ground,5090.341479736457,-17.302318308799588,False,0.0,,0.0,0.0
-282.0,1,3,Sat 1 - Ground B,ground,5076.853102661979,-17.222533359987736,False,0.0,,0.0,0.0
-280.0,1,3,Sat 1 - Ground B,ground,5063.358898863548,-17.142661697344707,False,0.0,,0.0,0.0
-278.0,1,3,Sat 1 - Ground B,ground,5049.858888222861,-17.06270258803573,False,0.0,,0.0,0.0
-276.0,1,3,Sat 1 - Ground B,ground,5036.353090665566,-16.982655290995776,False,0.0,,0.0,0.0
-274.0,1,3,Sat 1 - Ground B,ground,5022.841526161749,-16.902519056813954,False,0.0,,0.0,0.0
-272.0,1,3,Sat 1 - Ground B,ground,5009.324214726442,-16.822293127616014,False,0.0,,0.0,0.0
-270.0,1,3,Sat 1 - Ground B,ground,4995.801176420119,-16.74197673694484,False,0.0,,0.0,0.0
-268.0,1,3,Sat 1 - Ground B,ground,4982.272431349228,-16.661569109638904,False,0.0,,0.0,0.0
-266.0,1,3,Sat 1 - Ground B,ground,4968.737999666714,-16.581069461708694,False,0.0,,0.0,0.0
-264.0,1,3,Sat 1 - Ground B,ground,4955.1979015725565,-16.50047700021101,False,0.0,,0.0,0.0
-262.0,1,3,Sat 1 - Ground B,ground,4941.6521573143145,-16.419790923121166,False,0.0,,0.0,0.0
-260.0,1,3,Sat 1 - Ground B,ground,4928.1007871876855,-16.339010419202864,False,0.0,,0.0,0.0
-258.0,1,3,Sat 1 - Ground B,ground,4914.543811537073,-16.258134667876003,False,0.0,,0.0,0.0
-256.0,1,3,Sat 1 - Ground B,ground,4900.981250756162,-16.177162839082158,False,0.0,,0.0,0.0
-254.0,1,3,Sat 1 - Ground B,ground,4887.413125288504,-16.096094093147606,False,0.0,,0.0,0.0
-252.0,1,3,Sat 1 - Ground B,ground,4873.839455628118,-16.01492758064424,False,0.0,,0.0,0.0
-250.0,1,3,Sat 1 - Ground B,ground,4860.260262320099,-15.933662442247789,False,0.0,,0.0,0.0
-248.0,1,3,Sat 1 - Ground B,ground,4846.675565961238,-15.852297808593798,False,0.0,,0.0,0.0
-246.0,1,3,Sat 1 - Ground B,ground,4833.0853872006455,-15.770832800130897,False,0.0,,0.0,0.0
-244.0,1,3,Sat 1 - Ground B,ground,4819.489746740404,-15.689266526971716,False,0.0,,0.0,0.0
-242.0,1,3,Sat 1 - Ground B,ground,4805.888665336219,-15.607598088740925,False,0.0,,0.0,0.0
-240.0,1,3,Sat 1 - Ground B,ground,4792.282163798079,-15.52582657442087,False,0.0,,0.0,0.0
-238.0,1,3,Sat 1 - Ground B,ground,4778.670262990943,-15.44395106219424,False,0.0,,0.0,0.0
-236.0,1,3,Sat 1 - Ground B,ground,4765.0529838354205,-15.361970619284103,False,0.0,,0.0,0.0
-234.0,1,3,Sat 1 - Ground B,ground,4751.430347308487,-15.279884301791075,False,0.0,,0.0,0.0
-232.0,1,3,Sat 1 - Ground B,ground,4737.802374444189,-15.197691154527533,False,0.0,,0.0,0.0
-230.0,1,3,Sat 1 - Ground B,ground,4724.169086334381,-15.115390210848904,False,0.0,,0.0,0.0
-228.0,1,3,Sat 1 - Ground B,ground,4710.530504129463,-15.032980492481876,False,0.0,,0.0,0.0
-226.0,1,3,Sat 1 - Ground B,ground,4696.886649039145,-14.950461009349695,False,0.0,,0.0,0.0
-224.0,1,3,Sat 1 - Ground B,ground,4683.237542333207,-14.867830759394069,False,0.0,,0.0,0.0
-222.0,1,3,Sat 1 - Ground B,ground,4669.583205342295,-14.785088728394003,False,0.0,,0.0,0.0
-220.0,1,3,Sat 1 - Ground B,ground,4655.923659458713,-14.702233889781368,False,0.0,,0.0,0.0
-218.0,1,3,Sat 1 - Ground B,ground,4642.258926137246,-14.619265204452974,False,0.0,,0.0,0.0
-216.0,1,3,Sat 1 - Ground B,ground,4628.589026895982,-14.536181620579397,False,0.0,,0.0,0.0
-214.0,1,3,Sat 1 - Ground B,ground,4614.913983317165,-14.452982073410181,False,0.0,,0.0,0.0
-212.0,1,3,Sat 1 - Ground B,ground,4601.23381704805,-14.369665485075496,False,0.0,,0.0,0.0
-210.0,1,3,Sat 1 - Ground B,ground,4587.548549801788,-14.286230764384134,False,0.0,,0.0,0.0
-208.0,1,3,Sat 1 - Ground B,ground,4573.858203358319,-14.202676806617909,False,0.0,,0.0,0.0
-206.0,1,3,Sat 1 - Ground B,ground,4560.162799565284,-14.119002493321968,False,0.0,,0.0,0.0
-204.0,1,3,Sat 1 - Ground B,ground,4546.462360338954,-14.03520669209153,False,0.0,,0.0,0.0
-202.0,1,3,Sat 1 - Ground B,ground,4532.7569076651735,-13.951288256354426,False,0.0,,0.0,0.0
-200.0,1,3,Sat 1 - Ground B,ground,4519.046463600339,-13.867246025149687,False,0.0,,0.0,0.0
-198.0,1,3,Sat 1 - Ground B,ground,4505.331050272367,-13.783078822901892,False,0.0,,0.0,0.0
-196.0,1,3,Sat 1 - Ground B,ground,4491.610689881711,-13.698785459191475,False,0.0,,0.0,0.0
-194.0,1,3,Sat 1 - Ground B,ground,4477.885404702371,-13.614364728520354,False,0.0,,0.0,0.0
-192.0,1,3,Sat 1 - Ground B,ground,4464.155217082951,-13.52981541007355,False,0.0,,0.0,0.0
-190.0,1,3,Sat 1 - Ground B,ground,4450.420149447708,-13.4451362674759,False,0.0,,0.0,0.0
-188.0,1,3,Sat 1 - Ground B,ground,4436.680224297648,-13.36032604854447,False,0.0,,0.0,0.0
-186.0,1,3,Sat 1 - Ground B,ground,4422.935464211619,-13.275383485035897,False,0.0,,0.0,0.0
-184.0,1,3,Sat 1 - Ground B,ground,4409.185891847445,-13.190307292389283,False,0.0,,0.0,0.0
-182.0,1,3,Sat 1 - Ground B,ground,4395.4315299430755,-13.105096169463815,False,0.0,,0.0,0.0
-180.0,1,3,Sat 1 - Ground B,ground,4381.672401317752,-13.019748798271502,False,0.0,,0.0,0.0
-178.0,1,3,Sat 1 - Ground B,ground,4367.908528873205,-12.934263843704805,False,0.0,,0.0,0.0
-176.0,1,3,Sat 1 - Ground B,ground,4354.139935594874,-12.848639953258756,False,0.0,,0.0,0.0
-174.0,1,3,Sat 1 - Ground B,ground,4340.36664455315,-12.762875756747897,False,0.0,,0.0,0.0
-172.0,1,3,Sat 1 - Ground B,ground,4326.588678904639,-12.676969866017616,False,0.0,,0.0,0.0
-170.0,1,3,Sat 1 - Ground B,ground,4312.80606189346,-12.590920874649871,False,0.0,,0.0,0.0
-168.0,1,3,Sat 1 - Ground B,ground,4299.018816852558,-12.504727357663004,False,0.0,,0.0,0.0
-166.0,1,3,Sat 1 - Ground B,ground,4285.226967205061,-12.418387871205848,False,0.0,,0.0,0.0
-164.0,1,3,Sat 1 - Ground B,ground,4271.430536465635,-12.331900952245658,False,0.0,,0.0,0.0
-162.0,1,3,Sat 1 - Ground B,ground,4257.629548241903,-12.24526511824987,False,0.0,,0.0,0.0
-160.0,1,3,Sat 1 - Ground B,ground,4243.824026235858,-12.158478866861586,False,0.0,,0.0,0.0
-158.0,1,3,Sat 1 - Ground B,ground,4230.013994245336,-12.071540675568526,False,0.0,,0.0,0.0
-156.0,1,3,Sat 1 - Ground B,ground,4216.199476165492,-11.984449001365405,False,0.0,,0.0,0.0
-154.0,1,3,Sat 1 - Ground B,ground,4202.380495990324,-11.897202280409545,False,0.0,,0.0,0.0
-152.0,1,3,Sat 1 - Ground B,ground,4188.557077814223,-11.809798927669489,False,0.0,,0.0,0.0
-150.0,1,3,Sat 1 - Ground B,ground,4174.7292458335505,-11.722237336566542,False,0.0,,0.0,0.0
-148.0,1,3,Sat 1 - Ground B,ground,4160.89702434826,-11.634515878609086,False,0.0,,0.0,0.0
-146.0,1,3,Sat 1 - Ground B,ground,4147.060437763541,-11.54663290301939,False,0.0,,0.0,0.0
-144.0,1,3,Sat 1 - Ground B,ground,4133.219510591497,-11.458586736352952,False,0.0,,0.0,0.0
-142.0,1,3,Sat 1 - Ground B,ground,4119.374267452876,-11.370375682109788,False,0.0,,0.0,0.0
-140.0,1,3,Sat 1 - Ground B,ground,4105.524733078808,-11.281998020338037,False,0.0,,0.0,0.0
-138.0,1,3,Sat 1 - Ground B,ground,4091.670932312608,-11.193452007229164,False,0.0,,0.0,0.0
-136.0,1,3,Sat 1 - Ground B,ground,4077.8128901115965,-11.104735874704948,False,0.0,,0.0,0.0
-134.0,1,3,Sat 1 - Ground B,ground,4063.9506315489725,-11.015847829995822,False,0.0,,0.0,0.0
-132.0,1,3,Sat 1 - Ground B,ground,4050.084181815716,-10.926786055210465,False,0.0,,0.0,0.0
-130.0,1,3,Sat 1 - Ground B,ground,4036.213566222536,-10.837548706896422,False,0.0,,0.0,0.0
-128.0,1,3,Sat 1 - Ground B,ground,4022.338810201858,-10.748133915591465,False,0.0,,0.0,0.0
-126.0,1,3,Sat 1 - Ground B,ground,4008.4599393098606,-10.65853978536564,False,0.0,,0.0,0.0
-124.0,1,3,Sat 1 - Ground B,ground,3994.5769792285446,-10.568764393353494,False,0.0,,0.0,0.0
-122.0,1,3,Sat 1 - Ground B,ground,3980.689955767855,-10.478805789276517,False,0.0,,0.0,0.0
-120.0,1,3,Sat 1 - Ground B,ground,3966.79889486785,-10.388661994955477,False,0.0,,0.0,0.0
-118.0,1,3,Sat 1 - Ground B,ground,3952.9038226009056,-10.298331003812157,False,0.0,,0.0,0.0
-116.0,1,3,Sat 1 - Ground B,ground,3939.0047651739883,-10.207810780360772,False,0.0,,0.0,0.0
-114.0,1,3,Sat 1 - Ground B,ground,3925.1017489309547,-10.117099259688125,False,0.0,,0.0,0.0
-112.0,1,3,Sat 1 - Ground B,ground,3911.19480035492,-10.026194346922853,False,0.0,,0.0,0.0
-110.0,1,3,Sat 1 - Ground B,ground,3897.283946070664,-9.935093916693024,False,0.0,,0.0,0.0
-108.0,1,3,Sat 1 - Ground B,ground,3883.3692128471084,-9.84379581257208,False,0.0,,0.0,0.0
-106.0,1,3,Sat 1 - Ground B,ground,3869.450627599825,-9.75229784651268,False,0.0,,0.0,0.0
-104.0,1,3,Sat 1 - Ground B,ground,3855.528217393622,-9.660597798268203,False,0.0,,0.0,0.0
-102.0,1,3,Sat 1 - Ground B,ground,3841.602009445176,-9.568693414801606,False,0.0,,0.0,0.0
-100.0,1,3,Sat 1 - Ground B,ground,3827.6720311257236,-9.476582409681175,False,0.0,,0.0,0.0
-98.0,1,3,Sat 1 - Ground B,ground,3813.7383099638178,-9.384262462463193,False,0.0,,0.0,0.0
-96.0,1,3,Sat 1 - Ground B,ground,3799.8008736481424,-9.291731218060605,False,0.0,,0.0,0.0
-94.0,1,3,Sat 1 - Ground B,ground,3785.8597500303945,-9.198986286097954,False,0.0,,0.0,0.0
-92.0,1,3,Sat 1 - Ground B,ground,3771.9149671282266,-9.106025240251844,False,0.0,,0.0,0.0
-90.0,1,3,Sat 1 - Ground B,ground,3757.966553128259,-9.012845617576499,False,0.0,,0.0,0.0
-88.0,1,3,Sat 1 - Ground B,ground,3744.0145363891625,-8.91944491781445,False,0.0,,0.0,0.0
-86.0,1,3,Sat 1 - Ground B,ground,3730.0589454448123,-8.825820602691463,False,0.0,,0.0,0.0
-84.0,1,3,Sat 1 - Ground B,ground,3716.099809007506,-8.731970095195669,False,0.0,,0.0,0.0
-82.0,1,3,Sat 1 - Ground B,ground,3702.137155971266,-8.637890778840188,False,0.0,,0.0,0.0
-80.0,1,3,Sat 1 - Ground B,ground,3688.1710154152174,-8.543579996909177,False,0.0,,0.0,0.0
-78.0,1,3,Sat 1 - Ground B,ground,3674.2014166070358,-8.44903505168634,False,0.0,,0.0,0.0
-76.0,1,3,Sat 1 - Ground B,ground,3660.2283890064864,-8.354253203666117,False,0.0,,0.0,0.0
-74.0,1,3,Sat 1 - Ground B,ground,3646.251962269038,-8.25923167074633,False,0.0,,0.0,0.0
-72.0,1,3,Sat 1 - Ground B,ground,3632.272166249566,-8.16396762740243,False,0.0,,0.0,0.0
-70.0,1,3,Sat 1 - Ground B,ground,3618.2890310061466,-8.068458203842473,False,0.0,,0.0,0.0
-68.0,1,3,Sat 1 - Ground B,ground,3604.302586803927,-7.97270048514246,False,0.0,,0.0,0.0
-66.0,1,3,Sat 1 - Ground B,ground,3590.3128641191056,-7.87669151036152,False,0.0,,0.0,0.0
-64.0,1,3,Sat 1 - Ground B,ground,3576.3198936429935,-7.780428271636163,False,0.0,,0.0,0.0
-62.0,1,3,Sat 1 - Ground B,ground,3562.32370628618,-7.683907713253494,False,0.0,,0.0,0.0
-60.0,1,3,Sat 1 - Ground B,ground,3548.324333182794,-7.587126730702224,False,0.0,,0.0,0.0
-58.0,1,3,Sat 1 - Ground B,ground,3534.321805694876,-7.490082169701413,False,0.0,,0.0,0.0
-56.0,1,3,Sat 1 - Ground B,ground,3520.3161554168446,-7.392770825205906,False,0.0,,0.0,0.0
-54.0,1,3,Sat 1 - Ground B,ground,3506.3074141800826,-7.295189440388232,False,0.0,,0.0,0.0
-52.0,1,3,Sat 1 - Ground B,ground,3492.295614057626,-7.197334705595754,False,0.0,,0.0,0.0
-50.0,1,3,Sat 1 - Ground B,ground,3478.280787368975,-7.099203257283061,False,0.0,,0.0,0.0
-48.0,1,3,Sat 1 - Ground B,ground,3464.2629666850185,-7.000791676918274,False,0.0,,0.0,0.0
-46.0,1,3,Sat 1 - Ground B,ground,3450.2421848330832,-6.902096489862975,False,0.0,,0.0,0.0
-44.0,1,3,Sat 1 - Ground B,ground,3436.2184749021058,-6.803114164224823,False,0.0,,0.0,0.0
-42.0,1,3,Sat 1 - Ground B,ground,3422.1918702479343,-6.703841109682059,False,0.0,,0.0,0.0
-40.0,1,3,Sat 1 - Ground B,ground,3408.1624044987607,-6.604273676279266,False,0.0,,0.0,0.0
-38.0,1,3,Sat 1 - Ground B,ground,3394.1301115606984,-6.504408153193325,False,0.0,,0.0,0.0
-36.0,1,3,Sat 1 - Ground B,ground,3380.0950256234805,-6.404240767468958,False,0.0,,0.0,0.0
-34.0,1,3,Sat 1 - Ground B,ground,3366.0571811663253,-6.303767682722808,False,0.0,,0.0,0.0
-32.0,1,3,Sat 1 - Ground B,ground,3352.0166129639347,-6.2029849978153075,False,0.0,,0.0,0.0
-30.0,1,3,Sat 1 - Ground B,ground,3337.9733560926506,-6.101888745489135,False,0.0,,0.0,0.0
-28.0,1,3,Sat 1 - Ground B,ground,3323.927445936769,-6.000474890973636,False,0.0,,0.0,0.0
-26.0,1,3,Sat 1 - Ground B,ground,3309.878918195016,-5.898739330553899,False,0.0,,0.0,0.0
-24.0,1,3,Sat 1 - Ground B,ground,3295.8278088871907,-5.796677890103763,False,0.0,,0.0,0.0
-22.0,1,3,Sat 1 - Ground B,ground,3281.7741543609773,-5.6942863235813705,False,0.0,,0.0,0.0
-20.0,1,3,Sat 1 - Ground B,ground,3267.717991298938,-5.59156031148637,False,0.0,,0.0,0.0
-18.0,1,3,Sat 1 - Ground B,ground,3253.65935672569,-5.48849545927758,False,0.0,,0.0,0.0
-16.0,1,3,Sat 1 - Ground B,ground,3239.5982880152615,-5.385087295749966,False,0.0,,0.0,0.0
-14.0,1,3,Sat 1 - Ground B,ground,3225.5348228986522,-5.281331271369675,False,0.0,,0.0,0.0
-12.0,1,3,Sat 1 - Ground B,ground,3211.468999471586,-5.177222756565766,False,0.0,,0.0,0.0
-10.0,1,3,Sat 1 - Ground B,ground,3197.400856202471,-5.0727570399776845,False,0.0,,0.0,0.0
-8.0,1,3,Sat 1 - Ground B,ground,3183.330431940576,-4.967929326656656,False,0.0,,0.0,0.0
-6.0,1,3,Sat 1 - Ground B,ground,3169.2577659244184,-4.862734736219995,False,0.0,,0.0,0.0
-4.0,1,3,Sat 1 - Ground B,ground,3155.18289779038,-4.757168300956739,False,0.0,,0.0,0.0
-2.0,1,3,Sat 1 - Ground B,ground,3141.1058675815625,-4.651224963883112,False,0.0,,0.0,0.0
0.0,1,3,Sat 1 - Ground B,ground,3127.0267157568665,-4.544899576746228,False,0.0,,0.0,0.0
2.0,1,3,Sat 1 - Ground B,ground,3112.9454832003357,-4.438186897974668,False,0.0,,0.0,0.0
4.0,1,3,Sat 1 - Ground B,ground,3098.8622112307444,-4.331081590573918,False,0.0,,0.0,0.0
6.0,1,3,Sat 1 - Ground B,ground,3084.7769416114534,-4.223578219965347,False,0.0,,0.0,0.0
8.0,1,3,Sat 1 - Ground B,ground,3070.689716560531,-4.115671251766624,False,0.0,,0.0,0.0
10.0,1,3,Sat 1 - Ground B,ground,3056.6005787611643,-4.007355049512073,False,0.0,,0.0,0.0
12.0,1,3,Sat 1 - Ground B,ground,3042.50957137235,-3.8986238723106683,False,0.0,,0.0,0.0
14.0,1,3,Sat 1 - Ground B,ground,3028.41673803989,-3.7894718724400387,False,0.0,,0.0,0.0
16.0,1,3,Sat 1 - Ground B,ground,3014.3221229076908,-3.679893092874394,False,0.0,,0.0,0.0
18.0,1,3,Sat 1 - Ground B,ground,3000.225770629386,-3.569881464744161,False,0.0,,0.0,0.0
20.0,1,3,Sat 1 - Ground B,ground,2986.1277263802795,-3.4594308047251454,False,0.0,,0.0,0.0
22.0,1,3,Sat 1 - Ground B,ground,2972.028035869639,-3.348534812355001,False,0.0,,0.0,0.0
24.0,1,3,Sat 1 - Ground B,ground,2957.92674535333,-3.237187067274808,False,0.0,,0.0,0.0
26.0,1,3,Sat 1 - Ground B,ground,2943.823901646816,-3.1253810263930126,False,0.0,,0.0,0.0
28.0,1,3,Sat 1 - Ground B,ground,2929.7195521385356,-3.0131100209695445,False,0.0,,0.0,0.0
30.0,1,3,Sat 1 - Ground B,ground,2915.6137448036616,-2.900367253617188,False,0.0,,0.0,0.0
32.0,1,3,Sat 1 - Ground B,ground,2901.5065282182604,-2.787145795217804,False,0.0,,0.0,0.0
34.0,1,3,Sat 1 - Ground B,ground,2887.3979515738715,-2.6734385817502355,False,0.0,,0.0,0.0
36.0,1,3,Sat 1 - Ground B,ground,2873.2880646925005,-2.5592384110274407,False,0.0,,0.0,0.0
38.0,1,3,Sat 1 - Ground B,ground,2859.1769180420683,-2.444537939339412,False,0.0,,0.0,0.0
40.0,1,3,Sat 1 - Ground B,ground,2845.0645627523095,-2.329329677998961,False,0.0,,0.0,0.0
42.0,1,3,Sat 1 - Ground B,ground,2830.9510506311412,-2.213605989786954,False,0.0,,0.0,0.0
44.0,1,3,Sat 1 - Ground B,ground,2816.8364341815286,-2.0973590852939257,False,0.0,,0.0,0.0
46.0,1,3,Sat 1 - Ground B,ground,2802.7207666188465,-1.9805810191542206,False,0.0,,0.0,0.0
48.0,1,3,Sat 1 - Ground B,ground,2788.6041018887736,-1.8632636861691827,False,0.0,,0.0,0.0
50.0,1,3,Sat 1 - Ground B,ground,2774.4864946857206,-1.7453988173155972,False,0.0,,0.0,0.0
52.0,1,3,Sat 1 - Ground B,ground,2760.368000471824,-1.6269779756355385,False,0.0,,0.0,0.0
54.0,1,3,Sat 1 - Ground B,ground,2746.2486754965184,-1.5079925520032509,False,0.0,,0.0,0.0
56.0,1,3,Sat 1 - Ground B,ground,2732.128576816708,-1.3884337607652706,False,0.0,,0.0,0.0
58.0,1,3,Sat 1 - Ground B,ground,2718.0077623175653,-1.268292635248991,False,0.0,,0.0,0.0
60.0,1,3,Sat 1 - Ground B,ground,2703.8862907339694,-1.1475600231353191,False,0.0,,0.0,0.0
62.0,1,3,Sat 1 - Ground B,ground,2689.764221672614,-1.0262265816905647,False,0.0,,0.0,0.0
64.0,1,3,Sat 1 - Ground B,ground,2675.6416156348096,-0.9042827728526281,False,0.0,,0.0,0.0
66.0,1,3,Sat 1 - Ground B,ground,2661.5185340400003,-0.7817188581664719,False,0.0,,0.0,0.0
68.0,1,3,Sat 1 - Ground B,ground,2647.395039250023,-0.658524893563332,False,0.0,,0.0,0.0
70.0,1,3,Sat 1 - Ground B,ground,2633.2711945941396,-0.5346907239782146,False,0.0,,0.0,0.0
72.0,1,3,Sat 1 - Ground B,ground,2619.1470643948674,-0.4102059777999672,False,0.0,,0.0,0.0
74.0,1,3,Sat 1 - Ground B,ground,2605.0227139946383,-0.2850600611477576,False,0.0,,0.0,0.0
76.0,1,3,Sat 1 - Ground B,ground,2590.8982097833127,-0.1592421519678158,False,0.0,,0.0,0.0
78.0,1,3,Sat 1 - Ground B,ground,2576.7736192265947,-0.03274119394388163,False,0.0,,0.0,0.0
80.0,1,3,Sat 1 - Ground B,ground,2562.64901089536,0.09445410978552227,False,0.0,,0.0,0.0
82.0,1,3,Sat 1 - Ground B,ground,2548.5244544959546,0.22235530310969126,False,0.0,,0.0,0.0
84.0,1,3,Sat 1 - Ground B,ground,2534.400020901481,0.35097418363603755,False,0.0,,0.0,0.0
86.0,1,3,Sat 1 - Ground B,ground,2520.2757821841246,0.48032280959548235,False,0.0,,0.0,0.0
88.0,1,3,Sat 1 - Ground B,ground,2506.151811648551,0.6104135069708777,False,0.0,,0.0,0.0
90.0,1,3,Sat 1 - Ground B,ground,2492.028183866416,0.7412588768567662,False,0.0,,0.0,0.0
92.0,1,3,Sat 1 - Ground B,ground,2477.9049747120407,0.872871803059465,False,0.0,,0.0,0.0
94.0,1,3,Sat 1 - Ground B,ground,2463.782261399283,1.0052654599457769,False,0.0,,0.0,0.0
96.0,1,3,Sat 1 - Ground B,ground,2449.6601225196614,1.1384533205505962,False,0.0,,0.0,0.0
98.0,1,3,Sat 1 - Ground B,ground,2435.5386380817795,1.2724491649524041,False,0.0,,0.0,0.0
100.0,1,3,Sat 1 - Ground B,ground,2421.417889552102,1.407267088927481,False,0.0,,0.0,0.0
102.0,1,3,Sat 1 - Ground B,ground,2407.297959897128,1.5429215128929483,False,0.0,,0.0,0.0
104.0,1,3,Sat 1 - Ground B,ground,2393.1789336270344,1.6794271911504177,False,0.0,,0.0,0.0
106.0,1,3,Sat 1 - Ground B,ground,2379.0608968408283,1.8167992214408415,False,0.0,,0.0,0.0
108.0,1,3,Sat 1 - Ground B,ground,2364.9439372730867,1.9550530548237621,False,0.0,,0.0,0.0
110.0,1,3,Sat 1 - Ground B,ground,2350.828144342337,2.09420450589279,False,0.0,,0.0,0.0
112.0,1,3,Sat 1 - Ground B,ground,2336.713609201146,2.2342697633406132,False,0.0,,0.0,0.0
114.0,1,3,Sat 1 - Ground B,ground,2322.600424787992,2.3752654008875282,False,0.0,,0.0,0.0
116.0,1,3,Sat 1 - Ground B,ground,2308.4886858809914,2.5172083885876457,False,0.0,,0.0,0.0
118.0,1,3,Sat 1 - Ground B,ground,2294.3784891535533,2.660116104527672,False,0.0,,0.0,0.0
120.0,1,3,Sat 1 - Ground B,ground,2280.269933232047,2.8040063469339827,False,0.0,,0.0,0.0
122.0,1,3,Sat 1 - Ground B,ground,2266.1631187555604,2.9488973467043857,False,0.0,,0.0,0.0
124.0,1,3,Sat 1 - Ground B,ground,2252.0581484378467,3.0948077803815917,False,0.0,,0.0,0.0
126.0,1,3,Sat 1 - Ground B,ground,2237.9551271315418,3.24175678358602,False,0.0,,0.0,0.0
128.0,1,3,Sat 1 - Ground B,ground,2223.8541618947506,3.3897639649269085,False,0.0,,0.0,0.0
130.0,1,3,Sat 1 - Ground B,ground,2209.755362060114,3.53884942041092,False,0.0,,0.0,0.0
132.0,1,3,Sat 1 - Ground B,ground,2195.658839306441,3.689033748368717,False,0.0,,0.0,0.0
134.0,1,3,Sat 1 - Ground B,ground,2181.564707733047,3.840338064920862,False,0.0,,0.0,0.0
136.0,1,3,Sat 1 - Ground B,ground,2167.4730839368817,3.992784020004942,False,0.0,,0.0,0.0
138.0,1,3,Sat 1 - Ground B,ground,2153.3840870925965,4.146393813987768,False,0.0,,0.0,0.0
140.0,1,3,Sat 1 - Ground B,ground,2139.2978390356634,4.301190214886408,False,0.0,,0.0,0.0
142.0,1,3,Sat 1 - Ground B,ground,2125.214464348685,4.457196576223924,False,0.0,,0.0,0.0
144.0,1,3,Sat 1 - Ground B,ground,2111.1340904510407,4.614436855546364,False,0.0,,0.0,0.0
146.0,1,3,Sat 1 - Ground B,ground,2097.0568476920075,4.772935633628628,False,0.0,,0.0,0.0
148.0,1,3,Sat 1 - Ground B,ground,2082.982869447527,4.932718134399092,False,0.0,,0.0,0.0
150.0,1,3,Sat 1 - Ground B,ground,2068.9122922207575,5.093810245612588,False,0.0,,0.0,0.0
152.0,1,3,Sat 1 - Ground B,ground,2054.845255746618,5.256238540304753,False,0.0,,0.0,0.0
154.0,1,3,Sat 1 - Ground B,ground,2040.7819031004658,5.420030299060451,False,0.0,,0.0,0.0
156.0,1,3,Sat 1 - Ground B,ground,2026.7223808111316,5.58521353313182,False,0.0,,0.0,0.0
158.0,1,3,Sat 1 - Ground B,ground,2012.6668389784886,5.7518170084427895,False,0.0,,0.0,0.0
160.0,1,3,Sat 1 - Ground B,ground,1998.6154313957782,5.919870270517964,False,0.0,,0.0,0.0
162.0,1,3,Sat 1 - Ground B,ground,1984.5683156769094,6.089403670377275,False,0.0,,0.0,0.0
164.0,1,3,Sat 1 - Ground B,ground,1970.5256533889633,6.26044839143757,False,0.0,,0.0,0.0
166.0,1,3,Sat 1 - Ground B,ground,1956.4876101901477,6.43303647746641,False,0.0,,0.0,0.0
168.0,1,3,Sat 1 - Ground B,ground,1942.4543559734648,6.607200861634055,False,0.0,,0.0,0.0
170.0,1,3,Sat 1 - Ground B,ground,1928.4260650163544,6.782975396712402,False,0.0,,0.0,0.0
172.0,1,3,Sat 1 - Ground B,ground,1914.402916136607,6.960394886472218,False,0.0,,0.0,0.0
174.0,1,3,Sat 1 - Ground B,ground,1900.3850928548397,7.139495118331824,False,0.0,,0.0,0.0
176.0,1,3,Sat 1 - Ground B,ground,1886.3727835638613,7.3203128973138885,False,0.0,,0.0,0.0
178.0,1,3,Sat 1 - Ground B,ground,1872.366181705254,7.502886081368904,False,0.0,,0.0,0.0
180.0,1,3,Sat 1 - Ground B,ground,1858.365485953527,7.687253618127217,False,0.0,,0.0,0.0
182.0,1,3,Sat 1 - Ground B,ground,1844.3709004082148,7.873455583144438,False,0.0,,0.0,0.0
184.0,1,3,Sat 1 - Ground B,ground,1830.3826347943125,8.061533219708593,False,0.0,,0.0,0.0
186.0,1,3,Sat 1 - Ground B,ground,1816.4009046714584,8.251528980279451,False,0.0,,0.0,0.0
188.0,1,3,Sat 1 - Ground B,ground,1802.4259316523085,8.443486569636084,False,0.0,,0.0,0.0
190.0,1,3,Sat 1 - Ground B,ground,1788.4579436305569,8.637450989810272,False,0.0,,0.0,0.0
192.0,1,3,Sat 1 - Ground B,ground,1774.4971750190934,8.833468586888467,False,0.0,,0.0,0.0
194.0,1,3,Sat 1 - Ground B,ground,1760.543866998812,9.031587099769029,False,0.0,,0.0,0.0
196.0,1,3,Sat 1 - Ground B,ground,1746.5982677786144,9.231855710965066,False,0.0,,0.0,0.0
198.0,1,3,Sat 1 - Ground B,ground,1732.6606328671814,9.434325099548255,False,0.0,,0.0,0.0
200.0,1,3,Sat 1 - Ground B,ground,1718.7312253571235,9.639047496333811,False,0.0,,0.0,0.0
202.0,1,3,Sat 1 - Ground B,ground,1704.8103162221487,9.846076741410887,False,0.0,,0.0,0.0
204.0,1,3,Sat 1 - Ground B,ground,1690.898184627924,10.055468344128654,True,3.9165562699715425e-05,0.059942835066587846,53.99576635817282,53.99576635817282
206.0,1,3,Sat 1 - Ground B,ground,1676.9951182573654,10.267279545653798,True,4.173009896777085e-05,0.05742242144774954,72.4329013337626,180.42443405010826
208.0,1,3,Sat 1 - Ground B,ground,1663.101413651089,10.481569384219519,True,4.441680480040303e-05,0.05506832432720988,91.95884238190729,344.81617776577815
210.0,1,3,Sat 1 - Ground B,ground,1649.217376563854,10.698398763193891,True,4.722986232594075e-05,0.05286812601141696,112.6048754422477,549.3798955899331
212.0,1,3,Sat 1 - Ground B,ground,1635.343322337834,10.917830522100271,True,5.017361192342825e-05,0.050810376929831945,134.40357666137038,796.3883476935512
214.0,1,3,Sat 1 - Ground B,ground,1621.4795762936194,11.139929510729,True,5.325256176600413e-05,0.048884527036202496,157.38890541177645,1088.180829766698
216.0,1,3,Sat 1 - Ground B,ground,1607.6264741399132,11.36476266648742,True,5.647139774962254e-05,0.04708085963509168,181.59629805107429,1427.1660332295487
218.0,1,3,Sat 1 - Ground B,ground,1593.7843624029217,11.592399095140854,True,5.9834993827042786e-05,0.04539042823174633,207.06276288068008,1815.825094161303
220.0,1,3,Sat 1 - Ground B,ground,1579.9535988765185,11.822910155105456,True,6.334842276932346e-05,0.043804996778666484,233.82697674997496,2256.714833791958
222.0,1,3,Sat 1 - Ground B,ground,1566.134553094312,12.056369545461113,True,6.701696737805095e-05,0.04231698352192797,261.9293837313043,2752.4711942732374
224.0,1,3,Sat 1 - Ground B,ground,1552.3276068248244,12.29285339786065,True,7.084613217357477e-05,0.04091940852212375,291.41229628112586,3305.8128742856675
226.0,1,3,Sat 1 - Ground B,ground,1538.5331545910508,12.532440372519293,True,7.484165558563504e-05,0.03960584483093435,322.3199992880098,3919.545169854803
228.0,1,3,Sat 1 - Ground B,ground,1524.751604215758,12.775211758477655,True,7.900952267463426e-05,0.03837037323666587,354.69885740171753,4596.564026544531
230.0,1,3,Sat 1 - Ground B,ground,1510.98337739395,13.021251578339507,True,8.335597841286408e-05,0.03720754044538316,388.59742602712254,5339.860309973371
232.0,1,3,Sat 1 - Ground B,ground,1497.2289102940283,13.270646697695248,True,8.788754155666137e-05,0.036112320533188254,424.06656636296185,6152.524302363456
234.0,1,3,Sat 1 - Ground B,ground,1483.4886541892479,13.52348693945048,True,9.261101914163181e-05,0.035080079486385064,461.1595648596397,7037.750433586058
236.0,1,3,Sat 1 - Ground B,ground,1469.7630761211933,13.779865203289667,True,9.753352163443153e-05,0.03410654263647502,499.9322574676689,7998.842255913366
238.0,1,3,Sat 1 - Ground B,ground,1456.0526595970853,14.039877590514026,True,0.00010266247877575637,0.03318776479390941,540.4431590457206,9039.217672426756
240.0,1,3,Sat 1 - Ground B,ground,1442.3579053228354,14.303623534501986,True,0.0001080056561503194,0.032320102886383956,582.7535982957633,10162.41442976824
242.0,1,3,Sat 1 - Ground B,ground,1428.6793319739095,14.571205937052842,True,0.00011357117252066571,0.031500190912784706,626.9278585920155,11372.095886656018
244.0,1,3,Sat 1 - Ground B,ground,1415.01747700615,14.84273131088103,True,0.00011936751796236279,0.03072491703162218,673.0333250677359,12672.057070315768
246.0,1,3,Sat 1 - Ground B,ground,1401.3728975088814,15.118309928542216,True,0.00012540357283901944,0.029991402611981157,721.1406383239353,14066.23103370744
248.0,1,3,Sat 1 - Ground B,ground,1387.7461711027186,15.398055978079258,True,0.00013168862765625735,0.029296983085129225,771.3238551230315,15558.695527154407
250.0,1,3,Sat 1 - Ground B,ground,1374.137896884689,15.682087725688419,True,0.00013823240383349086,0.028639190445546036,823.6606164226984,17153.679998700136
252.0,1,3,Sat 1 - Ground B,ground,1360.548696423413,15.970527685714325,True,0.0001450450754332588,0.028015737260659535,878.2323231072107,18855.572938230045
254.0,1,3,Sat 1 - Ground B,ground,1346.9792148072604,16.263502798292077,True,0.00015213729188683976,0.02742450205913012,935.1243197610437,20668.9295810983
256.0,1,3,Sat 1 - Ground B,ground,1333.430121748594,16.561144614963755,True,0.00015952020175453887,0.02686351597760353,994.4260868227701,22598.479987682113
258.0,1,3,Sat 1 - Ground B,ground,1319.9021127473723,16.863589492603854,True,0.00016720547755793503,0.02633095055552461,1056.2314414449145,24649.1375159498
260.0,1,3,Sat 1 - Ground B,ground,1306.3959103176087,17.170978795995833,True,0.00017520534171953619,0.02582510657676035,1120.6387473674788,26826.007704762193
262.0,1,3,Sat 1 - Ground B,ground,1292.9122652803917,17.483459109407274,True,0.00018353259364292524,0.02534440386535392,1187.7511340909493,29134.39758622062
264.0,1,3,Sat 1 - Ground B,ground,1279.4519581273732,17.80118245751567,True,0.00019220063796353075,0.02488737195071184,1257.676725608254,31579.825445919825
266.0,1,3,Sat 1 - Ground B,ground,1266.0158004588995,18.12430653603931,True,0.0002012235139957829,0.024452641524956693,1330.5288789175463,34168.03105044563
268.0,1,3,Sat 1 - Ground B,ground,1252.6046365011798,18.45299495242733,True,0.00021061592639780432,0.024038936621988676,1406.4264324982732,36904.98636186145
270.0,1,3,Sat 1 - Ground B,ground,1239.2193447071663,18.787417476961306,True,0.0002203932770677503,0.023645067454128033,1485.4939648741895,39796.90675923391
272.0,1,3,Sat 1 - Ground B,ground,1225.8608394460848,19.127750304614366,True,0.0002305716982787477,0.023269923847946673,1567.8620633271823,42850.262787435284
274.0,1,3,Sat 1 - Ground B,ground,1212.5300727868382,19.47417632800376,True,0.00024116808704924145,0.02291246922620721,1653.6676027419408,46071.79245350441
276.0,1,3,Sat 1 - Ground B,ground,1199.2280363808213,19.82688542175968,True,0.0002522001407346198,0.0225717350876257,1743.0540344712954,49468.51409071765
278.0,1,3,Sat 1 - Ground B,ground,1185.9557634499786,20.186074738612138,True,0.000263686393811646,0.022246815940592527,1836.1716849942322,53047.73981018317
280.0,1,3,Sat 1 - Ground B,ground,1172.7143308862712,20.55194901747248,True,0.0002756462558111185,0.021936864650975038,1933.178064006459,56817.08955918386
282.0,1,3,Sat 1 - Ground B,ground,1159.5048614690613,20.924720903752206,True,0.0002881000503343494,0.021641088167775713,2034.238181420976,60784.5058046113
284.0,1,3,Sat 1 - Ground B,ground,1146.328526207257,21.304611282119726,True,0.00030106905506647173,0.02135874359371514,2139.524872571386,64958.26885860366
286.0,1,3,Sat 1 - Ground B,ground,1133.1865468134233,21.69184962184306,True,0.0003145755426717019,0.021089134570832373,2249.219130682714,69347.01286185776
288.0,1,3,Sat 1 - Ground B,ground,1120.0801983174333,22.08667433480321,True,0.00032864282242463575,0.020831607953902192,2363.510445420824,73959.7424379613
290.0,1,3,Sat 1 - Ground B,ground,1107.0108118275966,22.4893331461842,True,0.0003432952823939089,0.020585550746955946,2482.597146023172,78805.8500294053
292.0,1,3,Sat 1 - Ground B,ground,1093.9797774475678,22.90008347775311,True,0.00035855843195158033,0.020350387280428366,2606.6867471627793,83895.13392259125
294.0,1,3,Sat 1 - Ground B,ground,1080.9885473577249,23.31919284353215,True,0.00037445894433145406,0.02012557660848524,2735.996295287849,89237.81696504189
296.0,1,3,Sat 1 - Ground B,ground,1068.0386390700462,23.746939257532294,True,0.0003910246989007672,0.0199106101079399,2870.752712699638,94844.56597302937
298.0,1,3,Sat 1 - Ground B,ground,1055.1316388658831,24.183611653061543,True,0.0004082848227432791,0.0197050092618245,3011.1931360891367,100726.51182181815
300.0,1,3,Sat 1 - Ground B,ground,1042.26920542635,24.629510312938734,True,0.0004262697310733719,0.019508323612211567,3157.5652456130874,106895.27020352037
302.0,1,3,Sat 1 - Ground B,ground,1029.4530736653535,25.08494730972764,True,0.00044501116591274083,0.01932012886824223,3310.127579871195,113362.96302900465
304.0,1,3,Sat 1 - Ground B,ground,1016.6850587755464,25.550246954857144,True,0.00046454223235820687,0.019140025156576052,3469.149831305435,120142.24044018128
306.0,1,3,Sat 1 - Ground B,ground,1003.9670604977194,26.02574625520197,True,0.00048489743165324974,0.018967635402598906,3634.9131155959353,127246.30338708265
308.0,1,3,Sat 1 - Ground B,ground,991.3010676242774,26.51179537536215,True,0.0005061126901422144,0.018802603831757473,3807.7102075371035,134688.9267102157
310.0,1,3,Sat 1 - Ground B,ground,978.6891627475203,27.00875810349027,True,0.0005282253830354122,0.01864459458131468,3987.8457346472114,142484.4826524
312.0,1,3,Sat 1 - Ground B,ground,966.1335272634186,27.517012318069035,True,0.0005512743517410124,0.01849329041367253,4175.636318357994,150647.9647054052
314.0,1,3,Sat 1 - Ground B,ground,953.6364466414072,28.03695045252751,True,0.0005752999133266258,0.01834839152316957,4371.41065105524,159195.01167481844
316.0,1,3,Sat 1 - Ground B,ground,941.200315970416,28.568979953997747,True,0.0006003438604542342,0.018209614428964932,4575.509495451514,168141.93182132518
318.0,1,3,Sat 1 - Ground B,ground,928.8276457908343,29.113523731841646,True,0.0006264494498875842,0.01807669094725117,4788.2855907756575,177505.72690755237
320.0,1,3,Sat 1 - Ground B,ground,916.5210682214022,29.67102059081702,True,0.0006536613773972368,0.017949367236616297,5010.103448027166,187304.1159463552
322.0,1,3,Sat 1 - Ground B,ground,904.2833433890221,30.241925642885118,True,0.0006820257365835127,0.017827402910901968,5241.339014053591,197555.55840843596
324.0,1,3,Sat 1 - Ground B,ground,892.1173661681629,30.826710690684276,True,0.0007115899588007465,0.01771057021438116,5482.37918145864,208279.27660394818
326.0,1,3,Sat 1 - Ground B,ground,880.0261732348463,31.42586457459227,True,0.0007424027309944947,0.017598653254517385,5733.621118312691,219495.27690371952
328.0,1,3,Sat 1 - Ground B,ground,868.0129504380951,32.03989347406247,True,0.0007745138878590621,0.017491447287959393,5995.4713883357,231224.36941036792
330.0,1,3,Sat 1 - Ground B,ground,856.0810404890344,32.66932115253433,True,0.0008079742742808596,0.017388758055795348,6268.344828613618,243488.18562731723
332.0,1,3,Sat 1 - Ground B,ground,844.2339509646466,33.314689133679266,True,0.0008428355735627705,0.017290401164412002,6552.663148067493,256309.19360399834
334.0,1,3,Sat 1 - Ground B,ground,832.475362619191,33.976556795034234,True,0.000879150096419416,0.017196201508616116,6848.853205766686,269710.7099578325
336.0,1,3,Sat 1 - Ground B,ground,820.8091379916091,34.655501363194446,True,0.0009169705252086914,0.017105992733942504,7157.344923891948,283716.9080874912
338.0,1,3,Sat 1 - Ground B,ground,809.2393302915397,35.35211779267307,True,0.0009563496073192416,0.017019616735332005,7478.568785695035,298352.8217970782
340.0,1,3,Sat 1 - Ground B,ground,797.7701925399303,36.06701850829506,True,0.000997339791085947,0.016936923189589684,7812.952864325706,313644.3434470989
342.0,1,3,Sat 1 - Ground B,ground,786.4061869323112,36.80083298856736,True,0.001039992797065595,0.016857769119248703,8160.919323983265,329618.2156354079
344.0,1,3,Sat 1 - Ground B,ground,775.1519943836724,37.554207164880964,True,0.001084359116999919,0.01678201848565495,8522.880330719721,346302.0152901109
346.0,1,3,Sat 1 - Ground B,ground,764.0125242031796,38.327802608659546,True,0.0011304874323430354,0.01670954180926961,8899.233306538168,363724.1289273688
348.0,1,3,Sat 1 - Ground B,ground,752.9929238347363,39.122295475713585,True,0.001178423943877175,0.016640215815347522,9290.355457537244,381913.7176914442
350.0,1,3,Sat 1 - Ground B,ground,742.098588585324,39.93837517412631,True,0.0012282116037225903,0.016573923103300258,9696.597505061309,400900.67065404274
352.0,1,3,Sat 1 - Ground B,ground,731.3351712471023,40.776742719053296,True,0.0012798892410220224,0.016510551838189978,10118.276548595682,420715.54470769974
354.0,1,3,Sat 1 - Ground B,ground,720.7085915012491,41.6381087349431,True,0.0013334905728091427,0.016449995462927382,10555.667991002047,441389.48924729746
356.0,1,3,Sat 1 - Ground B,ground,710.2250449713778,42.52319106298983,True,0.0013890430921330744,0.016392152429863593,11008.996461268684,462954.1536995682
358.0,1,3,Sat 1 - Ground B,ground,699.891011772028,43.43271192924695,True,0.001446566826496351,0.016336925950572706,11478.425677978334,485441.5758388152
360.0,1,3,Sat 1 - Ground B,ground,689.7132643732393,44.367394626936516,True,0.0015060729611744564,0.016284223762719943,11964.047209015558,508884.0487258091
362.0,1,3,Sat 1 - Ground B,ground,679.6988745755494,45.3279596652868,True,0.001567562324132749,0.01623395791300235,12465.868100554859,533313.9640353795
364.0,1,3,Sat 1 - Ground B,ground,669.855219361301,46.31512033697729,True,0.001631023732170101,0.016186044555229737,12983.79737214428,558763.6295080786
366.0,1,3,Sat 1 - Ground B,ground,660.1899853579969,47.3295776572512,True,0.0016964322017169924,0.016140403762692025,13517.631405701291,585265.0582859241
368.0,1,3,Sat 1 - Ground B,ground,650.7111716183174,48.372014630315505,True,0.001763747032533711,0.016096959354027364,14067.038295567234,612849.7279871927
370.0,1,3,Sat 1 - Ground B,ground,641.4270903898558,49.443089803160994,True,0.0018329097785021614,0.016055638731868344,14631.541275329655,641548.3075580896
372.0,1,3,Sat 1 - Ground B,ground,632.3463655166822,50.543430073815465,True,0.001903842126871263,0.016016372733602183,15210.501395642801,671390.350229062
374.0,1,3,Sat 1 - Ground B,ground,623.4779280856579,51.67362273072806,True,0.0019764437157584677,0.015979095493630063,15803.099696229168,702403.951320934
376.0,1,3,Sat 1 - Ground B,ground,614.8310089045642,52.83420671291101,True,0.0020505899294049833,0.015943744316558824,16408.319194438038,734615.3702116013
378.0,1,3,Sat 1 - Ground B,ground,606.4151273784188,54.02566309706123,True,0.0021261297215472916,0.015910259560795312,17024.927101501296,768048.6165075406
380.0,1,3,Sat 1 - Ground B,ground,598.2400763369767,55.24840483850377,True,0.0022028835290748678,0.01587858453205054,17651.457774103877,802725.0013831458
382.0,1,3,Sat 1 - Ground B,ground,590.315902362924,56.502765817709665,True,0.002280641350556255,0.01584866538628772,18286.19701032624,838662.656167576
384.0,1,3,Sat 1 - Ground B,ground,582.6528811793582,57.78898927344081,True,0.002359161076701205,0.01582045104167194,18927.16840107599,875876.0215789782
386.0,1,3,Sat 1 - Ground B,ground,575.2614876798932,59.10721573715019,True,0.0024381671716772867,0.015793893099097,19572.122545024762,914375.3125250789
388.0,1,3,Sat 1 - Ground B,ground,568.1523602280317,60.45747062071088,True,0.002517349814502162,0.015768945770876553,20218.530019344005,954165.9650894477
390.0,1,3,Sat 1 - Ground B,ground,561.3362589173701,61.839651650087085,True,0.002596364617376887,0.01574556581719348,20863.579061114426,995248.0741699061
392.0,1,3,Sat 1 - Ground B,ground,554.8240175732078,63.253516380016684,True,0.00267483304153415,0.01572371248990327,21504.178944731775,1037615.8321757523
394.0,1,3,Sat 1 - Ground B,ground,548.6264893912034,64.69867006746455,True,0.002752343629568706,0.015703347483283562,22136.97002766741,1081256.9811481514
396.0,1,3,Sat 1 - Ground B,ground,542.7544862508414,66.1745542223867,True,0.0028284541648972428,0.015684434891314925,22758.341369132424,1126152.2925449512
398.0,1,3,Sat 1 - Ground B,ground,537.2187119101828,67.68043619056714,True,0.0029026948526955382,0.015666941171066946,23364.456693182132,1172275.0906072657
400.0,1,3,Sat 1 - Ground B,ground,532.0296894817137,69.21540015193048,True,0.0029745725913999325,0.01565083511175009,23951.289261543006,1219590.836561991
402.0,1,3,Sat 1 - Ground B,ground,527.19768380294,70.77833993548677,True,0.003043576369147489,0.015636087808978526,24514.665937923004,1268056.791761457
404.0,1,3,Sat 1 - Ground B,ground,522.7326195434017,72.36795405558507,True,0.003109183775554751,0.01562267264377425,25050.320366315224,1317621.7780656952
406.0,1,3,Sat 1 - Ground B,ground,518.6439961234275,73.98274336031052,True,0.003170868567066351,0.01561056526582844,25553.954759532735,1368226.053191543
408.0,1,3,Sat 1 - Ground B,ground,514.9408007484525,75.62101164909427,True,0.0032281091657915973,0.015599743580525462,26021.309317658797,1419801.3172687346
410.0,1,3,Sat 1 - Ground B,ground,511.63142107336245,77.28086956126593,True,0.0032803979103897627,0.015590187739228269,26448.237794593402,1472270.8643809867
412.0,1,3,Sat 1 - Ground B,ground,508.72355919056224,78.96024196001423,True,0.0033272508171953985,0.015581880132324165,26830.787237379114,1525549.889412959
414.0,1,3,Sat 1 - Ground B,ground,506.224148768988,80.65687893824212,True,0.0033682175551508456,0.015574805384538069,27165.279476387834,1579545.956126726
416.0,1,3,Sat 1 - Ground B,ground,504.1392772461842,82.36837045711447,True,0.00340289129432571,0.01556895035203777,27448.391586375204,1634159.627189489
418.0,1,3,Sat 1 - Ground B,ground,502.4741149805097,84.09216449949123,True,0.0034309180597636574,0.015564304120883346,27677.232309025538,1689285.2510848898
420.0,1,3,Sat 1 - Ground B,ground,501.23285319797225,85.82558848536088,True,0.0034520052142599485,0.01556085800641151,27849.411360897848,1744811.894754813
422.0,1,3,Sat 1 - Ground B,ground,500.41865241467883,87.5658735625345,True,0.0034659287082431838,0.015558605553195189,27963.09866959125,1800624.4047853022
424.0,1,3,Sat 1 - Ground B,ground,500.03360278346446,89.3101812616165,True,0.0034725387731751644,0.015557542535277956,28017.070893368993,1856604.5743482625
426.0,1,3,Sat 1 - Ground B,ground,500.07869750938556,88.94436810202372,True,0.003471763795592335,0.01555766695645223,28010.74307560606,1912632.3883172376
428.0,1,3,Sat 1 - Ground B,ground,500.5538201163458,87.20066597737485,True,0.0034636121886947955,0.015558979050425137,27944.18393749857,1968587.3153303422
430.0,1,3,Sat 1 - Ground B,ground,501.45774594374194,85.46158582552387,True,0.0034481721718297533,0.015561481280798008,27818.114076224145,2024349.613344065
432.0,1,3,Sat 1 - Ground B,ground,502.7881578284657,83.72995382785972,True,0.0034256094684733487,0.015565178340867973,27633.887155228826,2079801.6145755178
434.0,1,3,Sat 1 - Ground B,ground,504.5416755063967,82.00852079472337,True,0.003396163032759243,0.015570077153343397,27393.45498615642,2134828.956716903
436.0,1,3,Sat 1 - Ground B,ground,506.71389787114066,80.29993595809209,True,0.003360139005708808,0.01557618687014552,27099.318146600825,2189321.7298496603
438.0,1,3,Sat 1 - Ground B,ground,509.2994568762393,78.60672324517165,True,0.003317903178491408,0.01558351887254241,26754.464400426114,2243175.512396687
440.0,1,3,Sat 1 - Ground B,ground,512.2920815773572,76.9312605190536,True,0.0032698722962499105,0.015592086771929033,26362.297646709067,2296292.2744438224
442.0,1,3,Sat 1 - Ground B,ground,515.6846705945668,75.27576214563179,True,0.003216504569333265,0.015601906411624128,25926.56039544411,2348581.1324859755
444.0,1,3,Sat 1 - Ground B,ground,519.4693711383658,73.64226511117845,True,0.0031582897684368947,0.015612995870102519,25451.25284690918,2399958.945728329
446.0,1,3,Sat 1 - Ground B,ground,523.6376626871755,72.0326187806582,True,0.0030957392675620343,0.015625375466116875,24940.551548483898,2450350.750123722
448.0,1,3,Sat 1 - Ground B,ground,528.1804434244317,70.44847826047553,True,0.0030293763669813124,0.015639067766189476,24398.730343215535,2499690.0320154214
450.0,1,3,Sat 1 - Ground B,ground,533.0881176315926,68.89130121703762,True,0.0029597271819233376,0.01565409759496859,23830.085944398903,2547918.848303036
452.0,1,3,Sat 1 - Ground B,ground,538.3506823776238,67.3623479086893,True,0.00288731232643581,0.015670492048952062,23238.870010531056,2594987.8042579656
454.0,1,3,Sat 1 - Ground B,ground,543.9578120325073,65.86268411586524,True,0.00281263956094548,0.015688280514077318,22629.229096845498,2640855.9033653424
456.0,1,3,Sat 1 - Ground B,ground,549.8989393478141,64.39318660356254,True,0.002736197510996879,0.0157074946876717,22005.15336076445,2685490.285822952
458.0,1,3,Sat 1 - Ground B,ground,556.1633320779634,62.95455072082211,True,0.00265845050741614,0.015728168605243228,21370.434430875364,2728865.873614592
460.0,1,3,Sat 1 - Ground B,ground,562.7401643490715,61.54729973194074,True,0.0025798345475494737,0.015750338672579335,20728.632435624542,2770964.940481092
462.0,1,3,Sat 1 - Ground B,ground,569.618582207986,60.1717954809085,True,0.0025007543351432218,0.015774043703604558,20083.05184413954,2811776.624760856
464.0,1,3,Sat 1 - Ground B,ground,576.7877629940903,58.82825001088506,True,0.0024215813237066547,0.015799324964433918,19436.725504315007,2851296.4021093105
466.0,1,3,Sat 1 - Ground B,ground,584.2369683648869,57.51673779102125,True,0.00234265266487875,0.015826226224045156,18792.406072906302,2889525.5336865317
468.0,1,3,Sat 1 - Ground B,ground,591.9555909696496,56.23720824035327,True,0.002264270948784548,0.015854793811983316,18152.56391377637,2926470.5036732145
470.0,1,3,Sat 1 - Ground B,ground,599.9331949018278,54.98949827987765,True,0.0021867046165677585,0.015885076683504137,17519.39048505983,2962142.4580720505
472.0,1,3,Sat 1 - Ground B,ground,608.1595501703943,53.77334468672069,True,0.0021101889249098863,0.015917126492560343,16894.806233092902,2996556.654790203
474.0,1,3,Sat 1 - Ground B,ground,616.6246615141183,52.58839606649084,True,0.002034927346990911,0.01595099767303818,16280.472049050688,3029731.9330723467
476.0,1,3,Sat 1 - Ground B,ground,625.3187919428608,51.4342242998782,True,0.0019610933026498723,0.015986747528658876,15677.803412195186,3061690.2085335925
478.0,1,3,Sat 1 - Ground B,ground,634.2324814292139,50.31033535624868,True,0.001888832121216142,0.016024436331972765,15087.986431255973,3092455.9983770438
480.0,1,3,Sat 1 - Ground B,ground,643.3565611949593,49.21617939968521,True,0.0018182631525348145,0.016064127432892965,14511.995094009268,3122055.979902309
482.0,1,3,Sat 1 - Ground B,ground,652.6821640430717,48.151160141306235,True,0.0017494819542324725,0.016105887377239482,13950.609137480407,3150518.5841337987
484.0,1,3,Sat 1 - Ground B,ground,662.2007311801852,47.1146434156908,True,0.001682562495591818,0.016149786035794082,13404.432051895015,3177873.625323174
486.0,1,3,Sat 1 - Ground B,ground,671.9040159593469,46.10596497898962,True,0.0016175593300379707,0.016195896744402707,12873.908826564355,3204151.966201633
488.0,1,3,Sat 1 - Ground B,ground,681.7840849509441,45.12443754209558,True,0.0015545096988717083,0.01624429645570201,12359.343132752047,3229385.2181609496
490.0,1,3,Sat 1 - Ground B,ground,691.8333167229569,44.16935706445897,True,0.001493435538322775,0.016295065903094614,11860.913715659059,3253605.475009361
492.0,1,3,Sat 1 - Ground B,ground,702.0443986820742,43.24000834319601,True,0.0014343453701694444,0.016348289777649256,11378.689834413295,3276845.078559433
494.0,1,3,Sat 1 - Ground B,ground,712.4103222959897,42.3356699384831,True,0.001377236063077185,0.016404056918660412,10912.64564534799,3299136.4140391946
496.0,1,3,Sat 1 - Ground B,ground,722.9243769856994,41.455618480305404,True,0.0013220944575095,0.016462460518667683,10462.673470392023,3320511.733154935
498.0,1,3,Sat 1 - Ground B,ground,733.5801429456221,40.59913240382127,True,0.0012688988516599132,0.016523598343804544,10028.595929911846,3341003.0025552385
500.0,1,3,Sat 1 - Ground B,ground,744.3714831195557,39.76549516130297,True,0.0012176203494565123,0.01658757297042414,9610.176948745144,3360641.7754338956
502.0,1,3,Sat 1 - Ground B,ground,755.292534532373,38.95399795813969,True,0.001168224074431097,0.016654492039035247,9207.131666528485,3379459.0840491694
504.0,1,3,Sat 1 - Ground B,ground,766.3376991511337,38.163942059018986,True,0.0011206702552513938,0.016724468526672427,8819.135299786838,3397485.351015485
506.0,1,3,Sat 1 - Ground B,ground,777.501634425253,37.3946407083947,True,0.0010749151901050468,0.016797621038925386,8445.831014587768,3414750.3173298594
508.0,1,3,Sat 1 - Ground B,ground,788.779243633482,36.6454207068839,True,0.0010309120980129978,0.01687407412296172,8086.8368758050265,3431282.985220252
510.0,1,3,Sat 1 - Ground B,ground,800.1656661457868,35.91562368249589,True,0.0009886118656356408,0.016953958602995374,7741.751942987534,3447111.574039045
512.0,1,3,Sat 1 - Ground B,ground,811.656267690615,35.204607092695404,True,0.0009479636983051898,0.017037411939782126,7410.161584204872,3462263.4875662373
514.0,1,3,Sat 1 - Ground B,ground,823.2466307025263,34.5117449903556,True,0.0009089156839461359,0.017124578615864392,7091.642078643655,3476765.291229086
516.0,1,3,Sat 1 - Ground B,ground,834.9325448114804,33.83642858373722,True,0.0008714152782958075,0.017215610548439952,6785.764576678751,3490642.6978844083
518.0,1,3,Sat 1 - Ground B,ground,846.709997523152,33.178066617790876,True,0.0008354097194603185,0.017310667531893704,6492.098483057919,3503920.560944145
520.0,1,3,Sat 1 - Ground B,ground,858.5751651293297,32.536085601374076,True,0.000800846379376401,0.017409917712216495,6210.21432503579,3516622.8737522387
522.0,1,3,Sat 1 - Ground B,ground,870.5244038785415,31.90992990241707,True,0.00076767305923574,0.017513538095728955,5939.686163090857,3528772.7742403653
524.0,1,3,Sat 1 - Ground B,ground,882.5542414294648,31.29906173068524,True,0.0007358382353854204,0.017621715094745288,5680.0935974200875,3540392.5540008764
526.0,1,3,Sat 1 - Ground B,ground,894.6613686031917,30.702961025583924,True,0.0007052912616690025,0.017734645113047915,5431.023418918085,3551503.6710172147
528.0,1,3,Sat 1 - Ground B,ground,906.8426314449962,30.121125264423796,True,0.0006759825336321822,0.017852535174299383,5192.070948930758,3562126.7653850634
530.0,1,3,Sat 1 - Ground B,ground,919.095023601682,29.55306920472337,True,0.0006478636194938119,0.01797560359680139,4962.841107798831,3572281.677441793
532.0,1,3,Sat 1 - Ground B,ground,931.4156790167953,28.998324572450237,True,0.0006208873622869318,0.018104080718316835,4742.949248153728,3581987.4677977455
534.0,1,3,Sat 1 - Ground B,ground,943.8018649428869,28.45643970659861,True,0.0005950079571082374,0.018238209675008017,4532.021785120134,3591262.438831019
536.0,1,3,Sat 1 - Ground B,ground,956.2509752674843,27.92697916914615,True,0.0005701810069813062,0.018378247238915325,4329.696652042104,3600124.1572681814
538.0,1,3,Sat 1 - Ground B,ground,968.7605241473698,27.409523328226157,True,0.0005463635604412667,0.018524464718802026,4135.623607102237,3608589.477527326
540.0,1,3,Sat 1 - Ground B,ground,981.3281399442151,26.903667921275662,True,0.0005235141335837738,0.01867714892963999,3949.4644132241806,3616674.5655476525
542.0,1,3,Sat 1 - Ground B,ground,993.951559453317,26.409023603965746,True,0.0005015927189916436,0.018836603236495185,3770.8929109581427,3624394.922871835
544.0,1,3,Sat 1 - Ground B,ground,1006.6286224162966,25.925215489878948,True,0.0004805607836542198,0.019003148679107993,3599.5950016134993,3631765.4107844066
546.0,1,3,Sat 1 - Ground B,ground,1019.3572663079244,25.451882685154125,True,0.0004603812577267828,0.01917712518405293,3435.2685557165228,3638800.2743417365
548.0,1,3,Sat 1 - Ground B,ground,1032.1355213867748,24.988677821668475,True,0.0004410185157376942,0.019358892872012496,3277.623259914871,3645513.1661573676
550.0,1,3,Sat 1 - Ground B,ground,1044.9615059991488,24.535266591754823,True,0.000422438351638815,0.01954883346840486,3126.380413718587,3651917.169831001
552.0,1,3,Sat 1 - Ground B,ground,1057.833422125551,24.09132728695214,True,0.0004046079489047545,0.019747351826395775,2981.272685916354,3658024.8229306364
554.0,1,3,Sat 1 - Ground B,ground,1070.749551159009,23.656550342854935,True,0.00038749584671975005,0.019954877572185614,2842.0438391446296,3663848.1394556975
556.0,1,3,Sat 1 - Ground B,ground,1083.7082499046178,23.230637891747538,True,0.0003710719031438564,0.020171866883409974,2708.4484298862426,3669398.6317247283
558.0,1,3,Sat 1 - Ground B,ground,1096.7079467898259,22.813303324385508,True,0.00035530725602019123,0.02039880441254361,2580.2514901145432,3674687.3316447292
560.0,1,3,Sat 1 - Ground B,ground,1109.7471382752428,22.404270862002203,True,0.0003401742822716814,0.02063620536835047,2457.228195874351,3679724.811330718
562.0,1,3,Sat 1 - Ground B,ground,1122.8243854559967,22.003275139377504,True,0.00032564655613673445,0.020884617769691378,2339.163527282684,3684521.203053875
564.0,1,3,Sat 1 - Ground B,ground,1135.938310843989,21.61006079959795,True,0.00031169880680647174,0.02114462488740758,2225.851923723949,3689086.2185048815
566.0,1,3,Sat 1 - Ground B,ground,1149.0875953217308,21.224382100959367,True,0.0002983068758510599,0.021416847891543685,2117.0969374011343,3693429.1673660064
568.0,1,3,Sat 1 - Ground B,ground,1162.2709752587914,20.846002536313282,True,0.00028544767475731966,0.021701948722882336,2012.7108878712024,3697558.975191279
570.0,1,3,Sat 1 - Ground B,ground,1175.4872397822558,20.474694465030527,True,0.0002730991428437414,0.02200063320963591,1912.514519735144,3701484.2005988853
572.0,1,3,Sat 1 - Ground B,ground,1188.7352281929748,20.110238757646723,True,0.0002612402057694738,0.022313654452234453,1816.3366652486393,3705213.051783869
574.0,1,3,Sat 1 - Ground B,ground,1202.0138275197216,19.752424453167443,True,0.00024985073481304497,0.022641816501413847,1724.0139132859294,3708753.4023624035
576.0,1,3,Sat 1 - Ground B,ground,1215.3219702037902,19.40104842893226,True,0.00023891150705947147,0.022985978357357963,1635.3902857864769,3712112.806561476
578.0,1,3,Sat 1 - Ground B,ground,1228.6586319068772,19.055915082879554,True,0.00022840416660451743,0.023347058320410407,1550.316922569682,3715298.5137698324
580.0,1,3,Sat 1 - Ground B,ground,1242.0228294354984,18.716836028000298,True,0.00021831118685813018,0.02372603872694809,1468.6517751843444,3718317.4824675866
582.0,1,3,Sat 1 - Ground B,ground,1255.413618775488,18.38362979873127,True,0.0002086158340068776,0.024123971107384522,1390.2593102778621,3721176.393553049
584.0,1,3,Sat 1 - Ground B,ground,1268.8300932304953,18.05612156900508,True,0.0001993021316765173,0.024541981806978478,1315.0102228170358,3723881.663086144
586.0,1,3,Sat 1 - Ground B,ground,1282.2713816587059,17.73414288165003,True,0.00019035482681978278,0.024981278114212278,1242.7811593606866,3726439.4544683215
588.0,1,3,Sat 1 - Ground B,ground,1295.7366468023163,17.41753138881406,True,0.0001817593568412257,0.025443154945985497,1173.4544514753647,3728855.6900791577
590.0,1,3,Sat 1 - Ground B,ground,1309.225083704599,17.10613060307463,True,0.0001735018179598209,0.025929002143788685,1106.9178592936585,3731136.0623899265
592.0,1,3,Sat 1 - Ground B,ground,1322.7359182096811,16.79978965888615,True,0.00016556893480095656,0.0264403124404001,1043.0643251392974,3733286.0445743594
594.0,1,3,Sat 1 - Ground B,ground,1336.2684055404138,16.498363084013082,True,0.0001579480312019187,0.026978690162525455,981.7917370806343,3735310.9006365794
596.0,1,3,Sat 1 - Ground B,ground,1349.8218289499905,16.201710580593144,True,0.00015062700220885053,0.02754586074120732,923.0027022225739,3737215.6950758826
598.0,1,3,Sat 1 - Ground B,ground,1363.3954984431978,15.909696815477618,True,0.00014359428723818209,0.028143681108797933,866.6043295045897,3739005.30210761
600.0,1,3,Sat 1 - Ground B,ground,1376.9887495634289,15.622191219496473,True,0.00013683884437205084,0.028774151068791883,812.5080217420096,3740684.4144588565
-600.0,0,2,Ground A - Sat 2,ground,1376.9887495634289,15.622191219496473,True,0.00013683884437205084,0.028774151068791883,812.5080217420096,0.0
-598.0,0,2,Ground A - Sat 2,ground,1363.3954984431978,15.909696815477618,True,0.00014359428723818209,0.028143681108797933,866.6043295045897,1679.1123512465992
-596.0,0,2,Ground A - Sat 2,ground,1349.8218289499905,16.201710580593144,True,0.00015062700220885053,0.02754586074120732,923.0027022225739,3468.719382973763
-594.0,0,2,Ground A - Sat 2,ground,1336.2684055404138,16.498363084013082,True,0.0001579480312019187,0.026978690162525455,981.7917370806343,5373.513822276971
-592.0,0,2,Ground A - Sat 2,ground,1322.7359182096811,16.79978965888615,True,0.00016556893480095656,0.0264403124404001,1043.0643251392974,7398.369884496902
-590.0,0,2,Ground A - Sat 2,ground,1309.225083704599,17.10613060307463,True,0.0001735018179598209,0.025929002143788685,1106.9178592936585,9548.352068929858
-588.0,0,2,Ground A - Sat 2,ground,1295.7366468023163,17.41753138881406,True,0.0001817593568412257,0.025443154945985497,1173.4544514753647,11828.72437969888
-586.0,0,2,Ground A - Sat 2,ground,1282.2713816587059,17.73414288165003,True,0.00019035482681978278,0.024981278114212278,1242.7811593606866,14244.959990534931
-584.0,0,2,Ground A - Sat 2,ground,1268.8300932304953,18.05612156900508,True,0.0001993021316765173,0.024541981806978478,1315.0102228170358,16802.751372712653
-582.0,0,2,Ground A - Sat 2,ground,1255.413618775488,18.38362979873127,True,0.0002086158340068776,0.024123971107384522,1390.2593102778621,19508.020905807552
-580.0,0,2,Ground A - Sat 2,ground,1242.0228294354984,18.716836028000298,True,0.00021831118685813018,0.02372603872694809,1468.6517751843444,22366.93199126976
-578.0,0,2,Ground A - Sat 2,ground,1228.6586319068772,19.055915082879554,True,0.00022840416660451743,0.023347058320410407,1550.316922569682,25385.900689023787
-576.0,0,2,Ground A - Sat 2,ground,1215.3219702037902,19.40104842893226,True,0.00023891150705947147,0.022985978357357963,1635.3902857864769,28571.607897379945
-574.0,0,2,Ground A - Sat 2,ground,1202.0138275197216,19.752424453167443,True,0.00024985073481304497,0.022641816501413847,1724.0139132859294,31931.012096452352
-572.0,0,2,Ground A - Sat 2,ground,1188.7352281929748,20.110238757646723,True,0.0002612402057694738,0.022313654452234453,1816.3366652486393,35471.36267498692
-570.0,0,2,Ground A - Sat 2,ground,1175.4872397822558,20.474694465030527,True,0.0002730991428437414,0.02200063320963591,1912.514519735144,39200.2138599707
-568.0,0,2,Ground A - Sat 2,ground,1162.2709752587914,20.846002536313282,True,0.00028544767475731966,0.021701948722882336,2012.7108878712024,43125.43926757705
-566.0,0,2,Ground A - Sat 2,ground,1149.0875953217308,21.224382100959367,True,0.0002983068758510599,0.021416847891543685,2117.0969374011343,47255.247092849386
-564.0,0,2,Ground A - Sat 2,ground,1135.938310843989,21.61006079959795,True,0.00031169880680647174,0.02114462488740758,2225.851923723949,51598.19595397447
-562.0,0,2,Ground A - Sat 2,ground,1122.8243854559967,22.003275139377504,True,0.00032564655613673445,0.020884617769691378,2339.163527282684,56163.211404981106
-560.0,0,2,Ground A - Sat 2,ground,1109.7471382752428,22.404270862002203,True,0.0003401742822716814,0.02063620536835047,2457.228195874351,60959.603128138144
-558.0,0,2,Ground A - Sat 2,ground,1096.7079467898259,22.813303324385508,True,0.00035530725602019123,0.02039880441254361,2580.2514901145432,65997.08281412703
-556.0,0,2,Ground A - Sat 2,ground,1083.7082499046178,23.230637891747538,True,0.0003710719031438564,0.020171866883409974,2708.4484298862426,71285.78273412782
-554.0,0,2,Ground A - Sat 2,ground,1070.749551159009,23.656550342854935,True,0.00038749584671975005,0.019954877572185614,2842.0438391446296,76836.27500315869
-552.0,0,2,Ground A - Sat 2,ground,1057.833422125551,24.09132728695214,True,0.0004046079489047545,0.019747351826395775,2981.272685916354,82659.59152821968
-550.0,0,2,Ground A - Sat 2,ground,1044.9615059991488,24.535266591754823,True,0.000422438351638815,0.01954883346840486,3126.380413718587,88767.24462785463
-548.0,0,2,Ground A - Sat 2,ground,1032.1355213867748,24.988677821668475,True,0.0004410185157376942,0.019358892872012496,3277.623259914871,95171.24830148809
-546.0,0,2,Ground A - Sat 2,ground,1019.3572663079244,25.451882685154125,True,0.0004603812577267828,0.01917712518405293,3435.2685557165228,101884.14011711947
-544.0,0,2,Ground A - Sat 2,ground,1006.6286224162966,25.925215489878948,True,0.0004805607836542198,0.019003148679107993,3599.5950016134993,108919.0036744495
-542.0,0,2,Ground A - Sat 2,ground,993.951559453317,26.409023603965746,True,0.0005015927189916436,0.018836603236495185,3770.8929109581427,116289.49158702114
-540.0,0,2,Ground A - Sat 2,ground,981.3281399442151,26.903667921275662,True,0.0005235141335837738,0.01867714892963999,3949.4644132241806,124009.84891120346
-538.0,0,2,Ground A - Sat 2,ground,968.7605241473698,27.409523328226157,True,0.0005463635604412667,0.018524464718802026,4135.623607102237,132094.93693152987
-536.0,0,2,Ground A - Sat 2,ground,956.2509752674843,27.92697916914615,True,0.0005701810069813062,0.018378247238915325,4329.696652042104,140560.2571906742
-534.0,0,2,Ground A - Sat 2,ground,943.8018649428869,28.45643970659861,True,0.0005950079571082374,0.018238209675008017,4532.021785120134,149421.97562783642
-532.0,0,2,Ground A - Sat 2,ground,931.4156790167953,28.998324572450237,True,0.0006208873622869318,0.018104080718316835,4742.949248153728,158696.94666111027
-530.0,0,2,Ground A - Sat 2,ground,919.095023601682,29.55306920472337,True,0.0006478636194938119,0.01797560359680139,4962.841107798831,168402.73701706284
-528.0,0,2,Ground A - Sat 2,ground,906.8426314449962,30.121125264423796,True,0.0006759825336321822,0.017852535174299383,5192.070948930758,178557.64907379245
-526.0,0,2,Ground A - Sat 2,ground,894.6613686031917,30.702961025583924,True,0.0007052912616690025,0.017734645113047915,5431.023418918085,189180.7434416413
-524.0,0,2,Ground A - Sat 2,ground,882.5542414294648,31.29906173068524,True,0.0007358382353854204,0.017621715094745288,5680.0935974200875,200291.86045797946
-522.0,0,2,Ground A - Sat 2,ground,870.5244038785415,31.90992990241707,True,0.00076767305923574,0.017513538095728955,5939.686163090857,211911.64021849041
-520.0,0,2,Ground A - Sat 2,ground,858.5751651293297,32.536085601374076,True,0.000800846379376401,0.017409917712216495,6210.21432503579,224061.54070661706
-518.0,0,2,Ground A - Sat 2,ground,846.709997523152,33.178066617790876,True,0.0008354097194603185,0.017310667531893704,6492.098483057919,236763.85351471076
-516.0,0,2,Ground A - Sat 2,ground,834.9325448114804,33.83642858373722,True,0.0008714152782958075,0.017215610548439952,6785.764576678751,250041.71657444743
-514.0,0,2,Ground A - Sat 2,ground,823.2466307025263,34.5117449903556,True,0.0009089156839461359,0.017124578615864392,7091.642078643655,263919.1232297698
-512.0,0,2,Ground A - Sat 2,ground,811.656267690615,35.204607092695404,True,0.0009479636983051898,0.017037411939782126,7410.161584204872,278420.92689261836
-510.0,0,2,Ground A - Sat 2,ground,800.1656661457868,35.91562368249589,True,0.0009886118656356408,0.016953958602995374,7741.751942987534,293572.8404198108
-508.0,0,2,Ground A - Sat 2,ground,788.779243633482,36.6454207068839,True,0.0010309120980129978,0.01687407412296172,8086.8368758050265,309401.42923860333
-506.0,0,2,Ground A - Sat 2,ground,777.501634425253,37.3946407083947,True,0.0010749151901050468,0.016797621038925386,8445.831014587768,325934.0971289961
-504.0,0,2,Ground A - Sat 2,ground,766.3376991511337,38.163942059018986,True,0.0011206702552513938,0.016724468526672427,8819.135299786838,343199.0634433707
-502.0,0,2,Ground A - Sat 2,ground,755.292534532373,38.95399795813969,True,0.001168224074431097,0.016654492039035247,9207.131666528485,361225.330409686
-500.0,0,2,Ground A - Sat 2,ground,744.3714831195557,39.76549516130297,True,0.0012176203494565123,0.01658757297042414,9610.176948745144,380042.63902495964
-498.0,0,2,Ground A - Sat 2,ground,733.5801429456221,40.59913240382127,True,0.0012688988516599132,0.016523598343804544,10028.595929911846,399681.4119036166
-496.0,0,2,Ground A - Sat 2,ground,722.9243769856994,41.455618480305404,True,0.0013220944575095,0.016462460518667683,10462.673470392023,420172.6813039205
-494.0,0,2,Ground A - Sat 2,ground,712.4103222959897,42.3356699384831,True,0.001377236063077185,0.016404056918660412,10912.64564534799,441548.00041966053
-492.0,0,2,Ground A - Sat 2,ground,702.0443986820742,43.24000834319601,True,0.0014343453701694444,0.016348289777649256,11378.689834413295,463839.3358994218
-490.0,0,2,Ground A - Sat 2,ground,691.8333167229569,44.16935706445897,True,0.001493435538322775,0.016295065903094614,11860.913715659059,487078.9394494942
-488.0,0,2,Ground A - Sat 2,ground,681.7840849509441,45.12443754209558,True,0.0015545096988717083,0.01624429645570201,12359.343132752047,511299.1962979053
-486.0,0,2,Ground A - Sat 2,ground,671.9040159593469,46.10596497898962,True,0.0016175593300379707,0.016195896744402707,12873.908826564355,536532.4482572217
-484.0,0,2,Ground A - Sat 2,ground,662.2007311801852,47.1146434156908,True,0.001682562495591818,0.016149786035794082,13404.432051895015,562810.7891356811
-482.0,0,2,Ground A - Sat 2,ground,652.6821640430717,48.151160141306235,True,0.0017494819542324725,0.016105887377239482,13950.609137480407,590165.8303250566
-480.0,0,2,Ground A - Sat 2,ground,643.3565611949593,49.21617939968521,True,0.0018182631525348145,0.016064127432892965,14511.995094009268,618628.4345565463
-478.0,0,2,Ground A - Sat 2,ground,634.2324814292139,50.31033535624868,True,0.001888832121216142,0.016024436331972765,15087.986431255973,648228.4160818115
-476.0,0,2,Ground A - Sat 2,ground,625.3187919428608,51.4342242998782,True,0.0019610933026498723,0.015986747528658876,15677.803412195186,678994.2059252626
-474.0,0,2,Ground A - Sat 2,ground,616.6246615141183,52.58839606649084,True,0.002034927346990911,0.01595099767303818,16280.472049050688,710952.4813865086
-472.0,0,2,Ground A - Sat 2,ground,608.1595501703943,53.77334468672069,True,0.0021101889249098863,0.015917126492560343,16894.806233092902,744127.7596686522
-470.0,0,2,Ground A - Sat 2,ground,599.9331949018278,54.98949827987765,True,0.0021867046165677585,0.015885076683504137,17519.39048505983,778541.9563868049
-468.0,0,2,Ground A - Sat 2,ground,591.9555909696496,56.23720824035327,True,0.002264270948784548,0.015854793811983316,18152.56391377637,814213.9107856412
-466.0,0,2,Ground A - Sat 2,ground,584.2369683648869,57.51673779102125,True,0.00234265266487875,0.015826226224045156,18792.406072906302,851158.8807723238
-464.0,0,2,Ground A - Sat 2,ground,576.7877629940903,58.82825001088506,True,0.0024215813237066547,0.015799324964433918,19436.725504315007,889388.0123495451
-462.0,0,2,Ground A - Sat 2,ground,569.618582207986,60.1717954809085,True,0.0025007543351432218,0.015774043703604558,20083.05184413954,928907.7896979997
-460.0,0,2,Ground A - Sat 2,ground,562.7401643490715,61.54729973194074,True,0.0025798345475494737,0.015750338672579335,20728.632435624542,969719.4739777638
-458.0,0,2,Ground A - Sat 2,ground,556.1633320779634,62.95455072082211,True,0.00265845050741614,0.015728168605243228,21370.434430875364,1011818.5408442637
-456.0,0,2,Ground A - Sat 2,ground,549.8989393478141,64.39318660356254,True,0.002736197510996879,0.0157074946876717,22005.15336076445,1055194.1286359036
-454.0,0,2,Ground A - Sat 2,ground,543.9578120325073,65.86268411586524,True,0.00281263956094548,0.015688280514077318,22629.229096845498,1099828.5110935136
-452.0,0,2,Ground A - Sat 2,ground,538.3506823776238,67.3623479086893,True,0.00288731232643581,0.015670492048952062,23238.870010531056,1145696.61020089
-450.0,0,2,Ground A - Sat 2,ground,533.0881176315926,68.89130121703762,True,0.0029597271819233376,0.01565409759496859,23830.085944398903,1192765.5661558202
-448.0,0,2,Ground A - Sat 2,ground,528.1804434244317,70.44847826047553,True,0.0030293763669813124,0.015639067766189476,24398.730343215535,1240994.3824434346
-446.0,0,2,Ground A - Sat 2,ground,523.6376626871755,72.0326187806582,True,0.0030957392675620343,0.015625375466116875,24940.551548483898,1290333.664335134
-444.0,0,2,Ground A - Sat 2,ground,519.4693711383658,73.64226511117845,True,0.0031582897684368947,0.015612995870102519,25451.25284690918,1340725.468730527
-442.0,0,2,Ground A - Sat 2,ground,515.6846705945668,75.27576214563179,True,0.003216504569333265,0.015601906411624128,25926.56039544411,1392103.2819728802
-440.0,0,2,Ground A - Sat 2,ground,512.2920815773572,76.9312605190536,True,0.0032698722962499105,0.015592086771929033,26362.297646709067,1444392.1400150335
-438.0,0,2,Ground A - Sat 2,ground,509.2994568762393,78.60672324517165,True,0.003317903178491408,0.01558351887254241,26754.464400426114,1497508.9020621688
-436.0,0,2,Ground A - Sat 2,ground,506.71389787114066,80.29993595809209,True,0.003360139005708808,0.01557618687014552,27099.318146600825,1551362.6846091957
-434.0,0,2,Ground A - Sat 2,ground,504.5416755063967,82.00852079472337,True,0.003396163032759243,0.015570077153343397,27393.45498615642,1605855.457741953
-432.0,0,2,Ground A - Sat 2,ground,502.7881578284657,83.72995382785972,True,0.0034256094684733487,0.015565178340867973,27633.887155228826,1660882.7998833382
-430.0,0,2,Ground A - Sat 2,ground,501.45774594374194,85.46158582552387,True,0.0034481721718297533,0.015561481280798008,27818.114076224145,1716334.801114791
-428.0,0,2,Ground A - Sat 2,ground,500.5538201163458,87.20066597737485,True,0.0034636121886947955,0.015558979050425137,27944.18393749857,1772097.0991285138
-426.0,0,2,Ground A - Sat 2,ground,500.07869750938556,88.94436810202372,True,0.003471763795592335,0.01555766695645223,28010.74307560606,1828052.0261416184
-424.0,0,2,Ground A - Sat 2,ground,500.03360278346446,89.3101812616165,True,0.0034725387731751644,0.015557542535277956,28017.070893368993,1884079.8401105935
-422.0,0,2,Ground A - Sat 2,ground,500.41865241467883,87.5658735625345,True,0.0034659287082431838,0.015558605553195189,27963.09866959125,1940060.0096735538
-420.0,0,2,Ground A - Sat 2,ground,501.23285319797225,85.82558848536088,True,0.0034520052142599485,0.01556085800641151,27849.411360897848,1995872.519704043
-418.0,0,2,Ground A - Sat 2,ground,502.4741149805097,84.09216449949123,True,0.0034309180597636574,0.015564304120883346,27677.232309025538,2051399.1633739662
-416.0,0,2,Ground A - Sat 2,ground,504.1392772461842,82.36837045711447,True,0.00340289129432571,0.01556895035203777,27448.391586375204,2106524.787269367
-414.0,0,2,Ground A - Sat 2,ground,506.224148768988,80.65687893824212,True,0.0033682175551508456,0.015574805384538069,27165.279476387834,2161138.4583321298
-412.0,0,2,Ground A - Sat 2,ground,508.72355919056224,78.96024196001423,True,0.0033272508171953985,0.015581880132324165,26830.787237379114,2215134.525045897
-410.0,0,2,Ground A - Sat 2,ground,511.63142107336245,77.28086956126593,True,0.0032803979103897627,0.015590187739228269,26448.237794593402,2268413.5500778696
-408.0,0,2,Ground A - Sat 2,ground,514.9408007484525,75.62101164909427,True,0.0032281091657915973,0.015599743580525462,26021.309317658797,2320883.0971901217
-406.0,0,2,Ground A - Sat 2,ground,518.6439961234275,73.98274336031052,True,0.003170868567066351,0.01561056526582844,25553.954759532735,2372458.3612673134
-404.0,0,2,Ground A - Sat 2,ground,522.7326195434017,72.36795405558507,True,0.003109183775554751,0.01562267264377425,25050.320366315224,2423062.6363931615
-402.0,0,2,Ground A - Sat 2,ground,527.19768380294,70.77833993548677,True,0.003043576369147489,0.015636087808978526,24514.665937923004,2472627.6226974
-400.0,0,2,Ground A - Sat 2,ground,532.0296894817137,69.21540015193048,True,0.0029745725913999325,0.01565083511175009,23951.289261543006,2521093.577896866
-398.0,0,2,Ground A - Sat 2,ground,537.2187119101828,67.68043619056714,True,0.0029026948526955382,0.015666941171066946,23364.456693182132,2568409.323851591
-396.0,0,2,Ground A - Sat 2,ground,542.7544862508414,66.1745542223867,True,0.0028284541648972428,0.015684434891314925,22758.341369132424,2614532.1219139057
-394.0,0,2,Ground A - Sat 2,ground,548.6264893912034,64.69867006746455,True,0.002752343629568706,0.015703347483283562,22136.97002766741,2659427.4333107057
-392.0,0,2,Ground A - Sat 2,ground,554.8240175732078,63.253516380016684,True,0.00267483304153415,0.01572371248990327,21504.178944731775,2703068.582283105
-390.0,0,2,Ground A - Sat 2,ground,561.3362589173701,61.839651650087085,True,0.002596364617376887,0.01574556581719348,20863.579061114426,2745436.340288951
-388.0,0,2,Ground A - Sat 2,ground,568.1523602280317,60.45747062071088,True,0.002517349814502162,0.015768945770876553,20218.530019344005,2786518.4493694096
-386.0,0,2,Ground A - Sat 2,ground,575.2614876798932,59.10721573715019,True,0.0024381671716772867,0.015793893099097,19572.122545024762,2826309.1019337783
-384.0,0,2,Ground A - Sat 2,ground,582.6528811793582,57.78898927344081,True,0.002359161076701205,0.01582045104167194,18927.16840107599,2864808.392879879
-382.0,0,2,Ground A - Sat 2,ground,590.315902362924,56.502765817709665,True,0.002280641350556255,0.01584866538628772,18286.19701032624,2902021.7582912813
-380.0,0,2,Ground A - Sat 2,ground,598.2400763369767,55.24840483850377,True,0.0022028835290748678,0.01587858453205054,17651.457774103877,2937959.4130757116
-378.0,0,2,Ground A - Sat 2,ground,606.4151273784188,54.02566309706123,True,0.0021261297215472916,0.015910259560795312,17024.927101501296,2972635.797951317
-376.0,0,2,Ground A - Sat 2,ground,614.8310089045642,52.83420671291101,True,0.0020505899294049833,0.015943744316558824,16408.319194438038,3006069.044247256
-374.0,0,2,Ground A - Sat 2,ground,623.4779280856579,51.67362273072806,True,0.0019764437157584677,0.015979095493630063,15803.099696229168,3038280.4631379233
-372.0,0,2,Ground A - Sat 2,ground,632.3463655166822,50.543430073815465,True,0.001903842126871263,0.016016372733602183,15210.501395642801,3069294.0642297952
-370.0,0,2,Ground A - Sat 2,ground,641.4270903898558,49.443089803160994,True,0.0018329097785021614,0.016055638731868344,14631.541275329655,3099136.106900768
-368.0,0,2,Ground A - Sat 2,ground,650.7111716183174,48.372014630315505,True,0.001763747032533711,0.016096959354027364,14067.038295567234,3127834.686471665
-366.0,0,2,Ground A - Sat 2,ground,660.1899853579969,47.3295776572512,True,0.0016964322017169924,0.016140403762692025,13517.631405701291,3155419.3561729332
-364.0,0,2,Ground A - Sat 2,ground,669.855219361301,46.31512033697729,True,0.001631023732170101,0.016186044555229737,12983.79737214428,3181920.784950779
-362.0,0,2,Ground A - Sat 2,ground,679.6988745755494,45.3279596652868,True,0.001567562324132749,0.01623395791300235,12465.868100554859,3207370.450423478
-360.0,0,2,Ground A - Sat 2,ground,689.7132643732393,44.367394626936516,True,0.0015060729611744564,0.016284223762719943,11964.047209015558,3231800.3657330484
-358.0,0,2,Ground A - Sat 2,ground,699.891011772028,43.43271192924695,True,0.001446566826496351,0.016336925950572706,11478.425677978334,3255242.8386200424
-356.0,0,2,Ground A - Sat 2,ground,710.2250449713778,42.52319106298983,True,0.0013890430921330744,0.016392152429863593,11008.996461268684,3277730.2607592894
-354.0,0,2,Ground A - Sat 2,ground,720.7085915012491,41.6381087349431,True,0.0013334905728091427,0.016449995462927382,10555.667991002047,3299294.92521156
-352.0,0,2,Ground A - Sat 2,ground,731.3351712471023,40.776742719053296,True,0.0012798892410220224,0.016510551838189978,10118.276548595682,3319968.8697511577
-350.0,0,2,Ground A - Sat 2,ground,742.098588585324,39.93837517412631,True,0.0012282116037225903,0.016573923103300258,9696.597505061309,3339783.7438048148
-348.0,0,2,Ground A - Sat 2,ground,752.9929238347363,39.122295475713585,True,0.001178423943877175,0.016640215815347522,9290.355457537244,3358770.6967674135
-346.0,0,2,Ground A - Sat 2,ground,764.0125242031796,38.327802608659546,True,0.0011304874323430354,0.01670954180926961,8899.233306538168,3376960.2855314887
-344.0,0,2,Ground A - Sat 2,ground,775.1519943836724,37.554207164880964,True,0.001084359116999919,0.01678201848565495,8522.880330719721,3394382.3991687465
-342.0,0,2,Ground A - Sat 2,ground,786.4061869323112,36.80083298856736,True,0.001039992797065595,0.016857769119248703,8160.919323983265,3411066.1988234497
-340.0,0,2,Ground A - Sat 2,ground,797.7701925399303,36.06701850829506,True,0.000997339791085947,0.016936923189589684,7812.952864325706,3427040.0710117584
-338.0,0,2,Ground A - Sat 2,ground,809.2393302915397,35.35211779267307,True,0.0009563496073192416,0.017019616735332005,7478.568785695035,3442331.5926617794
-336.0,0,2,Ground A - Sat 2,ground,820.8091379916091,34.655501363194446,True,0.0009169705252086914,0.017105992733942504,7157.344923891948,3456967.5063713663
-334.0,0,2,Ground A - Sat 2,ground,832.475362619191,33.976556795034234,True,0.000879150096419416,0.017196201508616116,6848.853205766686,3470973.704501025
-332.0,0,2,Ground A - Sat 2,ground,844.2339509646466,33.314689133679266,True,0.0008428355735627705,0.017290401164412002,6552.663148067493,3484375.220854859
-330.0,0,2,Ground A - Sat 2,ground,856.0810404890344,32.66932115253433,True,0.0008079742742808596,0.017388758055795348,6268.344828613618,3497196.22883154
-328.0,0,2,Ground A - Sat 2,ground,868.0129504380951,32.03989347406247,True,0.0007745138878590621,0.017491447287959393,5995.4713883357,3509460.0450484892
-326.0,0,2,Ground A - Sat 2,ground,880.0261732348463,31.42586457459227,True,0.0007424027309944947,0.017598653254517385,5733.621118312691,3521189.1375551377
-324.0,0,2,Ground A - Sat 2,ground,892.1173661681629,30.826710690684276,True,0.0007115899588007465,0.01771057021438116,5482.37918145864,3532405.137854909
-322.0,0,2,Ground A - Sat 2,ground,904.2833433890221,30.241925642885118,True,0.0006820257365835127,0.017827402910901968,5241.339014053591,3543128.8560504215
-320.0,0,2,Ground A - Sat 2,ground,916.5210682214022,29.67102059081702,True,0.0006536613773972368,0.017949367236616297,5010.103448027166,3553380.298512502
-318.0,0,2,Ground A - Sat 2,ground,928.8276457908343,29.113523731841646,True,0.0006264494498875842,0.01807669094725117,4788.2855907756575,3563178.6875513047
-316.0,0,2,Ground A - Sat 2,ground,941.200315970416,28.568979953997747,True,0.0006003438604542342,0.018209614428964932,4575.509495451514,3572542.482637532
-314.0,0,2,Ground A - Sat 2,ground,953.6364466414072,28.03695045252751,True,0.0005752999133266258,0.01834839152316957,4371.41065105524,3581489.402784039
-312.0,0,2,Ground A - Sat 2,ground,966.1335272634186,27.517012318069035,True,0.0005512743517410124,0.01849329041367253,4175.636318357994,3590036.449753452
-310.0,0,2,Ground A - Sat 2,ground,978.6891627475203,27.00875810349027,True,0.0005282253830354122,0.01864459458131468,3987.8457346472114,3598199.931806457
-308.0,0,2,Ground A - Sat 2,ground,991.3010676242774,26.51179537536215,True,0.0005061126901422144,0.018802603831757473,3807.7102075371035,3605995.4877486415
-306.0,0,2,Ground A - Sat 2,ground,1003.9670604977194,26.02574625520197,True,0.00048489743165324974,0.018967635402598906,3634.9131155959353,3613438.1110717747
-304.0,0,2,Ground A - Sat 2,ground,1016.6850587755464,25.550246954857144,True,0.00046454223235820687,0.019140025156576052,3469.149831305435,3620542.174018676
-302.0,0,2,Ground A - Sat 2,ground,1029.4530736653535,25.08494730972764,True,0.00044501116591274083,0.01932012886824223,3310.127579871195,3627321.4514298528
-300.0,0,2,Ground A - Sat 2,ground,1042.26920542635,24.629510312938734,True,0.0004262697310733719,0.019508323612211567,3157.5652456130874,3633789.144255337
-298.0,0,2,Ground A - Sat 2,ground,1055.1316388658831,24.183611653061543,True,0.0004082848227432791,0.0197050092618245,3011.1931360891367,3639957.902637039
-296.0,0,2,Ground A - Sat 2,ground,1068.0386390700462,23.746939257532294,True,0.0003910246989007672,0.0199106101079399,2870.752712699638,3645839.8484858274
-294.0,0,2,Ground A - Sat 2,ground,1080.9885473577249,23.31919284353215,True,0.00037445894433145406,0.02012557660848524,2735.996295287849,3651446.597493815
-292.0,0,2,Ground A - Sat 2,ground,1093.9797774475678,22.90008347775311,True,0.00035855843195158033,0.020350387280428366,2606.6867471627793,3656789.2805362656
-290.0,0,2,Ground A - Sat 2,ground,1107.0108118275966,22.4893331461842,True,0.0003432952823939089,0.020585550746955946,2482.597146023172,3661878.5644294517
-288.0,0,2,Ground A - Sat 2,ground,1120.0801983174333,22.08667433480321,True,0.00032864282242463575,0.020831607953902192,2363.510445420824,3666724.672020896
-286.0,0,2,Ground A - Sat 2,ground,1133.1865468134233,21.69184962184306,True,0.0003145755426717019,0.021089134570832373,2249.219130682714,3671337.4015969993
-284.0,0,2,Ground A - Sat 2,ground,1146.328526207257,21.304611282119726,True,0.00030106905506647173,0.02135874359371514,2139.524872571386,3675726.1456002533
-282.0,0,2,Ground A - Sat 2,ground,1159.5048614690613,20.924720903752206,True,0.0002881000503343494,0.021641088167775713,2034.238181420976,3679899.9086542455
-280.0,0,2,Ground A - Sat 2,ground,1172.7143308862712,20.55194901747248,True,0.0002756462558111185,0.021936864650975038,1933.178064006459,3683867.324899673
-278.0,0,2,Ground A - Sat 2,ground,1185.9557634499786,20.186074738612138,True,0.000263686393811646,0.022246815940592527,1836.1716849942322,3687636.6746486737
-276.0,0,2,Ground A - Sat 2,ground,1199.2280363808213,19.82688542175968,True,0.0002522001407346198,0.0225717350876257,1743.0540344712954,3691215.900368139
-274.0,0,2,Ground A - Sat 2,ground,1212.5300727868382,19.47417632800376,True,0.00024116808704924145,0.02291246922620721,1653.6676027419408,3694612.6220053523
-272.0,0,2,Ground A - Sat 2,ground,1225.8608394460848,19.127750304614366,True,0.0002305716982787477,0.023269923847946673,1567.8620633271823,3697834.1516714212
-270.0,0,2,Ground A - Sat 2,ground,1239.2193447071663,18.787417476961306,True,0.0002203932770677503,0.023645067454128033,1485.4939648741895,3700887.507699623
-268.0,0,2,Ground A - Sat 2,ground,1252.6046365011798,18.45299495242733,True,0.00021061592639780432,0.024038936621988676,1406.4264324982732,3703779.428096995
-266.0,0,2,Ground A - Sat 2,ground,1266.0158004588995,18.12430653603931,True,0.0002012235139957829,0.024452641524956693,1330.5288789175463,3706516.383408411
-264.0,0,2,Ground A - Sat 2,ground,1279.4519581273732,17.80118245751567,True,0.00019220063796353075,0.02488737195071184,1257.676725608254,3709104.5890129367
-262.0,0,2,Ground A - Sat 2,ground,1292.9122652803917,17.483459109407274,True,0.00018353259364292524,0.02534440386535392,1187.7511340909493,3711550.016872636
-260.0,0,2,Ground A - Sat 2,ground,1306.3959103176087,17.170978795995833,True,0.00017520534171953619,0.02582510657676035,1120.6387473674788,3713858.4067540946
-258.0,0,2,Ground A - Sat 2,ground,1319.9021127473723,16.863589492603854,True,0.00016720547755793503,0.02633095055552461,1056.2314414449145,3716035.276942907
-256.0,0,2,Ground A - Sat 2,ground,1333.430121748594,16.561144614963755,True,0.00015952020175453887,0.02686351597760353,994.4260868227701,3718085.9344711746
-254.0,0,2,Ground A - Sat 2,ground,1346.9792148072604,16.263502798292077,True,0.00015213729188683976,0.02742450205913012,935.1243197610437,3720015.484877758
-252.0,0,2,Ground A - Sat 2,ground,1360.548696423413,15.970527685714325,True,0.0001450450754332588,0.028015737260659535,878.2323231072107,3721828.8415206266
-250.0,0,2,Ground A - Sat 2,ground,1374.137896884689,15.682087725688419,True,0.00013823240383349086,0.028639190445546036,823.6606164226984,3723530.7344601564
-248.0,0,2,Ground A - Sat 2,ground,1387.7461711027186,15.398055978079258,True,0.00013168862765625735,0.029296983085129225,771.3238551230315,3725125.718931702
-246.0,0,2,Ground A - Sat 2,ground,1401.3728975088814,15.118309928542216,True,0.00012540357283901944,0.029991402611981157,721.1406383239353,3726618.183425149
-244.0,0,2,Ground A - Sat 2,ground,1415.01747700615,14.84273131088103,True,0.00011936751796236279,0.03072491703162218,673.0333250677359,3728012.3573885406
-242.0,0,2,Ground A - Sat 2,ground,1428.6793319739095,14.571205937052842,True,0.00011357117252066571,0.031500190912784706,626.9278585920155,3729312.3185722004
-240.0,0,2,Ground A - Sat 2,ground,1442.3579053228354,14.303623534501986,True,0.0001080056561503194,0.032320102886383956,582.7535982957633,3730522.000029088
-238.0,0,2,Ground A - Sat 2,ground,1456.0526595970853,14.039877590514026,True,0.00010266247877575637,0.03318776479390941,540.4431590457206,3731645.1967864293
-236.0,0,2,Ground A - Sat 2,ground,1469.7630761211933,13.779865203289667,True,9.753352163443153e-05,0.03410654263647502,499.9322574676689,3732685.572202943
-234.0,0,2,Ground A - Sat 2,ground,1483.4886541892479,13.52348693945048,True,9.261101914163181e-05,0.035080079486385064,461.1595648596397,3733646.66402527
-232.0,0,2,Ground A - Sat 2,ground,1497.2289102940283,13.270646697695248,True,8.788754155666137e-05,0.036112320533188254,424.06656636296185,3734531.8901564926
-230.0,0,2,Ground A - Sat 2,ground,1510.98337739395,13.021251578339507,True,8.335597841286408e-05,0.03720754044538316,388.59742602712254,3735344.5541488826
-228.0,0,2,Ground A - Sat 2,ground,1524.751604215758,12.775211758477655,True,7.900952267463426e-05,0.03837037323666587,354.69885740171753,3736087.8504323117
-226.0,0,2,Ground A - Sat 2,ground,1538.5331545910508,12.532440372519293,True,7.484165558563504e-05,0.03960584483093435,322.3199992880098,3736764.8692890014
-224.0,0,2,Ground A - Sat 2,ground,1552.3276068248244,12.29285339786065,True,7.084613217357477e-05,0.04091940852212375,291.41229628112586,3737378.6015845705
-222.0,0,2,Ground A - Sat 2,ground,1566.134553094312,12.056369545461113,True,6.701696737805095e-05,0.04231698352192797,261.9293837313043,3737931.943264583
-220.0,0,2,Ground A - Sat 2,ground,1579.9535988765185,11.822910155105456,True,6.334842276932346e-05,0.043804996778666484,233.82697674997496,3738427.6996250646
-218.0,0,2,Ground A - Sat 2,ground,1593.7843624029217,11.592399095140854,True,5.9834993827042786e-05,0.04539042823174633,207.06276288068008,3738868.5893646954
-216.0,0,2,Ground A - Sat 2,ground,1607.6264741399132,11.36476266648742,True,5.647139774962254e-05,0.04708085963509168,181.59629805107429,3739257.248425627
-214.0,0,2,Ground A - Sat 2,ground,1621.4795762936194,11.139929510729,True,5.325256176600413e-05,0.048884527036202496,157.38890541177645,3739596.23362909
-212.0,0,2,Ground A - Sat 2,ground,1635.343322337834,10.917830522100271,True,5.017361192342825e-05,0.050810376929831945,134.40357666137038,3739888.0261111627
-210.0,0,2,Ground A - Sat 2,ground,1649.217376563854,10.698398763193891,True,4.722986232594075e-05,0.05286812601141696,112.6048754422477,3740135.034563266
-208.0,0,2,Ground A - Sat 2,ground,1663.101413651089,10.481569384219519,True,4.441680480040303e-05,0.05506832432720988,91.95884238190729,3740339.59828109
-206.0,0,2,Ground A - Sat 2,ground,1676.9951182573654,10.267279545653798,True,4.173009896777085e-05,0.05742242144774954,72.4329013337626,3740503.990024806
-204.0,0,2,Ground A - Sat 2,ground,1690.898184627924,10.055468344128654,True,3.9165562699715425e-05,0.059942835066587846,53.99576635817282,3740630.418692498
-202.0,0,2,Ground A - Sat 2,ground,1704.8103162221487,9.846076741410887,False,0.0,,0.0,3740684.414458856
-200.0,0,2,Ground A - Sat 2,ground,1718.7312253571235,9.639047496333811,False,0.0,,0.0,3740684.414458856
-198.0,0,2,Ground A - Sat 2,ground,1732.6606328671814,9.434325099548255,False,0.0,,0.0,3740684.414458856
-196.0,0,2,Ground A - Sat 2,ground,1746.5982677786144,9.231855710965066,False,0.0,,0.0,3740684.414458856
-194.0,0,2,Ground A - Sat 2,ground,1760.543866998812,9.031587099769029,False,0.0,,0.0,3740684.414458856
-192.0,0,2,Ground A - Sat 2,ground,1774.4971750190934,8.833468586888467,False,0.0,,0.0,3740684.414458856
-190.0,0,2,Ground A - Sat 2,ground,1788.4579436305569,8.637450989810272,False,0.0,,0.0,3740684.414458856
-188.0,0,2,Ground A - Sat 2,ground,1802.4259316523085,8.443486569636084,False,0.0,,0.0,3740684.414458856
-186.0,0,2,Ground A - Sat 2,ground,1816.4009046714584,8.251528980279451,False,0.0,,0.0,3740684.414458856
-184.0,0,2,Ground A - Sat 2,ground,1830.3826347943125,8.061533219708593,False,0.0,,0.0,3740684.414458856
-182.0,0,2,Ground A - Sat 2,ground,1844.3709004082148,7.873455583144438,False,0.0,,0.0,3740684.414458856
-180.0,0,2,Ground A - Sat 2,ground,1858.365485953527,7.687253618127217,False,0.0,,0.0,3740684.414458856
-178.0,0,2,Ground A - Sat 2,ground,1872.366181705254,7.502886081368904,False,0.0,,0.0,3740684.414458856
-176.0,0,2,Ground A - Sat 2,ground,1886.3727835638613,7.3203128973138885,False,0.0,,0.0,3740684.414458856
-174.0,0,2,Ground A - Sat 2,ground,1900.3850928548397,7.139495118331824,False,0.0,,0.0,3740684.414458856
-172.0,0,2,Ground A - Sat 2,ground,1914.402916136607,6.960394886472218,False,0.0,,0.0,3740684.414458856
-170.0,0,2,Ground A - Sat 2,ground,1928.4260650163544,6.782975396712402,False,0.0,,0.0,3740684.414458856
-168.0,0,2,Ground A - Sat 2,ground,1942.4543559734648,6.607200861634055,False,0.0,,0.0,3740684.414458856
-166.0,0,2,Ground A - Sat 2,ground,1956.4876101901477,6.43303647746641,False,0.0,,0.0,3740684.414458856
-164.0,0,2,Ground A - Sat 2,ground,1970.5256533889633,6.26044839143757,False,0.0,,0.0,3740684.414458856
-162.0,0,2,Ground A - Sat 2,ground,1984.5683156769094,6.089403670377275,False,0.0,,0.0,3740684.414458856
-160.0,0,2,Ground A - Sat 2,ground,1998.6154313957782,5.919870270517964,False,0.0,,0.0,3740684.414458856
-158.0,0,2,Ground A - Sat 2,ground,2012.6668389784886,5.7518170084427895,False,0.0,,0.0,3740684.414458856
-156.0,0,2,Ground A - Sat 2,ground,2026.7223808111316,5.58521353313182,False,0.0,,0.0,3740684.414458856
-154.0,0,2,Ground A - Sat 2,ground,2040.7819031004658,5.420030299060451,False,0.0,,0.0,3740684.414458856
-152.0,0,2,Ground A - Sat 2,ground,2054.845255746618,5.256238540304753,False,0.0,,0.0,3740684.414458856
-150.0,0,2,Ground A - Sat 2,ground,2068.9122922207575,5.093810245612588,False,0.0,,0.0,3740684.414458856
-148.0,0,2,Ground A - Sat 2,ground,2082.982869447527,4.932718134399092,False,0.0,,0.0,3740684.414458856
-146.0,0,2,Ground A - Sat 2,ground,2097.0568476920075,4.772935633628628,False,0.0,,0.0,3740684.414458856
-144.0,0,2,Ground A - Sat 2,ground,2111.1340904510407,4.614436855546364,False,0.0,,0.0,3740684.414458856
-142.0,0,2,Ground A - Sat 2,ground,2125.214464348685,4.457196576223924,False,0.0,,0.0,3740684.414458856
-140.0,0,2,Ground A - Sat 2,ground,2139.2978390356634,4.301190214886408,False,0.0,,0.0,3740684.414458856
-138.0,0,2,Ground A - Sat 2,ground,2153.3840870925965,4.146393813987768,False,0.0,,0.0,3740684.414458856
-136.0,0,2,Ground A - Sat 2,ground,2167.4730839368817,3.992784020004942,False,0.0,,0.0,3740684.414458856
-134.0,0,2,Ground A - Sat 2,ground,2181.564707733047,3.840338064920862,False,0.0,,0.0,3740684.414458856
-132.0,0,2,Ground A - Sat 2,ground,2195.658839306441,3.689033748368717,False,0.0,,0.0,3740684.414458856
-130.0,0,2,Ground A - Sat 2,ground,2209.755362060114,3.53884942041092,False,0.0,,0.0,3740684.414458856
-128.0,0,2,Ground A - Sat 2,ground,2223.8541618947506,3.3897639649269085,False,0.0,,0.0,3740684.414458856
-126.0,0,2,Ground A - Sat 2,ground,2237.9551271315418,3.24175678358602,False,0.0,,0.0,3740684.414458856
-124.0,0,2,Ground A - Sat 2,ground,2252.0581484378467,3.0948077803815917,False,0.0,,0.0,3740684.414458856
-122.0,0,2,Ground A - Sat 2,ground,2266.1631187555604,2.9488973467043857,False,0.0,,0.0,3740684.414458856
-120.0,0,2,Ground A - Sat 2,ground,2280.269933232047,2.8040063469339827,False,0.0,,0.0,3740684.414458856
-118.0,0,2,Ground A - Sat 2,ground,2294.3784891535533,2.660116104527672,False,0.0,,0.0,3740684.414458856
-116.0,0,2,Ground A - Sat 2,ground,2308.4886858809914,2.5172083885876457,False,0.0,,0.0,3740684.414458856
-114.0,0,2,Ground A - Sat 2,ground,2322.600424787992,2.3752654008875282,False,0.0,,0.0,3740684.414458856
-112.0,0,2,Ground A - Sat 2,ground,2336.713609201146,2.2342697633406132,False,0.0,,0.0,3740684.414458856
-110.0,0,2,Ground A - Sat 2,ground,2350.828144342337,2.09420450589279,False,0.0,,0.0,3740684.414458856
-108.0,0,2,Ground A - Sat 2,ground,2364.9439372730867,1.9550530548237621,False,0.0,,0.0,3740684.414458856
-106.0,0,2,Ground A - Sat 2,ground,2379.0608968408283,1.8167992214408415,False,0.0,,0.0,3740684.414458856
-104.0,0,2,Ground A - Sat 2,ground,2393.1789336270344,1.6794271911504177,False,0.0,,0.0,3740684.414458856
-102.0,0,2,Ground A - Sat 2,ground,2407.297959897128,1.5429215128929483,False,0.0,,0.0,3740684.414458856
-100.0,0,2,Ground A - Sat 2,ground,2421.417889552102,1.407267088927481,False,0.0,,0.0,3740684.414458856
-98.0,0,2,Ground A - Sat 2,ground,2435.5386380817795,1.2724491649524041,False,0.0,,0.0,3740684.414458856
-96.0,0,2,Ground A - Sat 2,ground,2449.6601225196614,1.1384533205505962,False,0.0,,0.0,3740684.414458856
-94.0,0,2,Ground A - Sat 2,ground,2463.782261399283,1.0052654599457769,False,0.0,,0.0,3740684.414458856
-92.0,0,2,Ground A - Sat 2,ground,2477.9049747120407,0.872871803059465,False,0.0,,0.0,3740684.414458856
-90.0,0,2,Ground A - Sat 2,ground,2492.028183866416,0.7412588768567662,False,0.0,,0.0,3740684.414458856
-88.0,0,2,Ground A - Sat 2,ground,2506.151811648551,0.6104135069708777,False,0.0,,0.0,3740684.414458856
-86.0,0,2,Ground A - Sat 2,ground,2520.2757821841246,0.48032280959548235,False,0.0,,0.0,3740684.414458856
-84.0,0,2,Ground A - Sat 2,ground,2534.400020901481,0.35097418363603755,False,0.0,,0.0,3740684.414458856
-82.0,0,2,Ground A - Sat 2,ground,2548.5244544959546,0.22235530310969126,False,0.0,,0.0,3740684.414458856
-80.0,0,2,Ground A - Sat 2,ground,2562.64901089536,0.09445410978552227,False,0.0,,0.0,3740684.414458856
-78.0,0,2,Ground A - Sat 2,ground,2576.7736192265947,-0.03274119394388163,False,0.0,,0.0,3740684.414458856
-76.0,0,2,Ground A - Sat 2,ground,2590.8982097833127,-0.1592421519678158,False,0.0,,0.0,3740684.414458856
-74.0,0,2,Ground A - Sat 2,ground,2605.0227139946383,-0.2850600611477576,False,0.0,,0.0,3740684.414458856
-72.0,0,2,Ground A - Sat 2,ground,2619.1470643948674,-0.4102059777999672,False,0.0,,0.0,3740684.414458856
-70.0,0,2,Ground A - Sat 2,ground,2633.2711945941396,-0.5346907239782146,False,0.0,,0.0,3740684.414458856
-68.0,0,2,Ground A - Sat 2,ground,2647.395039250023,-0.658524893563332,False,0.0,,0.0,3740684.414458856
-66.0,0,2,Ground A - Sat 2,ground,2661.5185340400003,-0.7817188581664719,False,0.0,,0.0,3740684.414458856
-64.0,0,2,Ground A - Sat 2,ground,2675.6416156348096,-0.9042827728526281,False,0.0,,0.0,3740684.414458856
-62.0,0,2,Ground A - Sat 2,ground,2689.764221672614,-1.0262265816905647,False,0.0,,0.0,3740684.414458856
-60.0,0,2,Ground A - Sat 2,ground,2703.8862907339694,-1.1475600231353191,False,0.0,,0.0,3740684.414458856
-58.0,0,2,Ground A - Sat 2,ground,2718.0077623175653,-1.268292635248991,False,0.0,,0.0,3740684.414458856
-56.0,0,2,Ground A - Sat 2,ground,2732.128576816708,-1.3884337607652706,False,0.0,,0.0,3740684.414458856
-54.0,0,2,Ground A - Sat 2,ground,2746.2486754965184,-1.5079925520032509,False,0.0,,0.0,3740684.414458856
-52.0,0,2,Ground A - Sat 2,ground,2760.368000471824,-1.6269779756355385,False,0.0,,0.0,3740684.414458856
-50.0,0,2,Ground A - Sat 2,ground,2774.4864946857206,-1.7453988173155972,False,0.0,,0.0,3740684.414458856
-48.0,0,2,Ground A - Sat 2,ground,2788.6041018887736,-1.8632636861691827,False,0.0,,0.0,3740684.414458856
-46.0,0,2,Ground A - Sat 2,ground,2802.7207666188465,-1.9805810191542206,False,0.0,,0.0,3740684.414458856
-44.0,0,2,Ground A - Sat 2,ground,2816.8364341815286,-2.0973590852939257,False,0.0,,0.0,3740684.414458856
-42.0,0,2,Ground A - Sat 2,ground,2830.9510506311412,-2.213605989786954,False,0.0,,0.0,3740684.414458856
-40.0,0,2,Ground A - Sat 2,ground,2845.0645627523095,-2.329329677998961,False,0.0,,0.0,3740684.414458856
-38.0,0,2,Ground A - Sat 2,ground,2859.1769180420683,-2.444537939339412,False,0.0,,0.0,3740684.414458856
-36.0,0,2,Ground A - Sat 2,ground,2873.2880646925005,-2.5592384110274407,False,0.0,,0.0,3740684.414458856
-34.0,0,2,Ground A - Sat 2,ground,2887.3979515738715,-2.6734385817502355,False,0.0,,0.0,3740684.414458856
-32.0,0,2,Ground A - Sat 2,ground,2901.5065282182604,-2.787145795217804,False,0.0,,0.0,3740684.414458856
-30.0,0,2,Ground A - Sat 2,ground,2915.6137448036616,-2.900367253617188,False,0.0,,0.0,3740684.414458856
-28.0,0,2,Ground A - Sat 2,ground,2929.7195521385356,-3.0131100209695445,False,0.0,,0.0,3740684.414458856
-26.0,0,2,Ground A - Sat 2,ground,2943.823901646816,-3.1253810263930126,False,0.0,,0.0,3740684.414458856
-24.0,0,2,Ground A - Sat 2,ground,2957.92674535333,-3.237187067274808,False,0.0,,0.0,3740684.414458856
-22.0,0,2,Ground A - Sat 2,ground,2972.028035869639,-3.348534812355001,False,0.0,,0.0,3740684.414458856
-20.0,0,2,Ground A - Sat 2,ground,2986.1277263802795,-3.4594308047251454,False,0.0,,0.0,3740684.414458856
-18.0,0,2,Ground A - Sat 2,ground,3000.225770629386,-3.569881464744161,False,0.0,,0.0,3740684.414458856
-16.0,0,2,Ground A - Sat 2,ground,3014.3221229076908,-3.679893092874394,False,0.0,,0.0,3740684.414458856
-14.0,0,2,Ground A - Sat 2,ground,3028.41673803989,-3.7894718724400387,False,0.0,,0.0,3740684.414458856
-12.0,0,2,Ground A - Sat 2,ground,3042.50957137235,-3.8986238723106683,False,0.0,,0.0,3740684.414458856
-10.0,0,2,Ground A - Sat 2,ground,3056.6005787611643,-4.007355049512073,False,0.0,,0.0,3740684.414458856
-8.0,0,2,Ground A - Sat 2,ground,3070.689716560531,-4.115671251766624,False,0.0,,0.0,3740684.414458856
-6.0,0,2,Ground A - Sat 2,ground,3084.7769416114534,-4.223578219965347,False,0.0,,0.0,3740684.414458856
-4.0,0,2,Ground A - Sat 2,ground,3098.8622112307444,-4.331081590573918,False,0.0,,0.0,3740684.414458856
-2.0,0,2,Ground A - Sat 2,ground,3112.9454832003357,-4.438186897974668,False,0.0,,0.0,3740684.414458856
0.0,0,2,Ground A - Sat 2,ground,3127.0267157568665,-4.544899576746228,False,0.0,,0.0,3740684.414458856
2.0,0,2,Ground A - Sat 2,ground,3141.1058675815625,-4.651224963883112,False,0.0,,0.0,3740684.414458856
4.0,0,2,Ground A - Sat 2,ground,3155.18289779038,-4.757168300956739,False,0.0,,0.0,3740684.414458856
6.0,0,2,Ground A - Sat 2,ground,3169.2577659244184,-4.862734736219995,False,0.0,,0.0,3740684.414458856
8.0,0,2,Ground A - Sat 2,ground,3183.330431940576,-4.967929326656656,False,0.0,,0.0,3740684.414458856
10.0,0,2,Ground A - Sat 2,ground,3197.400856202471,-5.0727570399776845,False,0.0,,0.0,3740684.414458856
12.0,0,2,Ground A - Sat 2,ground,3211.468999471586,-5.177222756565766,False,0.0,,0.0,3740684.414458856
14.0,0,2,Ground A - Sat 2,ground,3225.5348228986522,-5.281331271369675,False,0.0,,0.0,3740684.414458856
16.0,0,2,Ground A - Sat 2,ground,3239.5982880152615,-5.385087295749966,False,0.0,,0.0,3740684.414458856
18.0,0,2,Ground A - Sat 2,ground,3253.65935672569,-5.48849545927758,False,0.0,,0.0,3740684.414458856
20.0,0,2,Ground A - Sat 2,ground,3267.717991298938,-5.59156031148637,False,0.0,,0.0,3740684.414458856
22.0,0,2,Ground A - Sat 2,ground,3281.7741543609773,-5.6942863235813705,False,0.0,,0.0,3740684.414458856
24.0,0,2,Ground A - Sat 2,ground,3295.8278088871907,-5.796677890103763,False,0.0,,0.0,3740684.414458856
26.0,0,2,Ground A - Sat 2,ground,3309.878918195016,-5.898739330553899,False,0.0,,0.0,3740684.414458856
28.0,0,2,Ground A - Sat 2,ground,3323.927445936769,-6.000474890973636,False,0.0,,0.0,3740684.414458856
30.0,0,2,Ground A - Sat 2,ground,3337.9733560926506,-6.101888745489135,False,0.0,,0.0,3740684.414458856
32.0,0,2,Ground A - Sat 2,ground,3352.0166129639347,-6.2029849978153075,False,0.0,,0.0,3740684.414458856
34.0,0,2,Ground A - Sat 2,ground,3366.0571811663253,-6.303767682722808,False,0.0,,0.0,3740684.414458856
36.0,0,2,Ground A - Sat 2,ground,3380.0950256234805,-6.404240767468958,False,0.0,,0.0,3740684.414458856
38.0,0,2,Ground A - Sat 2,ground,3394.1301115606984,-6.504408153193325,False,0.0,,0.0,3740684.414458856
40.0,0,2,Ground A - Sat 2,ground,3408.1624044987607,-6.604273676279266,False,0.0,,0.0,3740684.414458856
42.0,0,2,Ground A - Sat 2,ground,3422.1918702479343,-6.703841109682059,False,0.0,,0.0,3740684.414458856
44.0,0,2,Ground A - Sat 2,ground,3436.2184749021058,-6.803114164224823,False,0.0,,0.0,3740684.414458856
46.0,0,2,Ground A - Sat 2,ground,3450.2421848330832,-6.902096489862975,False,0.0,,0.0,3740684.414458856
48.0,0,2,Ground A - Sat 2,ground,3464.2629666850185,-7.000791676918274,False,0.0,,0.0,3740684.414458856
50.0,0,2,Ground A - Sat 2,ground,3478.280787368975,-7.099203257283061,False,0.0,,0.0,3740684.414458856
52.0,0,2,Ground A - Sat 2,ground,3492.295614057626,-7.197334705595754,False,0.0,,0.0,3740684.414458856
54.0,0,2,Ground A - Sat 2,ground,3506.3074141800826,-7.295189440388232,False,0.0,,0.0,3740684.414458856
56.0,0,2,Ground A - Sat 2,ground,3520.3161554168446,-7.392770825205906,False,0.0,,0.0,3740684.414458856
58.0,0,2,Ground A - Sat 2,ground,3534.321805694876,-7.490082169701413,False,0.0,,0.0,3740684.414458856
60.0,0,2,Ground A - Sat 2,ground,3548.324333182794,-7.587126730702224,False,0.0,,0.0,3740684.414458856
62.0,0,2,Ground A - Sat 2,ground,3562.32370628618,-7.683907713253494,False,0.0,,0.0,3740684.414458856
64.0,0,2,Ground A - Sat 2,ground,3576.3198936429935,-7.780428271636163,False,0.0,,0.0,3740684.414458856
66.0,0,2,Ground A - Sat 2,ground,3590.3128641191056,-7.87669151036152,False,0.0,,0.0,3740684.414458856
68.0,0,2,Ground A - Sat 2,ground,3604.302586803927,-7.97270048514246,False,0.0,,0.0,3740684.414458856
70.0,0,2,Ground A - Sat 2,ground,3618.2890310061466,-8.068458203842473,False,0.0,,0.0,3740684.414458856
72.0,0,2,Ground A - Sat 2,ground,3632.272166249566,-8.16396762740243,False,0.0,,0.0,3740684.414458856
74.0,0,2,Ground A - Sat 2,ground,3646.251962269038,-8.25923167074633,False,0.0,,0.0,3740684.414458856
76.0,0,2,Ground A - Sat 2,ground,3660.2283890064864,-8.354253203666117,False,0.0,,0.0,3740684.414458856
78.0,0,2,Ground A - Sat 2,ground,3674.2014166070358,-8.44903505168634,False,0.0,,0.0,3740684.414458856
80.0,0,2,Ground A - Sat 2,ground,3688.1710154152174,-8.543579996909177,False,0.0,,0.0,3740684.414458856
82.0,0,2,Ground A - Sat 2,ground,3702.137155971266,-8.637890778840188,False,0.0,,0.0,3740684.414458856
84.0,0,2,Ground A - Sat 2,ground,3716.099809007506,-8.731970095195669,False,0.0,,0.0,3740684.414458856
86.0,0,2,Ground A - Sat 2,ground,3730.0589454448123,-8.825820602691463,False,0.0,,0.0,3740684.414458856
88.0,0,2,Ground A - Sat 2,ground,3744.0145363891625,-8.91944491781445,False,0.0,,0.0,3740684.414458856
90.0,0,2,Ground A - Sat 2,ground,3757.966553128259,-9.012845617576499,False,0.0,,0.0,3740684.414458856
92.0,0,2,Ground A - Sat 2,ground,3771.9149671282266,-9.106025240251844,False,0.0,,0.0,3740684.414458856
94.0,0,2,Ground A - Sat 2,ground,3785.8597500303945,-9.198986286097954,False,0.0,,0.0,3740684.414458856
96.0,0,2,Ground A - Sat 2,ground,3799.8008736481424,-9.291731218060605,False,0.0,,0.0,3740684.414458856
98.0,0,2,Ground A - Sat 2,ground,3813.7383099638178,-9.384262462463193,False,0.0,,0.0,3740684.414458856
100.0,0,2,Ground A - Sat 2,ground,3827.6720311257236,-9.476582409681175,False,0.0,,0.0,3740684.414458856
102.0,0,2,Ground A - Sat 2,ground,3841.602009445176,-9.568693414801606,False,0.0,,0.0,3740684.414458856
104.0,0,2,Ground A - Sat 2,ground,3855.528217393622,-9.660597798268203,False,0.0,,0.0,3740684.414458856
106.0,0,2,Ground A - Sat 2,ground,3869.450627599825,-9.75229784651268,False,0.0,,0.0,3740684.414458856
108.0,0,2,Ground A - Sat 2,ground,3883.3692128471084,-9.84379581257208,False,0.0,,0.0,3740684.414458856
110.0,0,2,Ground A - Sat 2,ground,3897.283946070664,-9.935093916693024,False,0.0,,0.0,3740684.414458856
112.0,0,2,Ground A - Sat 2,ground,3911.19480035492,-10.026194346922853,False,0.0,,0.0,3740684.414458856
114.0,0,2,Ground A - Sat 2,ground,3925.1017489309547,-10.117099259688125,False,0.0,,0.0,3740684.414458856
116.0,0,2,Ground A - Sat 2,ground,3939.0047651739883,-10.207810780360772,False,0.0,,0.0,3740684.414458856
118.0,0,2,Ground A - Sat 2,ground,3952.9038226009056,-10.298331003812157,False,0.0,,0.0,3740684.414458856
120.0,0,2,Ground A - Sat 2,ground,3966.79889486785,-10.388661994955477,False,0.0,,0.0,3740684.414458856
122.0,0,2,Ground A - Sat 2,ground,3980.689955767855,-10.478805789276517,False,0.0,,0.0,3740684.414458856
124.0,0,2,Ground A - Sat 2,ground,3994.5769792285446,-10.568764393353494,False,0.0,,0.0,3740684.414458856
126.0,0,2,Ground A - Sat 2,ground,4008.4599393098606,-10.65853978536564,False,0.0,,0.0,3740684.414458856
128.0,0,2,Ground A - Sat 2,ground,4022.338810201858,-10.748133915591465,False,0.0,,0.0,3740684.414458856
130.0,0,2,Ground A - Sat 2,ground,4036.213566222536,-10.837548706896422,False,0.0,,0.0,3740684.414458856
132.0,0,2,Ground A - Sat 2,ground,4050.084181815716,-10.926786055210465,False,0.0,,0.0,3740684.414458856
134.0,0,2,Ground A - Sat 2,ground,4063.9506315489725,-11.015847829995822,False,0.0,,0.0,3740684.414458856
136.0,0,2,Ground A - Sat 2,ground,4077.8128901115965,-11.104735874704948,False,0.0,,0.0,3740684.414458856
138.0,0,2,Ground A - Sat 2,ground,4091.670932312608,-11.193452007229164,False,0.0,,0.0,3740684.414458856
140.0,0,2,Ground A - Sat 2,ground,4105.524733078808,-11.281998020338037,False,0.0,,0.0,3740684.414458856
142.0,0,2,Ground A - Sat 2,ground,4119.374267452876,-11.370375682109788,False,0.0,,0.0,3740684.414458856
144.0,0,2,Ground A - Sat 2,ground,4133.219510591497,-11.458586736352952,False,0.0,,0.0,3740684.414458856
146.0,0,2,Ground A - Sat 2,ground,4147.060437763541,-11.54663290301939,False,0.0,,0.0,3740684.414458856
148.0,0,2,Ground A - Sat 2,ground,4160.89702434826,-11.634515878609086,False,0.0,,0.0,3740684.414458856
150.0,0,2,Ground A - Sat 2,ground,4174.7292458335505,-11.722237336566542,False,0.0,,0.0,3740684.414458856
152.0,0,2,Ground A - Sat 2,ground,4188.557077814223,-11.809798927669489,False,0.0,,0.0,3740684.414458856
154.0,0,2,Ground A - Sat 2,ground,4202.380495990324,-11.897202280409545,False,0.0,,0.0,3740684.414458856
156.0,0,2,Ground A - Sat 2,ground,4216.199476165492,-11.984449001365405,False,0.0,,0.0,3740684.414458856
158.0,0,2,Ground A - Sat 2,ground,4230.013994245336,-12.071540675568526,False,0.0,,0.0,3740684.414458856
160.0,0,2,Ground A - Sat 2,ground,4243.824026235858,-12.158478866861586,False,0.0,,0.0,3740684.414458856
162.0,0,2,Ground A - Sat 2,ground,4257.629548241903,-12.24526511824987,False,0.0,,0.0,3740684.414458856
164.0,0,2,Ground A - Sat 2,ground,4271.430536465635,-12.331900952245658,False,0.0,,0.0,3740684.414458856
166.0,0,2,Ground A - Sat 2,ground,4285.226967205061,-12.418387871205848,False,0.0,,0.0,3740684.414458856
168.0,0,2,Ground A - Sat 2,ground,4299.018816852558,-12.504727357663004,False,0.0,,0.0,3740684.414458856
170.0,0,2,Ground A - Sat 2,ground,4312.80606189346,-12.590920874649871,False,0.0,,0.0,3740684.414458856
172.0,0,2,Ground A - Sat 2,ground,4326.588678904639,-12.676969866017616,False,0.0,,0.0,3740684.414458856
174.0,0,2,Ground A - Sat 2,ground,4340.36664455315,-12.762875756747897,False,0.0,,0.0,3740684.414458856
176.0,0,2,Ground A - Sat 2,ground,4354.139935594874,-12.848639953258756,False,0.0,,0.0,3740684.414458856
178.0,0,2,Ground A - Sat 2,ground,4367.908528873205,-12.934263843704805,False,0.0,,0.0,3740684.414458856
180.0,0,2,Ground A - Sat 2,ground,4381.672401317752,-13.019748798271502,False,0.0,,0.0,3740684.414458856
182.0,0,2,Ground A - Sat 2,ground,4395.4315299430755,-13.105096169463815,False,0.0,,0.0,3740684.414458856
184.0,0,2,Ground A - Sat 2,ground,4409.185891847445,-13.190307292389283,False,0.0,,0.0,3740684.414458856
186.0,0,2,Ground A - Sat 2,ground,4422.935464211619,-13.275383485035897,False,0.0,,0.0,3740684.414458856
188.0,0,2,Ground A - Sat 2,ground,4436.680224297648,-13.36032604854447,False,0.0,,0.0,3740684.414458856
190.0,0,2,Ground A - Sat 2,ground,4450.420149447708,-13.4451362674759,False,0.0,,0.0,3740684.414458856
192.0,0,2,Ground A - Sat 2,ground,4464.155217082951,-13.52981541007355,False,0.0,,0.0,3740684.414458856
194.0,0,2,Ground A - Sat 2,ground,4477.885404702371,-13.614364728520354,False,0.0,,0.0,3740684.414458856
196.0,0,2,Ground A - Sat 2,ground,4491.610689881711,-13.698785459191475,False,0.0,,0.0,3740684.414458856
198.0,0,2,Ground A - Sat 2,ground,4505.331050272367,-13.783078822901892,False,0.0,,0.0,3740684.414458856
200.0,0,2,Ground A - Sat 2,ground,4519.046463600339,-13.867246025149687,False,0.0,,0.0,3740684.414458856
202.0,0,2,Ground A - Sat 2,ground,4532.7569076651735,-13.951288256354426,False,0.0,,0.0,3740684.414458856
204.0,0,2,Ground A - Sat 2,ground,4546.462360338954,-14.03520669209153,False,0.0,,0.0,3740684.414458856
206.0,0,2,Ground A - Sat 2,ground,4560.162799565284,-14.119002493321968,False,0.0,,0.0,3740684.414458856
208.0,0,2,Ground A - Sat 2,ground,4573.858203358319,-14.202676806617909,False,0.0,,0.0,3740684.414458856
210.0,0,2,Ground A - Sat 2,ground,4587.548549801788,-14.286230764384134,False,0.0,,0.0,3740684.414458856
212.0,0,2,Ground A - Sat 2,ground,4601.23381704805,-14.369665485075496,False,0.0,,0.0,3740684.414458856
214.0,0,2,Ground A - Sat 2,ground,4614.913983317165,-14.452982073410181,False,0.0,,0.0,3740684.414458856
216.0,0,2,Ground A - Sat 2,ground,4628.589026895982,-14.536181620579397,False,0.0,,0.0,3740684.414458856
218.0,0,2,Ground A - Sat 2,ground,4642.258926137246,-14.619265204452974,False,0.0,,0.0,3740684.414458856
220.0,0,2,Ground A - Sat 2,ground,4655.923659458713,-14.702233889781368,False,0.0,,0.0,3740684.414458856
222.0,0,2,Ground A - Sat 2,ground,4669.583205342295,-14.785088728394003,False,0.0,,0.0,3740684.414458856
224.0,0,2,Ground A - Sat 2,ground,4683.237542333207,-14.867830759394069,False,0.0,,0.0,3740684.414458856
226.0,0,2,Ground A - Sat 2,ground,4696.886649039145,-14.950461009349695,False,0.0,,0.0,3740684.414458856
228.0,0,2,Ground A - Sat 2,ground,4710.530504129463,-15.032980492481876,False,0.0,,0.0,3740684.414458856
230.0,0,2,Ground A - Sat 2,ground,4724.169086334381,-15.115390210848904,False,0.0,,0.0,3740684.414458856
232.0,0,2,Ground A - Sat 2,ground,4737.802374444189,-15.197691154527533,False,0.0,,0.0,3740684.414458856
234.0,0,2,Ground A - Sat 2,ground,4751.430347308487,-15.279884301791075,False,0.0,,0.0,3740684.414458856
236.0,0,2,Ground A - Sat 2,ground,4765.0529838354205,-15.361970619284103,False,0.0,,0.0,3740684.414458856
238.0,0,2,Ground A - Sat 2,ground,4778.670262990943,-15.44395106219424,False,0.0,,0.0,3740684.414458856
240.0,0,2,Ground A - Sat 2,ground,4792.282163798079,-15.52582657442087,False,0.0,,0.0,3740684.414458856
242.0,0,2,Ground A - Sat 2,ground,4805.888665336219,-15.607598088740925,False,0.0,,0.0,3740684.414458856
244.0,0,2,Ground A - Sat 2,ground,4819.489746740404,-15.689266526971716,False,0.0,,0.0,3740684.414458856
246.0,0,2,Ground A - Sat 2,ground,4833.0853872006455,-15.770832800130897,False,0.0,,0.0,3740684.414458856
248.0,0,2,Ground A - Sat 2,ground,4846.675565961238,-15.852297808593798,False,0.0,,0.0,3740684.414458856
250.0,0,2,Ground A - Sat 2,ground,4860.260262320099,-15.933662442247789,False,0.0,,0.0,3740684.414458856
252.0,0,2,Ground A - Sat 2,ground,4873.839455628118,-16.01492758064424,False,0.0,,0.0,3740684.414458856
254.0,0,2,Ground A - Sat 2,ground,4887.413125288504,-16.096094093147606,False,0.0,,0.0,3740684.414458856
256.0,0,2,Ground A - Sat 2,ground,4900.981250756162,-16.177162839082158,False,0.0,,0.0,3740684.414458856
258.0,0,2,Ground A - Sat 2,ground,4914.543811537073,-16.258134667876003,False,0.0,,0.0,3740684.414458856
260.0,0,2,Ground A - Sat 2,ground,4928.1007871876855,-16.339010419202864,False,0.0,,0.0,3740684.414458856
262.0,0,2,Ground A - Sat 2,ground,4941.6521573143145,-16.419790923121166,False,0.0,,0.0,3740684.414458856
264.0,0,2,Ground A - Sat 2,ground,4955.1979015725565,-16.50047700021101,False,0.0,,0.0,3740684.414458856
266.0,0,2,Ground A - Sat 2,ground,4968.737999666714,-16.581069461708694,False,0.0,,0.0,3740684.414458856
268.0,0,2,Ground A - Sat 2,ground,4982.272431349228,-16.661569109638904,False,0.0,,0.0,3740684.414458856
270.0,0,2,Ground A - Sat 2,ground,4995.801176420119,-16.74197673694484,False,0.0,,0.0,3740684.414458856
272.0,0,2,Ground A - Sat 2,ground,5009.324214726442,-16.822293127616014,False,0.0,,0.0,3740684.414458856
274.0,0,2,Ground A - Sat 2,ground,5022.841526161749,-16.902519056813954,False,0.0,,0.0,3740684.414458856
276.0,0,2,Ground A - Sat 2,ground,5036.353090665566,-16.982655290995776,False,0.0,,0.0,3740684.414458856
278.0,0,2,Ground A - Sat 2,ground,5049.858888222861,-17.06270258803573,False,0.0,,0.0,3740684.414458856
280.0,0,2,Ground A - Sat 2,ground,5063.358898863548,-17.142661697344707,False,0.0,,0.0,3740684.414458856
282.0,0,2,Ground A - Sat 2,ground,5076.853102661979,-17.222533359987736,False,0.0,,0.0,3740684.414458856
284.0,0,2,Ground A - Sat 2,ground,5090.341479736457,-17.302318308799588,False,0.0,,0.0,3740684.414458856
286.0,0,2,Ground A - Sat 2,ground,5103.824010248741,-17.382017268498387,False,0.0,,0.0,3740684.414458856
288.0,0,2,Ground A - Sat 2,ground,5117.300674403586,-17.461630955797503,False,0.0,,0.0,3740684.414458856
290.0,0,2,Ground A - Sat 2,ground,5130.771452448263,-17.541160079515386,False,0.0,,0.0,3740684.414458856
292.0,0,2,Ground A - Sat 2,ground,5144.236324672111,-17.62060534068379,False,0.0,,0.0,3740684.414458856
294.0,0,2,Ground A - Sat 2,ground,5157.695271406072,-17.69996743265413,False,0.0,,0.0,3740684.414458856
296.0,0,2,Ground A - Sat 2,ground,5171.148273022262,-17.779247041202186,False,0.0,,0.0,3740684.414458856
298.0,0,2,Ground A - Sat 2,ground,5184.595309933525,-17.858444844630984,False,0.0,,0.0,3740684.414458856
300.0,0,2,Ground A - Sat 2,ground,5198.036362593008,-17.937561513872083,False,0.0,,0.0,3740684.414458856
302.0,0,2,Ground A - Sat 2,ground,5211.471411493741,-18.016597712585295,False,0.0,,0.0,3740684.414458856
304.0,0,2,Ground A - Sat 2,ground,5224.900437168216,-18.095554097256635,False,0.0,,0.0,3740684.414458856
306.0,0,2,Ground A - Sat 2,ground,5238.323420187992,-18.17443131729483,False,0.0,,0.0,3740684.414458856
308.0,0,2,Ground A - Sat 2,ground,5251.740341163284,-18.253230015126206,False,0.0,,0.0,3740684.414458856
310.0,0,2,Ground A - Sat 2,ground,5265.151180742574,-18.331950826288097,False,0.0,,0.0,3740684.414458856
312.0,0,2,Ground A - Sat 2,ground,5278.555919612224,-18.410594379520752,False,0.0,,0.0,3740684.414458856
314.0,0,2,Ground A - Sat 2,ground,5291.954538496094,-18.489161296857763,False,0.0,,0.0,3740684.414458856
316.0,0,2,Ground A - Sat 2,ground,5305.347018155173,-18.567652193715084,False,0.0,,0.0,3740684.414458856
318.0,0,2,Ground A - Sat 2,ground,5318.733339387202,-18.646067678978564,False,0.0,,0.0,3740684.414458856
320.0,0,2,Ground A - Sat 2,ground,5332.113483026322,-18.72440835509029,False,0.0,,0.0,3740684.414458856
322.0,0,2,Ground A - Sat 2,ground,5345.487429942715,-18.80267481813331,False,0.0,,0.0,3740684.414458856
324.0,0,2,Ground A - Sat 2,ground,5358.85516104225,-18.880867657915214,False,0.0,,0.0,3740684.414458856
326.0,0,2,Ground A - Sat 2,ground,5372.216657266148,-18.958987458050334,False,0.0,,0.0,3740684.414458856
328.0,0,2,Ground A - Sat 2,ground,5385.571899590636,-19.03703479604068,False,0.0,,0.0,3740684.414458856
330.0,0,2,Ground A - Sat 2,ground,5398.920869026623,-19.115010243355574,False,0.0,,0.0,3740684.414458856
332.0,0,2,Ground A - Sat 2,ground,5412.263546619359,-19.192914365510116,False,0.0,,0.0,3740684.414458856
334.0,0,2,Ground A - Sat 2,ground,5425.599913448129,-19.270747722142364,False,0.0,,0.0,3740684.414458856
336.0,0,2,Ground A - Sat 2,ground,5438.9299506259285,-19.348510867089338,False,0.0,,0.0,3740684.414458856
338.0,0,2,Ground A - Sat 2,ground,5452.253639299153,-19.426204348461905,False,0.0,,0.0,3740684.414458856
340.0,0,2,Ground A - Sat 2,ground,5465.5709606472965,-19.503828708718416,False,0.0,,0.0,3740684.414458856
342.0,0,2,Ground A - Sat 2,ground,5478.881895882642,-19.581384484737292,False,0.0,,0.0,3740684.414458856
344.0,0,2,Ground A - Sat 2,ground,5492.186426249976,-19.658872207888436,False,0.0,,0.0,3740684.414458856
346.0,0,2,Ground A - Sat 2,ground,5505.484533026289,-19.736292404103654,False,0.0,,0.0,3740684.414458856
348.0,0,2,Ground A - Sat 2,ground,5518.776197520492,-19.813645593945825,False,0.0,,0.0,3740684.414458856
350.0,0,2,Ground A - Sat 2,ground,5532.06140107314,-19.89093229267726,False,0.0,,0.0,3740684.414458856
352.0,0,2,Ground A - Sat 2,ground,5545.340125056143,-19.968153010326766,False,0.0,,0.0,3740684.414458856
354.0,0,2,Ground A - Sat 2,ground,5558.612350872507,-20.045308251755912,False,0.0,,0.0,3740684.414458856
356.0,0,2,Ground A - Sat 2,ground,5571.878059956055,-20.12239851672415,False,0.0,,0.0,3740684.414458856
358.0,0,2,Ground A - Sat 2,ground,5585.137233771172,-20.19942429995307,False,0.0,,0.0,3740684.414458856
360.0,0,2,Ground A - Sat 2,ground,5598.389853812536,-20.276386091189536,False,0.0,,0.0,3740684.414458856
362.0,0,2,Ground A - Sat 2,ground,5611.63590160487,-20.353284375268075,False,0.0,,0.0,3740684.414458856
364.0,0,2,Ground A - Sat 2,ground,5624.875358702691,-20.430119632172143,False,0.0,,0.0,3740684.414458856
366.0,0,2,Ground A - Sat 2,ground,5638.108206690058,-20.506892337094612,False,0.0,,0.0,3740684.414458856
368.0,0,2,Ground A - Sat 2,ground,5651.334427180331,-20.58360296049731,False,0.0,,0.0,3740684.414458856
370.0,0,2,Ground A - Sat 2,ground,5664.554001815934,-20.660251968169625,False,0.0,,0.0,3740684.414458856
372.0,0,2,Ground A - Sat 2,ground,5677.766912268113,-20.736839821286342,False,0.0,,0.0,3740684.414458856
374.0,0,2,Ground A - Sat 2,ground,5690.973140236715,-20.813366976464593,False,0.0,,0.0,3740684.414458856
376.0,0,2,Ground A - Sat 2,ground,5704.17266744995,-20.889833885819883,False,0.0,,0.0,3740684.414458856
378.0,0,2,Ground A - Sat 2,ground,5717.365475664174,-20.966240997021405,False,0.0,,0.0,3740684.414458856
380.0,0,2,Ground A - Sat 2,ground,5730.551546663662,-21.04258875334652,False,0.0,,0.0,3740684.414458856
382.0,0,2,Ground A - Sat 2,ground,5743.730862260394,-21.11887759373435,False,0.0,,0.0,3740684.414458856
384.0,0,2,Ground A - Sat 2,ground,5756.903404293845,-21.195107952838747,False,0.0,,0.0,3740684.414458856
386.0,0,2,Ground A - Sat 2,ground,5770.069154630768,-21.271280261080346,False,0.0,,0.0,3740684.414458856
388.0,0,2,Ground A - Sat 2,ground,5783.22809516499,-21.347394944697935,False,0.0,,0.0,3740684.414458856
390.0,0,2,Ground A - Sat 2,ground,5796.380207817209,-21.42345242579907,False,0.0,,0.0,3740684.414458856
392.0,0,2,Ground A - Sat 2,ground,5809.525474534794,-21.499453122409957,False,0.0,,0.0,3740684.414458856
394.0,0,2,Ground A - Sat 2,ground,5822.663877291585,-21.575397448524576,False,0.0,,0.0,3740684.414458856
396.0,0,2,Ground A - Sat 2,ground,5835.795398087702,-21.65128581415323,False,0.0,,0.0,3740684.414458856
398.0,0,2,Ground A - Sat 2,ground,5848.920018949353,-21.727118625370156,False,0.0,,0.0,3740684.414458856
400.0,0,2,Ground A - Sat 2,ground,5862.037721928644,-21.802896284360756,False,0.0,,0.0,3740684.414458856
402.0,0,2,Ground A - Sat 2,ground,5875.148489103395,-21.878619189467894,False,0.0,,0.0,3740684.414458856
404.0,0,2,Ground A - Sat 2,ground,5888.252302576963,-21.95428773523766,False,0.0,,0.0,3740684.414458856
406.0,0,2,Ground A - Sat 2,ground,5901.349144478053,-22.029902312464476,False,0.0,,0.0,3740684.414458856
408.0,0,2,Ground A - Sat 2,ground,5914.438996960549,-22.105463308235564,False,0.0,,0.0,3740684.414458856
410.0,0,2,Ground A - Sat 2,ground,5927.521842203338,-22.18097110597469,False,0.0,,0.0,3740684.414458856
412.0,0,2,Ground A - Sat 2,ground,5940.597662410139,-22.25642608548548,False,0.0,,0.0,3740684.414458856
414.0,0,2,Ground A - Sat 2,ground,5953.666439809335,-22.331828622993935,False,0.0,,0.0,3740684.414458856
416.0,0,2,Ground A - Sat 2,ground,5966.728156653808,-22.40717909119045,False,0.0,,0.0,3740684.414458856
418.0,0,2,Ground A - Sat 2,ground,5979.782795220775,-22.482477859271214,False,0.0,,0.0,3740684.414458856
420.0,0,2,Ground A - Sat 2,ground,5992.83033781163,-22.55772529297905,False,0.0,,0.0,3740684.414458856
422.0,0,2,Ground A - Sat 2,ground,6005.870766751778,-22.632921754643696,False,0.0,,0.0,3740684.414458856
424.0,0,2,Ground A - Sat 2,ground,6018.904064390494,-22.708067603221448,False,0.0,,0.0,3740684.414458856
426.0,0,2,Ground A - Sat 2,ground,6031.930213100754,-22.783163194334346,False,0.0,,0.0,3740684.414458856
428.0,0,2,Ground A - Sat 2,ground,6044.949195279099,-22.858208880308784,False,0.0,,0.0,3740684.414458856
430.0,0,2,Ground A - Sat 2,ground,6057.960993345473,-22.933205010213545,False,0.0,,0.0,3740684.414458856
432.0,0,2,Ground A - Sat 2,ground,6070.9655897430885,-23.00815192989738,False,0.0,,0.0,3740684.414458856
434.0,0,2,Ground A - Sat 2,ground,6083.962966938274,-23.083049982026022,False,0.0,,0.0,3740684.414458856
436.0,0,2,Ground A - Sat 2,ground,6096.953107420344,-23.15789950611871,False,0.0,,0.0,3740684.414458856
438.0,0,2,Ground A - Sat 2,ground,6109.935993701444,-23.232700838584197,False,0.0,,0.0,3740684.414458856
440.0,0,2,Ground A - Sat 2,ground,6122.911608316426,-23.30745431275631,False,0.0,,0.0,3740684.414458856
442.0,0,2,Ground A - Sat 2,ground,6135.879933822712,-23.382160258928923,False,0.0,,0.0,3740684.414458856
444.0,0,2,Ground A - Sat 2,ground,6148.840952800151,-23.456819004390635,False,0.0,,0.0,3740684.414458856
446.0,0,2,Ground A - Sat 2,ground,6161.794647850905,-23.53143087345874,False,0.0,,0.0,3740684.414458856
448.0,0,2,Ground A - Sat 2,ground,6174.741001599305,-23.605996187512925,False,0.0,,0.0,3740684.414458856
450.0,0,2,Ground A - Sat 2,ground,6187.679996691732,-23.680515265028497,False,0.0,,0.0,3740684.414458856
452.0,0,2,Ground A - Sat 2,ground,6200.6116157964925,-23.75498842160898,False,0.0,,0.0,3740684.414458856
454.0,0,2,Ground A - Sat 2,ground,6213.535841603692,-23.829415970018545,False,0.0,,0.0,3740684.414458856
456.0,0,2,Ground A - Sat 2,ground,6226.4526568251185,-23.90379822021381,False,0.0,,0.0,3740684.414458856
458.0,0,2,Ground A - Sat 2,ground,6239.3620441941175,-23.978135479375215,False,0.0,,0.0,3740684.414458856
460.0,0,2,Ground A - Sat 2,ground,6252.263986465479,-24.052428051938136,False,0.0,,0.0,3740684.414458856
462.0,0,2,Ground A - Sat 2,ground,6265.158466415323,-24.126676239623407,False,0.0,,0.0,3740684.414458856
464.0,0,2,Ground A - Sat 2,ground,6278.045466840988,-24.20088034146754,False,0.0,,0.0,3740684.414458856
466.0,0,2,Ground A - Sat 2,ground,6290.924970560908,-24.275040653852482,False,0.0,,0.0,3740684.414458856
468.0,0,2,Ground A - Sat 2,ground,6303.7969604145155,-24.349157470535076,False,0.0,,0.0,3740684.414458856
470.0,0,2,Ground A - Sat 2,ground,6316.6614192621255,-24.423231082675954,False,0.0,,0.0,3740684.414458856
472.0,0,2,Ground A - Sat 2,ground,6329.518329984831,-24.497261778868285,False,0.0,,0.0,3740684.414458856
474.0,0,2,Ground A - Sat 2,ground,6342.367675484402,-24.571249845165905,False,0.0,,0.0,3740684.414458856
476.0,0,2,Ground A - Sat 2,ground,6355.209438683171,-24.645195565111287,False,0.0,,0.0,3740684.414458856
478.0,0,2,Ground A - Sat 2,ground,6368.043602523945,-24.71909921976295,False,0.0,,0.0,3740684.414458856
480.0,0,2,Ground A - Sat 2,ground,6380.870149969897,-24.79296108772271,False,0.0,,0.0,3740684.414458856
482.0,0,2,Ground A - Sat 2,ground,6393.689064004465,-24.86678144516238,False,0.0,,0.0,3740684.414458856
484.0,0,2,Ground A - Sat 2,ground,6406.5003276312655,-24.940560565850284,False,0.0,,0.0,3740684.414458856
486.0,0,2,Ground A - Sat 2,ground,6419.303923873986,-25.014298721177294,False,0.0,,0.0,3740684.414458856
488.0,0,2,Ground A - Sat 2,ground,6432.099835776299,-25.087996180182678,False,0.0,,0.0,3740684.414458856
490.0,0,2,Ground A - Sat 2,ground,6444.8880464017675,-25.16165320957945,False,0.0,,0.0,3740684.414458856
492.0,0,2,Ground A - Sat 2,ground,6457.66853883375,-25.235270073779446,False,0.0,,0.0,3740684.414458856
494.0,0,2,Ground A - Sat 2,ground,6470.441296175314,-25.30884703491824,False,0.0,,0.0,3740684.414458856
496.0,0,2,Ground A - Sat 2,ground,6483.20630154915,-25.38238435287944,False,0.0,,0.0,3740684.414458856
498.0,0,2,Ground A - Sat 2,ground,6495.96353809748,-25.45588228531893,False,0.0,,0.0,3740684.414458856
500.0,0,2,Ground A - Sat 2,ground,6508.712988981973,-25.529341087688667,False,0.0,,0.0,3740684.414458856
502.0,0,2,Ground A - Sat 2,ground,6521.45463738366,-25.60276101326022,False,0.0,,0.0,3740684.414458856
504.0,0,2,Ground A - Sat 2,ground,6534.1884665028565,-25.676142313148013,False,0.0,,0.0,3740684.414458856
506.0,0,2,Ground A - Sat 2,ground,6546.914459559073,-25.749485236332212,False,0.0,,0.0,3740684.414458856
508.0,0,2,Ground A - Sat 2,ground,6559.632599790938,-25.82279002968141,False,0.0,,0.0,3740684.414458856
510.0,0,2,Ground A - Sat 2,ground,6572.34287045612,-25.896056937974993,False,0.0,,0.0,3740684.414458856
512.0,0,2,Ground A - Sat 2,ground,6585.045254831249,-25.969286203925158,False,0.0,,0.0,3740684.414458856
514.0,0,2,Ground A - Sat 2,ground,6597.7397362118345,-26.042478068198744,False,0.0,,0.0,3740684.414458856
516.0,0,2,Ground A - Sat 2,ground,6610.426297912202,-26.115632769438772,False,0.0,,0.0,3740684.414458856
518.0,0,2,Ground A - Sat 2,ground,6623.104923265407,-26.188750544285625,False,0.0,,0.0,3740684.414458856
520.0,0,2,Ground A - Sat 2,ground,6635.775595623167,-26.26183162739811,False,0.0,,0.0,3740684.414458856
522.0,0,2,Ground A - Sat 2,ground,6648.438298355786,-26.334876251474107,False,0.0,,0.0,3740684.414458856
524.0,0,2,Ground A - Sat 2,ground,6661.093014852089,-26.4078846472711,False,0.0,,0.0,3740684.414458856
526.0,0,2,Ground A - Sat 2,ground,6673.73972851935,-26.4808570436263,False,0.0,,0.0,3740684.414458856
528.0,0,2,Ground A - Sat 2,ground,6686.378422783221,-26.553793667476683,False,0.0,,0.0,3740684.414458856
530.0,0,2,Ground A - Sat 2,ground,6699.009081087665,-26.62669474387863,False,0.0,,0.0,3740684.414458856
532.0,0,2,Ground A - Sat 2,ground,6711.6316868948925,-26.699560496027424,False,0.0,,0.0,3740684.414458856
534.0,0,2,Ground A - Sat 2,ground,6724.246223685294,-26.77239114527648,False,0.0,,0.0,3740684.414458856
536.0,0,2,Ground A - Sat 2,ground,6736.852674957375,-26.845186911156283,False,0.0,,0.0,3740684.414458856
538.0,0,2,Ground A - Sat 2,ground,6749.451024227693,-26.917948011393175,False,0.0,,0.0,3740684.414458856
540.0,0,2,Ground A - Sat 2,ground,6762.041255030794,-26.9906746619279,False,0.0,,0.0,3740684.414458856
542.0,0,2,Ground A - Sat 2,ground,6774.623350919156,-27.06336707693382,False,0.0,,0.0,3740684.414458856
544.0,0,2,Ground A - Sat 2,ground,6787.19729546312,-27.136025468835044,False,0.0,,0.0,3740684.414458856
546.0,0,2,Ground A - Sat 2,ground,6799.7630722508375,-27.208650048324277,False,0.0,,0.0,3740684.414458856
548.0,0,2,Ground A - Sat 2,ground,6812.320664888214,-27.281241024380417,False,0.0,,0.0,3740684.414458856
550.0,0,2,Ground A - Sat 2,ground,6824.870056998839,-27.35379860428599,False,0.0,,0.0,3740684.414458856
552.0,0,2,Ground A - Sat 2,ground,6837.4112322239425,-27.426322993644348,False,0.0,,0.0,3740684.414458856
554.0,0,2,Ground A - Sat 2,ground,6849.944174222333,-27.498814396396696,False,0.0,,0.0,3740684.414458856
556.0,0,2,Ground A - Sat 2,ground,6862.468866670343,-27.571273014838813,False,0.0,,0.0,3740684.414458856
558.0,0,2,Ground A - Sat 2,ground,6874.9852932617805,-27.643699049637725,False,0.0,,0.0,3740684.414458856
560.0,0,2,Ground A - Sat 2,ground,6887.493437707862,-27.716092699848005,False,0.0,,0.0,3740684.414458856
562.0,0,2,Ground A - Sat 2,ground,6899.993283737176,-27.78845416292804,False,0.0,,0.0,3740684.414458856
564.0,0,2,Ground A - Sat 2,ground,6912.484815095625,-27.860783634756004,False,0.0,,0.0,3740684.414458856
566.0,0,2,Ground A - Sat 2,ground,6924.968015546372,-27.933081309645633,False,0.0,,0.0,3740684.414458856
568.0,0,2,Ground A - Sat 2,ground,6937.442868869794,-28.00534738036186,False,0.0,,0.0,3740684.414458856
570.0,0,2,Ground A - Sat 2,ground,6949.909358863434,-28.07758203813629,False,0.0,,0.0,3740684.414458856
572.0,0,2,Ground A - Sat 2,ground,6962.36746934195,-28.14978547268235,False,0.0,,0.0,3740684.414458856
574.0,0,2,Ground A - Sat 2,ground,6974.817184137066,-28.22195787221044,False,0.0,,0.0,3740684.414458856
576.0,0,2,Ground A - Sat 2,ground,6987.258487097537,-28.29409942344279,False,0.0,,0.0,3740684.414458856
578.0,0,2,Ground A - Sat 2,ground,6999.691362089084,-28.366210311628144,False,0.0,,0.0,3740684.414458856
580.0,0,2,Ground A - Sat 2,ground,7012.1157929943665,-28.43829072055636,False,0.0,,0.0,3740684.414458856
582.0,0,2,Ground A - Sat 2,ground,7024.531763712928,-28.51034083257269,False,0.0,,0.0,3740684.414458856
584.0,0,2,Ground A - Sat 2,ground,7036.9392581611555,-28.58236082859205,False,0.0,,0.0,3740684.414458856
586.0,0,2,Ground A - Sat 2,ground,7049.338260272237,-28.65435088811301,False,0.0,,0.0,3740684.414458856
588.0,0,2,Ground A - Sat 2,ground,7061.728753996119,-28.72631118923168,False,0.0,,0.0,3740684.414458856
590.0,0,2,Ground A - Sat 2,ground,7074.110723299465,-28.79824190865539,False,0.0,,0.0,3740684.414458856
592.0,0,2,Ground A - Sat 2,ground,7086.484152165612,-28.870143221716248,False,0.0,,0.0,3740684.414458856
594.0,0,2,Ground A - Sat 2,ground,7098.849024594535,-28.94201530238453,False,0.0,,0.0,3740684.414458856
596.0,0,2,Ground A - Sat 2,ground,7111.205324602805,-29.01385832328188,False,0.0,,0.0,3740684.414458856
598.0,0,2,Ground A - Sat 2,ground,7123.553036223553,-29.085672455694432,False,0.0,,0.0,3740684.414458856
600.0,0,2,Ground A - Sat 2,ground,7135.892143506424,-29.157457869585684,False,0.0,,0.0,3740684.414458856
-600.0,2,3,Sat 2 - Ground B,ground,4348.697350471533,-12.814763156879218,False,0.0,,0.0,0.0
-598.0,2,3,Sat 2 - Ground B,ground,4334.922209273118,-12.728943130327584,False,0.0,,0.0,0.0
-596.0,2,3,Sat 2 - Ground B,ground,4321.142402643361,-12.642980855945373,False,0.0,,0.0,0.0
-594.0,2,3,Sat 2 - Ground B,ground,4307.357953861325,-12.556874920014437,False,0.0,,0.0,0.0
-592.0,2,3,Sat 2 - Ground B,ground,4293.568886295434,-12.4706238901329,False,0.0,,0.0,0.0
-590.0,2,3,Sat 2 - Ground B,ground,4279.775223404823,-12.384226314906735,False,0.0,,0.0,0.0
-588.0,2,3,Sat 2 - Ground B,ground,4265.976988740728,-12.297680723635343,False,0.0,,0.0,0.0
-586.0,2,3,Sat 2 - Ground B,ground,4252.174205947894,-12.210985625990789,False,0.0,,0.0,0.0
-584.0,2,3,Sat 2 - Ground B,ground,4238.366898766014,-12.124139511690798,False,0.0,,0.0,0.0
-582.0,2,3,Sat 2 - Ground B,ground,4224.555091031205,-12.037140850165054,False,0.0,,0.0,0.0
-580.0,2,3,Sat 2 - Ground B,ground,4210.738806677498,-11.949988090214989,False,0.0,,0.0,0.0
-578.0,2,3,Sat 2 - Ground B,ground,4196.918069738384,-11.862679659666572,False,0.0,,0.0,0.0
-576.0,2,3,Sat 2 - Ground B,ground,4183.0929043483575,-11.7752139650162,False,0.0,,0.0,0.0
-574.0,2,3,Sat 2 - Ground B,ground,4169.263334744527,-11.687589391069404,False,0.0,,0.0,0.0
-572.0,2,3,Sat 2 - Ground B,ground,4155.429385268236,-11.599804300572234,False,0.0,,0.0,0.0
-570.0,2,3,Sat 2 - Ground B,ground,4141.59108036672,-11.511857033835042,False,0.0,,0.0,0.0
-568.0,2,3,Sat 2 - Ground B,ground,4127.748444594815,-11.423745908348808,False,0.0,,0.0,0.0
-566.0,2,3,Sat 2 - Ground B,ground,4113.901502616675,-11.335469218393266,False,0.0,,0.0,0.0
-564.0,2,3,Sat 2 - Ground B,ground,4100.050279207553,-11.247025234637363,False,0.0,,0.0,0.0
-562.0,2,3,Sat 2 - Ground B,ground,4086.194799255597,-11.158412203731102,False,0.0,,0.0,0.0
-560.0,2,3,Sat 2 - Ground B,ground,4072.335087763697,-11.069628347889223,False,0.0,,0.0,0.0
-558.0,2,3,Sat 2 - Ground B,ground,4058.4711698513684,-10.980671864466101,False,0.0,,0.0,0.0
-556.0,2,3,Sat 2 - Ground B,ground,4044.6030707566706,-10.891540925521769,False,0.0,,0.0,0.0
-554.0,2,3,Sat 2 - Ground B,ground,4030.7308158381766,-10.802233677378961,False,0.0,,0.0,0.0
-552.0,2,3,Sat 2 - Ground B,ground,4016.8544305769738,-10.712748240170784,False,0.0,,0.0,0.0
-550.0,2,3,Sat 2 - Ground B,ground,4002.973940578712,-10.623082707378897,False,0.0,,0.0,0.0
-548.0,2,3,Sat 2 - Ground B,ground,3989.089371575702,-10.533235145361997,False,0.0,,0.0,0.0
-546.0,2,3,Sat 2 - Ground B,ground,3975.2007494290465,-10.443203592874177,False,0.0,,0.0,0.0
-544.0,2,3,Sat 2 - Ground B,ground,3961.3081001308274,-10.352986060573166,False,0.0,,0.0,0.0
-542.0,2,3,Sat 2 - Ground B,ground,3947.411449806339,-10.262580530517994,False,0.0,,0.0,0.0
-540.0,2,3,Sat 2 - Ground B,ground,3933.5108247163653,-10.171984955656013,False,0.0,,0.0,0.0
-538.0,2,3,Sat 2 - Ground B,ground,3919.606251259513,-10.081197259298785,False,0.0,,0.0,0.0
-536.0,2,3,Sat 2 - Ground B,ground,3905.6977559745915,-9.990215334586686,False,0.0,,0.0,0.0
-534.0,2,3,Sat 2 - Ground B,ground,3891.785365543047,-9.899037043942032,False,0.0,,0.0,0.0
-532.0,2,3,Sat 2 - Ground B,ground,3877.869106791453,-9.80766021851018,False,0.0,,0.0,0.0
-530.0,2,3,Sat 2 - Ground B,ground,3863.949006694046,-9.716082657588624,False,0.0,,0.0,0.0
-528.0,2,3,Sat 2 - Ground B,ground,3850.025092375336,-9.62430212804346,False,0.0,,0.0,0.0
-526.0,2,3,Sat 2 - Ground B,ground,3836.0973911127544,-9.532316363713154,False,0.0,,0.0,0.0
-524.0,2,3,Sat 2 - Ground B,ground,3822.1659303393753,-9.44012306479917,False,0.0,,0.0,0.0
-522.0,2,3,Sat 2 - Ground B,ground,3808.2307376466965,-9.347719897243046,False,0.0,,0.0,0.0
-520.0,2,3,Sat 2 - Ground B,ground,3794.291840787476,-9.255104492089838,False,0.0,,0.0,0.0
-518.0,2,3,Sat 2 - Ground B,ground,3780.3492676786373,-9.162274444837227,False,0.0,,0.0,0.0
-516.0,2,3,Sat 2 - Ground B,ground,3766.403046404248,-9.069227314770252,False,0.0,,0.0,0.0
-514.0,2,3,Sat 2 - Ground B,ground,3752.4532052185486,-8.97596062428095,False,0.0,,0.0,0.0
-512.0,2,3,Sat 2 - Ground B,ground,3738.4997725490703,-8.882471858172902,False,0.0,,0.0,0.0
-510.0,2,3,Sat 2 - Ground B,ground,3724.5427769998078,-8.788758462950023,False,0.0,,0.0,0.0
-508.0,2,3,Sat 2 - Ground B,ground,3710.5822473544804,-8.694817846089085,False,0.0,,0.0,0.0
-506.0,2,3,Sat 2 - Ground B,ground,3696.6182125798528,-8.60064737529599,False,0.0,,0.0,0.0
-504.0,2,3,Sat 2 - Ground B,ground,3682.6507018291463,-8.50624437774484,False,0.0,,0.0,0.0
-502.0,2,3,Sat 2 - Ground B,ground,3668.679744445524,-8.411606139299687,False,0.0,,0.0,0.0
-500.0,2,3,Sat 2 - Ground B,ground,3654.7053699656553,-8.316729903718471,False,0.0,,0.0,0.0
-498.0,2,3,Sat 2 - Ground B,ground,3640.7276081233667,-8.221612871838408,False,0.0,,0.0,0.0
-496.0,2,3,Sat 2 - Ground B,ground,3626.74648885338,-8.126252200742762,False,0.0,,0.0,0.0
-494.0,2,3,Sat 2 - Ground B,ground,3612.7620422951354,-8.030645002908004,False,0.0,,0.0,0.0
-492.0,2,3,Sat 2 - Ground B,ground,3598.7742987967076,-7.934788345331394,False,0.0,,0.0,0.0
-490.0,2,3,Sat 2 - Ground B,ground,3584.783288918815,-7.838679248637833,False,0.0,,0.0,0.0
-488.0,2,3,Sat 2 - Ground B,ground,3570.7890434389215,-7.742314686165898,False,0.0,,0.0,0.0
-486.0,2,3,Sat 2 - Ground B,ground,3556.7915933554455,-7.645691583032461,False,0.0,,0.0,0.0
-484.0,2,3,Sat 2 - Ground B,ground,3542.7909698920575,-7.5488068151748005,False,0.0,,0.0,0.0
-482.0,2,3,Sat 2 - Ground B,ground,3528.787204502092,-7.451657208370375,False,0.0,,0.0,0.0
-480.0,2,3,Sat 2 - Ground B,ground,3514.780328873061,-7.354239537232877,False,0.0,,0.0,0.0
-478.0,2,3,Sat 2 - Ground B,ground,3500.770374931281,-7.256550524184536,False,0.0,,0.0,0.0
-476.0,2,3,Sat 2 - Ground B,ground,3486.7573748466075,-7.1585868384035765,False,0.0,,0.0,0.0
-474.0,2,3,Sat 2 - Ground B,ground,3472.7413610372946,-7.060345094746321,False,0.0,,0.0,0.0
-472.0,2,3,Sat 2 - Ground B,ground,3458.722366174962,-6.96182185264317,False,0.0,,0.0,0.0
-470.0,2,3,Sat 2 - Ground B,ground,3444.7004231897,-6.863013614967881,False,0.0,,0.0,0.0
-468.0,2,3,Sat 2 - Ground B,ground,3430.6755652752863,-6.763916826879124,False,0.0,,0.0,0.0
-466.0,2,3,Sat 2 - Ground B,ground,3416.6478258945417,-6.664527874633709,False,0.0,,0.0,0.0
-464.0,2,3,Sat 2 - Ground B,ground,3402.617238784818,-6.5648430843707315,False,0.0,,0.0,0.0
-462.0,2,3,Sat 2 - Ground B,ground,3388.5838379636207,-6.464858720865551,False,0.0,,0.0,0.0
-460.0,2,3,Sat 2 - Ground B,ground,3374.5476577343825,-6.364570986253024,False,0.0,,0.0,0.0
-458.0,2,3,Sat 2 - Ground B,ground,3360.508732692367,-6.263976018718987,False,0.0,,0.0,0.0
-456.0,2,3,Sat 2 - Ground B,ground,3346.4670977307396,-6.163069891158991,False,0.0,,0.0,0.0
-454.0,2,3,Sat 2 - Ground B,ground,3332.422788046781,-6.061848609803479,False,0.0,,0.0,0.0
-452.0,2,3,Sat 2 - Ground B,ground,3318.3758391482656,-5.960308112808279,False,0.0,,0.0,0.0
-450.0,2,3,Sat 2 - Ground B,ground,3304.3262868600023,-5.858444268809663,False,0.0,,0.0,0.0
-448.0,2,3,Sat 2 - Ground B,ground,3290.2741673305445,-5.7562528754426046,False,0.0,,0.0,0.0
-446.0,2,3,Sat 2 - Ground B,ground,3276.219517039074,-5.653729657821277,False,0.0,,0.0,0.0
-444.0,2,3,Sat 2 - Ground B,ground,3262.1623728024647,-5.550870266980888,False,0.0,,0.0,0.0
-442.0,2,3,Sat 2 - Ground B,ground,3248.1027717825273,-5.44767027827928,False,0.0,,0.0,0.0
-440.0,2,3,Sat 2 - Ground B,ground,3234.0407514934514,-5.344125189757582,False,0.0,,0.0,0.0
-438.0,2,3,Sat 2 - Ground B,ground,3219.976349809434,-5.240230420458166,False,0.0,,0.0,0.0
-436.0,2,3,Sat 2 - Ground B,ground,3205.909604972522,-5.13598130869921,False,0.0,,0.0,0.0
-434.0,2,3,Sat 2 - Ground B,ground,3191.840555600648,-5.031373110303958,False,0.0,,0.0,0.0
-432.0,2,3,Sat 2 - Ground B,ground,3177.769240695893,-4.926400996783763,False,0.0,,0.0,0.0
-430.0,2,3,Sat 2 - Ground B,ground,3163.695699652969,-4.821060053473379,False,0.0,,0.0,0.0
-428.0,2,3,Sat 2 - Ground B,ground,3149.61997226792,-4.71534527761679,False,0.0,,0.0,0.0
-426.0,2,3,Sat 2 - Ground B,ground,3135.542098747069,-4.609251576402589,False,0.0,,0.0,0.0
-424.0,2,3,Sat 2 - Ground B,ground,3121.462119716203,-4.502773764946722,False,0.0,,0.0,0.0
-422.0,2,3,Sat 2 - Ground B,ground,3107.380076230008,-4.39590656422158,False,0.0,,0.0,0.0
-420.0,2,3,Sat 2 - Ground B,ground,3093.2960097817645,-4.288644598929342,False,0.0,,0.0,0.0
-418.0,2,3,Sat 2 - Ground B,ground,3079.2099623133063,-4.180982395317921,False,0.0,,0.0,0.0
-416.0,2,3,Sat 2 - Ground B,ground,3065.121976225256,-4.072914378937951,False,0.0,,0.0,0.0
-414.0,2,3,Sat 2 - Ground B,ground,3051.0320943875427,-3.9644348723386855,False,0.0,,0.0,0.0
-412.0,2,3,Sat 2 - Ground B,ground,3036.9403601502163,-3.8555380927009826,False,0.0,,0.0,0.0
-410.0,2,3,Sat 2 - Ground B,ground,3022.84681735456,-3.7462181494054443,False,0.0,,0.0,0.0
-408.0,2,3,Sat 2 - Ground B,ground,3008.7515103445153,-3.63646904153353,False,0.0,,0.0,0.0
-406.0,2,3,Sat 2 - Ground B,ground,2994.65448397843,-3.5262846552997034,False,0.0,,0.0,0.0
-404.0,2,3,Sat 2 - Ground B,ground,2980.5557836411435,-3.415658761412059,False,0.0,,0.0,0.0
-402.0,2,3,Sat 2 - Ground B,ground,2966.4554552564023,-3.3045850123596137,False,0.0,,0.0,0.0
-400.0,2,3,Sat 2 - Ground B,ground,2952.3535452996516,-3.1930569396233146,False,0.0,,0.0,0.0
-398.0,2,3,Sat 2 - Ground B,ground,2938.2501008111713,-3.081067950808899,False,0.0,,0.0,0.0
-396.0,2,3,Sat 2 - Ground B,ground,2924.1451694096086,-2.9686113266985124,False,0.0,,0.0,0.0
-394.0,2,3,Sat 2 - Ground B,ground,2910.038799305893,-2.8556802182187897,False,0.0,,0.0,0.0
-392.0,2,3,Sat 2 - Ground B,ground,2895.9310393175565,-2.7422676433225917,False,0.0,,0.0,0.0
-390.0,2,3,Sat 2 - Ground B,ground,2881.821938883478,-2.628366483781348,False,0.0,,0.0,0.0
-388.0,2,3,Sat 2 - Ground B,ground,2867.711548079059,-2.513969481885242,False,0.0,,0.0,0.0
-386.0,2,3,Sat 2 - Ground B,ground,2853.5999176318373,-2.3990692370482374,False,0.0,,0.0,0.0
-384.0,2,3,Sat 2 - Ground B,ground,2839.487098937581,-2.283658202314434,False,0.0,,0.0,0.0
-382.0,2,3,Sat 2 - Ground B,ground,2825.3731440768424,-2.1677286807628717,False,0.0,,0.0,0.0
-380.0,2,3,Sat 2 - Ground B,ground,2811.258105832025,-2.051272821807004,False,0.0,,0.0,0.0
-378.0,2,3,Sat 2 - Ground B,ground,2797.14203770495,-1.9342826173854482,False,0.0,,0.0,0.0
-376.0,2,3,Sat 2 - Ground B,ground,2783.0249939349555,-1.816749898040346,False,0.0,,0.0,0.0
-374.0,2,3,Sat 2 - Ground B,ground,2768.907029517555,-1.6986663288793107,False,0.0,,0.0,0.0
-372.0,2,3,Sat 2 - Ground B,ground,2754.7882002236493,-1.5800234054172644,False,0.0,,0.0,0.0
-370.0,2,3,Sat 2 - Ground B,ground,2740.6685626193366,-1.4608124492937353,False,0.0,,0.0,0.0
-368.0,2,3,Sat 2 - Ground B,ground,2726.5481740863274,-1.3410246038615117,False,0.0,,0.0,0.0
-366.0,2,3,Sat 2 - Ground B,ground,2712.427092842996,-1.220650829642006,False,0.0,,0.0,0.0
-364.0,2,3,Sat 2 - Ground B,ground,2698.30537796608,-1.0996818996428748,False,0.0,,0.0,0.0
-362.0,2,3,Sat 2 - Ground B,ground,2684.183089413058,-0.9781083945329918,False,0.0,,0.0,0.0
-360.0,2,3,Sat 2 - Ground B,ground,2670.0602880452298,-0.8559206976696607,False,0.0,,0.0,0.0
-358.0,2,3,Sat 2 - Ground B,ground,2655.9370356515287,-0.733108989972977,False,0.0,,0.0,0.0
-356.0,2,3,Sat 2 - Ground B,ground,2641.8133949730786,-0.609663244641775,False,0.0,,0.0,0.0
-354.0,2,3,Sat 2 - Ground B,ground,2627.689429728539,-0.4855732217057782,False,0.0,,0.0,0.0
-352.0,2,3,Sat 2 - Ground B,ground,2613.56520464026,-0.36082846240762423,False,0.0,,0.0,0.0
-350.0,2,3,Sat 2 - Ground B,ground,2599.440785461276,-0.2354182834092328,False,0.0,,0.0,0.0
-348.0,2,3,Sat 2 - Ground B,ground,2585.3162390031703,-0.10933177081561929,False,0.0,,0.0,0.0
-346.0,2,3,Sat 2 - Ground B,ground,2571.191633164847,0.017442225990121026,False,0.0,,0.0,0.0
-344.0,2,3,Sat 2 - Ground B,ground,2557.067036962241,0.14491510070766356,False,0.0,,0.0,0.0
-342.0,2,3,Sat 2 - Ground B,ground,2542.942520558999,0.2730984966833151,False,0.0,,0.0,0.0
-340.0,2,3,Sat 2 - Ground B,ground,2528.818155298174,0.4020043136843296,False,0.0,,0.0,0.0
-338.0,2,3,Sat 2 - Ground B,ground,2514.69401373497,0.5316447148914019,False,0.0,,0.0,0.0
-336.0,2,3,Sat 2 - Ground B,ground,2500.5701696705733,0.6620321341176912,False,0.0,,0.0,0.0
-334.0,2,3,Sat 2 - Ground B,ground,2486.4466981871196,0.7931792832622886,False,0.0,,0.0,0.0
-332.0,2,3,Sat 2 - Ground B,ground,2472.3236756838337,0.9250991600076448,False,0.0,,0.0,0.0
-330.0,2,3,Sat 2 - Ground B,ground,2458.201179914391,1.057805055769274,False,0.0,,0.0,0.0
-328.0,2,3,Sat 2 - Ground B,ground,2444.0792900255515,1.1913105639081882,False,0.0,,0.0,0.0
-326.0,2,3,Sat 2 - Ground B,ground,2429.9580865971093,1.3256295882152045,False,0.0,,0.0,0.0
-324.0,2,3,Sat 2 - Ground B,ground,2415.8376516832154,1.4607763516780896,False,0.0,,0.0,0.0
-322.0,2,3,Sat 2 - Ground B,ground,2401.718068855126,1.596765405541904,False,0.0,,0.0,0.0
-320.0,2,3,Sat 2 - Ground B,ground,2387.599423245433,1.7336116386743923,False,0.0,,0.0,0.0
-318.0,2,3,Sat 2 - Ground B,ground,2373.4818015938395,1.8713302872474618,False,0.0,,0.0,0.0
-316.0,2,3,Sat 2 - Ground B,ground,2359.365292294537,2.0099369447477593,False,0.0,,0.0,0.0
-314.0,2,3,Sat 2 - Ground B,ground,2345.249985445253,2.1494475723287505,False,0.0,,0.0,0.0
-312.0,2,3,Sat 2 - Ground B,ground,2331.13597289804,2.2898785095176803,False,0.0,,0.0,0.0
-310.0,2,3,Sat 2 - Ground B,ground,2317.0233483118654,2.43124648529157,False,0.0,,0.0,0.0
-308.0,2,3,Sat 2 - Ground B,ground,2302.912207207097,2.57356862953685,False,0.0,,0.0,0.0
-306.0,2,3,Sat 2 - Ground B,ground,2288.802647021939,2.716862484907476,False,0.0,,0.0,0.0
-304.0,2,3,Sat 2 - Ground B,ground,2274.694767170917,2.8611460190979083,False,0.0,,0.0,0.0
-302.0,2,3,Sat 2 - Ground B,ground,2260.588669105491,3.006437637547322,False,0.0,,0.0,0.0
-300.0,2,3,Sat 2 - Ground B,ground,2246.484456376888,3.152756196592469,False,0.0,,0.0,0.0
-298.0,2,3,Sat 2 - Ground B,ground,2232.3822347012406,3.300121017087251,False,0.0,,0.0,0.0
-296.0,2,3,Sat 2 - Ground B,ground,2218.2821120271474,3.4485518985079655,False,0.0,,0.0,0.0
-294.0,2,3,Sat 2 - Ground B,ground,2204.184198605737,3.598069133564231,False,0.0,,0.0,0.0
-292.0,2,3,Sat 2 - Ground B,ground,2190.088607063356,3.748693523336084,False,0.0,,0.0,0.0
-290.0,2,3,Sat 2 - Ground B,ground,2175.9954524769937,3.9004463929588793,False,0.0,,0.0,0.0
-288.0,2,3,Sat 2 - Ground B,ground,2161.9048524525633,4.053349607878907,False,0.0,,0.0,0.0
-286.0,2,3,Sat 2 - Ground B,ground,2147.8169272061527,4.207425590703168,False,0.0,,0.0,0.0
-284.0,2,3,Sat 2 - Ground B,ground,2133.7317996483907,4.3626973386681085,False,0.0,,0.0,0.0
-282.0,2,3,Sat 2 - Ground B,ground,2119.649595472058,4.519188441753491,False,0.0,,0.0,0.0
-280.0,2,3,Sat 2 - Ground B,ground,2105.5704432430916,4.676923101468205,False,0.0,,0.0,0.0
-278.0,2,3,Sat 2 - Ground B,ground,2091.4944744951213,4.835926150336571,False,0.0,,0.0,0.0
-276.0,2,3,Sat 2 - Ground B,ground,2077.4218238277144,4.996223072115024,False,0.0,,0.0,0.0
-274.0,2,3,Sat 2 - Ground B,ground,2063.3526290084906,5.15784002277,False,0.0,,0.0,0.0
-272.0,2,3,Sat 2 - Ground B,ground,2049.287031079268,5.320803852249822,False,0.0,,0.0,0.0
-270.0,2,3,Sat 2 - Ground B,ground,2035.2251744664468,5.485142127084718,False,0.0,,0.0,0.0
-268.0,2,3,Sat 2 - Ground B,ground,2021.167207095808,5.650883153850658,False,0.0,,0.0,0.0
-266.0,2,3,Sat 2 - Ground B,ground,2007.113280511937,5.8180560035343705,False,0.0,,0.0,0.0
-264.0,2,3,Sat 2 - Ground B,ground,1993.0635500024905,5.986690536839172,False,0.0,,0.0,0.0
-262.0,2,3,Sat 2 - Ground B,ground,1979.0181747275205,6.1568174304722305,False,0.0,,0.0,0.0
-260.0,2,3,Sat 2 - Ground B,ground,1964.9773178541054,6.328468204456607,False,0.0,,0.0,0.0
-258.0,2,3,Sat 2 - Ground B,ground,1950.9411466965305,6.501675250513423,False,0.0,,0.0,0.0
-256.0,2,3,Sat 2 - Ground B,ground,1936.9098328622838,6.676471861561057,False,0.0,,0.0,0.0
-254.0,2,3,Sat 2 - Ground B,ground,1922.8835524041408,6.8528922623815145,False,0.0,,0.0,0.0
-252.0,2,3,Sat 2 - Ground B,ground,1908.8624859786353,7.030971641505627,False,0.0,,0.0,0.0
-250.0,2,3,Sat 2 - Ground B,ground,1894.8468190112208,7.2107461843718434,False,0.0,,0.0,0.0
-248.0,2,3,Sat 2 - Ground B,ground,1880.8367418684434,7.392253107815991,False,0.0,,0.0,0.0
-246.0,2,3,Sat 2 - Ground B,ground,1866.832450037475,7.5755306959515964,False,0.0,,0.0,0.0
-244.0,2,3,Sat 2 - Ground B,ground,1852.834144313359,7.760618337504369,False,0.0,,0.0,0.0
-242.0,2,3,Sat 2 - Ground B,ground,1838.8420309943585,7.947556564666374,False,0.0,,0.0,0.0
-240.0,2,3,Sat 2 - Ground B,ground,1824.8563220857932,8.136387093539453,False,0.0,,0.0,0.0
-238.0,2,3,Sat 2 - Ground B,ground,1810.8772355128062,8.327152866240754,False,0.0,,0.0,0.0
-236.0,2,3,Sat 2 - Ground B,ground,1796.9049953424883,8.519898094746038,False,0.0,,0.0,0.0
-234.0,2,3,Sat 2 - Ground B,ground,1782.9398320158518,8.714668306551873,False,0.0,,0.0,0.0
-232.0,2,3,Sat 2 - Ground B,ground,1768.9819825901272,8.911510392239412,False,0.0,,0.0,0.0
-230.0,2,3,Sat 2 - Ground B,ground,1755.0316909919334,9.110472655029193,False,0.0,,0.0,0.0
-228.0,2,3,Sat 2 - Ground B,ground,1741.0892082818605,9.311604862418367,False,0.0,,0.0,0.0
-226.0,2,3,Sat 2 - Ground B,ground,1727.1547929310586,9.5149582999979,False,0.0,,0.0,0.0
-224.0,2,3,Sat 2 - Ground B,ground,1713.2287111104542,9.720585827551814,False,0.0,,0.0,0.0
-222.0,2,3,Sat 2 - Ground B,ground,1699.3112369932462,9.928541937544546,False,0.0,,0.0,0.0
-220.0,2,3,Sat 2 - Ground B,ground,1685.4026530713834,10.138882816109167,True,4.0164717185383764e-05,0.058926066056447304,61.15387072243214,61.15387072243214
-218.0,2,3,Sat 2 - Ground B,ground,1671.5032504867472,10.35166640665363,True,4.277704427155154e-05,0.05647292881586181,80.01763686469018,202.32537830955445
-216.0,2,3,Sat 2 - Ground B,ground,1657.6133293778314,10.566952476208714,True,4.551317536379667e-05,0.05418108049399673,99.98242488814674,382.3254400623914
-214.0,2,3,Sat 2 - Ground B,ground,1643.7331992427255,10.784802684646566,True,4.837735401375484e-05,0.05203849431541659,121.08001952746491,603.3878844780031
-212.0,2,3,Sat 2 - Ground B,ground,1629.8631793192853,11.005280656905772,True,5.13739857504909e-05,0.05003408427736709,143.34353242711668,867.8114364325847
-210.0,2,3,Sat 2 - Ground B,ground,1616.0035989834057,11.228452058365017,True,5.4507647773804884e-05,0.048157637421138835,166.8074953961043,1177.9624642558056
-208.0,2,3,Sat 2 - Ground B,ground,1602.154798166375,11.454384673514465,True,5.7783099040643836e-05,0.04639974879573075,191.5079545874059,1536.2779142393158
-206.0,2,3,Sat 2 - Ground B,ground,1588.3171277923427,11.683148488080692,True,6.120529076531758e-05,0.044751759616001224,217.48256605479014,1945.268434881512
-204.0,2,3,Sat 2 - Ground B,ground,1574.4909502370026,11.914815774769306,True,6.4779377356208e-05,0.0432056989155665,244.7706931249682,2407.5216940612704
-202.0,2,3,Sat 2 - Ground B,ground,1560.676639808645,12.149461182796115,True,6.851072781304652e-05,0.041754228842244376,273.41350600645245,2925.7058931926913
-200.0,2,3,Sat 2 - Ground B,ground,1546.8745832528127,12.387161831386141,True,7.240493761042789e-05,0.040390593630242395,303.45408404404327,3502.573483243187
-198.0,2,3,Sat 2 - Ground B,ground,1533.0851802818695,12.627997407428841,True,7.646784109472913e-05,0.0391085722005184,334.9375210171535,4140.965088304384
-196.0,2,3,Sat 2 - Ground B,ground,1519.3088441308566,12.872050267484555,True,8.07055244230705e-05,0.03790243428203216,367.91103387155266,4843.813643193091
-194.0,2,3,Sat 2 - Ground B,ground,1505.546002141111,13.11940554434848,True,8.512433907426818e-05,0.03676689990656369,402.4240752664222,5614.148752331065
-192.0,2,3,Sat 2 - Ground B,ground,1491.7970963732032,13.370151258385874,True,8.973091596336696e-05,0.03569710210391434,438.5284503154134,6455.1012779129005
-190.0,2,3,Sat 2 - Ground B,ground,1478.062584250835,13.624378433861997,True,9.453218019222359e-05,0.03468855260947561,476.2784378931326,7369.908166121447
-188.0,2,3,Sat 2 - Ground B,ground,1464.3429392374628,13.882181220500451,True,9.953536647024739e-05,0.03373711038918125,515.730916878655,8361.917520893234
-186.0,2,3,Sat 2 - Ground B,ground,1450.6386515474958,14.143657020512862,True,0.00010474803524038687,0.032838952786016416,556.9454977042458,9434.593935476134
-184.0,2,3,Sat 2 - Ground B,ground,1436.9502288940394,14.408906621352763,True,0.00011017808954649883,0.0319905490956407,599.984659575808,10591.524092756188
-182.0,2,3,Sat 2 - Ground B,ground,1423.2781972752866,14.678034334457124,True,0.00011583379267929577,0.03118863638504419,644.9138937311717,11836.422646063167
-180.0,2,3,Sat 2 - Ground B,ground,1409.6231018017677,14.95114814024879,True,0.00012172378663886373,0.030430197376553142,691.8018531009129,13173.138392895253
-178.0,2,3,Sat 2 - Ground B,ground,1395.9855075668172,15.228359839682584,True,0.000127857111452336,0.029712440229156513,740.7205087342043,14605.66075473037
-176.0,2,3,Sat 2 - Ground B,ground,1382.3660005627673,15.509785212629884,True,0.00013424322538583603,0.029032780059451566,791.7453133503365,16138.126576814911
-174.0,2,3,Sat 2 - Ground B,ground,1368.765188645513,15.79554418340323,True,0.00014089202609008522,0.02838882205511864,844.9553723733933,17774.82726253864
-172.0,2,3,Sat 2 - Ground B,ground,1355.1837025502682,16.08576099373507,True,0.00014781387271874244,0.027778346044451077,900.4336228001727,19520.216257712207
-170.0,2,3,Sat 2 - Ground B,ground,1341.62219696151,16.380564383531773,True,0.00015501960905840438,0.027199292395779177,958.2670202460479,21378.916900758428
-168.0,2,3,Sat 2 - Ground B,ground,1328.081351640274,16.680087779733352,True,0.00016252058770816852,0.026649749130604087,1018.5467345014777,23355.730655505955
-166.0,2,3,Sat 2 - Ground B,ground,1314.5618726121704,16.98446949361642,True,0.00017032869534545976,0.026127940143713505,1081.368353918804,25455.645743926238
-164.0,2,3,Sat 2 - Ground B,ground,1301.0644934196946,17.293852926885346,True,0.00017845637911246428,0.025632214432501677,1146.8320989270119,27683.846196772054
-162.0,2,3,Sat 2 - Ground B,ground,1287.5899764426117,17.608386786900347,True,0.00018691667415561403,0.025161036246008676,1215.0430449540422,30045.72134065311
-160.0,2,3,Sat 2 - Ground B,ground,1274.1391142904351,17.928225311396393,True,0.00019572323234631647,0.024712976072011884,1286.1113549995753,32546.875740606727
-158.0,2,3,Sat 2 - Ground B,ground,1260.7127312712537,18.253528503047082,True,0.00020489035220707768,0.024286702387652827,1360.1525220662247,35193.139617672525
-156.0,2,3,Sat 2 - Ground B,ground,1247.3116849414046,18.58446237422741,True,0.00021443301006163703,0.02388097410570464,1437.2876216103957,37990.579761349145
-154.0,2,3,Sat 2 - Ground B,ground,1233.936867740788,18.921199202325987,True,0.00022436689242042766,0.023494633654686303,1517.6435741130626,40945.510957072605
-152.0,2,3,Sat 2 - Ground B,ground,1220.5892087188479,19.263917795948398,True,0.000234708429604781,0.023126600636576893,1601.3534178050409,44064.50794899071
-150.0,2,3,Sat 2 - Ground B,ground,1207.2696753565917,19.612803772344225,True,0.00024547483060228744,0.02277586601101049,1688.5565914905715,47354.41795828632
-148.0,2,3,Sat 2 - Ground B,ground,1193.9792754902762,19.968049846371805,True,0.0002566841191340529,0.022441486759453136,1779.399227316797,50822.37377709369
-146.0,2,3,Sat 2 - Ground B,ground,1180.719059342739,20.329856131293887,True,0.00026835517089925223,0.02212258098712206,1874.0344532108688,54475.80745762136
-144.0,2,3,Sat 2 - Ground B,ground,1167.4901216686735,20.698430451668738,True,0.0002805077519449928,0.021818323424253834,1972.6227045638593,58322.46461539609
-142.0,2,3,Sat 2 - Ground B,ground,1154.2936040204734,21.073988668562563,True,0.0002931625580886479,0.02152794129183474,2075.3320445699396,62370.419364529895
-140.0,2,3,Sat 2 - Ground B,ground,1141.130697141656,21.456755017266364,True,0.000306341255294904,0.021250710500098805,2182.3384924255456,66628.08990152538
-138.0,2,3,Sat 2 - Ground B,ground,1128.0026434951878,21.8469624576394,True,0.0003200665208814668,0.020985952150975425,2293.826358361886,71104.25475231282
-136.0,2,3,Sat 2 - Ground B,ground,1114.910739934453,22.244853037136714,True,0.0003343620853927036,0.020733029318311277,2409.9885842010112,75808.06969487571
-134.0,2,3,Sat 2 - Ground B,ground,1101.8563405249295,22.6506782664906,True,0.0003492527749418962,0.0204913440820514,2531.0270878102992,80749.08536688703
-132.0,2,3,Sat 2 - Ground B,ground,1088.8408595250385,23.064699507918615,True,0.0003647645537759074,0.020260334794740428,2657.153109447599,85937.26556414492
-130.0,2,3,Sat 2 - Ground B,ground,1075.8657745349888,23.487188375609886,True,0.000380924566764026,0.02003947356063987,2788.5875575643163,91383.00623115683
-128.0,2,3,Sat 2 - Ground B,ground,1062.9326298227911,23.918427148100537,True,0.00039776118144953953,0.01982826390955696,2925.5613511178226,97097.15513983897
-126.0,2,3,Sat 2 - Ground B,ground,1050.0430398369754,24.358709191983262,True,0.0004153040292328925,0.019626238649064893,3068.3157548755967,103091.0322458324
-124.0,2,3,Sat 2 - Ground B,ground,1037.198692915847,24.80833939619966,True,0.0004335840451726139,0.01943295788026595,3217.1027035187312,109376.45070422672
-122.0,2,3,Sat 2 - Ground B,ground,1024.4013552034198,25.267634615936995,True,0.00045263350579625246,0.019248007163568736,3372.1851095856473,115965.7385173311
-120.0,2,3,Sat 2 - Ground B,ground,1011.6528747824098,25.73692412488467,True,0.0004724860642062027,0.019070995822146875,3533.8371494205403,122871.7607763373
-118.0,2,3,Sat 2 - Ground B,ground,998.9551860348524,26.216550074297977,True,0.000493176781642172,0.018901555371836947,3702.3445202860626,130107.94244604389
-116.0,2,3,Sat 2 - Ground B,ground,986.3103142410463,26.70686795696018,True,0.0005147421545218707,0.018739338067221643,3878.0046606555647,137688.2916269855
-114.0,2,3,Sat 2 - Ground B,ground,973.7203804275316,27.20824707372281,True,0.0005372201358224987,0.018584015554539327,4061.1269244022487,145627.42321204333
-112.0,2,3,Sat 2 - Ground B,ground,961.1876064747515,27.7210709998317,True,0.0005606501494858333,0.018435277622872937,4252.032698135104,153940.58283458068
-110.0,2,3,Sat 2 - Ground B,ground,948.7143204948156,28.24573804770495,True,0.0005850730963257307,0.018292831045815885,4451.055449266106,162643.67098198188
-108.0,2,3,Sat 2 - Ground B,ground,936.3029624894057,28.7826617222092,True,0.0006105313496887609,0.018156398506480168,4658.540690531166,171753.26712177915
-106.0,2,3,Sat 2 - Ground B,ground,923.9560902972687,29.332271163775015,True,0.0006370687388620647,0.018025717599326172,4874.845844591818,181286.65365690214
-104.0,2,3,Sat 2 - Ground B,ground,911.6763858399305,29.89501157389039,True,0.0006647305179372683,0.017900539902846367,5100.339990015848,191261.8394915098
-102.0,2,3,Sat 2 - Ground B,ground,899.4666616731433,30.471344616603037,True,0.0006935633175211894,0.01778063011764563,5335.403467337398,201697.58294886304
-100.0,2,3,Sat 2 - Ground B,ground,887.3298678501269,31.06174878863554,True,0.0007236150763340282,0.017665765264918833,5580.427321038821,212613.41373723926
-98.0,2,3,Sat 2 - Ground B,ground,875.2690991007988,31.666719749563164,True,0.0007549349493514918,0.017555733940745527,5835.812550158502,224029.65360843658
-96.0,2,3,Sat 2 - Ground B,ground,863.2876023289069,32.286770602212094,True,0.0007875731887265984,0.01745033562200991,6101.969136793046,235967.43529538813
-94.0,2,3,Sat 2 - Ground B,ground,851.3887844260371,32.92243211198726,True,0.0008215809932761031,0.017349380020095093,6379.314818079869,248448.71925026106
-92.0,2,3,Sat 2 - Ground B,ground,839.5762203980371,33.57425285223803,True,0.0008570103218287204,0.017252686478829618,6668.273563262048,261496.30763160298
-90.0,2,3,Sat 2 - Ground B,ground,827.8536617950958,34.24279926099028,True,0.0008939136652217282,0.017160083413446964,6969.273713265668,275133.8549081307
-88.0,2,3,Sat 2 - Ground B,ground,816.225045431679,34.928655592423894,True,0.0009323437711961575,0.0170714077875908,7282.745735837457,289385.8743572338
-86.0,2,3,Sat 2 - Ground B,ground,804.6945023764375,35.632423744338375,True,0.0009723533158940835,0.01698650462563987,7609.119544822584,304277.73963789386
-84.0,2,3,Sat 2 - Ground B,ground,793.2663671851111,36.35472294053763,True,0.0010139945151144713,0.01690522655785028,7948.821327691124,319835.68051040755
-82.0,2,3,Sat 2 - Ground B,ground,781.945187341035,37.096189244571455,True,0.0010573186679547098,0.016827433396018165,8302.269821093443,336086.7716591921
-80.0,2,3,Sat 2 - Ground B,ground,770.735732858157,37.857474878624274,True,0.0011023756249789055,0.01675299173755055,8669.87197024917,353058.9134505347
-78.0,2,3,Sat 2 - Ground B,ground,759.6430059901684,38.63924731854817,True,0.0011492131726362682,0.01668177459600814,9052.017904554752,370780.80332533864
-76.0,2,3,Sat 2 - Ground B,ground,748.6722509764039,39.442188133146374,True,0.0011978763253489718,0.01661366105633763,9449.075159302905,389281.8963891963
-74.0,2,3,Sat 2 - Ground B,ground,737.8289637403855,40.26699153286711,True,0.0012484065165382495,0.016548535953159617,9861.38207216597,408592.35362066515
-72.0,2,3,Sat 2 - Ground B,ground,727.1189014401305,41.11436259014062,True,0.0013008406799262674,0.016486289570607736,10289.240283643574,428742.9759764747
-70.0,2,3,Sat 2 - Ground B,ground,716.5480917504877,41.985015090772094,True,0.0013552102127993059,0.016426817362342222,10732.90627350225,449765.1225336205
-68.0,2,3,Sat 2 - Ground B,ground,706.1228417367909,42.87966897321417,True,0.0014115398136395588,0.01637001969046844,11192.581871111857,471690.6106782346
-66.0,2,3,Sat 2 - Ground B,ground,695.8497461558936,43.7990473103307,True,0.0014698461877103363,0.01631580158219824,11668.40368718193,494551.59623652836
-64.0,2,3,Sat 2 - Ground B,ground,685.7356949953064,44.7438727866148,True,0.0015301366159280597,0.016264072503186688,12160.431428661204,518380.43135237147
-62.0,2,3,Sat 2 - Ground B,ground,675.7878800337437,45.71486362296638,True,0.0015924073847914213,0.016214746146562587,12668.635078446103,543209.4978594788
-60.0,2,3,Sat 2 - Ground B,ground,666.0138001772079,46.712728901329115,True,0.0016566420783830679,0.016167740236753922,13192.880948024453,569071.0138859494
-58.0,2,3,Sat 2 - Ground B,ground,656.421265294154,47.73816324305049,True,0.0017228097376490441,0.016122976347280604,13732.916645380594,595996.8114793544
-56.0,2,3,Sat 2 - Ground B,ground,647.0183982418702,48.79184079811315,True,0.0017908628974103518,0.016080379731755398,14288.355043340744,624018.0831680758
-54.0,2,3,Sat 2 - Ground B,ground,637.813634744769,49.8744085077811,True,0.0018607355179822362,0.016039879167394303,14858.657385968902,653165.0955973854
-52.0,2,3,Sat 2 - Ground B,ground,628.8157207548752,50.98647861114249,True,0.001932340835946432,0.01600140681039138,15443.11573325708,683466.8687166114
-50.0,2,3,Sat 2 - Ground B,ground,620.0337068967225,52.128620376943836,True,0.002005569167560077,0.01596489806256465,16040.835017360658,714950.8194672292
-48.0,2,3,Sat 2 - Ground B,ground,611.4769395748175,53.30135105644122,True,0.0020802857084667036,0.015930291448719387,16650.715066803383,747642.3695513932
-46.0,2,3,Sat 2 - Ground B,ground,603.1550483037473,54.50512607114078,True,0.002156328384636591,0.01589752850421651,17271.433047088074,781564.5176652847
-44.0,2,3,Sat 2 - Ground B,ground,595.0779288112121,55.74032847159263,True,0.0022335058215679627,0.015866553672262956,17901.426865059744,816737.3775774325
-42.0,2,3,Sat 2 - Ground B,ground,587.2557214654307,57.00725773004603,True,0.002311595511290254,0.015837314210468908,18538.88018661209,853177.6846291043
-40.0,2,3,Sat 2 - Ground B,ground,579.6987845932449,58.30611796079273,True,0.0023903422690428086,0.015809760106237032,19181.709818144805,890898.2746338613
-38.0,2,3,Sat 2 - Ground B,ground,572.4176622869818,59.63700569719515,True,0.0024694570828610743,0.01578384400056483,19827.556295068418,929907.5407470745
-36.0,2,3,Sat 2 - Ground B,ground,565.423046349651,60.999897393180994,True,0.0025486164686992466,0.015759521119849944,20473.778597539364,970208.8756396823
-34.0,2,3,Sat 2 - Ground B,ground,558.7257321022067,62.39463685844905,True,0.002627462449964568,0.015736749215294235,21117.453964777567,1011800.1082019992
-32.0,2,3,Sat 2 - Ground B,ground,552.3365678757189,63.82092287940653,True,0.0027056032821162084,0.015715488509501403,21755.383793997593,1054672.9459607743
-30.0,2,3,Sat 2 - Ground B,ground,546.2663981370364,65.27829732007919,True,0.002782615038886096,0.01569570164985765,22384.106576688573,1098812.4363314605
-28.0,2,3,Sat 2 - Ground B,ground,540.5260003492497,66.76613403655361,True,0.0028580441653428576,0.015677353668276935,22999.918732523656,1144196.4616406728
-26.0,2,3,Sat 2 - Ground B,ground,535.1260158471024,68.28362897211899,True,0.002931411083275845,0.015660411946879515,23598.904040014924,1190795.2844132113
-24.0,2,3,Sat 2 - Ground B,ground,530.0768752094851,69.82979182501535,True,0.003002214905404028,0.0156448461891583,24176.972126437257,1238571.1605796635
-22.0,2,3,Sat 2 - Ground B,ground,525.3887188315297,71.40343969321914,True,0.003069939276474514,0.0156306283961724,24729.90616554876,1287478.0388716494
-20.0,2,3,Sat 2 - Ground B,ground,521.0713136301817,73.00319309770656,True,0.0031340593119214095,0.01561773284729226,25253.419544418317,1337461.3645816166
-18.0,2,3,Sat 2 - Ground B,ground,517.1339670501758,74.62747476418222,True,0.003194049549857139,0.015606136085007558,25743.22081206297,1388458.004938098
-16.0,2,3,Sat 2 - Ground B,ground,513.5854397603268,76.27451150110277,True,0.0032493927722245025,0.015595816903300145,26195.085732690215,1440396.3114828512
-14.0,2,3,Sat 2 - Ground B,ground,510.4338586300193,77.94233944778149,True,0.0032995894894425107,0.015586756339079954,26604.934763681897,1493196.3319792233
-12.0,2,3,Sat 2 - Ground B,ground,507.6866317385362,79.62881288066781,True,0.0033441678241833855,0.015578937666185028,26968.913798613383,1546770.1805415186
-10.0,2,3,Sat 2 - Ground B,ground,505.35036728177136,81.33161666045797,True,0.0033826934789650074,0.015572346391458507,27283.475598984183,1601022.5699391162
-8.0,2,3,Sat 2 - Ground B,ground,503.43079828925147,83.04828228122994,True,0.003414779434121369,0.015566970252436708,27545.459026557273,1655851.5045646578
-6.0,2,3,Sat 2 - Ground B,ground,501.93271503943316,84.77620735078158,True,0.0034400950021054024,0.015562799216214378,27752.163019555588,1711149.1266107706
-4.0,2,3,Sat 2 - Ground B,ground,500.8599069567741,86.51267819578361,True,0.0034583738646723123,0.015559825479096366,27901.412260619745,1766802.701890946
-2.0,2,3,Sat 2 - Ground B,ground,500.2151155888595,88.25489515428653,True,0.0034694207434185984,0.015558043466697931,27991.61167983267,1822695.7258313983
0.0,2,3,Sat 2 - Ground B,ground,500.0000000000007,89.99999999999996,True,0.0034731164015361256,0.015557449834220183,28021.78732329537,1878709.1248345263
2.0,2,3,Sat 2 - Ground B,ground,500.2151155888594,88.25489515428656,True,0.0034694207434185984,0.015558043466697931,27991.61167983267,1934722.5238376544
4.0,2,3,Sat 2 - Ground B,ground,500.85990695677435,86.51267819578365,True,0.003458373864672383,0.015559825479096354,27901.412260620316,1990615.5477781075
6.0,2,3,Sat 2 - Ground B,ground,501.9327150394335,84.77620735078158,True,0.0034400950021053977,0.015562799216214378,27752.16301955556,2046269.1230582832
8.0,2,3,Sat 2 - Ground B,ground,503.43079828925056,83.04828228123,True,0.003414779434121452,0.015566970252436694,27545.459026557954,2101566.7451043967
10.0,2,3,Sat 2 - Ground B,ground,505.35036728177084,81.331616660458,True,0.0033826934789650143,0.015572346391458507,27283.47559898425,2156395.679729939
12.0,2,3,Sat 2 - Ground B,ground,507.6866317385371,79.62881288066785,True,0.0033441678241833738,0.01557893766618503,26968.91379861329,2210648.0691275364
14.0,2,3,Sat 2 - Ground B,ground,510.4338586300199,77.9423394477815,True,0.003299589489442504,0.015586756339079954,26604.93476368185,2264221.9176898315
16.0,2,3,Sat 2 - Ground B,ground,513.5854397603271,76.27451150110282,True,0.0032493927722244994,0.015595816903300147,26195.08573269019,2317021.9381862036
18.0,2,3,Sat 2 - Ground B,ground,517.133967050175,74.62747476418224,True,0.003194049549857149,0.015606136085007554,25743.220812063053,2368960.244730957
20.0,2,3,Sat 2 - Ground B,ground,521.0713136301816,73.00319309770657,True,0.003134059311921411,0.01561773284729226,25253.419544418328,2419956.8850874384
22.0,2,3,Sat 2 - Ground B,ground,525.38871883153,71.40343969321918,True,0.0030699392764744447,0.01563062839617241,24729.906165548193,2469940.210797405
24.0,2,3,Sat 2 - Ground B,ground,530.0768752094857,69.82979182501539,True,0.0030022149054040204,0.0156448461891583,24176.97212643719,2518847.0890893904
26.0,2,3,Sat 2 - Ground B,ground,535.1260158471018,68.28362897211903,True,0.0029314110832759145,0.0156604119468795,23598.90404001549,2566622.965255843
28.0,2,3,Sat 2 - Ground B,ground,540.5260003492489,66.7661340365536,True,0.002858044165342926,0.015677353668276918,22999.918732524213,2613221.7880283827
30.0,2,3,Sat 2 - Ground B,ground,546.266398137036,65.27829732007922,True,0.002782615038886099,0.015695701649857646,22384.1065766886,2658605.8133375957
32.0,2,3,Sat 2 - Ground B,ground,552.3365678757194,63.820922879406595,True,0.0027056032821161455,0.01571548850950142,21755.38379399709,2702745.3037082814
34.0,2,3,Sat 2 - Ground B,ground,558.7257321022072,62.39463685844911,True,0.002627462449964508,0.015736749215294252,21117.453964777083,2745618.1414670553
36.0,2,3,Sat 2 - Ground B,ground,565.4230463496507,60.99989739318096,True,0.0025486164686993025,0.015759521119849927,20473.778597539815,2787209.3740293724
38.0,2,3,Sat 2 - Ground B,ground,572.417662286981,59.63700569719512,True,0.002469457082861081,0.015783844000564828,19827.55629506847,2827510.7089219806
40.0,2,3,Sat 2 - Ground B,ground,579.6987845932448,58.30611796079273,True,0.0023903422690428108,0.015809760106237032,19181.709818144827,2866519.975035194
42.0,2,3,Sat 2 - Ground B,ground,587.2557214654311,57.00725773004608,True,0.0023115955112902997,0.01583731421046889,18538.880186612456,2904240.5650399514
44.0,2,3,Sat 2 - Ground B,ground,595.0779288112118,55.74032847159262,True,0.0022335058215679658,0.015866553672262956,17901.42686505977,2940680.8720916235
46.0,2,3,Sat 2 - Ground B,ground,603.155048303747,54.50512607114079,True,0.002156328384636548,0.015897528504216527,17271.43304708772,2975853.732003771
48.0,2,3,Sat 2 - Ground B,ground,611.4769395748172,53.30135105644123,True,0.002080285708466749,0.01593029144871937,16650.71506680375,3009775.8801176623
50.0,2,3,Sat 2 - Ground B,ground,620.0337068967217,52.12862037694384,True,0.002005569167560123,0.01596489806256463,16040.83501736103,3042467.430201827
52.0,2,3,Sat 2 - Ground B,ground,628.8157207548752,50.986478611142516,True,0.0019323408359463506,0.01600140681039142,15443.115733256418,3073951.3809524444
54.0,2,3,Sat 2 - Ground B,ground,637.813634744769,49.87440850778112,True,0.001860735517982314,0.016039879167394258,14858.657385969544,3104253.1540716705
56.0,2,3,Sat 2 - Ground B,ground,647.0183982418704,48.791840798113206,True,0.0017908628974103503,0.016080379731755395,14288.355043340729,3133400.166500981
58.0,2,3,Sat 2 - Ground B,ground,656.421265294154,47.73816324305046,True,0.0017228097376490803,0.01612297634728058,13732.916645380885,3161421.4381897026
60.0,2,3,Sat 2 - Ground B,ground,666.0138001772077,46.71272890132913,True,0.0016566420783831034,0.016167740236753898,13192.880948024747,3188347.235783108
62.0,2,3,Sat 2 - Ground B,ground,675.7878800337436,45.71486362296644,True,0.0015924073847914217,0.016214746146562587,12668.635078446106,3214208.751809579
64.0,2,3,Sat 2 - Ground B,ground,685.7356949953064,44.74387278661483,True,0.0015301366159280597,0.016264072503186688,12160.431428661204,3239037.818316686
66.0,2,3,Sat 2 - Ground B,ground,695.8497461558931,43.799047310330685,True,0.0014698461877103394,0.016315801582198235,11668.403687181955,3262866.653432529
68.0,2,3,Sat 2 - Ground B,ground,706.1228417367907,42.87966897321423,True,0.0014115398136395894,0.01637001969046841,11192.581871112108,3285727.638990823
70.0,2,3,Sat 2 - Ground B,ground,716.5480917504881,41.9850150907721,True,0.0013552102127993332,0.016426817362342194,10732.90627350247,3307653.127135438
72.0,2,3,Sat 2 - Ground B,ground,727.1189014401305,41.11436259014065,True,0.0013008406799262945,0.016486289570607705,10289.240283643794,3328675.273692584
74.0,2,3,Sat 2 - Ground B,ground,737.8289637403859,40.26699153286715,True,0.0012484065165382482,0.016548535953159617,9861.382072165958,3348825.896048394
76.0,2,3,Sat 2 - Ground B,ground,748.672250976404,39.44218813314642,True,0.0011978763253489338,0.016613661056337683,9449.075159302598,3368136.3532798626
78.0,2,3,Sat 2 - Ground B,ground,759.643005990169,38.63924731854828,True,0.0011492131726362786,0.01668177459600812,9052.017904554834,3386637.44634372
80.0,2,3,Sat 2 - Ground B,ground,770.7357328581571,37.85747487862429,True,0.0011023756249789053,0.016752991737550554,8669.871970249169,3404359.336218524
82.0,2,3,Sat 2 - Ground B,ground,781.9451873410347,37.096189244571526,True,0.0010573186679547217,0.016827433396018145,8302.269821093545,3421331.4780098666
84.0,2,3,Sat 2 - Ground B,ground,793.2663671851112,36.354722940537656,True,0.0010139945151144607,0.0169052265578503,7948.821327691039,3437582.569158651
86.0,2,3,Sat 2 - Ground B,ground,804.6945023764379,35.632423744338475,True,0.0009723533158941131,0.01698650462563981,7609.1195448228245,3453140.5100311646
88.0,2,3,Sat 2 - Ground B,ground,816.2250454316784,34.928655592423915,True,0.0009323437711961487,0.01707140778759082,7282.7457358373795,3468032.375311825
90.0,2,3,Sat 2 - Ground B,ground,827.8536617950962,34.2427992609903,True,0.0008939136652217087,0.01716008341344701,6969.273713265513,3482284.3947609277
92.0,2,3,Sat 2 - Ground B,ground,839.5762203980368,33.57425285223802,True,0.0008570103218287213,0.017252686478829615,6668.273563262055,3495921.9420374553
94.0,2,3,Sat 2 - Ground B,ground,851.3887844260371,32.922432111987305,True,0.0008215809932760859,0.017349380020095145,6379.3148180797325,3508969.530418797
96.0,2,3,Sat 2 - Ground B,ground,863.2876023289064,32.28677060221207,True,0.000787573188726583,0.01745033562200996,6101.96913679292,3521450.8143736697
98.0,2,3,Sat 2 - Ground B,ground,875.2690991007987,31.666719749563164,True,0.000754934949351492,0.017555733940745527,5835.812550158504,3533388.596060621
100.0,2,3,Sat 2 - Ground B,ground,887.3298678501263,31.061748788635548,True,0.0007236150763340442,0.017665765264918778,5580.427321038948,3544804.8359318185
102.0,2,3,Sat 2 - Ground B,ground,899.4666616731434,30.47134461660306,True,0.0006935633175211815,0.017780630117645663,5335.403467337334,3555720.6667201947
104.0,2,3,Sat 2 - Ground B,ground,911.6763858399303,29.89501157389042,True,0.0006647305179372688,0.017900539902846367,5100.339990015855,3566156.410177548
106.0,2,3,Sat 2 - Ground B,ground,923.9560902972686,29.332271163775037,True,0.0006370687388620647,0.018025717599326172,4874.845844591818,3576131.5960121555
108.0,2,3,Sat 2 - Ground B,ground,936.3029624894057,28.78266172220924,True,0.000610531349688748,0.018156398506480237,4658.540690531061,3585664.9825472785
110.0,2,3,Sat 2 - Ground B,ground,948.7143204948152,28.245738047704975,True,0.0005850730963257376,0.01829283104581584,4451.055449266164,3594774.5786870755
112.0,2,3,Sat 2 - Ground B,ground,961.187606474751,27.72107099983169,True,0.0005606501494858162,0.018435277622873038,4252.0326981349635,3603477.666834477
114.0,2,3,Sat 2 - Ground B,ground,973.7203804275308,27.208247073722802,True,0.0005372201358224994,0.018584015554539323,4061.126924402256,3611790.8264570143
116.0,2,3,Sat 2 - Ground B,ground,986.3103142410462,26.706867956960174,True,0.0005147421545218816,0.018739338067221563,3878.004660655653,3619729.958042072
118.0,2,3,Sat 2 - Ground B,ground,998.955186034852,26.216550074297977,True,0.0004931767816421724,0.018901555371836944,3702.344520286067,3627310.307223014
120.0,2,3,Sat 2 - Ground B,ground,1011.6528747824094,25.736924124884638,True,0.00047248606420618333,0.01907099582214704,3533.8371494203843,3634546.4888927205
122.0,2,3,Sat 2 - Ground B,ground,1024.4013552034198,25.267634615937045,True,0.0004526335057962381,0.019248007163568868,3372.185109585531,3641452.5111517264
124.0,2,3,Sat 2 - Ground B,ground,1037.198692915847,24.808339396199692,True,0.00043358404517262285,0.019432957880265857,3217.1027035188054,3648041.7989648306
126.0,2,3,Sat 2 - Ground B,ground,1050.0430398369751,24.358709191983287,True,0.0004153040292328883,0.019626238649064938,3068.3157548755607,3654327.217423225
128.0,2,3,Sat 2 - Ground B,ground,1062.932629822791,23.91842714810056,True,0.00039776118144952733,0.019828263909557105,2925.561351117724,3660321.094529218
130.0,2,3,Sat 2 - Ground B,ground,1075.8657745349883,23.487188375609854,True,0.00038092456676403044,0.020039473560639814,2788.587557564351,3666035.2434379
132.0,2,3,Sat 2 - Ground B,ground,1088.8408595250382,23.064699507918615,True,0.0003647645537759076,0.020260334794740424,2657.1531094476,3671480.9841049123
134.0,2,3,Sat 2 - Ground B,ground,1101.8563405249292,22.650678266490583,True,0.00034925277494188164,0.020491344082051628,2531.027087810181,3676669.1643021703
136.0,2,3,Sat 2 - Ground B,ground,1114.9107399344527,22.24485303713672,True,0.0003343620853927074,0.020733029318311214,2409.988584201041,3681610.1799741816
138.0,2,3,Sat 2 - Ground B,ground,1128.0026434951878,21.84696245763942,True,0.0003200665208814836,0.020985952150975113,2293.8263583620233,3686313.9949167445
140.0,2,3,Sat 2 - Ground B,ground,1141.1306971416554,21.45675501726638,True,0.00030634125529489445,0.021250710500099,2182.3384924254688,3690790.159767532
142.0,2,3,Sat 2 - Ground B,ground,1154.2936040204734,21.07398866856262,True,0.0002931625580886356,0.02152794129183501,2075.3320445698405,3695047.830304527
144.0,2,3,Sat 2 - Ground B,ground,1167.4901216686726,20.69843045166873,True,0.0002805077519449874,0.021818323424253962,1972.622704563815,3699095.7850536606
146.0,2,3,Sat 2 - Ground B,ground,1180.7190593427388,20.32985613129393,True,0.00026835517089924947,0.022122580987122137,1874.0344532108463,3702942.442211435
148.0,2,3,Sat 2 - Ground B,ground,1193.9792754902758,19.968049846371766,True,0.0002566841191340477,0.022441486759453285,1779.3992273167548,3706595.8758919626
150.0,2,3,Sat 2 - Ground B,ground,1207.2696753565917,19.612803772344236,True,0.00024547483060228484,0.02277586601101057,1688.5565914905508,3710063.83171077
152.0,2,3,Sat 2 - Ground B,ground,1220.5892087188477,19.263917795948423,True,0.00023470842960477862,0.023126600636576976,1601.3534178050215,3713353.7417200655
154.0,2,3,Sat 2 - Ground B,ground,1233.9368677407876,18.921199202326015,True,0.00022436689242042777,0.023494633654686296,1517.6435741130633,3716472.7387119834
156.0,2,3,Sat 2 - Ground B,ground,1247.3116849414048,18.58446237422743,True,0.00021443301006162678,0.023880974105705055,1437.2876216103127,3719427.669907707
158.0,2,3,Sat 2 - Ground B,ground,1260.712731271253,18.253528503047054,True,0.00020489035220708115,0.024286702387652674,1360.152522066253,3722225.1100513833
160.0,2,3,Sat 2 - Ground B,ground,1274.1391142904354,17.928225311396407,True,0.00019572323234630615,0.02471297607201239,1286.1113549994916,3724871.373928449
162.0,2,3,Sat 2 - Ground B,ground,1287.5899764426113,17.608386786900365,True,0.00018691667415560626,0.025161036246009096,1215.0430449539792,3727372.5283284024
164.0,2,3,Sat 2 - Ground B,ground,1301.064493419694,17.29385292688536,True,0.00017845637911246076,0.025632214432501882,1146.8320989269832,3729734.4034722834
166.0,2,3,Sat 2 - Ground B,ground,1314.5618726121704,16.984469493616427,True,0.00017032869534546247,0.02612794014371333,1081.368353918826,3731962.6039251294
168.0,2,3,Sat 2 - Ground B,ground,1328.0813516402739,16.68008777973334,True,0.00016252058770816437,0.026649749130604382,1018.5467345014449,3734062.5190135497
170.0,2,3,Sat 2 - Ground B,ground,1341.6221969615096,16.380564383531777,True,0.00015501960905839313,0.02719929239578004,958.2670202459582,3736039.3327682973
172.0,2,3,Sat 2 - Ground B,ground,1355.1837025502675,16.085760993735096,True,0.00014781387271873726,0.02777834604445151,900.4336228001312,3737898.0334113436
174.0,2,3,Sat 2 - Ground B,ground,1368.7651886455124,15.79554418340322,True,0.00014089202609008833,0.02838882205511835,844.9553723734184,3739643.422406517
176.0,2,3,Sat 2 - Ground B,ground,1382.366000562767,15.509785212629884,True,0.00013424322538583612,0.02903278005945156,791.7453133503368,3741280.1230922407
178.0,2,3,Sat 2 - Ground B,ground,1395.9855075668165,15.228359839682609,True,0.0001278571114523315,0.02971244022915702,740.7205087341684,3742812.588914325
180.0,2,3,Sat 2 - Ground B,ground,1409.6231018017675,14.951148140248803,True,0.00012172378663886692,0.03043019737655275,691.8018531009384,3744245.11127616
182.0,2,3,Sat 2 - Ground B,ground,1423.2781972752869,14.678034334457116,True,0.00011583379267929395,0.03118863638504444,644.9138937311573,3745581.827022992
184.0,2,3,Sat 2 - Ground B,ground,1436.9502288940394,14.408906621352749,True,0.00011017808954649531,0.031990549095641224,599.9846595757798,3746826.7255762992
186.0,2,3,Sat 2 - Ground B,ground,1450.638651547495,14.14365702051287,True,0.00010474803524038364,0.03283895278601694,556.9454977042209,3747983.6557335793
188.0,2,3,Sat 2 - Ground B,ground,1464.3429392374626,13.882181220500453,True,9.953536647024796e-05,0.033737110389181146,515.7309168786594,3749056.332148162
190.0,2,3,Sat 2 - Ground B,ground,1478.0625842508348,13.624378433862026,True,9.453218019222508e-05,0.03468855260947531,476.278437893144,3750048.3415029338
192.0,2,3,Sat 2 - Ground B,ground,1491.797096373203,13.370151258385876,True,8.973091596336696e-05,0.03569710210391434,438.5284503154134,3750963.1483911425
194.0,2,3,Sat 2 - Ground B,ground,1505.5460021411109,13.119405544348485,True,8.512433907426913e-05,0.036766899906563455,402.4240752664297,3751804.100916724
196.0,2,3,Sat 2 - Ground B,ground,1519.3088441308566,12.872050267484513,True,8.070552442306585e-05,0.037902434282033416,367.91103387151645,3752574.436025862
198.0,2,3,Sat 2 - Ground B,ground,1533.0851802818693,12.62799740742887,True,7.646784109472598e-05,0.039108572200519345,334.9375210171291,3753277.284580751
200.0,2,3,Sat 2 - Ground B,ground,1546.8745832528123,12.387161831386152,True,7.240493761043021e-05,0.04039059363024161,303.4540840440613,3753915.676185812
202.0,2,3,Sat 2 - Ground B,ground,1560.6766398086445,12.149461182796108,True,6.85107278130451e-05,0.0417542288422449,273.4135060064414,3754492.5437758625
204.0,2,3,Sat 2 - Ground B,ground,1574.4909502370024,11.914815774769332,True,6.477937735620868e-05,0.04320569891556622,244.77069312497343,3755010.727974994
206.0,2,3,Sat 2 - Ground B,ground,1588.3171277923423,11.683148488080702,True,6.12052907653192e-05,0.04475175961600049,217.48256605480248,3755472.9812341738
208.0,2,3,Sat 2 - Ground B,ground,1602.1547981663748,11.454384673514452,True,5.7783099040642324e-05,0.04639974879573151,191.50795458739447,3755881.971754816
210.0,2,3,Sat 2 - Ground B,ground,1616.0035989834057,11.228452058365054,True,5.4507647773803176e-05,0.04815763742113981,166.8074953960917,3756240.2872047992
212.0,2,3,Sat 2 - Ground B,ground,1629.8631793192853,11.005280656905756,True,5.137398575048875e-05,0.050034084277368454,143.3435324271007,3756550.4382326226
214.0,2,3,Sat 2 - Ground B,ground,1643.7331992427255,10.78480268464656,True,4.837735401375432e-05,0.052038494315416954,121.08001952746132,3756814.8617845774
216.0,2,3,Sat 2 - Ground B,ground,1657.613329377831,10.566952476208714,True,4.551317536379667e-05,0.05418108049399673,99.98242488814674,3757035.924228993
218.0,2,3,Sat 2 - Ground B,ground,1671.5032504867468,10.351666406653603,True,4.277704427155445e-05,0.05647292881585923,80.01763686471145,3757215.9242907455
220.0,2,3,Sat 2 - Ground B,ground,1685.402653071383,10.138882816109142,True,4.016471718538695e-05,0.058926066056444126,61.15387072245524,3757357.0957983327
222.0,2,3,Sat 2 - Ground B,ground,1699.3112369932458,9.928541937544562,False,0.0,,0.0,3757418.249669055
224.0,2,3,Sat 2 - Ground B,ground,1713.2287111104542,9.720585827551814,False,0.0,,0.0,3757418.249669055
226.0,2,3,Sat 2 - Ground B,ground,1727.1547929310586,9.514958299997897,False,0.0,,0.0,3757418.249669055
228.0,2,3,Sat 2 - Ground B,ground,1741.08920828186,9.311604862418355,False,0.0,,0.0,3757418.249669055
230.0,2,3,Sat 2 - Ground B,ground,1755.0316909919331,9.11047265502919,False,0.0,,0.0,3757418.249669055
232.0,2,3,Sat 2 - Ground B,ground,1768.981982590127,8.911510392239427,False,0.0,,0.0,3757418.249669055
234.0,2,3,Sat 2 - Ground B,ground,1782.9398320158516,8.714668306551884,False,0.0,,0.0,3757418.249669055
236.0,2,3,Sat 2 - Ground B,ground,1796.904995342488,8.519898094746052,False,0.0,,0.0,3757418.249669055
238.0,2,3,Sat 2 - Ground B,ground,1810.8772355128056,8.327152866240727,False,0.0,,0.0,3757418.249669055
240.0,2,3,Sat 2 - Ground B,ground,1824.8563220857923,8.136387093539465,False,0.0,,0.0,3757418.249669055
242.0,2,3,Sat 2 - Ground B,ground,1838.8420309943576,7.947556564666382,False,0.0,,0.0,3757418.249669055
244.0,2,3,Sat 2 - Ground B,ground,1852.8341443133584,7.760618337504372,False,0.0,,0.0,3757418.249669055
246.0,2,3,Sat 2 - Ground B,ground,1866.832450037475,7.575530695951619,False,0.0,,0.0,3757418.249669055
248.0,2,3,Sat 2 - Ground B,ground,1880.8367418684431,7.3922531078159945,False,0.0,,0.0,3757418.249669055
250.0,2,3,Sat 2 - Ground B,ground,1894.8468190112205,7.210746184371867,False,0.0,,0.0,3757418.249669055
252.0,2,3,Sat 2 - Ground B,ground,1908.8624859786353,7.030971641505613,False,0.0,,0.0,3757418.249669055
254.0,2,3,Sat 2 - Ground B,ground,1922.8835524041408,6.852892262381525,False,0.0,,0.0,3757418.249669055
256.0,2,3,Sat 2 - Ground B,ground,1936.9098328622836,6.6764718615610406,False,0.0,,0.0,3757418.249669055
258.0,2,3,Sat 2 - Ground B,ground,1950.9411466965303,6.501675250513425,False,0.0,,0.0,3757418.249669055
260.0,2,3,Sat 2 - Ground B,ground,1964.9773178541056,6.328468204456598,False,0.0,,0.0,3757418.249669055
262.0,2,3,Sat 2 - Ground B,ground,1979.01817472752,6.156817430472231,False,0.0,,0.0,3757418.249669055
264.0,2,3,Sat 2 - Ground B,ground,1993.0635500024903,5.9866905368391885,False,0.0,,0.0,3757418.249669055
266.0,2,3,Sat 2 - Ground B,ground,2007.1132805119364,5.818056003534373,False,0.0,,0.0,3757418.249669055
268.0,2,3,Sat 2 - Ground B,ground,2021.1672070958075,5.6508831538506445,False,0.0,,0.0,3757418.249669055
270.0,2,3,Sat 2 - Ground B,ground,2035.2251744664466,5.485142127084742,False,0.0,,0.0,3757418.249669055
272.0,2,3,Sat 2 - Ground B,ground,2049.2870310792678,5.320803852249838,False,0.0,,0.0,3757418.249669055
274.0,2,3,Sat 2 - Ground B,ground,2063.3526290084897,5.157840022770027,False,0.0,,0.0,3757418.249669055
276.0,2,3,Sat 2 - Ground B,ground,2077.4218238277135,4.996223072115042,False,0.0,,0.0,3757418.249669055
278.0,2,3,Sat 2 - Ground B,ground,2091.49447449512,4.835926150336589,False,0.0,,0.0,3757418.249669055
280.0,2,3,Sat 2 - Ground B,ground,2105.570443243092,4.676923101468212,False,0.0,,0.0,3757418.249669055
282.0,2,3,Sat 2 - Ground B,ground,2119.649595472058,4.519188441753491,False,0.0,,0.0,3757418.249669055
284.0,2,3,Sat 2 - Ground B,ground,2133.73179964839,4.36269733866809,False,0.0,,0.0,3757418.249669055
286.0,2,3,Sat 2 - Ground B,ground,2147.8169272061523,4.207425590703162,False,0.0,,0.0,3757418.249669055
288.0,2,3,Sat 2 - Ground B,ground,2161.9048524525633,4.053349607878908,False,0.0,,0.0,3757418.249669055
290.0,2,3,Sat 2 - Ground B,ground,2175.9954524769933,3.90044639295888,False,0.0,,0.0,3757418.249669055
292.0,2,3,Sat 2 - Ground B,ground,2190.088607063355,3.748693523336085,False,0.0,,0.0,3757418.249669055
294.0,2,3,Sat 2 - Ground B,ground,2204.1841986057366,3.598069133564253,False,0.0,,0.0,3757418.249669055
296.0,2,3,Sat 2 - Ground B,ground,2218.282112027147,3.44855189850797,False,0.0,,0.0,3757418.249669055
298.0,2,3,Sat 2 - Ground B,ground,2232.38223470124,3.3001210170872524,False,0.0,,0.0,3757418.249669055
300.0,2,3,Sat 2 - Ground B,ground,2246.484456376887,3.1527561965924806,False,0.0,,0.0,3757418.249669055
302.0,2,3,Sat 2 - Ground B,ground,2260.588669105491,3.0064376375473225,False,0.0,,0.0,3757418.249669055
304.0,2,3,Sat 2 - Ground B,ground,2274.6947671709163,2.8611460190978963,False,0.0,,0.0,3757418.249669055
306.0,2,3,Sat 2 - Ground B,ground,2288.802647021939,2.716862484907473,False,0.0,,0.0,3757418.249669055
308.0,2,3,Sat 2 - Ground B,ground,2302.9122072070963,2.5735686295368545,False,0.0,,0.0,3757418.249669055
310.0,2,3,Sat 2 - Ground B,ground,2317.023348311865,2.431246485291572,False,0.0,,0.0,3757418.249669055
312.0,2,3,Sat 2 - Ground B,ground,2331.1359728980397,2.2898785095176803,False,0.0,,0.0,3757418.249669055
314.0,2,3,Sat 2 - Ground B,ground,2345.249985445253,2.1494475723287567,False,0.0,,0.0,3757418.249669055
316.0,2,3,Sat 2 - Ground B,ground,2359.365292294537,2.009936944747756,False,0.0,,0.0,3757418.249669055
318.0,2,3,Sat 2 - Ground B,ground,2373.4818015938404,1.871330287247478,False,0.0,,0.0,3757418.249669055
320.0,2,3,Sat 2 - Ground B,ground,2387.599423245433,1.7336116386743994,False,0.0,,0.0,3757418.249669055
322.0,2,3,Sat 2 - Ground B,ground,2401.7180688551257,1.5967654055419045,False,0.0,,0.0,3757418.249669055
324.0,2,3,Sat 2 - Ground B,ground,2415.8376516832145,1.4607763516780738,False,0.0,,0.0,3757418.249669055
326.0,2,3,Sat 2 - Ground B,ground,2429.958086597109,1.3256295882152023,False,0.0,,0.0,3757418.249669055
328.0,2,3,Sat 2 - Ground B,ground,2444.0792900255506,1.1913105639081727,False,0.0,,0.0,3757418.249669055
330.0,2,3,Sat 2 - Ground B,ground,2458.20117991439,1.0578050557692638,False,0.0,,0.0,3757418.249669055
332.0,2,3,Sat 2 - Ground B,ground,2472.323675683833,0.9250991600076395,False,0.0,,0.0,3757418.249669055
334.0,2,3,Sat 2 - Ground B,ground,2486.446698187119,0.7931792832622915,False,0.0,,0.0,3757418.249669055
336.0,2,3,Sat 2 - Ground B,ground,2500.570169670573,0.6620321341176916,False,0.0,,0.0,3757418.249669055
338.0,2,3,Sat 2 - Ground B,ground,2514.6940137349698,0.5316447148914201,False,0.0,,0.0,3757418.249669055
340.0,2,3,Sat 2 - Ground B,ground,2528.8181552981737,0.40200431368432965,False,0.0,,0.0,3757418.249669055
342.0,2,3,Sat 2 - Ground B,ground,2542.9425205589982,0.2730984966833125,False,0.0,,0.0,3757418.249669055
344.0,2,3,Sat 2 - Ground B,ground,2557.0670369622408,0.1449151007076763,False,0.0,,0.0,3757418.249669055
346.0,2,3,Sat 2 - Ground B,ground,2571.191633164847,0.01744222599011089,False,0.0,,0.0,3757418.249669055
348.0,2,3,Sat 2 - Ground B,ground,2585.3162390031707,-0.10933177081561174,False,0.0,,0.0,3757418.249669055
350.0,2,3,Sat 2 - Ground B,ground,2599.440785461276,-0.23541828340924786,False,0.0,,0.0,3757418.249669055
352.0,2,3,Sat 2 - Ground B,ground,2613.56520464026,-0.3608284624076343,False,0.0,,0.0,3757418.249669055
354.0,2,3,Sat 2 - Ground B,ground,2627.6894297285385,-0.4855732217057833,False,0.0,,0.0,3757418.249669055
356.0,2,3,Sat 2 - Ground B,ground,2641.8133949730773,-0.6096632446417802,False,0.0,,0.0,3757418.249669055
358.0,2,3,Sat 2 - Ground B,ground,2655.9370356515287,-0.733108989972977,False,0.0,,0.0,3757418.249669055
360.0,2,3,Sat 2 - Ground B,ground,2670.0602880452293,-0.8559206976696633,False,0.0,,0.0,3757418.249669055
362.0,2,3,Sat 2 - Ground B,ground,2684.183089413057,-0.9781083945329896,False,0.0,,0.0,3757418.249669055
364.0,2,3,Sat 2 - Ground B,ground,2698.30537796608,-1.099681899642858,False,0.0,,0.0,3757418.249669055
366.0,2,3,Sat 2 - Ground B,ground,2712.427092842996,-1.220650829641987,False,0.0,,0.0,3757418.249669055
368.0,2,3,Sat 2 - Ground B,ground,2726.5481740863265,-1.341024603861524,False,0.0,,0.0,3757418.249669055
370.0,2,3,Sat 2 - Ground B,ground,2740.668562619336,-1.4608124492937518,False,0.0,,0.0,3757418.249669055
372.0,2,3,Sat 2 - Ground B,ground,2754.7882002236497,-1.5800234054172546,False,0.0,,0.0,3757418.249669055
374.0,2,3,Sat 2 - Ground B,ground,2768.9070295175557,-1.6986663288792943,False,0.0,,0.0,3757418.249669055
376.0,2,3,Sat 2 - Ground B,ground,2783.024993934955,-1.8167498980403398,False,0.0,,0.0,3757418.249669055
378.0,2,3,Sat 2 - Ground B,ground,2797.14203770495,-1.9342826173854506,False,0.0,,0.0,3757418.249669055
380.0,2,3,Sat 2 - Ground B,ground,2811.258105832026,-2.0512728218070198,False,0.0,,0.0,3757418.249669055
382.0,2,3,Sat 2 - Ground B,ground,2825.373144076843,-2.1677286807628873,False,0.0,,0.0,3757418.249669055
384.0,2,3,Sat 2 - Ground B,ground,2839.487098937581,-2.283658202314434,False,0.0,,0.0,3757418.249669055
386.0,2,3,Sat 2 - Ground B,ground,2853.5999176318383,-2.39906923704822,False,0.0,,0.0,3757418.249669055
388.0,2,3,Sat 2 - Ground B,ground,2867.7115480790585,-2.5139694818852374,False,0.0,,0.0,3757418.249669055
390.0,2,3,Sat 2 - Ground B,ground,2881.8219388834787,-2.6283664837813387,False,0.0,,0.0,3757418.249669055
392.0,2,3,Sat 2 - Ground B,ground,2895.9310393175556,-2.742267643322601,False,0.0,,0.0,3757418.249669055
394.0,2,3,Sat 2 - Ground B,ground,2910.038799305892,-2.855680218218784,False,0.0,,0.0,3757418.249669055
396.0,2,3,Sat 2 - Ground B,ground,2924.145169409608,-2.9686113266985084,False,0.0,,0.0,3757418.249669055
398.0,2,3,Sat 2 - Ground B,ground,2938.250100811171,-3.0810679508088996,False,0.0,,0.0,3757418.249669055
400.0,2,3,Sat 2 - Ground B,ground,2952.3535452996507,-3.193056939623317,False,0.0,,0.0,3757418.249669055
402.0,2,3,Sat 2 - Ground B,ground,2966.4554552564023,-3.3045850123596168,False,0.0,,0.0,3757418.249669055
404.0,2,3,Sat 2 - Ground B,ground,2980.5557836411426,-3.415658761412065,False,0.0,,0.0,3757418.249669055
406.0,2,3,Sat 2 - Ground B,ground,2994.6544839784306,-3.5262846552996856,False,0.0,,0.0,3757418.249669055
408.0,2,3,Sat 2 - Ground B,ground,3008.7515103445153,-3.636469041533531,False,0.0,,0.0,3757418.249669055
410.0,2,3,Sat 2 - Ground B,ground,3022.8468173545607,-3.746218149405435,False,0.0,,0.0,3757418.249669055
412.0,2,3,Sat 2 - Ground B,ground,3036.940360150217,-3.855538092700977,False,0.0,,0.0,3757418.249669055
414.0,2,3,Sat 2 - Ground B,ground,3051.0320943875427,-3.9644348723386833,False,0.0,,0.0,3757418.249669055
416.0,2,3,Sat 2 - Ground B,ground,3065.1219762252554,-4.0729143789379565,False,0.0,,0.0,3757418.249669055
418.0,2,3,Sat 2 - Ground B,ground,3079.2099623133063,-4.180982395317922,False,0.0,,0.0,3757418.249669055
420.0,2,3,Sat 2 - Ground B,ground,3093.296009781764,-4.288644598929341,False,0.0,,0.0,3757418.249669055
422.0,2,3,Sat 2 - Ground B,ground,3107.3800762300075,-4.395906564221587,False,0.0,,0.0,3757418.249669055
424.0,2,3,Sat 2 - Ground B,ground,3121.4621197162023,-4.502773764946723,False,0.0,,0.0,3757418.249669055
426.0,2,3,Sat 2 - Ground B,ground,3135.5420987470684,-4.6092515764025705,False,0.0,,0.0,3757418.249669055
428.0,2,3,Sat 2 - Ground B,ground,3149.61997226792,-4.715345277616794,False,0.0,,0.0,3757418.249669055
430.0,2,3,Sat 2 - Ground B,ground,3163.695699652969,-4.821060053473373,False,0.0,,0.0,3757418.249669055
432.0,2,3,Sat 2 - Ground B,ground,3177.7692406958936,-4.92640099678377,False,0.0,,0.0,3757418.249669055
434.0,2,3,Sat 2 - Ground B,ground,3191.840555600648,-5.0313731103039565,False,0.0,,0.0,3757418.249669055
436.0,2,3,Sat 2 - Ground B,ground,3205.909604972522,-5.135981308699218,False,0.0,,0.0,3757418.249669055
438.0,2,3,Sat 2 - Ground B,ground,3219.976349809435,-5.240230420458162,False,0.0,,0.0,3757418.249669055
440.0,2,3,Sat 2 - Ground B,ground,3234.0407514934514,-5.344125189757581,False,0.0,,0.0,3757418.249669055
442.0,2,3,Sat 2 - Ground B,ground,3248.102771782528,-5.44767027827928,False,0.0,,0.0,3757418.249669055
444.0,2,3,Sat 2 - Ground B,ground,3262.1623728024647,-5.550870266980887,False,0.0,,0.0,3757418.249669055
446.0,2,3,Sat 2 - Ground B,ground,3276.219517039074,-5.653729657821284,False,0.0,,0.0,3757418.249669055
448.0,2,3,Sat 2 - Ground B,ground,3290.2741673305445,-5.756252875442598,False,0.0,,0.0,3757418.249669055
450.0,2,3,Sat 2 - Ground B,ground,3304.3262868600023,-5.858444268809676,False,0.0,,0.0,3757418.249669055
452.0,2,3,Sat 2 - Ground B,ground,3318.375839148265,-5.960308112808271,False,0.0,,0.0,3757418.249669055
454.0,2,3,Sat 2 - Ground B,ground,3332.42278804678,-6.061848609803461,False,0.0,,0.0,3757418.249669055
456.0,2,3,Sat 2 - Ground B,ground,3346.4670977307396,-6.163069891159,False,0.0,,0.0,3757418.249669055
458.0,2,3,Sat 2 - Ground B,ground,3360.508732692367,-6.263976018718997,False,0.0,,0.0,3757418.249669055
460.0,2,3,Sat 2 - Ground B,ground,3374.547657734382,-6.364570986253017,False,0.0,,0.0,3757418.249669055
462.0,2,3,Sat 2 - Ground B,ground,3388.58383796362,-6.464858720865541,False,0.0,,0.0,3757418.249669055
464.0,2,3,Sat 2 - Ground B,ground,3402.6172387848173,-6.564843084370735,False,0.0,,0.0,3757418.249669055
466.0,2,3,Sat 2 - Ground B,ground,3416.6478258945417,-6.664527874633704,False,0.0,,0.0,3757418.249669055
468.0,2,3,Sat 2 - Ground B,ground,3430.6755652752863,-6.763916826879124,False,0.0,,0.0,3757418.249669055
470.0,2,3,Sat 2 - Ground B,ground,3444.7004231897004,-6.863013614967864,False,0.0,,0.0,3757418.249669055
472.0,2,3,Sat 2 - Ground B,ground,3458.7223661749617,-6.961821852643164,False,0.0,,0.0,3757418.249669055
474.0,2,3,Sat 2 - Ground B,ground,3472.741361037294,-7.060345094746306,False,0.0,,0.0,3757418.249669055
476.0,2,3,Sat 2 - Ground B,ground,3486.7573748466075,-7.158586838403586,False,0.0,,0.0,3757418.249669055
478.0,2,3,Sat 2 - Ground B,ground,3500.77037493128,-7.256550524184536,False,0.0,,0.0,3757418.249669055
480.0,2,3,Sat 2 - Ground B,ground,3514.780328873061,-7.354239537232879,False,0.0,,0.0,3757418.249669055
482.0,2,3,Sat 2 - Ground B,ground,3528.7872045020913,-7.451657208370375,False,0.0,,0.0,3757418.249669055
484.0,2,3,Sat 2 - Ground B,ground,3542.7909698920575,-7.548806815174823,False,0.0,,0.0,3757418.249669055
486.0,2,3,Sat 2 - Ground B,ground,3556.791593355445,-7.645691583032456,False,0.0,,0.0,3757418.249669055
488.0,2,3,Sat 2 - Ground B,ground,3570.7890434389215,-7.742314686165902,False,0.0,,0.0,3757418.249669055
490.0,2,3,Sat 2 - Ground B,ground,3584.783288918815,-7.838679248637827,False,0.0,,0.0,3757418.249669055
492.0,2,3,Sat 2 - Ground B,ground,3598.7742987967076,-7.934788345331388,False,0.0,,0.0,3757418.249669055
494.0,2,3,Sat 2 - Ground B,ground,3612.762042295135,-8.030645002908008,False,0.0,,0.0,3757418.249669055
496.0,2,3,Sat 2 - Ground B,ground,3626.7464888533805,-8.126252200742757,False,0.0,,0.0,3757418.249669055
498.0,2,3,Sat 2 - Ground B,ground,3640.7276081233667,-8.22161287183841,False,0.0,,0.0,3757418.249669055
500.0,2,3,Sat 2 - Ground B,ground,3654.7053699656553,-8.316729903718471,False,0.0,,0.0,3757418.249669055
502.0,2,3,Sat 2 - Ground B,ground,3668.6797444455237,-8.411606139299693,False,0.0,,0.0,3757418.249669055
504.0,2,3,Sat 2 - Ground B,ground,3682.650701829146,-8.506244377744833,False,0.0,,0.0,3757418.249669055
506.0,2,3,Sat 2 - Ground B,ground,3696.6182125798523,-8.600647375295997,False,0.0,,0.0,3757418.249669055
508.0,2,3,Sat 2 - Ground B,ground,3710.58224735448,-8.694817846089082,False,0.0,,0.0,3757418.249669055
510.0,2,3,Sat 2 - Ground B,ground,3724.542776999808,-8.788758462950014,False,0.0,,0.0,3757418.249669055
512.0,2,3,Sat 2 - Ground B,ground,3738.4997725490703,-8.882471858172906,False,0.0,,0.0,3757418.249669055
514.0,2,3,Sat 2 - Ground B,ground,3752.453205218548,-8.97596062428094,False,0.0,,0.0,3757418.249669055
516.0,2,3,Sat 2 - Ground B,ground,3766.4030464042476,-9.069227314770247,False,0.0,,0.0,3757418.249669055
518.0,2,3,Sat 2 - Ground B,ground,3780.3492676786373,-9.162274444837239,False,0.0,,0.0,3757418.249669055
520.0,2,3,Sat 2 - Ground B,ground,3794.291840787476,-9.255104492089842,False,0.0,,0.0,3757418.249669055
522.0,2,3,Sat 2 - Ground B,ground,3808.2307376466965,-9.347719897243048,False,0.0,,0.0,3757418.249669055
524.0,2,3,Sat 2 - Ground B,ground,3822.165930339376,-9.440123064799176,False,0.0,,0.0,3757418.249669055
526.0,2,3,Sat 2 - Ground B,ground,3836.097391112754,-9.532316363713162,False,0.0,,0.0,3757418.249669055
528.0,2,3,Sat 2 - Ground B,ground,3850.025092375336,-9.624302128043455,False,0.0,,0.0,3757418.249669055
530.0,2,3,Sat 2 - Ground B,ground,3863.9490066940466,-9.716082657588618,False,0.0,,0.0,3757418.249669055
532.0,2,3,Sat 2 - Ground B,ground,3877.8691067914524,-9.80766021851017,False,0.0,,0.0,3757418.249669055
534.0,2,3,Sat 2 - Ground B,ground,3891.785365543048,-9.899037043942034,False,0.0,,0.0,3757418.249669055
536.0,2,3,Sat 2 - Ground B,ground,3905.697755974591,-9.990215334586695,False,0.0,,0.0,3757418.249669055
538.0,2,3,Sat 2 - Ground B,ground,3919.606251259513,-10.081197259298783,False,0.0,,0.0,3757418.249669055
540.0,2,3,Sat 2 - Ground B,ground,3933.5108247163653,-10.171984955656027,False,0.0,,0.0,3757418.249669055
542.0,2,3,Sat 2 - Ground B,ground,3947.4114498063395,-10.262580530517994,False,0.0,,0.0,3757418.249669055
544.0,2,3,Sat 2 - Ground B,ground,3961.3081001308274,-10.352986060573159,False,0.0,,0.0,3757418.249669055
546.0,2,3,Sat 2 - Ground B,ground,3975.2007494290456,-10.443203592874184,False,0.0,,0.0,3757418.249669055
548.0,2,3,Sat 2 - Ground B,ground,3989.089371575702,-10.533235145362001,False,0.0,,0.0,3757418.249669055
550.0,2,3,Sat 2 - Ground B,ground,4002.973940578712,-10.623082707378899,False,0.0,,0.0,3757418.249669055
552.0,2,3,Sat 2 - Ground B,ground,4016.8544305769733,-10.712748240170765,False,0.0,,0.0,3757418.249669055
554.0,2,3,Sat 2 - Ground B,ground,4030.7308158381766,-10.802233677378956,False,0.0,,0.0,3757418.249669055
556.0,2,3,Sat 2 - Ground B,ground,4044.60307075667,-10.891540925521769,False,0.0,,0.0,3757418.249669055
558.0,2,3,Sat 2 - Ground B,ground,4058.4711698513684,-10.980671864466112,False,0.0,,0.0,3757418.249669055
560.0,2,3,Sat 2 - Ground B,ground,4072.3350877636976,-11.069628347889237,False,0.0,,0.0,3757418.249669055
562.0,2,3,Sat 2 - Ground B,ground,4086.1947992555965,-11.158412203731103,False,0.0,,0.0,3757418.249669055
564.0,2,3,Sat 2 - Ground B,ground,4100.050279207553,-11.247025234637363,False,0.0,,0.0,3757418.249669055
566.0,2,3,Sat 2 - Ground B,ground,4113.901502616675,-11.335469218393275,False,0.0,,0.0,3757418.249669055
568.0,2,3,Sat 2 - Ground B,ground,4127.748444594815,-11.423745908348797,False,0.0,,0.0,3757418.249669055
570.0,2,3,Sat 2 - Ground B,ground,4141.591080366721,-11.511857033835042,False,0.0,,0.0,3757418.249669055
572.0,2,3,Sat 2 - Ground B,ground,4155.429385268236,-11.599804300572224,False,0.0,,0.0,3757418.249669055
574.0,2,3,Sat 2 - Ground B,ground,4169.263334744527,-11.687589391069402,False,0.0,,0.0,3757418.249669055
576.0,2,3,Sat 2 - Ground B,ground,4183.0929043483575,-11.775213965016196,False,0.0,,0.0,3757418.249669055
578.0,2,3,Sat 2 - Ground B,ground,4196.918069738383,-11.862679659666561,False,0.0,,0.0,3757418.249669055
580.0,2,3,Sat 2 - Ground B,ground,4210.738806677498,-11.949988090214987,False,0.0,,0.0,3757418.249669055
582.0,2,3,Sat 2 - Ground B,ground,4224.555091031204,-12.03714085016506,False,0.0,,0.0,3757418.249669055
584.0,2,3,Sat 2 - Ground B,ground,4238.366898766014,-12.1241395116908,False,0.0,,0.0,3757418.249669055
586.0,2,3,Sat 2 - Ground B,ground,4252.174205947894,-12.21098562599078,False,0.0,,0.0,3757418.249669055
588.0,2,3,Sat 2 - Ground B,ground,4265.976988740728,-12.297680723635338,False,0.0,,0.0,3757418.249669055
590.0,2,3,Sat 2 - Ground B,ground,4279.775223404823,-12.38422631490674,False,0.0,,0.0,3757418.249669055
592.0,2,3,Sat 2 - Ground B,ground,4293.568886295434,-12.470623890132897,False,0.0,,0.0,3757418.249669055
594.0,2,3,Sat 2 - Ground B,ground,4307.357953861325,-12.556874920014439,False,0.0,,0.0,3757418.249669055
596.0,2,3,Sat 2 - Ground B,ground,4321.142402643361,-12.642980855945362,False,0.0,,0.0,3757418.249669055
598.0,2,3,Sat 2 - Ground B,ground,4334.922209273119,-12.728943130327584,False,0.0,,0.0,3757418.249669055
600.0,2,3,Sat 2 - Ground B,ground,4348.697350471533,-12.814763156879211,False,0.0,,0.0,3757418.249669055
-600.0,1,2,Sat 1 - Sat 2,isl,3205.6329515627654,,True,0.0012147196378470065,0.015079816432179574,9897.53368579559,0.0
-598.0,1,2,Sat 1 - Sat 2,isl,3205.6329515627654,,True,0.0012147196378470065,0.015079816432179574,9897.53368579559,19795.06737159118
-596.0,1,2,Sat 1 - Sat 2,isl,3205.632951562765,,True,0.001214719637847007,0.015079816432179576,9897.533685795592,39590.13474318237
-594.0,1,2,Sat 1 - Sat 2,isl,3205.6329515627654,,True,0.0012147196378470065,0.015079816432179574,9897.53368579559,59385.20211477355
-592.0,1,2,Sat 1 - Sat 2,isl,3205.632951562766,,True,0.0012147196378470065,0.015079816432179574,9897.53368579559,79180.26948636473
-590.0,1,2,Sat 1 - Sat 2,isl,3205.6329515627654,,True,0.0012147196378470065,0.015079816432179574,9897.53368579559,98975.33685795592
-588.0,1,2,Sat 1 - Sat 2,isl,3205.632951562765,,True,0.001214719637847007,0.015079816432179576,9897.533685795592,118770.4042295471
-586.0,1,2,Sat 1 - Sat 2,isl,3205.632951562765,,True,0.001214719637847007,0.015079816432179576,9897.533685795592,138565.4716011383
-584.0,1,2,Sat 1 - Sat 2,isl,3205.632951562765,,True,0.001214719637847007,0.015079816432179576,9897.533685795592,158360.53897272947
-582.0,1,2,Sat 1 - Sat 2,isl,3205.632951562765,,True,0.001214719637847007,0.015079816432179576,9897.533685795592,178155.60634432064
-580.0,1,2,Sat 1 - Sat 2,isl,3205.632951562765,,True,0.001214719637847007,0.015079816432179576,9897.533685795592,197950.6737159118
-578.0,1,2,Sat 1 - Sat 2,isl,3205.632951562764,,True,0.0012147196378470076,0.015079816432179573,9897.533685795599,217745.741087503
-576.0,1,2,Sat 1 - Sat 2,isl,3205.632951562765,,True,0.001214719637847007,0.015079816432179576,9897.533685795592,237540.8084590942
-574.0,1,2,Sat 1 - Sat 2,isl,3205.632951562765,,True,0.001214719637847007,0.015079816432179576,9897.533685795592,257335.87583068537
-572.0,1,2,Sat 1 - Sat 2,isl,3205.632951562765,,True,0.001214719637847007,0.015079816432179576,9897.533685795592,277130.94320227654
-570.0,1,2,Sat 1 - Sat 2,isl,3205.632951562766,,True,0.0012147196378470065,0.015079816432179574,9897.53368579559,296926.0105738677
-568.0,1,2,Sat 1 - Sat 2,isl,3205.632951562765,,True,0.001214719637847007,0.015079816432179576,9897.533685795592,316721.0779454589
-566.0,1,2,Sat 1 - Sat 2,isl,3205.632951562766,,True,0.0012147196378470065,0.015079816432179574,9897.53368579559,336516.14531705005
-564.0,1,2,Sat 1 - Sat 2,isl,3205.632951562765,,True,0.001214719637847007,0.015079816432179576,9897.533685795592,356311.2126886412
-562.0,1,2,Sat 1 - Sat 2,isl,3205.632951562765,,True,0.001214719637847007,0.015079816432179576,9897.533685795592,376106.2800602324
-560.0,1,2,Sat 1 - Sat 2,isl,3205.632951562766,,True,0.0012147196378470065,0.015079816432179574,9897.53368579559,395901.34743182355
-558.0,1,2,Sat 1 - Sat 2,isl,3205.6329515627663,,True,0.0012147196378470059,0.015079816432179574,9897.533685795584,415696.4148034147
-556.0,1,2,Sat 1 - Sat 2,isl,3205.632951562765,,True,0.001214719637847007,0.015079816432179576,9897.533685795592,435491.4821750059
-554.0,1,2,Sat 1 - Sat 2,isl,3205.632951562765,,True,0.001214719637847007,0.015079816432179576,9897.533685795592,455286.54954659706
-552.0,1,2,Sat 1 - Sat 2,isl,3205.6329515627644,,True,0.0012147196378470072,0.015079816432179576,9897.533685795594,475081.6169181882
-550.0,1,2,Sat 1 - Sat 2,isl,3205.6329515627654,,True,0.0012147196378470065,0.015079816432179574,9897.53368579559,494876.6842897794
-548.0,1,2,Sat 1 - Sat 2,isl,3205.6329515627654,,True,0.0012147196378470065,0.015079816432179574,9897.53368579559,514671.75166137057
-546.0,1,2,Sat 1 - Sat 2,isl,3205.632951562765,,True,0.001214719637847007,0.015079816432179576,9897.533685795592,534466.8190329617
-544.0,1,2,Sat 1 - Sat 2,isl,3205.6329515627654,,True,0.0012147196378470065,0.015079816432179574,9897.53368579559,554261.886404553
-542.0,1,2,Sat 1 - Sat 2,isl,3205.6329515627654,,True,0.0012147196378470065,0.015079816432179574,9897.53368579559,574056.9537761442
-540.0,1,2,Sat 1 - Sat 2,isl,3205.6329515627654,,True,0.0012147196378470065,0.015079816432179574,9897.53368579559,593852.0211477354
-538.0,1,2,Sat 1 - Sat 2,isl,3205.632951562765,,True,0.001214719637847007,0.015079816432179576,9897.533685795592,613647.0885193266
-536.0,1,2,Sat 1 - Sat 2,isl,3205.632951562765,,True,0.001214719637847007,0.015079816432179576,9897.533685795592,633442.1558909179
-534.0,1,2,Sat 1 - Sat 2,isl,3205.6329515627654,,True,0.0012147196378470065,0.015079816432179574,9897.53368579559,653237.2232625091
-532.0,1,2,Sat 1 - Sat 2,isl,3205.632951562765,,True,0.001214719637847007,0.015079816432179576,9897.533685795592,673032.2906341003
-530.0,1,2,Sat 1 - Sat 2,isl,3205.6329515627654,,True,0.0012147196378470065,0.015079816432179574,9897.53368579559,692827.3580056916
-528.0,1,2,Sat 1 - Sat 2,isl,3205.632951562765,,True,0.001214719637847007,0.015079816432179576,9897.533685795592,712622.4253772828
-526.0,1,2,Sat 1 - Sat 2,isl,3205.6329515627654,,True,0.0012147196378470065,0.015079816432179574,9897.53368579559,732417.492748874
-524.0,1,2,Sat 1 - Sat 2,isl,3205.6329515627654,,True,0.0012147196378470065,0.015079816432179574,9897.53368579559,752212.5601204652
-522.0,1,2,Sat 1 - Sat 2,isl,3205.632951562765,,True,0.001214719637847007,0.015079816432179576,9897.533685795592,772007.6274920565
-520.0,1,2,Sat 1 - Sat 2,isl,3205.6329515627654,,True,0.0012147196378470065,0.015079816432179574,9897.53368579559,791802.6948636477
-518.0,1,2,Sat 1 - Sat 2,isl,3205.6329515627654,,True,0.0012147196378470065,0.015079816432179574,9897.53368579559,811597.7622352389
-516.0,1,2,Sat 1 - Sat 2,isl,3205.632951562765,,True,0.001214719637847007,0.015079816432179576,9897.533685795592,831392.8296068301
-514.0,1,2,Sat 1 - Sat 2,isl,3205.632951562765,,True,0.001214719637847007,0.015079816432179576,9897.533685795592,851187.8969784214
-512.0,1,2,Sat 1 - Sat 2,isl,3205.6329515627654,,True,0.0012147196378470065,0.015079816432179574,9897.53368579559,870982.9643500126
-510.0,1,2,Sat 1 - Sat 2,isl,3205.632951562765,,True,0.001214719637847007,0.015079816432179576,9897.533685795592,890778.0317216038
-508.0,1,2,Sat 1 - Sat 2,isl,3205.6329515627654,,True,0.0012147196378470065,0.015079816432179574,9897.53368579559,910573.099093195
-506.0,1,2,Sat 1 - Sat 2,isl,3205.632951562765,,True,0.001214719637847007,0.015079816432179576,9897.533685795592,930368.1664647863
-504.0,1,2,Sat 1 - Sat 2,isl,3205.632951562765,,True,0.001214719637847007,0.015079816432179576,9897.533685795592,950163.2338363775
-502.0,1,2,Sat 1 - Sat 2,isl,3205.632951562765,,True,0.001214719637847007,0.015079816432179576,9897.533685795592,969958.3012079687
-500.0,1,2,Sat 1 - Sat 2,isl,3205.632951562765,,True,0.001214719637847007,0.015079816432179576,9897.533685795592,989753.36857956
-498.0,1,2,Sat 1 - Sat 2,isl,3205.632951562765,,True,0.001214719637847007,0.015079816432179576,9897.533685795592,1009548.4359511512
-496.0,1,2,Sat 1 - Sat 2,isl,3205.632951562765,,True,0.001214719637847007,0.015079816432179576,9897.533685795592,1029343.5033227424
-494.0,1,2,Sat 1 - Sat 2,isl,3205.632951562765,,True,0.001214719637847007,0.015079816432179576,9897.533685795592,1049138.5706943336
-492.0,1,2,Sat 1 - Sat 2,isl,3205.632951562765,,True,0.001214719637847007,0.015079816432179576,9897.533685795592,1068933.6380659249
-490.0,1,2,Sat 1 - Sat 2,isl,3205.632951562765,,True,0.001214719637847007,0.015079816432179576,9897.533685795592,1088728.705437516
-488.0,1,2,Sat 1 - Sat 2,isl,3205.6329515627654,,True,0.0012147196378470065,0.015079816432179574,9897.53368579559,1108523.7728091073
-486.0,1,2,Sat 1 - Sat 2,isl,3205.6329515627654,,True,0.0012147196378470065,0.015079816432179574,9897.53368579559,1128318.8401806985
-484.0,1,2,Sat 1 - Sat 2,isl,3205.632951562766,,True,0.0012147196378470065,0.015079816432179574,9897.53368579559,1148113.9075522898
-482.0,1,2,Sat 1 - Sat 2,isl,3205.632951562765,,True,0.001214719637847007,0.015079816432179576,9897.533685795592,1167908.974923881
-480.0,1,2,Sat 1 - Sat 2,isl,3205.632951562765,,True,0.001214719637847007,0.015079816432179576,9897.533685795592,1187704.0422954722
-478.0,1,2,Sat 1 - Sat 2,isl,3205.6329515627644,,True,0.0012147196378470072,0.015079816432179576,9897.533685795594,1207499.1096670635
-476.0,1,2,Sat 1 - Sat 2,isl,3205.632951562765,,True,0.001214719637847007,0.015079816432179576,9897.533685795592,1227294.1770386547
-474.0,1,2,Sat 1 - Sat 2,isl,3205.6329515627644,,True,0.0012147196378470072,0.015079816432179576,9897.533685795594,1247089.244410246
-472.0,1,2,Sat 1 - Sat 2,isl,3205.632951562765,,True,0.001214719637847007,0.015079816432179576,9897.533685795592,1266884.3117818371
-470.0,1,2,Sat 1 - Sat 2,isl,3205.632951562765,,True,0.001214719637847007,0.015079816432179576,9897.533685795592,1286679.3791534284
-468.0,1,2,Sat 1 - Sat 2,isl,3205.632951562765,,True,0.001214719637847007,0.015079816432179576,9897.533685795592,1306474.4465250196
-466.0,1,2,Sat 1 - Sat 2,isl,3205.6329515627654,,True,0.0012147196378470065,0.015079816432179574,9897.53368579559,1326269.5138966108
-464.0,1,2,Sat 1 - Sat 2,isl,3205.6329515627654,,True,0.0012147196378470065,0.015079816432179574,9897.53368579559,1346064.581268202
-462.0,1,2,Sat 1 - Sat 2,isl,3205.632951562764,,True,0.0012147196378470076,0.015079816432179573,9897.533685795599,1365859.6486397933
-460.0,1,2,Sat 1 - Sat 2,isl,3205.632951562765,,True,0.001214719637847007,0.015079816432179576,9897.533685795592,1385654.7160113845
-458.0,1,2,Sat 1 - Sat 2,isl,3205.6329515627654,,True,0.0012147196378470065,0.015079816432179574,9897.53368579559,1405449.7833829757
-456.0,1,2,Sat 1 - Sat 2,isl,3205.6329515627654,,True,0.0012147196378470065,0.015079816432179574,9897.53368579559,1425244.850754567
-454.0,1,2,Sat 1 - Sat 2,isl,3205.632951562764,,True,0.0012147196378470076,0.015079816432179573,9897.533685795599,1445039.9181261582
-452.0,1,2,Sat 1 - Sat 2,isl,3205.6329515627644,,True,0.0012147196378470072,0.015079816432179576,9897.533685795594,1464834.9854977494
-450.0,1,2,Sat 1 - Sat 2,isl,3205.632951562766,,True,0.0012147196378470065,0.015079816432179574,9897.53368579559,1484630.0528693406
-448.0,1,2,Sat 1 - Sat 2,isl,3205.6329515627654,,True,0.0012147196378470065,0.015079816432179574,9897.53368579559,1504425.1202409319
-446.0,1,2,Sat 1 - Sat 2,isl,3205.6329515627654,,True,0.0012147196378470065,0.015079816432179574,9897.53368579559,1524220.187612523
-444.0,1,2,Sat 1 - Sat 2,isl,3205.6329515627654,,True,0.0012147196378470065,0.015079816432179574,9897.53368579559,1544015.2549841143
-442.0,1,2,Sat 1 - Sat 2,isl,3205.632951562766,,True,0.0012147196378470065,0.015079816432179574,9897.53368579559,1563810.3223557055
-440.0,1,2,Sat 1 - Sat 2,isl,3205.6329515627654,,True,0.0012147196378470065,0.015079816432179574,9897.53368579559,1583605.3897272968
-438.0,1,2,Sat 1 - Sat 2,isl,3205.632951562765,,True,0.001214719637847007,0.015079816432179576,9897.533685795592,1603400.457098888
-436.0,1,2,Sat 1 - Sat 2,isl,3205.6329515627654,,True,0.0012147196378470065,0.015079816432179574,9897.53368579559,1623195.5244704792
-434.0,1,2,Sat 1 - Sat 2,isl,3205.632951562765,,True,0.001214719637847007,0.015079816432179576,9897.533685795592,1642990.5918420705
-432.0,1,2,Sat 1 - Sat 2,isl,3205.6329515627654,,True,0.0012147196378470065,0.015079816432179574,9897.53368579559,1662785.6592136617
-430.0,1,2,Sat 1 - Sat 2,isl,3205.632951562765,,True,0.001214719637847007,0.015079816432179576,9897.533685795592,1682580.726585253
-428.0,1,2,Sat 1 - Sat 2,isl,3205.6329515627654,,True,0.0012147196378470065,0.015079816432179574,9897.53368579559,1702375.7939568441
-426.0,1,2,Sat 1 - Sat 2,isl,3205.6329515627644,,True,0.0012147196378470072,0.015079816432179576,9897.533685795594,1722170.8613284354
-424.0,1,2,Sat 1 - Sat 2,isl,3205.632951562765,,True,0.001214719637847007,0.015079816432179576,9897.533685795592,1741965.9287000266
-422.0,1,2,Sat 1 - Sat 2,isl,3205.632951562765,,True,0.001214719637847007,0.015079816432179576,9897.533685795592,1761760.9960716178
-420.0,1,2,Sat 1 - Sat 2,isl,3205.632951562765,,True,0.001214719637847007,0.015079816432179576,9897.533685795592,1781556.063443209
-418.0,1,2,Sat 1 - Sat 2,isl,3205.6329515627654,,True,0.0012147196378470065,0.015079816432179574,9897.53368579559,1801351.1308148003
-416.0,1,2,Sat 1 - Sat 2,isl,3205.6329515627654,,True,0.0012147196378470065,0.015079816432179574,9897.53368579559,1821146.1981863915
-414.0,1,2,Sat 1 - Sat 2,isl,3205.632951562766,,True,0.0012147196378470065,0.015079816432179574,9897.53368579559,1840941.2655579827
-412.0,1,2,Sat 1 - Sat 2,isl,3205.6329515627663,,True,0.0012147196378470059,0.015079816432179574,9897.533685795584,1860736.332929574
-410.0,1,2,Sat 1 - Sat 2,isl,3205.6329515627663,,True,0.0012147196378470059,0.015079816432179574,9897.533685795584,1880531.4003011652
-408.0,1,2,Sat 1 - Sat 2,isl,3205.6329515627654,,True,0.0012147196378470065,0.015079816432179574,9897.53368579559,1900326.4676727564
-406.0,1,2,Sat 1 - Sat 2,isl,3205.6329515627654,,True,0.0012147196378470065,0.015079816432179574,9897.53368579559,1920121.5350443476
-404.0,1,2,Sat 1 - Sat 2,isl,3205.632951562765,,True,0.001214719637847007,0.015079816432179576,9897.533685795592,1939916.6024159389
-402.0,1,2,Sat 1 - Sat 2,isl,3205.632951562765,,True,0.001214719637847007,0.015079816432179576,9897.533685795592,1959711.66978753
-400.0,1,2,Sat 1 - Sat 2,isl,3205.632951562765,,True,0.001214719637847007,0.015079816432179576,9897.533685795592,1979506.7371591213
-398.0,1,2,Sat 1 - Sat 2,isl,3205.632951562765,,True,0.001214719637847007,0.015079816432179576,9897.533685795592,1999301.8045307125
-396.0,1,2,Sat 1 - Sat 2,isl,3205.6329515627644,,True,0.0012147196378470072,0.015079816432179576,9897.533685795594,2019096.8719023038
-394.0,1,2,Sat 1 - Sat 2,isl,3205.6329515627644,,True,0.0012147196378470072,0.015079816432179576,9897.533685795594,2038891.939273895
-392.0,1,2,Sat 1 - Sat 2,isl,3205.632951562765,,True,0.001214719637847007,0.015079816432179576,9897.533685795592,2058687.0066454862
-390.0,1,2,Sat 1 - Sat 2,isl,3205.6329515627654,,True,0.0012147196378470065,0.015079816432179574,9897.53368579559,2078482.0740170775
-388.0,1,2,Sat 1 - Sat 2,isl,3205.632951562765,,True,0.001214719637847007,0.015079816432179576,9897.533685795592,2098277.1413886687
-386.0,1,2,Sat 1 - Sat 2,isl,3205.632951562766,,True,0.0012147196378470065,0.015079816432179574,9897.53368579559,2118072.2087602597
-384.0,1,2,Sat 1 - Sat 2,isl,3205.632951562765,,True,0.001214719637847007,0.015079816432179576,9897.533685795592,2137867.2761318507
-382.0,1,2,Sat 1 - Sat 2,isl,3205.6329515627663,,True,0.0012147196378470059,0.015079816432179574,9897.533685795584,2157662.3435034417
-380.0,1,2,Sat 1 - Sat 2,isl,3205.6329515627663,,True,0.0012147196378470059,0.015079816432179574,9897.533685795584,2177457.4108750327
-378.0,1,2,Sat 1 - Sat 2,isl,3205.632951562766,,True,0.0012147196378470065,0.015079816432179574,9897.53368579559,2197252.4782466237
-376.0,1,2,Sat 1 - Sat 2,isl,3205.632951562764,,True,0.0012147196378470076,0.015079816432179573,9897.533685795599,2217047.5456182146
-374.0,1,2,Sat 1 - Sat 2,isl,3205.6329515627654,,True,0.0012147196378470065,0.015079816432179574,9897.53368579559,2236842.6129898056
-372.0,1,2,Sat 1 - Sat 2,isl,3205.6329515627654,,True,0.0012147196378470065,0.015079816432179574,9897.53368579559,2256637.6803613966
-370.0,1,2,Sat 1 - Sat 2,isl,3205.6329515627654,,True,0.0012147196378470065,0.015079816432179574,9897.53368579559,2276432.7477329876
-368.0,1,2,Sat 1 - Sat 2,isl,3205.632951562765,,True,0.001214719637847007,0.015079816432179576,9897.533685795592,2296227.8151045786
-366.0,1,2,Sat 1 - Sat 2,isl,3205.632951562765,,True,0.001214719637847007,0.015079816432179576,9897.533685795592,2316022.8824761696
-364.0,1,2,Sat 1 - Sat 2,isl,3205.632951562765,,True,0.001214719637847007,0.015079816432179576,9897.533685795592,2335817.9498477606
-362.0,1,2,Sat 1 - Sat 2,isl,3205.6329515627644,,True,0.0012147196378470072,0.015079816432179576,9897.533685795594,2355613.0172193516
-360.0,1,2,Sat 1 - Sat 2,isl,3205.632951562765,,True,0.001214719637847007,0.015079816432179576,9897.533685795592,2375408.0845909426
-358.0,1,2,Sat 1 - Sat 2,isl,3205.632951562765,,True,0.001214719637847007,0.015079816432179576,9897.533685795592,2395203.1519625336
-356.0,1,2,Sat 1 - Sat 2,isl,3205.632951562765,,True,0.001214719637847007,0.015079816432179576,9897.533685795592,2414998.2193341246
-354.0,1,2,Sat 1 - Sat 2,isl,3205.632951562765,,True,0.001214719637847007,0.015079816432179576,9897.533685795592,2434793.2867057156
-352.0,1,2,Sat 1 - Sat 2,isl,3205.6329515627654,,True,0.0012147196378470065,0.015079816432179574,9897.53368579559,2454588.3540773066
-350.0,1,2,Sat 1 - Sat 2,isl,3205.6329515627654,,True,0.0012147196378470065,0.015079816432179574,9897.53368579559,2474383.4214488976
-348.0,1,2,Sat 1 - Sat 2,isl,3205.632951562765,,True,0.001214719637847007,0.015079816432179576,9897.533685795592,2494178.4888204886
-346.0,1,2,Sat 1 - Sat 2,isl,3205.6329515627654,,True,0.0012147196378470065,0.015079816432179574,9897.53368579559,2513973.5561920796
-344.0,1,2,Sat 1 - Sat 2,isl,3205.6329515627644,,True,0.0012147196378470072,0.015079816432179576,9897.533685795594,2533768.6235636706
-342.0,1,2,Sat 1 - Sat 2,isl,3205.632951562765,,True,0.001214719637847007,0.015079816432179576,9897.533685795592,2553563.6909352615
-340.0,1,2,Sat 1 - Sat 2,isl,3205.6329515627654,,True,0.0012147196378470065,0.015079816432179574,9897.53368579559,2573358.7583068525
-338.0,1,2,Sat 1 - Sat 2,isl,3205.6329515627644,,True,0.0012147196378470072,0.015079816432179576,9897.533685795594,2593153.8256784435
-336.0,1,2,Sat 1 - Sat 2,isl,3205.632951562765,,True,0.001214719637847007,0.015079816432179576,9897.533685795592,2612948.8930500345
-334.0,1,2,Sat 1 - Sat 2,isl,3205.632951562765,,True,0.001214719637847007,0.015079816432179576,9897.533685795592,2632743.9604216255
-332.0,1,2,Sat 1 - Sat 2,isl,3205.632951562765,,True,0.001214719637847007,0.015079816432179576,9897.533685795592,2652539.0277932165
-330.0,1,2,Sat 1 - Sat 2,isl,3205.632951562765,,True,0.001214719637847007,0.015079816432179576,9897.533685795592,2672334.0951648075
-328.0,1,2,Sat 1 - Sat 2,isl,3205.632951562765,,True,0.001214719637847007,0.015079816432179576,9897.533685795592,2692129.1625363985
-326.0,1,2,Sat 1 - Sat 2,isl,3205.632951562765,,True,0.001214719637847007,0.015079816432179576,9897.533685795592,2711924.2299079895
-324.0,1,2,Sat 1 - Sat 2,isl,3205.632951562765,,True,0.001214719637847007,0.015079816432179576,9897.533685795592,2731719.2972795805
-322.0,1,2,Sat 1 - Sat 2,isl,3205.6329515627654,,True,0.0012147196378470065,0.015079816432179574,9897.53368579559,2751514.3646511715
-320.0,1,2,Sat 1 - Sat 2,isl,3205.6329515627654,,True,0.0012147196378470065,0.015079816432179574,9897.53368579559,2771309.4320227625
-318.0,1,2,Sat 1 - Sat 2,isl,3205.6329515627654,,True,0.0012147196378470065,0.015079816432179574,9897.53368579559,2791104.4993943535
-316.0,1,2,Sat 1 - Sat 2,isl,3205.6329515627654,,True,0.0012147196378470065,0.015079816432179574,9897.53368579559,2810899.5667659445
-314.0,1,2,Sat 1 - Sat 2,isl,3205.632951562765,,True,0.001214719637847007,0.015079816432179576,9897.533685795592,2830694.6341375355
-312.0,1,2,Sat 1 - Sat 2,isl,3205.6329515627654,,True,0.0012147196378470065,0.015079816432179574,9897.53368579559,2850489.7015091265
-310.0,1,2,Sat 1 - Sat 2,isl,3205.632951562765,,True,0.001214719637847007,0.015079816432179576,9897.533685795592,2870284.7688807175
-308.0,1,2,Sat 1 - Sat 2,isl,3205.632951562765,,True,0.001214719637847007,0.015079816432179576,9897.533685795592,2890079.8362523085
-306.0,1,2,Sat 1 - Sat 2,isl,3205.632951562765,,True,0.001214719637847007,0.015079816432179576,9897.533685795592,2909874.9036238994
-304.0,1,2,Sat 1 - Sat 2,isl,3205.632951562765,,True,0.001214719637847007,0.015079816432179576,9897.533685795592,2929669.9709954904
-302.0,1,2,Sat 1 - Sat 2,isl,3205.632951562765,,True,0.001214719637847007,0.015079816432179576,9897.533685795592,2949465.0383670814
-300.0,1,2,Sat 1 - Sat 2,isl,3205.632951562764,,True,0.0012147196378470076,0.015079816432179573,9897.533685795599,2969260.1057386724
-298.0,1,2,Sat 1 - Sat 2,isl,3205.632951562765,,True,0.001214719637847007,0.015079816432179576,9897.533685795592,2989055.1731102634
-296.0,1,2,Sat 1 - Sat 2,isl,3205.6329515627644,,True,0.0012147196378470072,0.015079816432179576,9897.533685795594,3008850.2404818544
-294.0,1,2,Sat 1 - Sat 2,isl,3205.632951562765,,True,0.001214719637847007,0.015079816432179576,9897.533685795592,3028645.3078534454
-292.0,1,2,Sat 1 - Sat 2,isl,3205.6329515627654,,True,0.0012147196378470065,0.015079816432179574,9897.53368579559,3048440.3752250364
-290.0,1,2,Sat 1 - Sat 2,isl,3205.6329515627654,,True,0.0012147196378470065,0.015079816432179574,9897.53368579559,3068235.4425966274
-288.0,1,2,Sat 1 - Sat 2,isl,3205.632951562766,,True,0.0012147196378470065,0.015079816432179574,9897.53368579559,3088030.5099682184
-286.0,1,2,Sat 1 - Sat 2,isl,3205.632951562766,,True,0.0012147196378470065,0.015079816432179574,9897.53368579559,3107825.5773398094
-284.0,1,2,Sat 1 - Sat 2,isl,3205.6329515627654,,True,0.0012147196378470065,0.015079816432179574,9897.53368579559,3127620.6447114004
-282.0,1,2,Sat 1 - Sat 2,isl,3205.632951562765,,True,0.001214719637847007,0.015079816432179576,9897.533685795592,3147415.7120829914
-280.0,1,2,Sat 1 - Sat 2,isl,3205.6329515627654,,True,0.0012147196378470065,0.015079816432179574,9897.53368579559,3167210.7794545824
-278.0,1,2,Sat 1 - Sat 2,isl,3205.632951562765,,True,0.001214719637847007,0.015079816432179576,9897.533685795592,3187005.8468261734
-276.0,1,2,Sat 1 - Sat 2,isl,3205.632951562765,,True,0.001214719637847007,0.015079816432179576,9897.533685795592,3206800.9141977644
-274.0,1,2,Sat 1 - Sat 2,isl,3205.632951562764,,True,0.0012147196378470076,0.015079816432179573,9897.533685795599,3226595.9815693554
-272.0,1,2,Sat 1 - Sat 2,isl,3205.632951562765,,True,0.001214719637847007,0.015079816432179576,9897.533685795592,3246391.0489409463
-270.0,1,2,Sat 1 - Sat 2,isl,3205.632951562765,,True,0.001214719637847007,0.015079816432179576,9897.533685795592,3266186.1163125373
-268.0,1,2,Sat 1 - Sat 2,isl,3205.632951562765,,True,0.001214719637847007,0.015079816432179576,9897.533685795592,3285981.1836841283
-266.0,1,2,Sat 1 - Sat 2,isl,3205.632951562765,,True,0.001214719637847007,0.015079816432179576,9897.533685795592,3305776.2510557193
-264.0,1,2,Sat 1 - Sat 2,isl,3205.632951562765,,True,0.001214719637847007,0.015079816432179576,9897.533685795592,3325571.3184273103
-262.0,1,2,Sat 1 - Sat 2,isl,3205.632951562765,,True,0.001214719637847007,0.015079816432179576,9897.533685795592,3345366.3857989013
-260.0,1,2,Sat 1 - Sat 2,isl,3205.6329515627654,,True,0.0012147196378470065,0.015079816432179574,9897.53368579559,3365161.4531704923
-258.0,1,2,Sat 1 - Sat 2,isl,3205.632951562765,,True,0.001214719637847007,0.015079816432179576,9897.533685795592,3384956.5205420833
-256.0,1,2,Sat 1 - Sat 2,isl,3205.6329515627654,,True,0.0012147196378470065,0.015079816432179574,9897.53368579559,3404751.5879136743
-254.0,1,2,Sat 1 - Sat 2,isl,3205.6329515627654,,True,0.0012147196378470065,0.015079816432179574,9897.53368579559,3424546.6552852653
-252.0,1,2,Sat 1 - Sat 2,isl,3205.6329515627654,,True,0.0012147196378470065,0.015079816432179574,9897.53368579559,3444341.7226568563
-250.0,1,2,Sat 1 - Sat 2,isl,3205.632951562765,,True,0.001214719637847007,0.015079816432179576,9897.533685795592,3464136.7900284473
-248.0,1,2,Sat 1 - Sat 2,isl,3205.632951562765,,True,0.001214719637847007,0.015079816432179576,9897.533685795592,3483931.8574000383
-246.0,1,2,Sat 1 - Sat 2,isl,3205.632951562765,,True,0.001214719637847007,0.015079816432179576,9897.533685795592,3503726.9247716293
-244.0,1,2,Sat 1 - Sat 2,isl,3205.632951562765,,True,0.001214719637847007,0.015079816432179576,9897.533685795592,3523521.9921432203
-242.0,1,2,Sat 1 - Sat 2,isl,3205.632951562765,,True,0.001214719637847007,0.015079816432179576,9897.533685795592,3543317.0595148113
-240.0,1,2,Sat 1 - Sat 2,isl,3205.6329515627644,,True,0.0012147196378470072,0.015079816432179576,9897.533685795594,3563112.1268864023
-238.0,1,2,Sat 1 - Sat 2,isl,3205.6329515627654,,True,0.0012147196378470065,0.015079816432179574,9897.53368579559,3582907.1942579933
-236.0,1,2,Sat 1 - Sat 2,isl,3205.6329515627644,,True,0.0012147196378470072,0.015079816432179576,9897.533685795594,3602702.2616295842
-234.0,1,2,Sat 1 - Sat 2,isl,3205.632951562765,,True,0.001214719637847007,0.015079816432179576,9897.533685795592,3622497.3290011752
-232.0,1,2,Sat 1 - Sat 2,isl,3205.632951562765,,True,0.001214719637847007,0.015079816432179576,9897.533685795592,3642292.3963727662
-230.0,1,2,Sat 1 - Sat 2,isl,3205.6329515627654,,True,0.0012147196378470065,0.015079816432179574,9897.53368579559,3662087.463744357
-228.0,1,2,Sat 1 - Sat 2,isl,3205.632951562765,,True,0.001214719637847007,0.015079816432179576,9897.533685795592,3681882.531115948
-226.0,1,2,Sat 1 - Sat 2,isl,3205.6329515627654,,True,0.0012147196378470065,0.015079816432179574,9897.53368579559,3701677.598487539
-224.0,1,2,Sat 1 - Sat 2,isl,3205.6329515627654,,True,0.0012147196378470065,0.015079816432179574,9897.53368579559,3721472.66585913
-222.0,1,2,Sat 1 - Sat 2,isl,3205.6329515627644,,True,0.0012147196378470072,0.015079816432179576,9897.533685795594,3741267.733230721
-220.0,1,2,Sat 1 - Sat 2,isl,3205.6329515627654,,True,0.0012147196378470065,0.015079816432179574,9897.53368579559,3761062.800602312
-218.0,1,2,Sat 1 - Sat 2,isl,3205.6329515627654,,True,0.0012147196378470065,0.015079816432179574,9897.53368579559,3780857.867973903
-216.0,1,2,Sat 1 - Sat 2,isl,3205.632951562765,,True,0.001214719637847007,0.015079816432179576,9897.533685795592,3800652.935345494
-214.0,1,2,Sat 1 - Sat 2,isl,3205.6329515627654,,True,0.0012147196378470065,0.015079816432179574,9897.53368579559,3820448.002717085
-212.0,1,2,Sat 1 - Sat 2,isl,3205.632951562766,,True,0.0012147196378470065,0.015079816432179574,9897.53368579559,3840243.070088676
-210.0,1,2,Sat 1 - Sat 2,isl,3205.632951562765,,True,0.001214719637847007,0.015079816432179576,9897.533685795592,3860038.137460267
-208.0,1,2,Sat 1 - Sat 2,isl,3205.6329515627654,,True,0.0012147196378470065,0.015079816432179574,9897.53368579559,3879833.204831858
-206.0,1,2,Sat 1 - Sat 2,isl,3205.632951562765,,True,0.001214719637847007,0.015079816432179576,9897.533685795592,3899628.272203449
-204.0,1,2,Sat 1 - Sat 2,isl,3205.632951562765,,True,0.001214719637847007,0.015079816432179576,9897.533685795592,3919423.33957504
-202.0,1,2,Sat 1 - Sat 2,isl,3205.632951562765,,True,0.001214719637847007,0.015079816432179576,9897.533685795592,3939218.406946631
-200.0,1,2,Sat 1 - Sat 2,isl,3205.632951562765,,True,0.001214719637847007,0.015079816432179576,9897.533685795592,3959013.474318222
-198.0,1,2,Sat 1 - Sat 2,isl,3205.632951562765,,True,0.001214719637847007,0.015079816432179576,9897.533685795592,3978808.541689813
-196.0,1,2,Sat 1 - Sat 2,isl,3205.632951562766,,True,0.0012147196378470065,0.015079816432179574,9897.53368579559,3998603.609061404
-194.0,1,2,Sat 1 - Sat 2,isl,3205.6329515627654,,True,0.0012147196378470065,0.015079816432179574,9897.53368579559,4018398.676432995
-192.0,1,2,Sat 1 - Sat 2,isl,3205.632951562765,,True,0.001214719637847007,0.015079816432179576,9897.533685795592,4038193.743804586
-190.0,1,2,Sat 1 - Sat 2,isl,3205.632951562765,,True,0.001214719637847007,0.015079816432179576,9897.533685795592,4057988.811176177
-188.0,1,2,Sat 1 - Sat 2,isl,3205.6329515627654,,True,0.0012147196378470065,0.015079816432179574,9897.53368579559,4077783.878547768
-186.0,1,2,Sat 1 - Sat 2,isl,3205.6329515627644,,True,0.0012147196378470072,0.015079816432179576,9897.533685795594,4097578.945919359
-184.0,1,2,Sat 1 - Sat 2,isl,3205.6329515627654,,True,0.0012147196378470065,0.015079816432179574,9897.53368579559,4117374.01329095
-182.0,1,2,Sat 1 - Sat 2,isl,3205.6329515627654,,True,0.0012147196378470065,0.015079816432179574,9897.53368579559,4137169.080662541
-180.0,1,2,Sat 1 - Sat 2,isl,3205.6329515627654,,True,0.0012147196378470065,0.015079816432179574,9897.53368579559,4156964.148034132
-178.0,1,2,Sat 1 - Sat 2,isl,3205.632951562765,,True,0.001214719637847007,0.015079816432179576,9897.533685795592,4176759.215405723
-176.0,1,2,Sat 1 - Sat 2,isl,3205.632951562765,,True,0.001214719637847007,0.015079816432179576,9897.533685795592,4196554.282777314
-174.0,1,2,Sat 1 - Sat 2,isl,3205.632951562765,,True,0.001214719637847007,0.015079816432179576,9897.533685795592,4216349.350148905
-172.0,1,2,Sat 1 - Sat 2,isl,3205.632951562765,,True,0.001214719637847007,0.015079816432179576,9897.533685795592,4236144.417520496
-170.0,1,2,Sat 1 - Sat 2,isl,3205.632951562765,,True,0.001214719637847007,0.015079816432179576,9897.533685795592,4255939.484892087
-168.0,1,2,Sat 1 - Sat 2,isl,3205.6329515627654,,True,0.0012147196378470065,0.015079816432179574,9897.53368579559,4275734.552263678
-166.0,1,2,Sat 1 - Sat 2,isl,3205.632951562765,,True,0.001214719637847007,0.015079816432179576,9897.533685795592,4295529.619635269
-164.0,1,2,Sat 1 - Sat 2,isl,3205.632951562765,,True,0.001214719637847007,0.015079816432179576,9897.533685795592,4315324.68700686
-162.0,1,2,Sat 1 - Sat 2,isl,3205.632951562765,,True,0.001214719637847007,0.015079816432179576,9897.533685795592,4335119.754378451
-160.0,1,2,Sat 1 - Sat 2,isl,3205.632951562765,,True,0.001214719637847007,0.015079816432179576,9897.533685795592,4354914.821750042
-158.0,1,2,Sat 1 - Sat 2,isl,3205.632951562765,,True,0.001214719637847007,0.015079816432179576,9897.533685795592,4374709.889121633
-156.0,1,2,Sat 1 - Sat 2,isl,3205.6329515627654,,True,0.0012147196378470065,0.015079816432179574,9897.53368579559,4394504.956493224
-154.0,1,2,Sat 1 - Sat 2,isl,3205.632951562765,,True,0.001214719637847007,0.015079816432179576,9897.533685795592,4414300.023864815
-152.0,1,2,Sat 1 - Sat 2,isl,3205.632951562765,,True,0.001214719637847007,0.015079816432179576,9897.533685795592,4434095.091236406
-150.0,1,2,Sat 1 - Sat 2,isl,3205.6329515627654,,True,0.0012147196378470065,0.015079816432179574,9897.53368579559,4453890.158607997
-148.0,1,2,Sat 1 - Sat 2,isl,3205.6329515627654,,True,0.0012147196378470065,0.015079816432179574,9897.53368579559,4473685.225979588
-146.0,1,2,Sat 1 - Sat 2,isl,3205.632951562765,,True,0.001214719637847007,0.015079816432179576,9897.533685795592,4493480.293351179
-144.0,1,2,Sat 1 - Sat 2,isl,3205.632951562765,,True,0.001214719637847007,0.015079816432179576,9897.533685795592,4513275.36072277
-142.0,1,2,Sat 1 - Sat 2,isl,3205.632951562765,,True,0.001214719637847007,0.015079816432179576,9897.533685795592,4533070.428094361
-140.0,1,2,Sat 1 - Sat 2,isl,3205.6329515627654,,True,0.0012147196378470065,0.015079816432179574,9897.53368579559,4552865.495465952
-138.0,1,2,Sat 1 - Sat 2,isl,3205.632951562765,,True,0.001214719637847007,0.015079816432179576,9897.533685795592,4572660.562837543
-136.0,1,2,Sat 1 - Sat 2,isl,3205.6329515627654,,True,0.0012147196378470065,0.015079816432179574,9897.53368579559,4592455.630209134
-134.0,1,2,Sat 1 - Sat 2,isl,3205.6329515627654,,True,0.0012147196378470065,0.015079816432179574,9897.53368579559,4612250.697580725
-132.0,1,2,Sat 1 - Sat 2,isl,3205.632951562765,,True,0.001214719637847007,0.015079816432179576,9897.533685795592,4632045.764952316
-130.0,1,2,Sat 1 - Sat 2,isl,3205.6329515627654,,True,0.0012147196378470065,0.015079816432179574,9897.53368579559,4651840.832323907
-128.0,1,2,Sat 1 - Sat 2,isl,3205.632951562765,,True,0.001214719637847007,0.015079816432179576,9897.533685795592,4671635.899695498
-126.0,1,2,Sat 1 - Sat 2,isl,3205.632951562765,,True,0.001214719637847007,0.015079816432179576,9897.533685795592,4691430.967067089
-124.0,1,2,Sat 1 - Sat 2,isl,3205.6329515627654,,True,0.0012147196378470065,0.015079816432179574,9897.53368579559,4711226.03443868
-122.0,1,2,Sat 1 - Sat 2,isl,3205.632951562765,,True,0.001214719637847007,0.015079816432179576,9897.533685795592,4731021.101810271
-120.0,1,2,Sat 1 - Sat 2,isl,3205.6329515627654,,True,0.0012147196378470065,0.015079816432179574,9897.53368579559,4750816.169181862
-118.0,1,2,Sat 1 - Sat 2,isl,3205.632951562765,,True,0.001214719637847007,0.015079816432179576,9897.533685795592,4770611.236553453
-116.0,1,2,Sat 1 - Sat 2,isl,3205.6329515627654,,True,0.0012147196378470065,0.015079816432179574,9897.53368579559,4790406.303925044
-114.0,1,2,Sat 1 - Sat 2,isl,3205.632951562765,,True,0.001214719637847007,0.015079816432179576,9897.533685795592,4810201.371296635
-112.0,1,2,Sat 1 - Sat 2,isl,3205.632951562765,,True,0.001214719637847007,0.015079816432179576,9897.533685795592,4829996.438668226
-110.0,1,2,Sat 1 - Sat 2,isl,3205.632951562765,,True,0.001214719637847007,0.015079816432179576,9897.533685795592,4849791.506039817
-108.0,1,2,Sat 1 - Sat 2,isl,3205.632951562765,,True,0.001214719637847007,0.015079816432179576,9897.533685795592,4869586.573411408
-106.0,1,2,Sat 1 - Sat 2,isl,3205.632951562765,,True,0.001214719637847007,0.015079816432179576,9897.533685795592,4889381.640782999
-104.0,1,2,Sat 1 - Sat 2,isl,3205.632951562765,,True,0.001214719637847007,0.015079816432179576,9897.533685795592,4909176.70815459
-102.0,1,2,Sat 1 - Sat 2,isl,3205.6329515627654,,True,0.0012147196378470065,0.015079816432179574,9897.53368579559,4928971.775526181
-100.0,1,2,Sat 1 - Sat 2,isl,3205.632951562765,,True,0.001214719637847007,0.015079816432179576,9897.533685795592,4948766.842897772
-98.0,1,2,Sat 1 - Sat 2,isl,3205.6329515627654,,True,0.0012147196378470065,0.015079816432179574,9897.53368579559,4968561.910269363
-96.0,1,2,Sat 1 - Sat 2,isl,3205.632951562765,,True,0.001214719637847007,0.015079816432179576,9897.533685795592,4988356.977640954
-94.0,1,2,Sat 1 - Sat 2,isl,3205.632951562765,,True,0.001214719637847007,0.015079816432179576,9897.533685795592,5008152.045012545
-92.0,1,2,Sat 1 - Sat 2,isl,3205.6329515627654,,True,0.0012147196378470065,0.015079816432179574,9897.53368579559,5027947.112384136
-90.0,1,2,Sat 1 - Sat 2,isl,3205.6329515627654,,True,0.0012147196378470065,0.015079816432179574,9897.53368579559,5047742.179755727
-88.0,1,2,Sat 1 - Sat 2,isl,3205.632951562765,,True,0.001214719637847007,0.015079816432179576,9897.533685795592,5067537.247127318
-86.0,1,2,Sat 1 - Sat 2,isl,3205.632951562765,,True,0.001214719637847007,0.015079816432179576,9897.533685795592,5087332.314498909
-84.0,1,2,Sat 1 - Sat 2,isl,3205.6329515627654,,True,0.0012147196378470065,0.015079816432179574,9897.53368579559,5107127.3818705
-82.0,1,2,Sat 1 - Sat 2,isl,3205.632951562765,,True,0.001214719637847007,0.015079816432179576,9897.533685795592,5126922.449242091
-80.0,1,2,Sat 1 - Sat 2,isl,3205.6329515627654,,True,0.0012147196378470065,0.015079816432179574,9897.53368579559,5146717.516613682
-78.0,1,2,Sat 1 - Sat 2,isl,3205.632951562765,,True,0.001214719637847007,0.015079816432179576,9897.533685795592,5166512.583985273
-76.0,1,2,Sat 1 - Sat 2,isl,3205.6329515627654,,True,0.0012147196378470065,0.015079816432179574,9897.53368579559,5186307.651356864
-74.0,1,2,Sat 1 - Sat 2,isl,3205.632951562765,,True,0.001214719637847007,0.015079816432179576,9897.533685795592,5206102.718728455
-72.0,1,2,Sat 1 - Sat 2,isl,3205.632951562765,,True,0.001214719637847007,0.015079816432179576,9897.533685795592,5225897.786100046
-70.0,1,2,Sat 1 - Sat 2,isl,3205.632951562765,,True,0.001214719637847007,0.015079816432179576,9897.533685795592,5245692.853471637
-68.0,1,2,Sat 1 - Sat 2,isl,3205.632951562765,,True,0.001214719637847007,0.015079816432179576,9897.533685795592,5265487.920843228
-66.0,1,2,Sat 1 - Sat 2,isl,3205.632951562765,,True,0.001214719637847007,0.015079816432179576,9897.533685795592,5285282.988214819
-64.0,1,2,Sat 1 - Sat 2,isl,3205.6329515627654,,True,0.0012147196378470065,0.015079816432179574,9897.53368579559,5305078.05558641
-62.0,1,2,Sat 1 - Sat 2,isl,3205.632951562765,,True,0.001214719637847007,0.015079816432179576,9897.533685795592,5324873.122958001
-60.0,1,2,Sat 1 - Sat 2,isl,3205.6329515627654,,True,0.0012147196378470065,0.015079816432179574,9897.53368579559,5344668.190329592
-58.0,1,2,Sat 1 - Sat 2,isl,3205.632951562765,,True,0.001214719637847007,0.015079816432179576,9897.533685795592,5364463.257701183
-56.0,1,2,Sat 1 - Sat 2,isl,3205.632951562765,,True,0.001214719637847007,0.015079816432179576,9897.533685795592,5384258.325072774
-54.0,1,2,Sat 1 - Sat 2,isl,3205.632951562765,,True,0.001214719637847007,0.015079816432179576,9897.533685795592,5404053.392444365
-52.0,1,2,Sat 1 - Sat 2,isl,3205.632951562765,,True,0.001214719637847007,0.015079816432179576,9897.533685795592,5423848.459815956
-50.0,1,2,Sat 1 - Sat 2,isl,3205.6329515627654,,True,0.0012147196378470065,0.015079816432179574,9897.53368579559,5443643.527187547
-48.0,1,2,Sat 1 - Sat 2,isl,3205.6329515627654,,True,0.0012147196378470065,0.015079816432179574,9897.53368579559,5463438.594559138
-46.0,1,2,Sat 1 - Sat 2,isl,3205.6329515627654,,True,0.0012147196378470065,0.015079816432179574,9897.53368579559,5483233.661930729
-44.0,1,2,Sat 1 - Sat 2,isl,3205.6329515627654,,True,0.0012147196378470065,0.015079816432179574,9897.53368579559,5503028.72930232
-42.0,1,2,Sat 1 - Sat 2,isl,3205.6329515627654,,True,0.0012147196378470065,0.015079816432179574,9897.53368579559,5522823.796673911
-40.0,1,2,Sat 1 - Sat 2,isl,3205.6329515627654,,True,0.0012147196378470065,0.015079816432179574,9897.53368579559,5542618.864045502
-38.0,1,2,Sat 1 - Sat 2,isl,3205.632951562765,,True,0.001214719637847007,0.015079816432179576,9897.533685795592,5562413.931417093
-36.0,1,2,Sat 1 - Sat 2,isl,3205.632951562765,,True,0.001214719637847007,0.015079816432179576,9897.533685795592,5582208.998788684
-34.0,1,2,Sat 1 - Sat 2,isl,3205.6329515627654,,True,0.0012147196378470065,0.015079816432179574,9897.53368579559,5602004.066160275
-32.0,1,2,Sat 1 - Sat 2,isl,3205.632951562765,,True,0.001214719637847007,0.015079816432179576,9897.533685795592,5621799.133531866
-30.0,1,2,Sat 1 - Sat 2,isl,3205.6329515627654,,True,0.0012147196378470065,0.015079816432179574,9897.53368579559,5641594.200903457
-28.0,1,2,Sat 1 - Sat 2,isl,3205.632951562765,,True,0.001214719637847007,0.015079816432179576,9897.533685795592,5661389.268275048
-26.0,1,2,Sat 1 - Sat 2,isl,3205.632951562765,,True,0.001214719637847007,0.015079816432179576,9897.533685795592,5681184.335646639
-24.0,1,2,Sat 1 - Sat 2,isl,3205.632951562765,,True,0.001214719637847007,0.015079816432179576,9897.533685795592,5700979.40301823
-22.0,1,2,Sat 1 - Sat 2,isl,3205.632951562765,,True,0.001214719637847007,0.015079816432179576,9897.533685795592,5720774.470389821
-20.0,1,2,Sat 1 - Sat 2,isl,3205.632951562765,,True,0.001214719637847007,0.015079816432179576,9897.533685795592,5740569.537761412
-18.0,1,2,Sat 1 - Sat 2,isl,3205.632951562765,,True,0.001214719637847007,0.015079816432179576,9897.533685795592,5760364.605133003
-16.0,1,2,Sat 1 - Sat 2,isl,3205.632951562765,,True,0.001214719637847007,0.015079816432179576,9897.533685795592,5780159.672504594
-14.0,1,2,Sat 1 - Sat 2,isl,3205.6329515627654,,True,0.0012147196378470065,0.015079816432179574,9897.53368579559,5799954.739876185
-12.0,1,2,Sat 1 - Sat 2,isl,3205.632951562765,,True,0.001214719637847007,0.015079816432179576,9897.533685795592,5819749.807247776
-10.0,1,2,Sat 1 - Sat 2,isl,3205.632951562765,,True,0.001214719637847007,0.015079816432179576,9897.533685795592,5839544.874619367
-8.0,1,2,Sat 1 - Sat 2,isl,3205.632951562765,,True,0.001214719637847007,0.015079816432179576,9897.533685795592,5859339.941990958
-6.0,1,2,Sat 1 - Sat 2,isl,3205.6329515627654,,True,0.0012147196378470065,0.015079816432179574,9897.53368579559,5879135.009362549
-4.0,1,2,Sat 1 - Sat 2,isl,3205.632951562765,,True,0.001214719637847007,0.015079816432179576,9897.533685795592,5898930.07673414
-2.0,1,2,Sat 1 - Sat 2,isl,3205.632951562765,,True,0.001214719637847007,0.015079816432179576,9897.533685795592,5918725.144105731
0.0,1,2,Sat 1 - Sat 2,isl,3205.632951562765,,True,0.001214719637847007,0.015079816432179576,9897.533685795592,5938520.211477322
2.0,1,2,Sat 1 - Sat 2,isl,3205.632951562765,,True,0.001214719637847007,0.015079816432179576,9897.533685795592,5958315.278848913
4.0,1,2,Sat 1 - Sat 2,isl,3205.632951562765,,True,0.001214719637847007,0.015079816432179576,9897.533685795592,5978110.346220504
6.0,1,2,Sat 1 - Sat 2,isl,3205.6329515627654,,True,0.0012147196378470065,0.015079816432179574,9897.53368579559,5997905.413592095
8.0,1,2,Sat 1 - Sat 2,isl,3205.632951562765,,True,0.001214719637847007,0.015079816432179576,9897.533685795592,6017700.480963686
10.0,1,2,Sat 1 - Sat 2,isl,3205.632951562765,,True,0.001214719637847007,0.015079816432179576,9897.533685795592,6037495.548335277
12.0,1,2,Sat 1 - Sat 2,isl,3205.632951562765,,True,0.001214719637847007,0.015079816432179576,9897.533685795592,6057290.615706868
14.0,1,2,Sat 1 - Sat 2,isl,3205.6329515627654,,True,0.0012147196378470065,0.015079816432179574,9897.53368579559,6077085.6830784585
16.0,1,2,Sat 1 - Sat 2,isl,3205.632951562765,,True,0.001214719637847007,0.015079816432179576,9897.533685795592,6096880.7504500495
18.0,1,2,Sat 1 - Sat 2,isl,3205.632951562765,,True,0.001214719637847007,0.015079816432179576,9897.533685795592,6116675.8178216405
20.0,1,2,Sat 1 - Sat 2,isl,3205.632951562765,,True,0.001214719637847007,0.015079816432179576,9897.533685795592,6136470.8851932315
22.0,1,2,Sat 1 - Sat 2,isl,3205.632951562765,,True,0.001214719637847007,0.015079816432179576,9897.533685795592,6156265.9525648225
24.0,1,2,Sat 1 - Sat 2,isl,3205.632951562765,,True,0.001214719637847007,0.015079816432179576,9897.533685795592,6176061.0199364135
26.0,1,2,Sat 1 - Sat 2,isl,3205.632951562765,,True,0.001214719637847007,0.015079816432179576,9897.533685795592,6195856.0873080045
28.0,1,2,Sat 1 - Sat 2,isl,3205.632951562765,,True,0.001214719637847007,0.015079816432179576,9897.533685795592,6215651.1546795955
30.0,1,2,Sat 1 - Sat 2,isl,3205.6329515627654,,True,0.0012147196378470065,0.015079816432179574,9897.53368579559,6235446.2220511865
32.0,1,2,Sat 1 - Sat 2,isl,3205.632951562765,,True,0.001214719637847007,0.015079816432179576,9897.533685795592,6255241.2894227775
34.0,1,2,Sat 1 - Sat 2,isl,3205.6329515627654,,True,0.0012147196378470065,0.015079816432179574,9897.53368579559,6275036.3567943685
36.0,1,2,Sat 1 - Sat 2,isl,3205.632951562765,,True,0.001214719637847007,0.015079816432179576,9897.533685795592,6294831.4241659595
38.0,1,2,Sat 1 - Sat 2,isl,3205.632951562765,,True,0.001214719637847007,0.015079816432179576,9897.533685795592,6314626.49153755
40.0,1,2,Sat 1 - Sat 2,isl,3205.6329515627654,,True,0.0012147196378470065,0.015079816432179574,9897.53368579559,6334421.558909141
42.0,1,2,Sat 1 - Sat 2,isl,3205.6329515627654,,True,0.0012147196378470065,0.015079816432179574,9897.53368579559,6354216.626280732
44.0,1,2,Sat 1 - Sat 2,isl,3205.6329515627654,,True,0.0012147196378470065,0.015079816432179574,9897.53368579559,6374011.693652323
46.0,1,2,Sat 1 - Sat 2,isl,3205.6329515627654,,True,0.0012147196378470065,0.015079816432179574,9897.53368579559,6393806.761023914
48.0,1,2,Sat 1 - Sat 2,isl,3205.6329515627654,,True,0.0012147196378470065,0.015079816432179574,9897.53368579559,6413601.828395505
50.0,1,2,Sat 1 - Sat 2,isl,3205.6329515627654,,True,0.0012147196378470065,0.015079816432179574,9897.53368579559,6433396.895767096
52.0,1,2,Sat 1 - Sat 2,isl,3205.632951562765,,True,0.001214719637847007,0.015079816432179576,9897.533685795592,6453191.963138687
54.0,1,2,Sat 1 - Sat 2,isl,3205.632951562765,,True,0.001214719637847007,0.015079816432179576,9897.533685795592,6472987.030510278
56.0,1,2,Sat 1 - Sat 2,isl,3205.632951562765,,True,0.001214719637847007,0.015079816432179576,9897.533685795592,6492782.097881869
58.0,1,2,Sat 1 - Sat 2,isl,3205.632951562765,,True,0.001214719637847007,0.015079816432179576,9897.533685795592,6512577.16525346
60.0,1,2,Sat 1 - Sat 2,isl,3205.6329515627654,,True,0.0012147196378470065,0.015079816432179574,9897.53368579559,6532372.232625051
62.0,1,2,Sat 1 - Sat 2,isl,3205.632951562765,,True,0.001214719637847007,0.015079816432179576,9897.533685795592,6552167.299996642
64.0,1,2,Sat 1 - Sat 2,isl,3205.6329515627654,,True,0.0012147196378470065,0.015079816432179574,9897.53368579559,6571962.367368233
66.0,1,2,Sat 1 - Sat 2,isl,3205.632951562765,,True,0.001214719637847007,0.015079816432179576,9897.533685795592,6591757.434739824
68.0,1,2,Sat 1 - Sat 2,isl,3205.632951562765,,True,0.001214719637847007,0.015079816432179576,9897.533685795592,6611552.502111415
70.0,1,2,Sat 1 - Sat 2,isl,3205.632951562765,,True,0.001214719637847007,0.015079816432179576,9897.533685795592,6631347.569483006
72.0,1,2,Sat 1 - Sat 2,isl,3205.632951562765,,True,0.001214719637847007,0.015079816432179576,9897.533685795592,6651142.636854597
74.0,1,2,Sat 1 - Sat 2,isl,3205.632951562765,,True,0.001214719637847007,0.015079816432179576,9897.533685795592,6670937.704226188
76.0,1,2,Sat 1 - Sat 2,isl,3205.6329515627654,,True,0.0012147196378470065,0.015079816432179574,9897.53368579559,6690732.771597779
78.0,1,2,Sat 1 - Sat 2,isl,3205.632951562765,,True,0.001214719637847007,0.015079816432179576,9897.533685795592,6710527.83896937
80.0,1,2,Sat 1 - Sat 2,isl,3205.6329515627654,,True,0.0012147196378470065,0.015079816432179574,9897.53368579559,6730322.906340961
82.0,1,2,Sat 1 - Sat 2,isl,3205.632951562765,,True,0.001214719637847007,0.015079816432179576,9897.533685795592,6750117.973712552
84.0,1,2,Sat 1 - Sat 2,isl,3205.6329515627654,,True,0.0012147196378470065,0.015079816432179574,9897.53368579559,6769913.041084143
86.0,1,2,Sat 1 - Sat 2,isl,3205.632951562765,,True,0.001214719637847007,0.015079816432179576,9897.533685795592,6789708.108455734
88.0,1,2,Sat 1 - Sat 2,isl,3205.632951562765,,True,0.001214719637847007,0.015079816432179576,9897.533685795592,6809503.175827325
90.0,1,2,Sat 1 - Sat 2,isl,3205.6329515627654,,True,0.0012147196378470065,0.015079816432179574,9897.53368579559,6829298.243198916
92.0,1,2,Sat 1 - Sat 2,isl,3205.6329515627654,,True,0.0012147196378470065,0.015079816432179574,9897.53368579559,6849093.310570507
94.0,1,2,Sat 1 - Sat 2,isl,3205.632951562765,,True,0.001214719637847007,0.015079816432179576,9897.533685795592,6868888.377942098
96.0,1,2,Sat 1 - Sat 2,isl,3205.632951562765,,True,0.001214719637847007,0.015079816432179576,9897.533685795592,6888683.445313689
98.0,1,2,Sat 1 - Sat 2,isl,3205.6329515627654,,True,0.0012147196378470065,0.015079816432179574,9897.53368579559,6908478.51268528
100.0,1,2,Sat 1 - Sat 2,isl,3205.632951562765,,True,0.001214719637847007,0.015079816432179576,9897.533685795592,6928273.580056871
102.0,1,2,Sat 1 - Sat 2,isl,3205.6329515627654,,True,0.0012147196378470065,0.015079816432179574,9897.53368579559,6948068.647428462
104.0,1,2,Sat 1 - Sat 2,isl,3205.632951562765,,True,0.001214719637847007,0.015079816432179576,9897.533685795592,6967863.714800053
106.0,1,2,Sat 1 - Sat 2,isl,3205.632951562765,,True,0.001214719637847007,0.015079816432179576,9897.533685795592,6987658.782171644
108.0,1,2,Sat 1 - Sat 2,isl,3205.632951562765,,True,0.001214719637847007,0.015079816432179576,9897.533685795592,7007453.849543235
110.0,1,2,Sat 1 - Sat 2,isl,3205.632951562765,,True,0.001214719637847007,0.015079816432179576,9897.533685795592,7027248.916914826
112.0,1,2,Sat 1 - Sat 2,isl,3205.632951562765,,True,0.001214719637847007,0.015079816432179576,9897.533685795592,7047043.984286417
114.0,1,2,Sat 1 - Sat 2,isl,3205.632951562765,,True,0.001214719637847007,0.015079816432179576,9897.533685795592,7066839.051658008
116.0,1,2,Sat 1 - Sat 2,isl,3205.6329515627654,,True,0.0012147196378470065,0.015079816432179574,9897.53368579559,7086634.119029599
118.0,1,2,Sat 1 - Sat 2,isl,3205.632951562765,,True,0.001214719637847007,0.015079816432179576,9897.533685795592,7106429.18640119
120.0,1,2,Sat 1 - Sat 2,isl,3205.6329515627654,,True,0.0012147196378470065,0.015079816432179574,9897.53368579559,7126224.253772781
122.0,1,2,Sat 1 - Sat 2,isl,3205.632951562765,,True,0.001214719637847007,0.015079816432179576,9897.533685795592,7146019.321144372
124.0,1,2,Sat 1 - Sat 2,isl,3205.6329515627654,,True,0.0012147196378470065,0.015079816432179574,9897.53368579559,7165814.388515963
126.0,1,2,Sat 1 - Sat 2,isl,3205.632951562765,,True,0.001214719637847007,0.015079816432179576,9897.533685795592,7185609.455887554
128.0,1,2,Sat 1 - Sat 2,isl,3205.632951562765,,True,0.001214719637847007,0.015079816432179576,9897.533685795592,7205404.523259145
130.0,1,2,Sat 1 - Sat 2,isl,3205.6329515627654,,True,0.0012147196378470065,0.015079816432179574,9897.53368579559,7225199.590630736
132.0,1,2,Sat 1 - Sat 2,isl,3205.632951562765,,True,0.001214719637847007,0.015079816432179576,9897.533685795592,7244994.658002327
134.0,1,2,Sat 1 - Sat 2,isl,3205.6329515627654,,True,0.0012147196378470065,0.015079816432179574,9897.53368579559,7264789.725373918
136.0,1,2,Sat 1 - Sat 2,isl,3205.6329515627654,,True,0.0012147196378470065,0.015079816432179574,9897.53368579559,7284584.792745509
138.0,1,2,Sat 1 - Sat 2,isl,3205.632951562765,,True,0.001214719637847007,0.015079816432179576,9897.533685795592,7304379.8601171
140.0,1,2,Sat 1 - Sat 2,isl,3205.6329515627654,,True,0.0012147196378470065,0.015079816432179574,9897.53368579559,7324174.927488691
142.0,1,2,Sat 1 - Sat 2,isl,3205.632951562765,,True,0.001214719637847007,0.015079816432179576,9897.533685795592,7343969.994860282
144.0,1,2,Sat 1 - Sat 2,isl,3205.632951562765,,True,0.001214719637847007,0.015079816432179576,9897.533685795592,7363765.062231873
146.0,1,2,Sat 1 - Sat 2,isl,3205.632951562765,,True,0.001214719637847007,0.015079816432179576,9897.533685795592,7383560.129603464
148.0,1,2,Sat 1 - Sat 2,isl,3205.6329515627654,,True,0.0012147196378470065,0.015079816432179574,9897.53368579559,7403355.196975055
150.0,1,2,Sat 1 - Sat 2,isl,3205.6329515627654,,True,0.0012147196378470065,0.015079816432179574,9897.53368579559,7423150.264346646
152.0,1,2,Sat 1 - Sat 2,isl,3205.632951562765,,True,0.001214719637847007,0.015079816432179576,9897.533685795592,7442945.331718237
154.0,1,2,Sat 1 - Sat 2,isl,3205.632951562765,,True,0.001214719637847007,0.015079816432179576,9897.533685795592,7462740.399089828
156.0,1,2,Sat 1 - Sat 2,isl,3205.6329515627654,,True,0.0012147196378470065,0.015079816432179574,9897.53368579559,7482535.466461419
158.0,1,2,Sat 1 - Sat 2,isl,3205.632951562765,,True,0.001214719637847007,0.015079816432179576,9897.533685795592,7502330.53383301
160.0,1,2,Sat 1 - Sat 2,isl,3205.632951562765,,True,0.001214719637847007,0.015079816432179576,9897.533685795592,7522125.601204601
162.0,1,2,Sat 1 - Sat 2,isl,3205.632951562765,,True,0.001214719637847007,0.015079816432179576,9897.533685795592,7541920.668576192
164.0,1,2,Sat 1 - Sat 2,isl,3205.632951562765,,True,0.001214719637847007,0.015079816432179576,9897.533685795592,7561715.735947783
166.0,1,2,Sat 1 - Sat 2,isl,3205.632951562765,,True,0.001214719637847007,0.015079816432179576,9897.533685795592,7581510.803319374
168.0,1,2,Sat 1 - Sat 2,isl,3205.6329515627654,,True,0.0012147196378470065,0.015079816432179574,9897.53368579559,7601305.870690965
170.0,1,2,Sat 1 - Sat 2,isl,3205.632951562765,,True,0.001214719637847007,0.015079816432179576,9897.533685795592,7621100.938062556
172.0,1,2,Sat 1 - Sat 2,isl,3205.632951562765,,True,0.001214719637847007,0.015079816432179576,9897.533685795592,7640896.005434147
174.0,1,2,Sat 1 - Sat 2,isl,3205.632951562765,,True,0.001214719637847007,0.015079816432179576,9897.533685795592,7660691.072805738
176.0,1,2,Sat 1 - Sat 2,isl,3205.632951562765,,True,0.001214719637847007,0.015079816432179576,9897.533685795592,7680486.140177329
178.0,1,2,Sat 1 - Sat 2,isl,3205.632951562765,,True,0.001214719637847007,0.015079816432179576,9897.533685795592,7700281.20754892
180.0,1,2,Sat 1 - Sat 2,isl,3205.6329515627654,,True,0.0012147196378470065,0.015079816432179574,9897.53368579559,7720076.274920511
182.0,1,2,Sat 1 - Sat 2,isl,3205.6329515627654,,True,0.0012147196378470065,0.015079816432179574,9897.53368579559,7739871.342292102
184.0,1,2,Sat 1 - Sat 2,isl,3205.6329515627654,,True,0.0012147196378470065,0.015079816432179574,9897.53368579559,7759666.409663693
186.0,1,2,Sat 1 - Sat 2,isl,3205.6329515627644,,True,0.0012147196378470072,0.015079816432179576,9897.533685795594,7779461.477035284
188.0,1,2,Sat 1 - Sat 2,isl,3205.6329515627654,,True,0.0012147196378470065,0.015079816432179574,9897.53368579559,7799256.544406875
190.0,1,2,Sat 1 - Sat 2,isl,3205.632951562765,,True,0.001214719637847007,0.015079816432179576,9897.533685795592,7819051.611778466
192.0,1,2,Sat 1 - Sat 2,isl,3205.632951562765,,True,0.001214719637847007,0.015079816432179576,9897.533685795592,7838846.679150057
194.0,1,2,Sat 1 - Sat 2,isl,3205.6329515627654,,True,0.0012147196378470065,0.015079816432179574,9897.53368579559,7858641.746521648
196.0,1,2,Sat 1 - Sat 2,isl,3205.632951562766,,True,0.0012147196378470065,0.015079816432179574,9897.53368579559,7878436.813893239
198.0,1,2,Sat 1 - Sat 2,isl,3205.632951562765,,True,0.001214719637847007,0.015079816432179576,9897.533685795592,7898231.88126483
200.0,1,2,Sat 1 - Sat 2,isl,3205.632951562765,,True,0.001214719637847007,0.015079816432179576,9897.533685795592,7918026.948636421
202.0,1,2,Sat 1 - Sat 2,isl,3205.632951562765,,True,0.001214719637847007,0.015079816432179576,9897.533685795592,7937822.016008012
204.0,1,2,Sat 1 - Sat 2,isl,3205.632951562765,,True,0.001214719637847007,0.015079816432179576,9897.533685795592,7957617.083379603
206.0,1,2,Sat 1 - Sat 2,isl,3205.632951562765,,True,0.001214719637847007,0.015079816432179576,9897.533685795592,7977412.150751194
208.0,1,2,Sat 1 - Sat 2,isl,3205.6329515627654,,True,0.0012147196378470065,0.015079816432179574,9897.53368579559,7997207.218122785
210.0,1,2,Sat 1 - Sat 2,isl,3205.632951562765,,True,0.001214719637847007,0.015079816432179576,9897.533685795592,8017002.285494376
212.0,1,2,Sat 1 - Sat 2,isl,3205.632951562766,,True,0.0012147196378470065,0.015079816432179574,9897.53368579559,8036797.352865967
214.0,1,2,Sat 1 - Sat 2,isl,3205.6329515627654,,True,0.0012147196378470065,0.015079816432179574,9897.53368579559,8056592.420237558
216.0,1,2,Sat 1 - Sat 2,isl,3205.632951562765,,True,0.001214719637847007,0.015079816432179576,9897.533685795592,8076387.487609149
218.0,1,2,Sat 1 - Sat 2,isl,3205.6329515627654,,True,0.0012147196378470065,0.015079816432179574,9897.53368579559,8096182.55498074
220.0,1,2,Sat 1 - Sat 2,isl,3205.6329515627654,,True,0.0012147196378470065,0.015079816432179574,9897.53368579559,8115977.622352331
222.0,1,2,Sat 1 - Sat 2,isl,3205.6329515627644,,True,0.0012147196378470072,0.015079816432179576,9897.533685795594,8135772.689723922
224.0,1,2,Sat 1 - Sat 2,isl,3205.6329515627654,,True,0.0012147196378470065,0.015079816432179574,9897.53368579559,8155567.757095513
226.0,1,2,Sat 1 - Sat 2,isl,3205.6329515627654,,True,0.0012147196378470065,0.015079816432179574,9897.53368579559,8175362.824467104
228.0,1,2,Sat 1 - Sat 2,isl,3205.632951562765,,True,0.001214719637847007,0.015079816432179576,9897.533685795592,8195157.891838695
230.0,1,2,Sat 1 - Sat 2,isl,3205.6329515627654,,True,0.0012147196378470065,0.015079816432179574,9897.53368579559,8214952.959210286
232.0,1,2,Sat 1 - Sat 2,isl,3205.632951562765,,True,0.001214719637847007,0.015079816432179576,9897.533685795592,8234748.026581877
234.0,1,2,Sat 1 - Sat 2,isl,3205.632951562765,,True,0.001214719637847007,0.015079816432179576,9897.533685795592,8254543.093953468
236.0,1,2,Sat 1 - Sat 2,isl,3205.6329515627644,,True,0.0012147196378470072,0.015079816432179576,9897.533685795594,8274338.161325059
238.0,1,2,Sat 1 - Sat 2,isl,3205.6329515627654,,True,0.0012147196378470065,0.015079816432179574,9897.53368579559,8294133.22869665
240.0,1,2,Sat 1 - Sat 2,isl,3205.6329515627644,,True,0.0012147196378470072,0.015079816432179576,9897.533685795594,8313928.296068241
242.0,1,2,Sat 1 - Sat 2,isl,3205.632951562765,,True,0.001214719637847007,0.015079816432179576,9897.533685795592,8333723.363439832
244.0,1,2,Sat 1 - Sat 2,isl,3205.632951562765,,True,0.001214719637847007,0.015079816432179576,9897.533685795592,8353518.430811423
246.0,1,2,Sat 1 - Sat 2,isl,3205.632951562765,,True,0.001214719637847007,0.015079816432179576,9897.533685795592,8373313.498183014
248.0,1,2,Sat 1 - Sat 2,isl,3205.632951562765,,True,0.001214719637847007,0.015079816432179576,9897.533685795592,8393108.565554606
250.0,1,2,Sat 1 - Sat 2,isl,3205.632951562765,,True,0.001214719637847007,0.015079816432179576,9897.533685795592,8412903.632926198
252.0,1,2,Sat 1 - Sat 2,isl,3205.6329515627654,,True,0.0012147196378470065,0.015079816432179574,9897.53368579559,8432698.70029779
254.0,1,2,Sat 1 - Sat 2,isl,3205.6329515627654,,True,0.0012147196378470065,0.015079816432179574,9897.53368579559,8452493.767669382
256.0,1,2,Sat 1 - Sat 2,isl,3205.6329515627654,,True,0.0012147196378470065,0.015079816432179574,9897.53368579559,8472288.835040973
258.0,1,2,Sat 1 - Sat 2,isl,3205.632951562765,,True,0.001214719637847007,0.015079816432179576,9897.533685795592,8492083.902412565
260.0,1,2,Sat 1 - Sat 2,isl,3205.6329515627654,,True,0.0012147196378470065,0.015079816432179574,9897.53368579559,8511878.969784157
262.0,1,2,Sat 1 - Sat 2,isl,3205.632951562765,,True,0.001214719637847007,0.015079816432179576,9897.533685795592,8531674.03715575
264.0,1,2,Sat 1 - Sat 2,isl,3205.632951562765,,True,0.001214719637847007,0.015079816432179576,9897.533685795592,8551469.104527341
266.0,1,2,Sat 1 - Sat 2,isl,3205.632951562765,,True,0.001214719637847007,0.015079816432179576,9897.533685795592,8571264.171898933
268.0,1,2,Sat 1 - Sat 2,isl,3205.632951562765,,True,0.001214719637847007,0.015079816432179576,9897.533685795592,8591059.239270525
270.0,1,2,Sat 1 - Sat 2,isl,3205.632951562765,,True,0.001214719637847007,0.015079816432179576,9897.533685795592,8610854.306642117
272.0,1,2,Sat 1 - Sat 2,isl,3205.632951562765,,True,0.001214719637847007,0.015079816432179576,9897.533685795592,8630649.374013709
274.0,1,2,Sat 1 - Sat 2,isl,3205.632951562764,,True,0.0012147196378470076,0.015079816432179573,9897.533685795599,8650444.4413853
276.0,1,2,Sat 1 - Sat 2,isl,3205.632951562765,,True,0.001214719637847007,0.015079816432179576,9897.533685795592,8670239.508756893
278.0,1,2,Sat 1 - Sat 2,isl,3205.632951562765,,True,0.001214719637847007,0.015079816432179576,9897.533685795592,8690034.576128485
280.0,1,2,Sat 1 - Sat 2,isl,3205.6329515627654,,True,0.0012147196378470065,0.015079816432179574,9897.53368579559,8709829.643500077
282.0,1,2,Sat 1 - Sat 2,isl,3205.632951562765,,True,0.001214719637847007,0.015079816432179576,9897.533685795592,8729624.710871669
284.0,1,2,Sat 1 - Sat 2,isl,3205.6329515627654,,True,0.0012147196378470065,0.015079816432179574,9897.53368579559,8749419.77824326
286.0,1,2,Sat 1 - Sat 2,isl,3205.632951562766,,True,0.0012147196378470065,0.015079816432179574,9897.53368579559,8769214.845614852
288.0,1,2,Sat 1 - Sat 2,isl,3205.632951562766,,True,0.0012147196378470065,0.015079816432179574,9897.53368579559,8789009.912986444
290.0,1,2,Sat 1 - Sat 2,isl,3205.6329515627654,,True,0.0012147196378470065,0.015079816432179574,9897.53368579559,8808804.980358036
292.0,1,2,Sat 1 - Sat 2,isl,3205.6329515627654,,True,0.0012147196378470065,0.015079816432179574,9897.53368579559,8828600.047729628
294.0,1,2,Sat 1 - Sat 2,isl,3205.632951562765,,True,0.001214719637847007,0.015079816432179576,9897.533685795592,8848395.11510122
296.0,1,2,Sat 1 - Sat 2,isl,3205.6329515627644,,True,0.0012147196378470072,0.015079816432179576,9897.533685795594,8868190.182472812
298.0,1,2,Sat 1 - Sat 2,isl,3205.632951562765,,True,0.001214719637847007,0.015079816432179576,9897.533685795592,8887985.249844404
300.0,1,2,Sat 1 - Sat 2,isl,3205.632951562764,,True,0.0012147196378470076,0.015079816432179573,9897.533685795599,8907780.317215996
302.0,1,2,Sat 1 - Sat 2,isl,3205.632951562765,,True,0.001214719637847007,0.015079816432179576,9897.533685795592,8927575.384587588
304.0,1,2,Sat 1 - Sat 2,isl,3205.632951562765,,True,0.001214719637847007,0.015079816432179576,9897.533685795592,8947370.45195918
306.0,1,2,Sat 1 - Sat 2,isl,3205.632951562765,,True,0.001214719637847007,0.015079816432179576,9897.533685795592,8967165.519330772
308.0,1,2,Sat 1 - Sat 2,isl,3205.632951562765,,True,0.001214719637847007,0.015079816432179576,9897.533685795592,8986960.586702364
310.0,1,2,Sat 1 - Sat 2,isl,3205.632951562765,,True,0.001214719637847007,0.015079816432179576,9897.533685795592,9006755.654073955
312.0,1,2,Sat 1 - Sat 2,isl,3205.6329515627654,,True,0.0012147196378470065,0.015079816432179574,9897.53368579559,9026550.721445547
314.0,1,2,Sat 1 - Sat 2,isl,3205.632951562765,,True,0.001214719637847007,0.015079816432179576,9897.533685795592,9046345.78881714
316.0,1,2,Sat 1 - Sat 2,isl,3205.6329515627654,,True,0.0012147196378470065,0.015079816432179574,9897.53368579559,9066140.856188731
318.0,1,2,Sat 1 - Sat 2,isl,3205.6329515627654,,True,0.0012147196378470065,0.015079816432179574,9897.53368579559,9085935.923560323
320.0,1,2,Sat 1 - Sat 2,isl,3205.6329515627654,,True,0.0012147196378470065,0.015079816432179574,9897.53368579559,9105730.990931915
322.0,1,2,Sat 1 - Sat 2,isl,3205.6329515627654,,True,0.0012147196378470065,0.015079816432179574,9897.53368579559,9125526.058303507
324.0,1,2,Sat 1 - Sat 2,isl,3205.632951562765,,True,0.001214719637847007,0.015079816432179576,9897.533685795592,9145321.125675099
326.0,1,2,Sat 1 - Sat 2,isl,3205.632951562765,,True,0.001214719637847007,0.015079816432179576,9897.533685795592,9165116.19304669
328.0,1,2,Sat 1 - Sat 2,isl,3205.632951562765,,True,0.001214719637847007,0.015079816432179576,9897.533685795592,9184911.260418283
330.0,1,2,Sat 1 - Sat 2,isl,3205.632951562765,,True,0.001214719637847007,0.015079816432179576,9897.533685795592,9204706.327789875
332.0,1,2,Sat 1 - Sat 2,isl,3205.632951562765,,True,0.001214719637847007,0.015079816432179576,9897.533685795592,9224501.395161467
334.0,1,2,Sat 1 - Sat 2,isl,3205.632951562765,,True,0.001214719637847007,0.015079816432179576,9897.533685795592,9244296.462533059
336.0,1,2,Sat 1 - Sat 2,isl,3205.632951562765,,True,0.001214719637847007,0.015079816432179576,9897.533685795592,9264091.52990465
338.0,1,2,Sat 1 - Sat 2,isl,3205.6329515627644,,True,0.0012147196378470072,0.015079816432179576,9897.533685795594,9283886.597276242
340.0,1,2,Sat 1 - Sat 2,isl,3205.6329515627654,,True,0.0012147196378470065,0.015079816432179574,9897.53368579559,9303681.664647834
342.0,1,2,Sat 1 - Sat 2,isl,3205.632951562765,,True,0.001214719637847007,0.015079816432179576,9897.533685795592,9323476.732019426
344.0,1,2,Sat 1 - Sat 2,isl,3205.6329515627644,,True,0.0012147196378470072,0.015079816432179576,9897.533685795594,9343271.799391018
346.0,1,2,Sat 1 - Sat 2,isl,3205.6329515627654,,True,0.0012147196378470065,0.015079816432179574,9897.53368579559,9363066.86676261
348.0,1,2,Sat 1 - Sat 2,isl,3205.632951562765,,True,0.001214719637847007,0.015079816432179576,9897.533685795592,9382861.934134202
350.0,1,2,Sat 1 - Sat 2,isl,3205.6329515627654,,True,0.0012147196378470065,0.015079816432179574,9897.53368579559,9402657.001505794
352.0,1,2,Sat 1 - Sat 2,isl,3205.6329515627654,,True,0.0012147196378470065,0.015079816432179574,9897.53368579559,9422452.068877386
354.0,1,2,Sat 1 - Sat 2,isl,3205.632951562765,,True,0.001214719637847007,0.015079816432179576,9897.533685795592,9442247.136248978
356.0,1,2,Sat 1 - Sat 2,isl,3205.632951562765,,True,0.001214719637847007,0.015079816432179576,9897.533685795592,9462042.20362057
358.0,1,2,Sat 1 - Sat 2,isl,3205.632951562765,,True,0.001214719637847007,0.015079816432179576,9897.533685795592,9481837.270992162
360.0,1,2,Sat 1 - Sat 2,isl,3205.632951562765,,True,0.001214719637847007,0.015079816432179576,9897.533685795592,9501632.338363754
362.0,1,2,Sat 1 - Sat 2,isl,3205.6329515627644,,True,0.0012147196378470072,0.015079816432179576,9897.533685795594,9521427.405735346
364.0,1,2,Sat 1 - Sat 2,isl,3205.632951562765,,True,0.001214719637847007,0.015079816432179576,9897.533685795592,9541222.473106937
366.0,1,2,Sat 1 - Sat 2,isl,3205.632951562765,,True,0.001214719637847007,0.015079816432179576,9897.533685795592,9561017.54047853
368.0,1,2,Sat 1 - Sat 2,isl,3205.632951562765,,True,0.001214719637847007,0.015079816432179576,9897.533685795592,9580812.607850121
370.0,1,2,Sat 1 - Sat 2,isl,3205.6329515627654,,True,0.0012147196378470065,0.015079816432179574,9897.53368579559,9600607.675221713
372.0,1,2,Sat 1 - Sat 2,isl,3205.6329515627654,,True,0.0012147196378470065,0.015079816432179574,9897.53368579559,9620402.742593305
374.0,1,2,Sat 1 - Sat 2,isl,3205.6329515627654,,True,0.0012147196378470065,0.015079816432179574,9897.53368579559,9640197.809964897
376.0,1,2,Sat 1 - Sat 2,isl,3205.632951562764,,True,0.0012147196378470076,0.015079816432179573,9897.533685795599,9659992.877336489
378.0,1,2,Sat 1 - Sat 2,isl,3205.632951562766,,True,0.0012147196378470065,0.015079816432179574,9897.53368579559,9679787.944708081
380.0,1,2,Sat 1 - Sat 2,isl,3205.6329515627663,,True,0.0012147196378470059,0.015079816432179574,9897.533685795584,9699583.012079673
382.0,1,2,Sat 1 - Sat 2,isl,3205.6329515627663,,True,0.0012147196378470059,0.015079816432179574,9897.533685795584,9719378.079451265
384.0,1,2,Sat 1 - Sat 2,isl,3205.632951562765,,True,0.001214719637847007,0.015079816432179576,9897.533685795592,9739173.146822857
386.0,1,2,Sat 1 - Sat 2,isl,3205.632951562766,,True,0.0012147196378470065,0.015079816432179574,9897.53368579559,9758968.214194449
388.0,1,2,Sat 1 - Sat 2,isl,3205.632951562765,,True,0.001214719637847007,0.015079816432179576,9897.533685795592,9778763.28156604
390.0,1,2,Sat 1 - Sat 2,isl,3205.6329515627654,,True,0.0012147196378470065,0.015079816432179574,9897.53368579559,9798558.348937633
392.0,1,2,Sat 1 - Sat 2,isl,3205.632951562765,,True,0.001214719637847007,0.015079816432179576,9897.533685795592,9818353.416309224
394.0,1,2,Sat 1 - Sat 2,isl,3205.6329515627644,,True,0.0012147196378470072,0.015079816432179576,9897.533685795594,9838148.483680816
396.0,1,2,Sat 1 - Sat 2,isl,3205.6329515627644,,True,0.0012147196378470072,0.015079816432179576,9897.533685795594,9857943.551052408
398.0,1,2,Sat 1 - Sat 2,isl,3205.632951562765,,True,0.001214719637847007,0.015079816432179576,9897.533685795592,9877738.618424
400.0,1,2,Sat 1 - Sat 2,isl,3205.632951562765,,True,0.001214719637847007,0.015079816432179576,9897.533685795592,9897533.685795592
402.0,1,2,Sat 1 - Sat 2,isl,3205.632951562765,,True,0.001214719637847007,0.015079816432179576,9897.533685795592,9917328.753167184
404.0,1,2,Sat 1 - Sat 2,isl,3205.632951562765,,True,0.001214719637847007,0.015079816432179576,9897.533685795592,9937123.820538776
406.0,1,2,Sat 1 - Sat 2,isl,3205.6329515627654,,True,0.0012147196378470065,0.015079816432179574,9897.53368579559,9956918.887910368
408.0,1,2,Sat 1 - Sat 2,isl,3205.6329515627654,,True,0.0012147196378470065,0.015079816432179574,9897.53368579559,9976713.95528196
410.0,1,2,Sat 1 - Sat 2,isl,3205.6329515627663,,True,0.0012147196378470059,0.015079816432179574,9897.533685795584,9996509.022653552
412.0,1,2,Sat 1 - Sat 2,isl,3205.6329515627663,,True,0.0012147196378470059,0.015079816432179574,9897.533685795584,10016304.090025144
414.0,1,2,Sat 1 - Sat 2,isl,3205.632951562766,,True,0.0012147196378470065,0.015079816432179574,9897.53368579559,10036099.157396736
416.0,1,2,Sat 1 - Sat 2,isl,3205.6329515627654,,True,0.0012147196378470065,0.015079816432179574,9897.53368579559,10055894.224768328
418.0,1,2,Sat 1 - Sat 2,isl,3205.6329515627654,,True,0.0012147196378470065,0.015079816432179574,9897.53368579559,10075689.29213992
420.0,1,2,Sat 1 - Sat 2,isl,3205.632951562765,,True,0.001214719637847007,0.015079816432179576,9897.533685795592,10095484.359511511
422.0,1,2,Sat 1 - Sat 2,isl,3205.632951562765,,True,0.001214719637847007,0.015079816432179576,9897.533685795592,10115279.426883103
424.0,1,2,Sat 1 - Sat 2,isl,3205.632951562765,,True,0.001214719637847007,0.015079816432179576,9897.533685795592,10135074.494254695
426.0,1,2,Sat 1 - Sat 2,isl,3205.6329515627644,,True,0.0012147196378470072,0.015079816432179576,9897.533685795594,10154869.561626287
428.0,1,2,Sat 1 - Sat 2,isl,3205.6329515627654,,True,0.0012147196378470065,0.015079816432179574,9897.53368579559,10174664.62899788
430.0,1,2,Sat 1 - Sat 2,isl,3205.632951562765,,True,0.001214719637847007,0.015079816432179576,9897.533685795592,10194459.696369471
432.0,1,2,Sat 1 - Sat 2,isl,3205.6329515627654,,True,0.0012147196378470065,0.015079816432179574,9897.53368579559,10214254.763741063
434.0,1,2,Sat 1 - Sat 2,isl,3205.632951562765,,True,0.001214719637847007,0.015079816432179576,9897.533685795592,10234049.831112655
436.0,1,2,Sat 1 - Sat 2,isl,3205.6329515627654,,True,0.0012147196378470065,0.015079816432179574,9897.53368579559,10253844.898484247
438.0,1,2,Sat 1 - Sat 2,isl,3205.632951562765,,True,0.001214719637847007,0.015079816432179576,9897.533685795592,10273639.965855839
440.0,1,2,Sat 1 - Sat 2,isl,3205.6329515627654,,True,0.0012147196378470065,0.015079816432179574,9897.53368579559,10293435.03322743
442.0,1,2,Sat 1 - Sat 2,isl,3205.632951562766,,True,0.0012147196378470065,0.015079816432179574,9897.53368579559,10313230.100599023
444.0,1,2,Sat 1 - Sat 2,isl,3205.6329515627654,,True,0.0012147196378470065,0.015079816432179574,9897.53368579559,10333025.167970615
446.0,1,2,Sat 1 - Sat 2,isl,3205.6329515627654,,True,0.0012147196378470065,0.015079816432179574,9897.53368579559,10352820.235342206
448.0,1,2,Sat 1 - Sat 2,isl,3205.6329515627654,,True,0.0012147196378470065,0.015079816432179574,9897.53368579559,10372615.302713798
450.0,1,2,Sat 1 - Sat 2,isl,3205.632951562766,,True,0.0012147196378470065,0.015079816432179574,9897.53368579559,10392410.37008539
452.0,1,2,Sat 1 - Sat 2,isl,3205.6329515627644,,True,0.0012147196378470072,0.015079816432179576,9897.533685795594,10412205.437456982
454.0,1,2,Sat 1 - Sat 2,isl,3205.632951562764,,True,0.0012147196378470076,0.015079816432179573,9897.533685795599,10432000.504828574
456.0,1,2,Sat 1 - Sat 2,isl,3205.6329515627654,,True,0.0012147196378470065,0.015079816432179574,9897.53368579559,10451795.572200166
458.0,1,2,Sat 1 - Sat 2,isl,3205.6329515627654,,True,0.0012147196378470065,0.015079816432179574,9897.53368579559,10471590.639571758
460.0,1,2,Sat 1 - Sat 2,isl,3205.632951562765,,True,0.001214719637847007,0.015079816432179576,9897.533685795592,10491385.70694335
462.0,1,2,Sat 1 - Sat 2,isl,3205.632951562764,,True,0.0012147196378470076,0.015079816432179573,9897.533685795599,10511180.774314942
464.0,1,2,Sat 1 - Sat 2,isl,3205.6329515627654,,True,0.0012147196378470065,0.015079816432179574,9897.53368579559,10530975.841686534
466.0,1,2,Sat 1 - Sat 2,isl,3205.6329515627654,,True,0.0012147196378470065,0.015079816432179574,9897.53368579559,10550770.909058126
468.0,1,2,Sat 1 - Sat 2,isl,3205.632951562765,,True,0.001214719637847007,0.015079816432179576,9897.533685795592,10570565.976429718
470.0,1,2,Sat 1 - Sat 2,isl,3205.632951562765,,True,0.001214719637847007,0.015079816432179576,9897.533685795592,10590361.04380131
472.0,1,2,Sat 1 - Sat 2,isl,3205.632951562765,,True,0.001214719637847007,0.015079816432179576,9897.533685795592,10610156.111172901
474.0,1,2,Sat 1 - Sat 2,isl,3205.6329515627644,,True,0.0012147196378470072,0.015079816432179576,9897.533685795594,10629951.178544493
476.0,1,2,Sat 1 - Sat 2,isl,3205.632951562765,,True,0.001214719637847007,0.015079816432179576,9897.533685795592,10649746.245916085
478.0,1,2,Sat 1 - Sat 2,isl,3205.6329515627644,,True,0.0012147196378470072,0.015079816432179576,9897.533685795594,10669541.313287677
480.0,1,2,Sat 1 - Sat 2,isl,3205.632951562765,,True,0.001214719637847007,0.015079816432179576,9897.533685795592,10689336.38065927
482.0,1,2,Sat 1 - Sat 2,isl,3205.632951562765,,True,0.001214719637847007,0.015079816432179576,9897.533685795592,10709131.448030861
484.0,1,2,Sat 1 - Sat 2,isl,3205.632951562766,,True,0.0012147196378470065,0.015079816432179574,9897.53368579559,10728926.515402453
486.0,1,2,Sat 1 - Sat 2,isl,3205.6329515627654,,True,0.0012147196378470065,0.015079816432179574,9897.53368579559,10748721.582774045
488.0,1,2,Sat 1 - Sat 2,isl,3205.6329515627654,,True,0.0012147196378470065,0.015079816432179574,9897.53368579559,10768516.650145637
490.0,1,2,Sat 1 - Sat 2,isl,3205.632951562765,,True,0.001214719637847007,0.015079816432179576,9897.533685795592,10788311.717517229
492.0,1,2,Sat 1 - Sat 2,isl,3205.632951562765,,True,0.001214719637847007,0.015079816432179576,9897.533685795592,10808106.78488882
494.0,1,2,Sat 1 - Sat 2,isl,3205.632951562765,,True,0.001214719637847007,0.015079816432179576,9897.533685795592,10827901.852260413
496.0,1,2,Sat 1 - Sat 2,isl,3205.632951562765,,True,0.001214719637847007,0.015079816432179576,9897.533685795592,10847696.919632005
498.0,1,2,Sat 1 - Sat 2,isl,3205.632951562765,,True,0.001214719637847007,0.015079816432179576,9897.533685795592,10867491.987003596
500.0,1,2,Sat 1 - Sat 2,isl,3205.632951562765,,True,0.001214719637847007,0.015079816432179576,9897.533685795592,10887287.054375188
502.0,1,2,Sat 1 - Sat 2,isl,3205.632951562765,,True,0.001214719637847007,0.015079816432179576,9897.533685795592,10907082.12174678
504.0,1,2,Sat 1 - Sat 2,isl,3205.632951562765,,True,0.001214719637847007,0.015079816432179576,9897.533685795592,10926877.189118372
506.0,1,2,Sat 1 - Sat 2,isl,3205.632951562765,,True,0.001214719637847007,0.015079816432179576,9897.533685795592,10946672.256489964
508.0,1,2,Sat 1 - Sat 2,isl,3205.6329515627654,,True,0.0012147196378470065,0.015079816432179574,9897.53368579559,10966467.323861556
510.0,1,2,Sat 1 - Sat 2,isl,3205.632951562765,,True,0.001214719637847007,0.015079816432179576,9897.533685795592,10986262.391233148
512.0,1,2,Sat 1 - Sat 2,isl,3205.6329515627654,,True,0.0012147196378470065,0.015079816432179574,9897.53368579559,11006057.45860474
514.0,1,2,Sat 1 - Sat 2,isl,3205.632951562765,,True,0.001214719637847007,0.015079816432179576,9897.533685795592,11025852.525976332
516.0,1,2,Sat 1 - Sat 2,isl,3205.632951562765,,True,0.001214719637847007,0.015079816432179576,9897.533685795592,11045647.593347924
518.0,1,2,Sat 1 - Sat 2,isl,3205.6329515627654,,True,0.0012147196378470065,0.015079816432179574,9897.53368579559,11065442.660719516
520.0,1,2,Sat 1 - Sat 2,isl,3205.6329515627654,,True,0.0012147196378470065,0.015079816432179574,9897.53368579559,11085237.728091108
522.0,1,2,Sat 1 - Sat 2,isl,3205.632951562765,,True,0.001214719637847007,0.015079816432179576,9897.533685795592,11105032.7954627
524.0,1,2,Sat 1 - Sat 2,isl,3205.6329515627654,,True,0.0012147196378470065,0.015079816432179574,9897.53368579559,11124827.862834292
526.0,1,2,Sat 1 - Sat 2,isl,3205.6329515627654,,True,0.0012147196378470065,0.015079816432179574,9897.53368579559,11144622.930205883
528.0,1,2,Sat 1 - Sat 2,isl,3205.632951562765,,True,0.001214719637847007,0.015079816432179576,9897.533685795592,11164417.997577475
530.0,1,2,Sat 1 - Sat 2,isl,3205.6329515627654,,True,0.0012147196378470065,0.015079816432179574,9897.53368579559,11184213.064949067
532.0,1,2,Sat 1 - Sat 2,isl,3205.632951562765,,True,0.001214719637847007,0.015079816432179576,9897.533685795592,11204008.13232066
534.0,1,2,Sat 1 - Sat 2,isl,3205.6329515627654,,True,0.0012147196378470065,0.015079816432179574,9897.53368579559,11223803.199692251
536.0,1,2,Sat 1 - Sat 2,isl,3205.632951562765,,True,0.001214719637847007,0.015079816432179576,9897.533685795592,11243598.267063843
538.0,1,2,Sat 1 - Sat 2,isl,3205.632951562765,,True,0.001214719637847007,0.015079816432179576,9897.533685795592,11263393.334435435
540.0,1,2,Sat 1 - Sat 2,isl,3205.6329515627654,,True,0.0012147196378470065,0.015079816432179574,9897.53368579559,11283188.401807027
542.0,1,2,Sat 1 - Sat 2,isl,3205.6329515627654,,True,0.0012147196378470065,0.015079816432179574,9897.53368579559,11302983.469178619
544.0,1,2,Sat 1 - Sat 2,isl,3205.6329515627654,,True,0.0012147196378470065,0.015079816432179574,9897.53368579559,11322778.53655021
546.0,1,2,Sat 1 - Sat 2,isl,3205.632951562765,,True,0.001214719637847007,0.015079816432179576,9897.533685795592,11342573.603921803
548.0,1,2,Sat 1 - Sat 2,isl,3205.6329515627654,,True,0.0012147196378470065,0.015079816432179574,9897.53368579559,11362368.671293395
550.0,1,2,Sat 1 - Sat 2,isl,3205.6329515627654,,True,0.0012147196378470065,0.015079816432179574,9897.53368579559,11382163.738664987
552.0,1,2,Sat 1 - Sat 2,isl,3205.6329515627644,,True,0.0012147196378470072,0.015079816432179576,9897.533685795594,11401958.806036578
554.0,1,2,Sat 1 - Sat 2,isl,3205.632951562765,,True,0.001214719637847007,0.015079816432179576,9897.533685795592,11421753.87340817
556.0,1,2,Sat 1 - Sat 2,isl,3205.632951562765,,True,0.001214719637847007,0.015079816432179576,9897.533685795592,11441548.940779762
558.0,1,2,Sat 1 - Sat 2,isl,3205.6329515627663,,True,0.0012147196378470059,0.015079816432179574,9897.533685795584,11461344.008151354
560.0,1,2,Sat 1 - Sat 2,isl,3205.632951562766,,True,0.0012147196378470065,0.015079816432179574,9897.53368579559,11481139.075522946
562.0,1,2,Sat 1 - Sat 2,isl,3205.632951562765,,True,0.001214719637847007,0.015079816432179576,9897.533685795592,11500934.142894538
564.0,1,2,Sat 1 - Sat 2,isl,3205.632951562765,,True,0.001214719637847007,0.015079816432179576,9897.533685795592,11520729.21026613
566.0,1,2,Sat 1 - Sat 2,isl,3205.632951562766,,True,0.0012147196378470065,0.015079816432179574,9897.53368579559,11540524.277637722
568.0,1,2,Sat 1 - Sat 2,isl,3205.632951562765,,True,0.001214719637847007,0.015079816432179576,9897.533685795592,11560319.345009314
570.0,1,2,Sat 1 - Sat 2,isl,3205.632951562766,,True,0.0012147196378470065,0.015079816432179574,9897.53368579559,11580114.412380906
572.0,1,2,Sat 1 - Sat 2,isl,3205.632951562765,,True,0.001214719637847007,0.015079816432179576,9897.533685795592,11599909.479752498
574.0,1,2,Sat 1 - Sat 2,isl,3205.632951562765,,True,0.001214719637847007,0.015079816432179576,9897.533685795592,11619704.54712409
576.0,1,2,Sat 1 - Sat 2,isl,3205.632951562765,,True,0.001214719637847007,0.015079816432179576,9897.533685795592,11639499.614495682
578.0,1,2,Sat 1 - Sat 2,isl,3205.632951562764,,True,0.0012147196378470076,0.015079816432179573,9897.533685795599,11659294.681867274
580.0,1,2,Sat 1 - Sat 2,isl,3205.632951562765,,True,0.001214719637847007,0.015079816432179576,9897.533685795592,11679089.749238865
582.0,1,2,Sat 1 - Sat 2,isl,3205.632951562765,,True,0.001214719637847007,0.015079816432179576,9897.533685795592,11698884.816610457
584.0,1,2,Sat 1 - Sat 2,isl,3205.632951562765,,True,0.001214719637847007,0.015079816432179576,9897.533685795592,11718679.88398205
586.0,1,2,Sat 1 - Sat 2,isl,3205.632951562765,,True,0.001214719637847007,0.015079816432179576,9897.533685795592,11738474.951353641
588.0,1,2,Sat 1 - Sat 2,isl,3205.632951562765,,True,0.001214719637847007,0.015079816432179576,9897.533685795592,11758270.018725233
590.0,1,2,Sat 1 - Sat 2,isl,3205.6329515627654,,True,0.0012147196378470065,0.015079816432179574,9897.53368579559,11778065.086096825
592.0,1,2,Sat 1 - Sat 2,isl,3205.632951562766,,True,0.0012147196378470065,0.015079816432179574,9897.53368579559,11797860.153468417
594.0,1,2,Sat 1 - Sat 2,isl,3205.6329515627654,,True,0.0012147196378470065,0.015079816432179574,9897.53368579559,11817655.220840009
596.0,1,2,Sat 1 - Sat 2,isl,3205.632951562765,,True,0.001214719637847007,0.015079816432179576,9897.533685795592,11837450.2882116
598.0,1,2,Sat 1 - Sat 2,isl,3205.6329515627654,,True,0.0012147196378470065,0.015079816432179574,9897.53368579559,11857245.355583193
600.0,1,2,Sat 1 - Sat 2,isl,3205.6329515627654,,True,0.0012147196378470065,0.015079816432179574,9897.53368579559,11877040.422954785
