qber,gain,error_gain,double_click_gain,detection_rate_hz,error_rate_hz,rate_bits_per_pulse,rate_bits_per_second,eta_total_baseline,eta_total_faded,fading_factor,clipped,visible,time_s,cumulative_rate_integral_bits,distance_m,elevation_deg,atmospheric_path_m,eta_geometric,eta_atmospheric,eta_pointing,eta_optical
0.17749590309920768,5.850875185217972e-06,1.038506374921008e-06,4.997690308401773e-12,467.15670747145253,82.91840168149785,0.0,0.0,3.8508913016542854e-05,3.8508913016542854e-05,1.0,False,True,-221.31797478304395,0.0,1694567.22115468,10.000000000000004,109897.73630081641,0.0017396848390527498,0.07962008501903471,0.7943282347242815,0.7
0.1736178677426847,5.989550949648384e-06,1.0398930646141247e-06,5.1471303213660185e-12,478.22912167729146,83.02912039806826,0.0,0.0,3.989567887079632e-05,3.989567887079632e-05,1.0,False,True,-220.21138490912872,0.0,1686872.256672716,10.11653695198813,108756.24841839363,0.0017555786850720863,0.08174054251545272,0.7943282347242815,0.7
0.16982011378986173,6.131878285768991e-06,1.0413162682348723e-06,5.3009012955646104e-12,489.59309161691147,83.1427545291141,0.0,0.0,4.1318960858108336e-05,4.1318960858108336e-05,1.0,False,True,-219.1047950352135,0.0,1679180.0932149899,10.233819771310467,107630.52523735678,0.0017716853695591134,0.08388701629526553,0.7943282347242815,0.7
0.16610210566572864,6.277925654074377e-06,1.0427766703546506e-06,5.459108361999456e-12,501.2540834433629,83.25935873348742,0.0,0.0,4.277944360331445e-05,4.277944360331445e-05,1.0,False,True,-217.9982051612983,0.0,1671490.781106569,10.351858477580707,106520.2508843995,0.0017880085708311113,0.08605923696854112,0.7943282347242815,0.7
0.1624632062308436,6.427762898477831e-06,1.0442749693783688e-06,5.621859760307854e-12,513.2176737672446,83.37898877456166,0.0,0.0,4.427782556633629e-05,4.427782556633629e-05,1.0,False,True,-216.89161528738308,0.0,1663804.3715305212,10.47066326415818,105425.11710381336,0.0018045520436177525,0.08825693252729931,0.7943282347242815,0.7
0.15890268610967068,6.581461293179867e-06,1.0458118780131077e-06,5.789266961824302e-12,525.4895533988686,83.50170155765144,0.0,0.0,4.5814819510906034e-05,4.5814819510906034e-05,1.0,False,True,-215.78502541346785,0.0,1656120.9165469352,10.590244501770439,104344.82305879396,0.0018213196208724698,0.09047982864112797,0.7943282347242815,0.7
0.15541973259048142,6.7390935905596705e-06,1.0473881237470112e-06,5.961444797181614e-12,538.0755311721009,83.62755516824916,0.0,0.0,4.739115298352234e-05,4.739115298352234e-05,1.0,False,True,-214.67843553955262,0.0,1648440.4691124137,10.710612742222075,103279.07513779133,0.0018383152156305664,0.09272764894087535,0.7943282347242815,0.7
0.15201345808725042,6.900734070114803e-06,1.0490044493386575e-06,6.138511588648442e-12,550.981537851898,83.75660891109827,0.0,0.0,4.9007568802890266e-05,4.9007568802890266e-05,1.0,False,True,-213.57184566563743,0.0,1640763.0831000991,10.83177872219191,102227.58676584045,0.001855542822915145,0.09500011529053097,0.7943282347242815,0.7
0.14868290815864954,7.066458588475327e-06,1.0506616133171774e-06,6.3205892874094724e-12,564.21363012763,83.88892335012467,0.0,0.0,5.066482556010774e-05,5.066482556010774e-05,1.0,False,True,-212.4652557917222,0.0,1633088.8133201888,10.953753367121223,101190.07822081153,0.0018730065216922811,0.09729694804740144,0.7943282347242815,0.7
0.1454270690831747,7.236344630528115e-06,1.0523603904934725e-06,6.5078036160138005e-12,577.7779946950448,84.02456034925443,0.0,0.0,5.236369812995564e-05,5.236369812995564e-05,1.0,False,True,-211.35866591780697,0.0,1625417.7155410212,11.076547795194642,100166.27645443828,0.0018907104768765464,0.09961786631087408,0.7943282347242815,0.7
0.14224487499323005,7.41047136167801e-06,1.0541015724827999e-06,6.7002842162162065e-12,591.6809524290032,84.16358311413887,0.0,0.0,5.410497819355893e-05,5.410497819355893e-05,1.0,False,True,-210.25207604389175,0.0,1617749.8465106925,11.200173321416921,99155.914918083,0.0019086589413883337,0.1019625881598541,0.7943282347242815,0.7
0.13913521457387817,7.5889196812819265e-06,1.055885968239088e-06,6.898164802456055e-12,605.9289626498662,84.30605623481655,0.0,0.0,5.588947477277911e-05,5.588947477277911e-05,1.0,False,True,-209.14548616997652,0.0,1610085.2639792582,11.32464146178745,98158.7333931193,0.001926856258264242,0.10433083087913698,0.7943282347242815,0.7
0.1360969373346465,7.77177227728874e-06,1.0577144046013087e-06,7.101583321225114e-12,620.5286274861566,84.45204572933766,0.0,0.0,5.771801477666711e-05,5.771801477666711e-05,1.0,False,True,-208.03889629606132,0.0,1602424.026721503,11.44996393757562,97174.47782585486,0.0019453068628219603,0.1067223111748907,0.7943282347242815,0.7
0.13312885946482308,7.959113682126116e-06,1.0595877268523182e-06,7.310682116595522e-12,635.4866963367817,84.60161908838411,0.0,0.0,5.959144356038814e-05,5.959144356038814e-05,1.0,False,True,-206.9323064221461,0.0,1594766.1945603366,11.576152679698925,96202.90016686,0.0019640152848809564,0.10913674537956669,0.7943282347242815,0.7
0.1302297692847268,8.151030329859535e-06,1.0615067992904179e-06,7.52560810217263e-12,650.8100704348335,84.75484532090516,0.0,0.0,6.151062549687105e-05,6.151062549687105e-05,1.0,False,True,-205.82571654823087,0.0,1587111.8283907867,11.703219833207305,95243.75821470244,0.0019829861510405325,0.11157384964623251,0.7943282347242815,0.7
0.1273984323063984,8.347610614677636e-06,1.0634725058141816e-06,7.746512939781414e-12,666.5058075172856,84.9117950008123,0.0,0.0,6.347644456172351e-05,6.347644456172351e-05,1.0,False,True,-204.71912667431565,0.0,1579460.990204669,11.83117776187564,94296.81546387202,0.0020022241870165177,0.11403334013285234,0.7943282347242815,0.7
0.12463359591867486,8.548944950734568e-06,1.065485750520848e-06,7.973553225181546e-12,682.5811266030411,85.07254031475726,0.0,0.0,6.548980493172053e-05,6.548980493172053e-05,1.0,False,True,-203.61253680040045,0.0,1571813.7431158742,11.960039052907959,93361.84095687918,0.0020217342200383216,0.1165149331765608,0.7943282347242815,0.7
0.12193399371226542,8.755125833390198e-06,1.067547458318693e-06,8.206890681130477e-12,699.043412882589,85.23715511102617,0.0,0.0,6.75516315972741e-05,6.75516315972741e-05,1.0,False,True,-202.50594692648522,0.0,1564170.151386367,12.089816521755676,92438.60914042876,0.0020415211813076513,0.11901834545817043,0.7943282347242815,0.7
0.11929834946093036,8.966247901897237e-06,1.0696585755538703e-06,8.446692358136994e-12,715.9002227231902,85.40571494958901,0.0,0.0,6.966287098937566e-05,6.966287098937566e-05,1.0,False,True,-201.39935705257,0.0,1556530.2804528729,12.220523217053248,91526.89972553389,0.002061590108520561,0.12154329415725929,0.7943282347242815,0.7
0.11672538077535513,9.182408003576482e-06,1.0718200706521334e-06,8.693130843253323e-12,733.1592887928773,85.57829715333718,0.0,0.0,7.182449162142266e-05,7.182449162142266e-05,1.0,False,True,-200.29276717865477,0.0,1548894.1969542888,12.352172425673961,90626.49755149824,0.0020819461484543715,0.12408949709802593,0.7943282347242815,0.7
0.11421380244652725,9.403705259516607e-06,1.074032934775799e-06,8.946384477263513e-12,750.8285253061845,85.75498086053794,0.0,0.0,7.403748474629434e-05,7.403748474629434e-05,1.0,False,True,-199.18617730473954,0.0,1541261.9687598408,12.48477767790893,89737.19245372535,0.002102594559621043,0.12665667288600135,0.7943282347242815,0.7
0.11176232949504977,9.630241131868424e-06,1.0762981824966598e-06,9.206637580680096e-12,768.9160333971822,85.93584707856257,0.0,0.0,7.630286502937594e-05,7.630286502937594e-05,1.0,False,True,-198.07958743082435,0.0,1533633.6649979928,12.618352752773195,88858.77913512195,0.0021235407149887008,0.12924454103625702,0.7943282347242815,0.7
0.10936967994331286,9.862119492752261e-06,1.0786168524850217e-06,9.474080688919286e-12,787.4301066213122,86.12097873890164,0.0,0.0,7.862167123771777e-05,7.862167123771777e-05,1.0,False,True,-196.97299755690912,0.0,1526009.3560861747,12.752911683440955,87991.05704118051,0.002144790104772828,0.13185282209284813,0.7943282347242815,0.7
0.1070345773265973,1.0099446694848148e-05,1.0809900082155717e-06,9.748910797100952e-12,806.3792365915829,86.31046075352428,0.0,0.0,8.099496694602634e-05,8.099496694602634e-05,1.0,False,True,-195.8664076829939,0.0,1518389.1137612872,12.888468762814473,87133.83023852725,0.0021663483392989876,0.13448123774007745,0.7943282347242815,0.7
0.10475575295915143,1.0342331643714082e-05,1.083418738690527e-06,1.0031331614910415e-11,825.7721187527419,86.5043800726173,0.0,0.0,8.342384125994084e-05,8.342384125994084e-05,1.0,False,True,-194.75981780907867,0.0,1510773.0111110825,13.025038549229343,86286.90729687628,0.0021882211519385912,0.13712951090573394,0.7943282347242815,0.7
0.1025319479708373,1.0590885871878488e-05,1.085904159180521e-06,1.0321553831979473e-11,845.6176582971077,86.70282574374032,0.0,0.0,8.590940955705582e-05,8.590940955705582e-05,1.0,False,True,-193.65322793516344,0.0,1503161.1226063753,13.162635872299873,85450.1011743348,0.002210414402119616,0.13979736585643904,0.7943282347242815,0.7
0.10036191512934332,1.084522361476521e-05,1.088447411983816e-06,1.0619795394278785e-11,865.9249762267169,86.90588897244439,0.0,0.0,8.845281424627374e-05,8.845281424627374e-05,1.0,False,True,-192.54663806124825,0.0,1495553.5241341833,13.301275838908216,84623.22910593661,0.0022329340784138173,0.1424845282854354,0.7943282347242815,0.7
0.09824442046250738,1.1105461888502133e-05,1.0910496672043548e-06,1.0926281792027021e-11,886.7034155658678,87.11366318439454,0.0,0.0,9.105522554599897e-05,9.105522554599897e-05,1.0,False,True,-191.44004818733302,0.0,1487950.2930317344,13.440973839341064,83806.112495339,0.0022557863017024795,0.14519072539298228,0.7943282347242815,0.7
0.09617824469469025,1.1371720569668151e-05,1.0937121235491857e-06,1.1241246359649059e-11,907.9625477284306,87.32624408903938,0.0,0.0,9.371784228172025e-05,9.371784228172025e-05,1.0,False,True,-190.3334583134178,0.0,1480351.508121482,13.581745553576967,82998.57680959304,0.0022789773284221343,0.1479156859595971,0.7943282347242815,0.7
0.09416218451052621,1.1644122477036316e-05,1.0964360091458591e-06,1.1564930588343135e-11,929.7121790445386,87.54372974487524,0.0,0.0,9.644189270356041e-05,9.644189270356041e-05,1.0,False,True,-189.22686843950257,0.0,1472757.249747048,13.723606957729153,82200.4514769028,0.002302513553892391,0.15065914041236766,0.7943282347242815,0.7
0.09219505365880279,1.1922793455366162e-05,1.0992225823803061e-06,1.1897584451836185e-11,951.9623574508944,87.76622062634561,0.0,0.0,9.922863532432343e-05,9.922863532432343e-05,1.0,False,True,-188.12027856558734,0.0,1465167.5998101914,13.86657433064716,81411.56978730737,0.00232640151572747,0.15342082088449804,0.7943282347242815,0.7
0.09027568390854936,1.2207862461304961e-05,1.102073132755812e-06,1.2239466745940994e-11,974.7233793494614,87.99381969242503,0.0,0.0,0.0001020793597786369,0.0001020793597786369,1.0,False,True,-187.01368869167214,0.0,1457582.6418088225,14.010664260681217,80631.768796198,0.00235064789733332,0.15620046126832066,0.7943282347242815,0.7
0.08840292586881468,1.2499461651454662e-05,1.1049889817736383e-06,1.2590845442552903e-11,998.0057966390727,88.22663245693128,0.0,0.0,0.00010499538770375748,0.00010499538770375748,1.0,False,True,-185.90709881775692,0.0,1450002.4608760783,14.155893652613875,79860.88923060265,0.002375259531492172,0.1589977972619425,0.7943282347242815,0.7
0.0865756496829388,1.2797726472670201e-05,1.1079714838359673e-06,1.2951998058763723e-11,1021.8204239251993,88.46476706062006,0.0,0.0,0.00010797807364269654,0.00010797807364269654,1.0,False,True,-184.8005089438417,0.0,1442427.1438205028,14.302279734762886,79098.77539813623,0.0024002434040363515,0.16181256640981415,0.7943282347242815,0.7
0.08479274560762498,1.3102795754637305e-05,1.1110220271716296e-06,1.3323212041779872e-11,1046.178345911724,88.7083343450987,0.0,0.0,0.00011102880597014782,0.00011102880597014782,1.0,False,True,-183.6939190699265,0.0,1434856.779167367,14.449840066259524,78345.27509859459,0.0024256066576131665,0.16464450813722348,0.7943282347242815,0.7
0.08305312448637554,1.3414811804799733e-05,1.1141420347853324e-06,1.3704785170390167e-11,1071.0909249803026,88.95744792861619,0.0,0.0,0.00011414900784191648,0.00011414900784191648,1.0,False,True,-182.58732919601127,0.0,1427291.4572011596,14.598592544507198,77600.23953808105,0.0024513565955427263,0.1674933637790341,0.7943282347242815,0.7
0.08135571812633074,1.3733920505697982e-05,1.1173329654309989e-06,1.4097025973753028e-11,1096.5698089622663,89.21222428377848,0.0,0.0,0.00011734013816847052,0.00011734013816847052,1.0,False,True,-181.48073932209604,0.0,1419731.2700093056,14.748555412824036,76863.52324559493,0.0024775006857704353,0.17035887660285184,0.7943282347242815,0.7
0.07969947958703291,1.4060271414771747e-05,1.1205963146097431e-06,1.4500254168296157e-11,1122.6269391072387,89.47278281723061,0.0,0.0,0.00012060369261313748,0.00012060369261313748,1.0,False,True,-180.37414944818082,0.0,1412176.3115271188,14.899747268274636,76134.98399205286,0.002504046564916069,0.17324079182663782,0.7943282347242815,0.7
0.0780833833889877,1.4394017866696281e-05,1.1239336155931846e-06,1.4914801113580945e-11,1149.274558254072,89.73924595136218,0.0,0.0,0.00012394120461564889,0.00012394120461564889,1.0,False,True,-179.2675595742656,0.0,1404626.67758404,15.05218706969564,75414.48271164404,0.0025310020424211734,0.17613885663104967,0.7943282347242815,0.7
0.07650642564939383,1.4735317078320586e-05,1.127346440472777e-06,1.534101028802008e-11,1176.5252192095188,90.01173920808982,0.0,0.0,0.0001273542464417112,0.0001273542464417112,1.0,False,True,-178.1609697003504,0.0,1397082.4659512257,15.205894145919341,74701.8834254377,0.0025583751047964748,0.1790528201667416,0.7943282347242815,0.7
0.07496762415205482,1.5084330256243309e-05,1.1308364012355171e-06,1.5779237785338132e-11,1204.3917933375144,90.29039129474607,0.0,0.0,0.00013084443025896373,0.00013084443025896373,1.0,False,True,-177.05437982643517,0.0,1389543.7763904887,15.360888204200608,73997.05316727568,0.0025861739199711416,0.18198243355638247,0.7943282347242815,0.7
0.07346601835770038,1.5441222707125406e-05,1.134405150867015e-06,1.6229852832786057e-11,1232.887479366969,90.5753341921527,0.0,0.0,0.00013441340924031322,0.00013441340924031322,1.0,False,True,-175.94778995251994,0.0,1382010.7107046715,15.517189338851987,73299.86191175794,0.0026144068417454655,0.18492744989205895,0.7943282347242815,0.7
0.07200066936076674,1.5806163950782506e-05,1.1380543844823618e-06,1.669323833209619e-11,1262.0258124215027,90.86670324491365,0.0,0.0,0.00013806287869507584,0.00013806287869507584,1.0,False,True,-174.84120007860471,0.0,1374483.3727894654,15.674818040091717,72610.18250433654,0.002643082414348691,0.18788762422790584,0.7943282347242815,0.7
0.07057065979819131,1.6179327836106724e-05,1.1417858404852945e-06,1.716979142421939e-11,1291.8206732750969,91.16463725396731,0.0,0.0,0.00014179457722842442,0.00014179457722842442,1.0,False,True,-173.7346102046895,0.0,1366961.868686748,15.833795203110054,71927.89059349548,0.0026722093771034843,0.19086271356793047,0.7943282347242815,0.7
0.06917509371519855,1.656089265990915e-05,1.1456013017565593e-06,1.7659924078987747e-11,1322.2862978409412,91.46927857147006,0.0,0.0,0.00014561028793005362,0.00014561028793005362,1.0,False,True,-172.6280203307743,0.0,1359446.30663948,15.994142137358597,71252.86456486514,0.0027017966691985544,0.19385247684955909,0.7943282347242815,0.7
0.06781309639291107,1.695104128871429e-05,1.1495025968717975e-06,1.8164063710822584e-11,1353.437286895978,91.78077319803698,0.0,0.0,0.0001495118395923759,0.0001495118395923759,1.0,False,True,-171.52143045685906,0.0,1351936.797148191,16.15588057606852,70584.98547731347,0.002731853434570936,0.1968566749226038,0.7943282347242815,0.7
0.06648381414202362,1.734996128359497e-05,1.1534916013498335e-06,1.8682653821734475e-11,1385.2886160482071,92.09927088241011,0.0,0.0,0.000153501107959135,0.000153501107959135,1.0,False,True,-170.41484058294384,0.0,1344433.45302913,16.319032686002295,69924.13700087127,0.0027623890268991657,0.19987507052415193,0.7943282347242815,0.7
0.06518641406667015,1.7757845028071046e-05,1.157570238931599e-06,1.9216154672835023e-11,1417.855645948619,92.42492522357274,0.0,0.0,0.00015758001700467018,0.00015758001700467018,1.0,False,True,-169.3082507090286,0.0,1336936.3894741554,16.483621077444443,69270.20535654492,0.0027934130147084734,0.20290742824901276,0.7943282347242815,0.7
0.06392008380203201,1.8174889859166783e-05,1.1617404828906426e-06,1.9765043985732096e-11,1451.1541327553264,92.75789377538555,0.0,0.0,0.00016175054024478058,0.00016175054024478058,1.0,False,True,-168.2016608351134,0.0,1329445.7241123246,16.649668814437476,68623.07925786194,0.0028249351865895058,0.20595351451628532,0.7943282347242815,0.7
0.06268403122917243,1.8601298201651483e-05,1.1660043573754706e-06,2.0329817675151356e-11,1485.2002388518608,93.0983381537644,0.0,0.0,0.0001660147020794364,0.0001660147020794364,1.0,False,True,-167.0950709611982,0.0,1321961.57707338,16.817199425267034,67982.64985418154,0.0028569655565309376,0.20901309753177252,0.7943282347242815,0.7
0.06147748417013061,1.903727770553551e-05,1.1703639387844396e-06,2.091099061425374e-11,1520.0105438253913,93.4464241464571,0.0,0.0,0.0001703745791680591,0.0001703745791680591,1.0,False,True,-165.98848108728296,0.0,1314484.0710530488,16.986236913203374,67348.8106756788,0.0028895143693674036,0.21208594724652585,0.7943282347242815,0.7
0.060299690066152774,1.9483041386857994e-05,1.1748213571735643e-06,2.1509097434139506e-11,1555.602055707764,93.80232182544829,0.0,0.0,0.00017483230183773385,0.00017483230183773385,1.0,False,True,-164.88189121336774,0.0,1307013.331380336,17.156805767503283,66721.45757998874,0.0029225921063428814,0.2151718353114473,0.7943282347242815,0.7
0.059149915641600895,1.993880777183078e-05,1.179378797697887e-06,2.212469335913808e-11,1591.992222484518,94.16620566204396,0.0,0.0,0.00017939005552500097,0.00017939005552500097,1.0,False,True,-163.77530133945254,0.0,1299549.486086796,17.328930974679203,66100.48870042714,0.0029562094907903042,0.2182705350282054,0.7943282347242815,0.7
0.05802744655595312,2.0404801044363416e-05,1.1840385020866546e-06,2.275835507950389e-11,1629.1989438738556,94.53825464465542,0.0,0.0,0.0001840500822514751,0.0001840500822514751,1.0,False,True,-162.66871146553729,0.0,1292092.6659778676,17.502638030040497,65485.80439579564,0.0029903774939275714,0.22138182129628645,0.7943282347242815,0.7
0.056931587046003436,2.0881251197024402e-05,1.1888027701528582e-06,2.3410681663256452e-11,1667.2405833799776,94.91865239932675,0.0,0.0,0.0001888146821338449,0.0001888146821338449,1.0,False,True,-161.5621215916221,0.0,1284643.0047063474,17.67795294951273,64877.30720169065,0.003025107340769903,0.22450547055642553,0.7943282347242815,0.7
0.055861659560238065,2.136839418546449e-05,1.193673961337388e-06,2.4082295508943964e-11,1706.135980622843,95.30758731302618,0.0,0.0,0.0001936862149285123,0.0001936862149285123,1.0,False,True,-160.45553171770686,0.0,1277200.638848093,17.854902281740443,64274.901783301626,0.0030604105161582094,0.2276412607303447,0.7943282347242815,0.7
0.05481700438714379,2.186647208633856e-05,1.1986544962881781e-06,2.477384334120817e-11,1745.904463947266,95.70525265973122,0.0,0.0,0.00019866710161123798,0.00019866710161123798,1.0,False,True,-159.34894184379164,0.0,1269765.7079799485,18.03351312047949,63678.494889650894,0.0030962987709032674,0.23078897115688413,0.7943282347242815,0.7
0.053796979279046385,2.237573325875288e-05,1.2037468584745976e-06,2.548599725110243e-11,1786.565863313498,96.11184672932787,0.0,0.0,0.0002037598259920602,0.0002037598259920602,1.0,False,True,-158.24235196987644,0.0,1262338.3547600664,18.213813117283753,63087.99530922966,0.0031327841280443668,0.2339483825246097,0.7943282347242815,0.7
0.05280095907294437,2.2896432509247115e-05,1.20895359583719e-06,2.621945578318191e-11,1828.140523470033,96.52757295933232,0.0,0.0,0.00020896693636558464,0.00020896693636558464,1.0,False,True,-157.13576209596118,0.0,1254918.725010625,18.39583049449273,62503.31382702052,0.0031698788892215862,0.23711927680078934,0.7943282347242815,0.7
0.05182833530961666,2.3428831260333255e-05,1.2142773224729807e-06,2.6974945071496665e-11,1870.6493174104132,96.95264006945243,0.0,0.0,0.00021429104719686553,0.00021429104719686553,1.0,False,True,-156.029172222046,0.0,1247506.9678030657,18.579594058524677,61924.36318284672,0.0032075956411598784,0.24030143715689367,0.7943282347242815,0.7
0.050878515852184954,2.3973197722589446e-05,1.2197207203563314e-06,2.7753220026683126e-11,1914.1136601138735,97.38726219898747,0.0,0.0,0.00021973484084285966,0.00021973484084285966,1.0,False,True,-154.92258234813076,0.0,1240103.2355458864,18.76513321348149,61351.058031030785,0.0032459472622631083,0.24349464789055467,0.7943282347242815,0.7
0.04995092450516674,2.4529807070309805e-05,1.2252865410953504e-06,2.855506557645535e-11,1958.5555225699068,97.83165904706681,0.0,0.0,0.00022530106930946639,0.00022530106930946639,1.0,False,True,-153.81599247421553,0.0,1232707.6840751283,18.952477975069968,60783.31490131586,0.003284946929315351,0.24669869434407476,0.7943282347242815,0.7
0.04904500063498097,2.5098941620679015e-05,1.2309776077235526e-06,2.938129796185672e-11,2003.9974460842639,98.28605601570297,1.6896637472476142e-07,13.5041223584902,0.00023099255604384103,0.00023099255604384103,1.0,False,True,-152.70940260030034,7.471762529008536,1225320.4727476095,19.14165898484508,60221.05216105365,0.003324608124286527,0.24991336281929652,0.7943282347242815,0.7
0.04816019879269228,2.5680891016472225e-05,1.2367968165267677e-06,3.023276609178704e-11,2050.462556866426,98.75068435565919,4.315908819923139e-07,34.493585417375954,0.0002368121977619895,0.0002368121977619895,1.0,False,True,-151.6028127263851,34.02865122696633,1217941.7645369694,19.33270752478056,59664.18997858,0.003364944641239,0.25313844048910533,0.7943282347242815,0.7
0.047295988339767336,2.6275952412221648e-05,1.2427471389047164e-06,3.111035295834797e-11,2097.974580893873,99.22578131508487,7.02742306945718e-07,56.16453637560314,0.0002427629663110588,0.0002427629663110588,1.0,False,True,-150.49622285246988,84.18933100910832,1210571.7261326862,19.52565553217099,59112.65028778734,0.003405970593330557,0.2563737153053504,0.7943282347242815,0.7
0.04645185307747459,2.6884430663809873e-05,1.2488316232668489e-06,3.2014977115691896e-11,2146.5578590499513,99.71159029088675,9.8259070022141e-07,78.53056601184186,0.0002488479105659251,0.0002488479105659251,1.0,False,True,-149.38963297855466,158.71544919306893,1203210.528042084,19.720535614871007,58566.35675385178,0.003447700419909348,0.2596189759032507,0.7943282347242815,0.7
0.045627290880518236,2.7506638521410317e-05,1.2550533969616566e-06,3.294759422512102e-11,2196.2373625289956,100.20836098277266,1.2713106084922652e-06,101.60562443676719,0.0002550701583592848,0.0002550701583592848,1.0,False,True,-148.28304310463943,258.3838913311167,1195858.3446954929,19.917381066875205,58025.23474010923,0.0034901488936948436,0.26287401150214346,0.7943282347242815,0.7
0.04482181333535669,2.814289682572798e-05,1.2614156682389816e-06,3.390919866935483e-11,2247.038708504954,100.71634954993,1.5690811933489664e-06,125.40403059429008,0.00026143291844478277,0.00026143291844478277,1.0,False,True,-147.17645323072423,383.98718410029176,1188515.354554599,20.116225884243914,57489.21127600079,0.003533331128038838,0.2661386118028743,0.7943282347242815,0.7
0.04403494538369789,2.8793534707398767e-05,1.2679217282439144e-06,3.490082523886907e-11,2298.98817605221,101.23581877022629,1.8760863519339799e-06,149.9404819028601,0.00026793948249176006,0.00026793948249176006,1.0,False,True,-146.069863356809,536.3339087840271,1181181.7402241386,20.317104781377942,56958.215026135804,0.003577262584258933,0.26941256688136705,0.7943282347242815,0.7
0.0432662249715032,2.9458889789457082e-05,1.2745749530413688e-06,3.5923550893413654e-11,2352.112722311383,101.76703820185914,2.1925148392614417e-06,175.23006403150956,0.0002745932271107215,0.0002745932271107215,1.0,False,True,-144.96327348289378,716.2491254972568,1173857.688567023,20.520053207646406,56432.17626040177,0.003621959079036487,0.2726956670786143,0.7943282347242815,0.7
0.042515202703831835,3.0139308392721035e-05,1.281378805669835e-06,3.69784966018582e-11,2406.4399988880873,102.3102843473359,2.5185603921278624e-06,201.28826080303853,0.00028139761590801737,0.00028139761590801737,1.0,False,True,-143.85668360897859,924.5748082999688,1166543.3908229887,20.725107364370494,55911.026825121095,0.0036674367918699442,0.2759877028869132,0.7943282347242815,0.7
0.04178144150577098,3.0835145743952557e-05,1.2883368382228768e-06,3.8066829263659764e-11,2461.998368473246,102.86584081966852,2.8544218545207114e-06,228.13096421691384,0.0002883562015683139,0.0002883562015683139,1.0,False,True,-142.75009373506333,1162.1702913357765,1159239.0427309237,20.932304222166312,55394.70011519961,0.0037137122725729808,0.2792884648325066,0.7943282347242815,0.7
0.04106451628969787,3.154676618658489e-05,1.2954526939563054e-06,3.918976371528282e-11,2518.8169216683978,103.43399851061857,3.2003033043997786e-06,255.7744845818828,0.0002954726279627799,0.0002954726279627799,1.0,False,True,-141.64350386114813,1429.9127261223452,1151944.8446549242,21.141681538648584,54883.1310472865,0.003760802448806439,0.28259774335432936,0.7943282347242815,0.7
0.04036401362906354,3.2274543393790186e-05,1.3027301094187497e-06,4.034856482500645e-11,2576.9254939978428,104.01505576081021,3.5564141817145892e-06,284.2355607473748,0.0003027506322807165,0.0003027506322807165,1.0,False,True,-140.5369139872329,1728.6975501092745,1144661.0017142622,21.353277876497536,54376.25603393735,0.0038087246336308005,0.28591532867871616,0.7943282347242815,0.7
0.03967953143878485,3.3018860583699254e-05,1.3101729166037485e-06,4.154454967975426e-11,2636.354683092631,104.60931853156174,3.9229694175387145e-06,313.53137042416733,0.0003101940471827556,0.0003101940471827556,1.0,False,True,-139.43032411331768,2059.438966607179,1137387.72391736,21.56713262188915,53874.01295868085,0.003857496533065229,0.28924101069052943,0.7943282347242815,0.7
0.03901067866242281,3.378011073642997e-05,1.3177850451199284e-06,4.2779089867474794e-11,2697.135866018955,105.21710057816091,4.300189564123938e-06,343.6795405785688,0.0003178068029721909,0.0003178068029721909,1.0,False,True,-138.32373423940248,2423.0704361782837,1130125.2262998715,21.78328600329046,53376.34115207311,0.003907136253637622,0.2925745787999783,0.7943282347242815,0.7
0.03835707496617791,3.455869681266039e-05,1.3255705243766284e-06,4.405361385886262e-11,2759.3012167298793,105.83872362437391,4.688300925713539e-06,374.69815788727135,0.0003255929297818063,0.0003255929297818063,1.0,False,True,-137.21714436548723,2820.545179562706,1122873.729067063,22.001779110618287,52883.181368646096,0.003957662309907852,0.2959158218055487,0.7943282347242815,0.7
0.03771835043978205,3.535503197336763e-05,1.3335334857811794e-06,4.5369609492161984e-11,2822.8837236101526,106.47451753788461,5.087535689895075e-06,406.6057792353215,0.00033355655977241277,0.00033355655977241277,1.0,False,True,-136.11055449157203,3252.836692197675,1115633.4577405334,22.22265391476123,52394.47576478233,0.004009093631945719,0.2992645277526453,0.7943282347242815,0.7
0.037094145304301995,3.616953980035384e-05,1.3416781649440597e-06,4.672862656492729e-11,2887.9172070838617,107.12482050636278,5.498132059269919e-06,439.4214422394066,0.00034170192933931045,0.00034170192933931045,1.0,False,True,-135.0039646176568,3720.939270367959,1108404.6433094991,22.44595328746215,51910.16787747321,0.00406144957274191,0.30262048378803513,0.7943282347242815,0.7
0.03648410962686174,3.7002654517120856e-05,1.3500089038875279e-06,4.813227953664619e-11,2954.436337249923,107.78997921381003,5.920334383184561e-06,473.1646757760773,0.00035003338132229283,0.00035003338132229283,1.0,False,True,-133.89737474374158,4225.868549003729,1101187.5223867346,22.671721021558568,51430.20260395088,0.004114749915529113,0.30598347600997516,0.7943282347242815,0.7
0.03588790304228012,3.785482120959394e-05,1.3585301532527565e-06,4.9582250346154004e-11,3022.47665150553,108.47034901678595,6.354393289234158e-06,507.85551049176803,0.00035855536721420017,0.00035855536721420017,1.0,False,True,-132.79078486982638,4768.6620511189285,1093982.337369302,22.90000185157621,50954.526182196336,0.00416901488098799,0.3093532893138071,0.7943282347242815,0.7
0.0353051944815798,3.872649604617165e-05,1.3672464745002213e-06,5.108029134784442e-11,3092.0745721157928,109.16629412009571,6.800565814233947e-06,543.5144892702878,0.00036727244936279456,0.00036727244936279456,1.0,False,True,-131.68419499591113,5350.379748856416,1086789.336604227,23.13084147467112,50483.08617228622,0.0042242651343101165,0.3127297072330868,0.7943282347242815,0.7
0.03473566190733568,3.961814649648449e-05,1.3761625420971808e-06,5.262822837063239e-11,3163.2674236802836,109.8781877514471,7.259115534302474e-06,580.1626776293256,0.0003761893031597852,0.0003761893031597852,1.0,False,True,-130.57760512199593,5972.1046360768305,1079608.7745593053,23.36428657191217,50015.8314385867,0.004280521792087168,0.31611251177599375,0.7943282347242815,0.7
0.03417899205579547,4.0530251548212456e-05,1.3852831456857456e-06,5.422796390366547e-11,3236.0934504445927,110.60641233455749,7.730312693680016e-06,617.8216740158701,0.0003853107192105078,0.0003853107192105078,1.0,False,True,-129.4710152480807,6634.943312396566,1072440.911999114,23.60038482989758,49552.71213277274,0.0043378064289937,0.319501483256975,0.7943282347242815,0.7
0.0336348801856975,4.146330192124062e-05,1.3946131922243292e-06,5.588148041274417e-11,3310.5918333993486,111.35135966013571,8.214434331865247e-06,656.5136199672205,0.00039464160547705103,0.00039464160547705103,1.0,False,True,-128.36442537416548,7340.026578543801,1065286.0161664386,23.83918496269371,49093.67967765001,0.004396141084226921,0.32289640012359444,0.7943282347242815,0.7
0.03310302983373053,4.241780027830718e-05,1.4041577080940257e-06,5.759084379126214e-11,3386.80270709918,112.11343105406347,8.711764408584521e-06,696.2612100987747,0.00040418698938637904,0.00040418698938637904,1.0,False,True,-127.25783550025027,8088.510042863002,1058144.3609692543,24.080736734086106,48638.68675181721,0.004455548267664004,0.32629703877810756,0.7943282347242815,0.7
0.03258315257649915,4.339426143134135e-05,1.4139218411618877e-06,5.935820694960391e-11,3464.7671761375377,112.8930375421355,9.222593926125848e-06,737.0877018811995,0.0004139520198954217,0.0004139520198954217,1.0,False,True,-126.15124562633505,8881.574738755215,1051016.227173423,24.325090980128067,48187.68727507086,0.004516050965694,0.32970317339428384,0.7943282347242815,0.7
0.03207496779895553,4.4393212542423765e-05,1.4239108627904309e-06,6.118581354649761e-11,3544.527331192157,113.6906000105062,9.747221048427516e-06,779.0169251582264,0.00042394196950246724,0.00042394196950246724,1.0,False,True,-125.04465575241983,9720.42775279414,1043901.9026012631,24.572299631972136,47740.63639465567,0.004577672646677689,0.33311457572851527,0.7943282347242815,0.7
0.03157820246913922,4.541519331840658e-05,1.4341301697837416e-06,6.307600186600783e-11,3626.1262645642873,114.50654936107455,1.028595121636034e-05,822.0732913602333,0.000434162236195226,0.000434162236195226,1.0,False,True,-123.9380658785046,10606.302863206172,1036801.6823361533,24.822415738965887,47297.490472245496,0.004640437265984552,0.3365310149258624,0.7943282347242815,0.7
0.031092590919154575,4.646075619796487e-05,1.444585286257897e-06,6.503120884334958e-11,3709.608085113605,115.34132666082566,1.0839097258498861e-05,866.2818023572943,0.000444618345323287,0.000444618345323287,1.0,False,True,-122.83147600458939,11540.461188346664,1029715.868933356,25.075493491992155,46858.20707172297,0.004704369270551717,0.33995225732033163,0.7943282347242815,0.7
0.030617874632252635,4.753046652984943e-05,1.4552818654234098e-06,6.705397424263726e-11,3795.0179324906117,116.19538328414815,1.140697949667013e-05,911.6680588948459,0.0004553159513826705,0.0004553159513826705,1.0,False,True,-121.72488613067416,12524.191844741963,1022644.7726371739,25.33158824703116,46422.744947716186,0.004769493602905621,0.3433780662294913,0.7943282347242815,0.7
0.03015380203590081,4.8624902740961676e-05,1.466225691265889e-06,6.914694498930783e-11,3882.4019905563937,117.06918104702474,1.1989925845484261e-05,958.2582685483617,0.0004662608396986829,0.0004662608396986829,1.0,False,True,-120.61829625675895,13558.81261420002,1015588.7116047128,25.590756548917017,45991.064034878946,0.004835835704580816,0.3468082017433341,0.7943282347242815,0.7
0.02970012830072773,4.974465649273119e-05,1.4774226801097451e-06,7.131287965954936e-11,3971.8074998684106,117.96319233188443,1.2588271904970956e-05,1006.0792531270446,0.00047745892799188407,0.00047745892799188407,1.0,False,True,-119.51170638284373,14645.670619418888,1008548.0121362718,25.85305615526224,45563.12543793774,0.004903421518867361,0.35024242050700527,0.7943282347242815,0.7
0.02925661514521296,5.0890332824176086e-05,1.4888788820487183e-06,7.355465312867766e-11,4063.2827691029956,118.87790020182156,1.320236104538672e-05,1055.1584554517854,0.0004889162678109694,0.0004889162678109694,1.0,False,True,-118.40511650892851,15786.143007441651,1001523.0089126754,26.1185460605153,45138.89142247217,0.004972277492809856,0.35368047549745096,0.7943282347242815,0.7
0.028823030646001464,5.206255027985966e-05,1.5006004822253871e-06,7.587526137983036e-11,4156.8771852719165,119.81379850275677,1.3832544483161961e-05,1105.5239454250027,0.0005006390458147033,0.0005006390458147033,1.0,False,True,-117.29852663501329,16981.637640220197,994514.045239647,26.387286520116856,44718.32540643982,0.005042430578377103,0.3571221157937033,0.7943282347242815,0.7
0.028399149053711596,5.326194102082784e-05,1.5125938019404859e-06,7.827782647377542e-11,4252.6412225800495,120.77139195200914,1.4479181346882011e-05,1157.204425303975,0.0005126335848837494,0.0005126335848837494,1.0,False,True,-116.19193676109808,18233.593791454874,987521.473299359,26.65933907471419,44301.39195243191,0.005113908232714679,0.36056708634070944,0.7943282347242815,0.7
0.027984750614111667,5.448915091643449e-05,1.5248652995711133e-06,8.076560167988854e-11,4350.626449757072,121.75119621160967,1.5142638732094144e-05,1210.229234081124,0.0005249063450414714,0.0005249063450414714,1.0,False,True,-115.08534688718285,19543.482848775682,980545.6544094343,26.934766574389258,43888.05676064885,0.00518673841738434,0.36401512770659694,0.7943282347242815,0.7
0.027579621394544528,5.5744839614771196e-05,1.537421571274997e-06,8.334197676749307e-11,4450.8855356808535,122.75373794453243,1.582329174362259e-05,1264.6283508659149,0.0005374639241608691,0.0005374639241608691,1.0,False,True,-113.97875701326763,20912.809020218025,973586.9592894643,27.21363320285199,43478.28666261648,0.0052609495964890006,0.3674659758330059,0.7943282347242815,0.7
0.02718355311546469,5.7029680589275284e-05,1.5502693514565502e-06,8.601048345589337e-11,4553.472253098818,123.77955485190641,1.6521523523990018e-05,1320.4323971563533,0.0005503130584333881,0.0005503130584333881,1.0,False,True,-112.87216713935241,22343.110043826586,966645.7683352663,27.496004501544412,43072.04961561274,0.005336570733572498,0.37091936177853985,0.7943282347242815,0.7
0.026796342986963453,5.834436115886492e-05,1.563415512968213e-06,8.877480102029632e-11,4658.441480235615,124.82919568909126,1.7237725266414286e-05,1377.6726378777155,0.0005634606225730932,0.0005634606225730932,1.0,False,True,-111.76557726543719,23835.95789909078,959722.4719010077,27.781947393597356,42669.31469780775,0.005413631287176146,0.3743750114551207,0.7943282347242815,0.7
0.02641779355016202,5.9689582478724464e-05,1.576867067018311e-06,9.16387620495491e-11,4765.849200057376,125.90322025832054,1.797229621071953e-05,1436.3809810557502,0.0005769136297274348,0.0005769136297274348,1.0,False,True,-110.65898739152198,25392.959518773892,952817.4705894024,28.071530207573232,42270.05210412335,0.005492161204924273,0.37783264535700484,0.7943282347242815,0.7
0.026047712523339935,6.106605949868269e-05,1.5906311627548586e-06,9.460635835031174e-11,4875.752496948479,127.00219937547085,1.872564362039446e-05,1496.5899759831357,0.0005906792310640326,0.0005906792310640326,1.0,False,True,-109.55239751760675,27015.75749954723,945931.175550084,28.364822700925494,41874.233142792036,0.005572190916002738,0.3812919782824428,0.7943282347242815,0.7
0.025685912652686042,6.247452088582545e-05,1.6047150864917225e-06,9.768174699056889e-11,4988.209550532639,128.12671480827566,1.9498182738858397e-05,1558.3328097241754,0.0006047647149998928,0.0006047647149998928,1.0,False,True,-108.44580764369154,28706.03080967551,939064.0087863265,28.66189608309542,41481.83023263664,0.00565375132188364,0.384752719047615,0.7943282347242815,0.7
0.02533221156753872,6.391570890780746e-05,1.6191262605417977e-06,1.008692564737612e-10,5103.27962635606,129.27735918316168,2.029033672289154e-05,1621.6433017944146,0.0006191775060377007,0.0006191775060377007,1.0,False,True,-107.33921776977631,30465.495491824906,932216.4034702436,28.96282303816252,41092.81690103671,0.005736873785139409,0.3882145701929568,0.7943282347242815,0.7
0.024986431640006114,6.539037927297844e-05,1.6338722416183486e-06,1.0417339303263763e-10,5221.023063122493,130.4547358576055,2.1102536550984868e-05,1686.5558968357857,0.0006339251631703401,0.0006339251631703401,1.0,False,True,-106.2326278958611,32295.905358874206,925388.8042666033,29.26767774695518,40707.16778260703,0.005821590116178251,0.39167722768147717,0.7943282347242815,0.7
0.024648399848838796,6.689930092323094e-05,1.6489607187635865e-06,1.0759884702984461e-10,5341.501256153385,131.65945875474333,2.1935220904243803e-05,1753.1056550981973,0.0006490153778127024,0.0006490153778127024,1.0,False,True,-105.12603802194587,34199.05268040705,918581.6676653952,29.57653590852122,40324.85861855594,0.005907932557721083,0.39514038058918616,0.7943282347242815,0.7
0.024317947647447352,6.844325577510454e-05,1.6643995107598409e-06,1.1115049944959735e-10,5464.77663671664,132.89215215666866,2.2788836017265313e-05,1821.3282405213408,0.0006644559712161357,0.0006644559712161357,1.0,False,True,-104.01944814803065,36176.76885734301,911795.4623231957,29.889474760848632,39945.86625674993,0.005995933766828908,0.39860371078723345,0.7943282347242815,0.7
0.02399491083594923,7.002303840440211e-05,1.6801965629758775e-06,1.1483342846205068e-10,5590.91264684514,134.15345045263007,2.3663835496245624e-05,1891.2599061975038,0.0006802548913180741,0.0006802548913180741,1.0,False,True,-102.91285827411544,38230.925081931375,905030.6694135171,30.206573100717993,39570.168652468055,0.006085626794274727,0.402066892615744,0.7943282347242815,0.7
0.023679129437124975,7.163945566927446e-05,1.6963599435979265e-06,1.1865291603895194e-10,5719.973709242363,135.44399783810175,2.4560680101401786e-05,1962.9374769822773,0.0006964202089764093,0.0006964202089764093,1.0,False,True,-101.80626840020021,40363.432980080026,898287.7829861518,30.527911302557154,39197.74486982306,0.006177045061042663,0.4055295925494167,0.7943282347242815,0.7
0.02337044757618707,7.32933262662822e-05,1.712897839190523e-06,1.226144545954686e-10,5852.025191836619,136.7644479603438,2.5479837490533806e-05,2036.3983289995408,0.000712960113533681,0.000712960113533681,1.0,False,True,-100.699678526285,42576.245232723035,891567.3103355771,30.853571336159458,38828.57508388224,0.006270222331721914,0.40899146885444265,0.7943282347242815,0.7
0.023068713364245104,7.49854802136757e-05,1.7298185495295574e-06,1.267237536294762e-10,5987.133366524116,138.11546350585266,2.6421781920395717e-05,2111.680365774456,0.0007298829076534773,0.0007298829076534773,1.0,False,True,-99.59308865236977,44871.35617264323,884869.7723785093,31.18363678311428,38462.64058345105,0.006365192684547898,0.4124521712369555,0.7943282347242815,0.7
0.022773778785366156,7.671675825569157e-05,1.7471304816455326e-06,1.30986746325221e-10,6125.365361605656,139.4977157247516,2.738699390229044e-05,2188.8219907079347,0.0007471970013670267,0.0007471970013670267,1.0,False,True,-98.48649877845456,47250.80235285919,878195.7040405831,31.518192851786626,38099.92377452727,0.006461990477828805,0.4159113404828209,0.7943282347242815,0.7
0.02248549958713245,7.848801118125248e-05,1.7648421430108997e-06,1.3540959608356745e-10,6266.789107388979,140.911883886841,2.837595980806414e-05,2267.862075586941,0.0007649109052638256,0.0007649109052638256,1.0,False,True,-97.37990890453933,49716.66308235981,871545.654652132,31.857326390671357,37740.408184437,0.006560650312479634,0.4193686080885535,0.7943282347242815,0.7
0.02220373517458354,8.030009905014217e-05,1.782962133802184e-06,1.39998702936152e-10,6411.473274403546,142.35865466377632,2.938917142249181e-05,2348.8399248102724,0.0007830332227570016,0.0007830332227570016,1.0,False,True,-96.27331903062411,52271.06092462167,864920.1883531045,32.2011258999316,37384.078466593564,0.00666120699036813,0.42282359588382445,0.7943282347242815,0.7
0.02192834850746106,8.215389031913384e-05,1.8014991381616982e-06,1.4476070979472935e-10,6559.487203627233,143.83872143136915,3.0427125437705262e-05,2431.7952349822585,0.0008015726413481787,0.0008015726413481787,1.0,False,True,-95.1667291567089,54916.162153976395,858319.8845069784,32.54968154091812,37030.920405929006,0.006763695468162088,0.4262759156450162,0.7943282347242815,0.7
0.021659206000656208,8.40502608602138e-05,1.8204619143802624e-06,1.4970250848108355e-10,6710.90082809746,145.35278348573723,3.1490322885118096e-05,2516.768049511097,0.0008205379228132379,0.0008205379228132379,1.0,False,True,-94.06013928279367,57654.17716450091,851745.3381236127,32.903085143451406,36680.92092496954,0.006868150806348621,0.42972516870002725,0.7943282347242815,0.7
0.021396177427760073,8.599009286261515e-05,1.8398592839180786e-06,1.548312454762221e-10,6865.784585245291,146.90154516668835,3.2579268500053735e-05,2603.7987078286847,0.0008399378922260882,0.0008399378922260882,1.0,False,True,-92.95354940887844,60487.36082569047,845197.160290849,33.26143021063067,36334.068090519395,0.0069746081130794965,0.4331709455246352,0.7943282347242815,0.7
0.021139135827639693,8.797427360976865e-05,1.8597001191748376e-06,1.6015432731986568e-10,7024.209319242406,148.48571488123775,3.369447001393484e-05,2692.9277888210167,0.000859781425731497,0.000859781425731497,1.0,False,True,-91.84695953496325,63418.01277873591,838675.9786147379,33.62481192091868,35990.35112098227,0.007083102482477324,0.4366128253301108,0.7943282347242815,0.7
0.020887957413943396,9.000369412194825e-05,1.8799933299168425e-06,1.6567942558364028e-10,7186.246172624628,150.10600401989697,3.483643736869624e-05,2784.1960480425328,0.000880077436974717,0.000880077436974717,1.0,False,True,-90.74036966104802,66448.47766676237,832182.437668127,33.99332712723232,35649.76039427347,0.007193668927020136,0.44005037564254135,0.7943282347242815,0.7
0.020642521487455857,9.207924765480504e-05,1.9007478482630823e-06,1.7141448133246227e-10,7351.966466409019,151.76312575790308,3.600568184775089e-05,2877.644348261222,0.0009008348620898068,0.0009008348620898068,1.0,False,True,-89.6337797871328,69581.14529189932,825717.1994472801,34.3670743527512,35312.28745633416,0.00730634230360465,0.4434831518737754,0.7943282347242815,0.7
0.02040271035121778,9.42018280435595e-05,1.921972612127969e-06,1.7736770897941553e-10,7521.441567887717,153.45779373322242,3.720271511758872e-05,2973.313582861335,0.0009220626431443042,0.0009220626431443042,1.0,False,True,-88.52718991321757,72818.45069154142,819280.9438362878,34.74615378313554,34977.92503020628,0.00742115723286748,0.4469106968844511,0.7943282347242815,0.7
0.020168409228333916,9.637232788208467e-05,1.9436765470130586e-06,1.8354759942919155e-10,7694.742745238838,155.19072059273046,3.842804817378016e-05,3071.244591605923,0.0009437697099325297,0.0009437697099325297,1.0,False,True,-87.42060003930234,76162.87412561991,812874.36907875,35.130667254825866,34646.667025676375,0.007538148011329757,0.4503325405391034,0.7943282347242815,0.7
0.019939506182386275,9.859163652571982e-05,1.965868546036171e-06,1.8996292239456963e-10,7871.941008063327,156.96261639765876,3.968219018492609e-05,3171.4780682430683,0.0009659649600058631,0.0009659649600058631,1.0,False,True,-86.31401016538715,79616.94096614483,806498.1922563346,35.5207182390745,34318.50854943287,0.007657348515909998,0.45374819925402227,0.7943282347242815,0.7
0.019715892040386006,0.00010086063790606108,1.988557448080365e-06,1.9662272775845808e-10,8053.106932909306,158.77418687892396,4.096564722775531e-05,3274.054459412405,0.0009886572368223968,0.0009886572368223968,1.0,False,True,-85.20742029147192,83183.2214796922,800153.1497736134,35.916411821336794,33993.44591575436,0.007778792100335895,0.45715717553782254,0.7943282347242815,0.7
0.01949746031818343,0.00010318020814567928,2.0117520139422884e-06,2.0353634584207527e-10,8238.310472821846,160.62613153271892,4.2278920906396696e-05,3379.013854294651,0.0010118553058954094,0.0010118553058954094,1.0,False,True,-84.1008304175567,86864.33049289945,793839.9978485922,36.31785467562736,33671.476657661515,0.007902511482968328,0.46055895752559983,0.7943282347242815,0.7
0.01928410714826932,0.00010555121296019544,2.035460900354202e-06,2.1071338642642894e-10,8427.620749914531,162.51914154632965,4.3622506848553176e-05,3486.3958644229037,0.0010355678288148857,0.0010355678288148857,1.0,False,True,-82.99424054364147,90662.92693040546,787559.5130081314,36.72515503342364,33352.59953852619,0.008028538625539604,0.46395301850695464,0.7943282347242815,0.7
0.01907573120990168,0.00010797450483476569,2.0596926317502196e-06,2.1816373636036127e-10,8621.105829928998,164.45389754384192,4.499689307108633e-05,3596.239493056968,0.0010598033350125284,0.0010598033350125284,1.0,False,True,-81.88765066972627,94581.71321401595,781312.4925875369,37.13842264667216,33036.814564102766,0.008156904602291888,0.467338816448512,0.7943282347242815,0.7
0.018872233661487665,0.00011045091996175837,2.084455569644576e-06,2.2589755557400483e-10,8818.832477727126,166.43106714118255,4.640255820736292e-05,3708.582993509435,0.001084570191138003,0.001084570191138003,1.0,False,True,-80.78106079581104,98623.43451120726,775099.755233326,37.557768744431435,32724.122994931804,0.008287639458995048,0.4707157935117633,0.7943282347242815,0.7
0.018673518075162213,0.00011298127492602103,2.109757879485925e-06,2.339252713008602e-10,9020.865892629816,168.45130229963715,4.7839969588493174e-05,3823.463715794498,0.0011098765679102966,0.0011098765679102966,1.0,False,True,-79.67447092189582,102790.87782039338,768922.1414081607,37.98330598265672,32414.527359095246,0.00842077206131359,0.4740833755668054,0.7943282347242815,0.7
0.018479490373495847,0.00011556636312404731,2.1356074948507576e-06,2.422575702961383e-10,9227.269422509298,170.51523646691317,4.9309581170539175e-05,3940.917940966409,0.0011357304043071953,0.0011357304043071953,1.0,False,True,-78.56788104798059,107086.87087968575,762780.5138967731,38.41514838660831,32108.03146524904,0.008556329931988819,0.47744097170317357,0.7943282347242815,0.7
0.018290058768279063,0.00011820695090307038,2.162012078836235e-06,2.509053888220335e-10,9438.104255519298,172.62348149459265,5.081183129960715e-05,4060.9807025012856,0.0011621393689530339,0.0011621393689530339,1.0,False,True,-77.46129117406537,111514.28088516442,756675.7583116218,38.853411285337714,31804.640415912218,0.008694339076300867,0.4807879737384531,0.7943282347242815,0.7
0.018105133701321375,0.00012090377340621002,2.188978982513696e-06,2.5987990015407036e-10,9653.429088355344,174.77662432089843,5.2347140306797266e-05,4183.685594080812,0.001189110818565873,0.001189110818565873,1.0,False,True,-76.35470130015017,116076.01300396826,750608.7835968689,39.298211237680206,31504.360620931493,0.008834823795278798,0.4841237557260677,0.7943282347242815,0.7
0.01792462778721173,0.00012365753010980273,2.216515200304141e-06,2.691924993451782e-10,9873.29976993781,176.97522340769845,5.391590792498332e-05,4309.064563136228,0.00121665175332527,0.00121665175332527,1.0,False,True,-75.24811142623494,120775.00866680242,744580.5225289711,39.74966594915794,31207.199811083683,0.008977806486139299,0.4874476734632355,0.7943282347242815,0.7
0.01774845575798724,0.0001264688800392807,2.244627322139369e-06,2.788547849668554e-10,10097.768919429007,179.21980492086433,5.551851051953406e-05,4437.147689522176,0.0012447687690241688,0.0012447687690241688,1.0,False,True,-74.14152155231972,125614.24362375496,738591.9322123757,40.20789417916883,30913.167051723576,0.009123307429441011,0.49075906400075775,0.7943282347242815,0.7
0.017576534409657504,0.00012933843665036143,2.273321482276385e-06,2.888785375296063e-10,10326.885517527395,181.510858643414,5.715529812531483e-05,4567.962948708088,0.0012734680058723799,0.0012734680058723799,1.0,False,True,-73.03493167840449,130596.7257466309,732643.9945681641,40.673015637817386,30622.272756423627,0.00927134456247368,0.494057245155954,0.7943282347242815,0.7
0.01740878255053832,0.0001322667623627845,2.3026033046374413e-06,2.9927569426767423e-10,10560.69447001979,183.84883361124702,5.8826591282584745e-05,4701.5359588969195,0.0013027550938238678,0.0013027550938238678,1.0,False,True,-71.92834180448929,135725.49256034274,726737.7168137695,41.14515087171353,30334.528700518604,0.009421933238419685,0.49734151503050206,0.7943282347242815,0.7
0.01724512095134165,0.0001352543627347336,2.332477844557118e-06,3.100583199573804e-10,10799.236142644486,186.23413346200442,6.0532677664924856e-05,4837.88971152258,0.0013326350943090547,0.0013326350943090547,1.0,False,True,-70.82175193057407,141003.60848526933,720874.1319312929,41.62442113805032,30049.948034457884,0.009575085970873056,0.5006111515351496,0.7943282347242815,0.7
0.017085472296985007,0.00013830168026681452,2.3629495268251377e-06,3.2123857342230165e-10,11042.545866376684,188.66711148816515,6.227380849275856e-05,4977.044284611494,0.0013631124382606939,0.0013631124382606939,1.0,False,True,-69.71516205665884,146434.16177190345,715054.2991221373,42.11094826624478,29768.545296898083,0.00973081216333853,0.5038654119230082,0.7943282347242815,0.7
0.016929761140063993,0.0001414090878260752,2.3940220799297843e-06,3.3282866936612524e-10,11290.65341237658,191.14806538678394,6.405019472695803e-05,5119.016538568197,0.0013941908603379808,0.0013941908603379808,1.0,False,True,-68.60857218274361,152020.26110858488,709279.3042450706,42.60485450641427,29490.336427384136,0.009889117823401818,0.5071035323342006,0.7943282347242815,0.7
0.016777913855958893,0.0001445768816816327,2.4256984664175945e-06,3.4484083516063456e-10,11543.582435926653,193.6772316991375,6.586200303765777e-05,5263.819793995049,0.0014258733292643786,0.0014258733292643786,1.0,False,True,-67.50198230882839,157765.03188265167,703550.2602349124,43.10626236394194,29215.338778571095,0.010050005261324654,0.5103247273535335,0.7943282347242815,0.7
0.016629858599524254,0.000147805274145747,2.4579808093076904e-06,3.572872622085667e-10,11801.349888866276,196.25477993535745,6.77093515447109e-05,5411.463491261187,0.0014581619742173597,0.0014581619742173597,1.0,False,True,-66.39539243491319,163671.61207497204,697868.3074987171,43.615294419375125,28943.571127801988,0.010213472772904112,0.5135281895845488,0.7943282347242815,0.7
0.016485525263328884,0.00015109438581608497,2.4908703145182303e-06,3.701800514939215e-10,12063.965400183799,198.88080638065557,6.959230532732665e-05,5561.952831623999,0.0014910580072273094,0.0014910580072273094,1.0,False,True,-65.28880256099796,169743.14776755244,692234.6142858989,44.132073132894824,28675.05368796992,0.010379514306539593,0.5167130892421012,0.7943282347242815,0.7
0.016344845437403135,0.00015444423741774627,2.5243671892906566e-06,3.835311529310021e-10,12331.430624652054,201.5553275819974,7.15108717020636e-05,5715.288399837122,0.0015245616415711094,0.0015245616415711094,1.0,False,True,-64.18221268708274,175982.78824376952,686650.3770288335,44.65672063258939,28409.808117467946,0.01054811911455552,0.5198785737671778,0.7943282347242815,0.7
0.01620775237046437,0.00015785474124638081,2.5584705566250685e-06,3.9735229812499097e-10,12603.738559613468,204.27827351628838,7.346499526995189e-05,5871.465768306789,0.0015586720061735013,0.0015586720061735013,1.0,False,True,-63.07562281316751,182393.68066077607,681116.8206499316,45.18935848577313,28147.857529134853,0.01071927138896767,0.5230237674665558,0.7943282347242815,0.7
0.016074180932578598,0.00016132569221752183,2.593178365777933e-06,4.1165492616621257e-10,12880.87283032389,207.049480444162,7.545455273571085e-05,6030.475083033593,0.0015933870560672825,0.0015933870560672825,1.0,False,True,-61.969032939252315,188978.96427379153,675635.1988309732,45.7301074525973,27889.22649799224,0.010892949882029806,0.5261477711813377,0.7943282347242815,0.7
0.015944067579230295,0.00016485675853094775,2.6284872989102815e-06,4.2645010209380076e-10,13162.806944558793,209.86868345640727,7.747934750416591e-05,6192.300631747582,0.0016287034790002707,0.0016287034790002707,1.0,False,True,-60.86244306533709,195741.76419234843,670206.7942403479,46.27908722122217,27633.941067628257,0.011069127512064177,0.5292496619878182,0.7943282347242815,0.7
0.01581735031676537,0.0001684474719635763,2.6643926740213996e-06,4.417484276875283e-10,13449.503517560082,212.73550872381594,7.953910406168288e-05,6356.920394861523,0.0016646165983238953,0.0016646165983238953,1.0,False,True,-59.75585319142186,202685.18464913327,664832.918713397,46.83641612384223,27382.028755035208,0.011247770955275918,0.5323284929348178,0.7943282347242815,0.7
0.015693968669178694,0.0001720972178093241,2.7008883443523538e-06,4.5755994427704925e-10,13740.913468795203,215.64946546516745,8.163346215329184e-05,6524.305580095285,0.0017011202723475865,0.0017011202723475865,1.0,False,True,-58.64926331750664,209812.30176288376,659514.9133808683,47.40221083289575,27133.51855372366,0.011428840224463062,0.5353832928215614,0.7943282347242815,0.7
0.015573863646214206,0.00017580522449012166,2.737966594501233e-06,4.738940272992094e-10,14036.975192460055,218.6099376526643,8.376197076950332e-05,6694.42014189045,0.0017382067904007084,0.0017382067904007084,1.0,False,True,-57.54267344359141,217126.15577788983,654254.1487402163,47.976586036834796,26888.44093489206,0.011612288235770912,0.5384130660208223,0.7943282347242815,0.7
0.015456977712751454,0.000179570552868386,2.7756180335530988e-06,4.907592723855521e-10,14337.613704145082,221.61617547901034,8.592408196035906e-05,6867.220287017184,0.001775866765904931,0.001775866765904931,1.0,False,True,-56.436083569676214,224629.7427640439,649052.0246641827,48.55965409489065,26646.8278464572,0.011798060364901422,0.5414167923518483,0.7943282347242815,0.7
0.01534325475944879,0.00018339208529825733,2.813831485597725e-06,5.08163372827184e-10,14642.739766643297,224.66728661591983,8.811914449831456e-05,7042.653968099443,0.001814089026830022,0.001814089026830022,1.0,False,True,-55.32949369576099,232326.005763117,643909.9703407926,49.15152467034279,26408.712709709107,0.011986093994475368,0.5443934270082161,0.7943282347242815,0.7
0.015232640074619996,0.00018726851446021283,2.8525938780811924e-06,5.261129883413773e-10,14952.24899846226,227.76222729967296,9.034639741577666e-05,7220.660367122365,0.0018528605039791126,0.0018528605039791126,1.0,False,True,-54.22290382184576,240217.82536903015,638829.444138736,49.752304341883935,26174.130413377497,0.012176318054551953,0.547341900545575,0.7943282347242815,0.7
0.015125080317314158,0.00019119833203205366,2.891890128521312e-06,5.446136051584022e-10,15266.020969271483,230.89979328603332,9.260496344797516e-05,7401.16937137378,0.0018921661176333961,0.0018921661176333961,1.0,False,True,-53.116313947930536,248308.0097323963,633811.9333917565,50.362096192775965,25943.11730483514,0.012368652558648717,0.5502611189351135,0.7943282347242815,0.7
0.015020523491578798,0.00019517981725766564,2.9317030302008235e-06,5.636693875545117e-10,15583.918287187664,234.07861072354672,9.489384241671146e-05,7584.1010446604905,0.0019319886631702905,0.0019319886631702905,1.0,False,True,-52.00972407401531,256599.28398252878,628858.9540955297,50.98099937760991,25715.71117822259,0.012563008137959608,0.5531499636879497,0.7943282347242815,0.7
0.014918918921879245,0.00019921102548452828,2.9720131375480974e-06,5.832830210841321e-10,15905.785683564678,237.29712700188907,9.721190459606722e-05,7769.3650970827575,0.001972308696364907,0.001972308696364907,1.0,False,True,-50.90313420010011,265094.27906350524,623972.0505102691,51.609108666618326,25491.95125921051,0.012759285576850483,0.5560072920565761,0.7943282347242815,0.7
0.01482021722965185,0.0002032897767506529,3.012798652012104e-06,6.034555479074888e-10,16231.449101730177,240.55360163967862,9.955788410677631e-05,7956.860357099625,0.0020131044191817903,0.0020131044191817903,1.0,False,True,-49.796544326184886,273795.5199847583,619152.7946621074,52.24651396764424,25271.87818614584,0.012957375353112062,0.5588319373192022,0.7943282347242815,0.7
0.014724370310967896,0.00020741364451199118,3.0540353093420124e-06,6.241861947723835e-10,16560.71479693791,243.8460972844393,0.00010193037239195966,8146.474250096912,0.0020543515669675886,0.0020543515669675886,1.0,False,True,-48.68995445226966,282705.41349105444,614402.785736222,52.8932998260446,25055.533987303534,0.013157157186865383,0.561622709153205,0.7943282347242815,0.7
0.014631331315287318,0.00021157994461198275,3.0956962692880596e-06,6.454721943895326e-10,16893.368455653334,247.1724709058876,0.00010432781183307386,8338.082288161377,0.0020960232980616524,0.0020960232980616524,1.0,False,True,-47.583364578354434,291826.23516166426,609723.6493545746,53.549544903000964,24842.962053978226,0.013358499602445215,0.5643783941037864,0.7943282347242815,0.7
0.0145410546252783,0.0002157857246060272,3.1377520088515013e-06,6.673086011413287e-10,17229.17434317782,250.53036527259206,0.00010674848957135946,8531.547576278797,0.0021380900869528516,0.0021380900869528516,1.0,False,True,-46.47677470443924,301160.1159540077,605117.0367310056,54.215321432928384,24634.20710912851,0.013561259508029574,0.5670977561542447,0.7943282347242815,0.7
0.014453495837682165,0.0002200277535646549,3.180170220321297e-06,6.896881022811103e-10,17567.874489494006,253.91720081082434,0.00010919053160643463,8726.720340682074,0.0021805196222208644,0.0021805196222208644,1.0,False,True,-45.37018483052401,310709.0282131202,600584.6236965905,54.89069466090921,24429.315171294547,0.013765281798219484,0.5697795374041752,0.7943282347242815,0.7
0.014368611745204108,0.00022430251249021192,3.2229157154456503e-06,7.126008260145705e-10,17909.18792409653,257.330167953241,0.00011165189725007264,8923.437485586293,0.0022232767106107293,0.0022232767106107293,1.0,False,True,-44.263594956608785,320474.77117489727,596128.1095880771,55.575722261338875,24228.333513543475,0.013970398985218277,0.5724224588614584,0.7943282347242815,0.7
0.014286360319404364,0.00022860618549303043,3.2659503371980235e-06,7.36034148106405e-10,18252.809971463033,260.7662200939378,0.00011413037401965739,9121.522185063739,0.002266323188701153,0.002266323188701153,1.0,False,True,-43.15700508269356,330458.9559982722,591749.215992545,56.270453739252304,24031.310617121562,0.014176430864678935,0.5750252213548426,0.7943282347242815,0.7
0.014206700694573072,0.00023293465188308561,3.309232880697569e-06,7.599724989157863e-10,18598.411619621198,264.22206727442835,0.000116623573061617,9320.78351727577,0.00230961784372744,0.00230961784372744,1.0,False,True,-42.05041520877833,340662.9903692012,587449.6853415191,56.97492981609994,23838.296119603,0.01438318422269952,0.5775865065724053,0.7943282347242815,0.7
0.014129593152564556,0.0002372834793432321,3.3527190249448255e-06,7.843971730379521e-10,18945.63897507328,267.6941707331556,0.0001191289252009777,9521.016148745457,0.0023531163452210147,0.0023531163452210147,1.0,False,True,-40.943825334863135,351088.0627275801,583231.2793481542,57.68918180206348,23649.34075725705,0.014590452590818306,0.5801049782319733,0.7943282347242815,0.7
0.01405499910857097,0.00024164791835866055,3.3963612771190046e-06,8.092861440048195e-10,19294.112818022222,271.1787384579701,0.00012164367771812599,9722.000076750128,0.0023967711892130938,0.0023967711892130938,1.0,False,True,-39.83723546094791,361735.12617694,579095.7772815531,58.41323095734081,23464.49630140887,0.01479801605618961,0.5825792833887374,0.7943282347242815,0.7
0.013982881097813803,0.0002460228980847236,3.4401089312582534e-06,8.34613886774122e-10,19643.42827244271,274.67172188700044,0.00012416489195821707,9923.500438260626,0.0024405316568252783,0.0024405316568252783,1.0,False,True,-38.73064558703268,372604.88214589364,575044.9740728175,59.147087845182234,23283.81548857851,0.015005641134396095,0.5850080538850091,0.7943282347242815,0.7
0.013913202763129715,0.0002504030238412251,3.4839080432037693e-06,8.603512110069413e-10,19993.154606015476,278.16881390809414,0.0001266894418821017,10125.267394128556,0.0024843437891294493,0.0024843437891294493,1.0,False,True,-37.62405571311746,383697.76387979323,571080.6782479378,59.8907516798282,23107.35194420522,0.015213080712565668,0.5873899079465481,0.7943282347242815,0.7
0.013845928843430428,0.0002547825764248669,3.527701423724582e-06,8.864651083878395e-10,20342.835175230346,281.66544830987294,0.0001292140136697353,10327.036097389966,0.0025281503801954375,0.0025281503801954375,1.0,False,True,-36.51746583920226,395013.9198507707,567204.709683567,60.64420967287255,22935.160099809764,0.015420074070574084,0.5897234519290345,0.7943282347242815,0.7
0.01378102516301092,0.0002591555134333251,3.5714286517576677e-06,9.129186174770234e-10,20691.987531105686,285.15680083887565,0.00013173510648805488,10528.526754635566,0.002571890990262884,0.002571890990262884,1.0,False,True,-35.41087596528703,406553.19718419766,563418.8971825297,61.40743638195628,22767.295103434662,0.015626346988141117,0.5920072822181301,0.7943282347242815,0.7
0.013718458621684434,0.0002635154727928132,3.6150261096818178e-06,9.396707097839115e-10,21040.10370084276,288.63779201596094,0.0001342490345343803,10729.44478932335,0.0026155019809575917,0.0026155019809575917,1.0,False,True,-34.30428609137181,418315.12520945916,559725.0758669382,62.18039306607521,22603.812723298688,0.015831611945536343,0.5942399872849453,0.7943282347242815,0.7
0.013658197185719048,0.0002678557786767647,3.6584270425015723e-06,9.666762009129628e-10,21386.650660396514,292.1030918617841,0.0001367519304639441,10929.481115713465,0.002658916574430608,0.002658916574430608,1.0,False,True,-33.19769621745658,430298.8992526561,556125.0843878303,62.96302705215828,22444.769244621966,0.016035568425396194,0.5964201498980602,0.7943282347242815,0.7
0.013600209879549758,0.0002721694499953011,3.701561642737718e-06,9.938856907404966e-10,21731.071012307748,295.5471266747852,0.00013923975030555056,11128.31253173727,0.0027020649382185503,0.0027020649382185503,1.0,False,True,-32.091106343541355,442503.36479824636,552620.7619518498,63.755271117932594,22290.221359581665,0.01623790332277056,0.5985463494927834,0.7943282347242815,0.7
0.013544466778240363,0.00027644921162327973,3.7443571627022516e-06,1.0212455366256111e-09,22072.783882194355,298.96408799566075,0.0001417082799624842,11325.60223856264,0.0027448742975051004,0.0027448742975051004,1.0,False,True,-30.984516469626158,454927.00215553073,549213.9451663824,64.55704289643067,22140.22605050195,0.016438291470024718,0.6006171646958947,0.7943282347242815,0.7
0.013490939000669219,0.00028068750851867753,3.7867380556753e-06,1.0486978636282688e-09,22411.186046018116,302.34794387947954,0.00014415314338650991,11521.000493875992,0.0027872690763031467,0.0027872690763031467,1.0,False,True,-29.87792659571093,467567.911774071,545906.4647067394,65.3682443078057,21994.84046635098,0.016636396282494702,0.6026311760040279,0.7943282347242815,0.7
0.013439598703408303,0.0002848765228629298,3.828626147300097e-06,1.0761806155945696e-09,22745.65329863627,305.6924525805268,0.00014656981250114732,11714.145404969744,0.002829171068875652,0.002829171068875652,1.0,False,True,-28.771336721795706,480423.8003593738,542700.1418099843,66.18876102439616,21854.121792741353,0.016831870529961965,0.6045869686116007,0.7943282347242815,0.7
0.013390419075268783,0.0002890081943295044,3.869940838258783e-06,1.1036276507573336e-09,23075.542072123553,308.9911787347305,0.00014895361893573522,11904.663866551638,0.0028704996424598382,0.0028704996424598382,1.0,False,True,-27.66474684788048,493491.9679462741,539596.7846023333,67.01846197520804,21718.127115665993,0.017024357237925655,0.6064831353831115,0.7943282347242815,0.7
0.013343374332480779,0.0002930742435576588,3.910599338998484e-06,1.1309688851889154e-09,23400.19131000858,312.2375121011082,0.00015129976761482316,12092.172646835428,0.0029111719720658243,0.0029111719720658243,1.0,False,True,-26.558156973965254,506769.2960921307,536598.1842685844,67.85719889615677,21586.913279271357,0.01721349072142798,0.6083182799630432,0.7943282347242815,0.7
0.013298439714478895,0.00029706619887355127,3.95051693692932e-06,1.158130487016318e-09,23718.924600791644,315.4246888958981,0.00015360335222729484,12276.279623863407,0.0029511033077728632,0.0029511033077728632,1.0,False,True,-25.451567100050056,520252.23735500127,533706.1110741372,68.70480593252105,21460.536738086375,0.017398897752749578,0.610091020014342,0.7943282347242815,0.7
0.013255591480257211,0.00030097542626260495,3.989607296133369e-06,1.185035123773613e-09,24031.05257105521,318.5458157224926,0.00015585937257747576,12456.585172240795,0.002990207274563373,0.002990207274563373,1.0,False,True,-24.34497722613483,533936.8062231429,530922.3102521173,69.5610993000958,21339.053404120932,0.017580198862686868,0.6117999905758371,0.7943282347242815,0.7
0.01321480690526542,0.000304793162553081,4.027782789184141e-06,1.2116022646054436e-09,24335.875534969902,321.59389606520006,0.0001580627537950405,12632.683698428993,0.0030283962042952158,0.0030283962042952158,1.0,False,True,-23.238387352219604,547818.5716612528,528248.4977702759,70.425877011486,21222.518489429604,0.017757009773338828,0.613443847525748,0.7943282347242815,0.7
0.013176064278806661,0.0003085105517247834,4.064954860215853e-06,1.2377485382711647e-09,24632.68639332319,324.5618592781126,0.00016020836735388771,12804.165320615104,0.003065581498951947,0.003065581498951947,1.0,False,True,-22.131797478304378,561892.6514356451,525686.3559942963,71.29891867384791,21110.986344698176,0.017928942958410948,0.6150212711382793,0.7943282347242815,0.7
0.013139342901907419,0.00031211868420561936,4.101034417869788e-06,1.2633881470130044e-09,24920.773771110136,327.4425919594765,0.00016229105382051622,12970.617686806525,0.0031016740237984055,0.0031016740237984055,1.0,False,True,-21.02520760438918,576153.7083748322,523237.5292662691,72.17998536415115,21004.51029461965,0.018095609324985593,0.6165309697166851,0.7943282347242815,0.7
0.01310462308561875,0.0003156086389670097,4.135932256227789e-06,1.2884333353804052e-09,25199.425378595195,330.2289715606656,0.00016430564722248834,13131.627922406093,0.0031365845285511946,0.0031365845285511946,1.0,False,True,-19.918617730473954,590595.9487136336,520903.61941910326,73.06881958770052,20903.14247076276,0.01825662000855941,0.6179716832864245,0.7943282347242815,0.7
0.013071886149716177,0.00031897152817400294,4.169559501291552e-06,1.3127949120350824e-09,25467.93157635161,332.9139020348299,0.00016624700089565427,13286.784695972681,0.0031702240941217288,0.0031702240941217288,1.0,False,True,-18.81202785655873,605213.1226578397,518686.1812494739,73.96514532521493,20806.933642842523,0.018411588270947268,0.6193421873284853,0.7943282347242815,0.7
0.013041114421759495,0.0003221985440916129,4.201828080023046e-06,1.3363828214388003e-09,25725.58912044644,335.4903512869132,0.00016811001463735298,13435.680389358005,0.003202504601945624,0.003202504601945624,1.0,False,True,-17.705437982643502,619998.5272925798,516586.71797394415,74.86866817321085,20715.93304925591,0.018560131488412776,0.620641296533015,0.7943282347242815,0.7
0.013012291236475775,0.00032528100789443957,4.232651208416823e-06,1.3591067611576747e-09,25971.705059591153,337.95139014325156,0.00016988966296128748,13577.913355891385,0.0032333392223670232,0.0032333392223670232,1.0,False,True,-16.598848108728276,634945.0119408561,514606.6766941522,75.77907558178009,20630.188227904,0.018701873215220766,0.621867868550619,0.7943282347242815,0.7
0.012985400935428567,0.0003282104199743168,4.261943894551896e-06,1.380876839337936e-09,26205.60075190057,340.29023251719724,0.0001715810242194843,13713.090247863563,0.003262642918022774,0.003262642918022774,1.0,False,True,-15.492258234813079,650044.9860593053,512747.4438988509,76.6960371930861,20549.74484829836,0.018836445305667738,0.623020807718543,0.7943282347242815,0.7
0.012960428866936342,0.0003309785112916726,4.289623452080209e-06,1.4016042657484887e-09,26426.61596498584,342.50027640804325,0.00017317931032835368,13840.828392291447,0.0032903329576801743,0.0032903329576801743,1.0,False,True,-14.385668360897853,665290.4297362451,511010.3410314066,77.61920528304027,20474.646546061194,0.01896349007570428,0.62409906873697,0.7943282347242815,0.7
0.012937361386202434,0.00033357729527204796,4.315610019166441e-06,1.4212020686809692e-09,26634.11301957503,344.5751453352015,0.00017467989681025517,13960.758191898638,0.003316329435539098,0.003316329435539098,1.0,False,True,-13.279078486982627,680672.9068326661,509396.62015251245,78.54821530766034,20404.93476091069,0.019082662483474268,0.6251016602706057,0.7943282347242815,0.7
0.012916185855621818,0.0003359991197106714,4.339827077508356e-06,1.4395858289804133e-09,26827.480933776926,346.5087297788135,0.00017607835283966363,14072.525526463653,0.003340555790623337,0.003340555790623337,1.0,False,True,-12.1724886130674,696183.5807803323,507907.45972848724,79.4826865545753,20340.64857928479,0.01919363230657344,0.6260276484496328,0.7943282347242815,0.7
0.012896890645228363,0.0003382367181174251,4.362201965761363e-06,1.4566744215927494e-09,27006.139522663485,348.29522817357065,0.0001773704709653375,14175.794128273606,0.003362939320579921,0.003362939320579921,1.0,False,True,-11.065898739152203,711813.2330228583,506543.9605756573,80.42222289903296,20281.824582758418,0.01929608629262428,0.626876160243979,0.7943282347242815,0.7
0.012879465133247843,0.0003402832599123421,4.382666381468924e-06,1.4723907542880664e-09,27169.543406074223,349.9291869847968,0.000178552296167044,14270.247904394384,0.003383411683982882,0.003383411683982882,1.0,False,True,-9.959308865236977,727552.284056017,505307.14199149143,81.36641366260629,20228.49670337291,0.01938973025888362,0.6276463866853766,0.7943282347242815,0.7
0.012863899706726469,0.0003421323988690893,4.4011568654737015e-06,1.48666249268418e-09,27317.185876532945,351.4055393857246,0.00017962015389805355,14355.593177881508,0.0034019093851108094,0.0034019093851108094,1.0,False,True,-8.852718991321751,743390.8169929935,504197.93810244265,82.31483457160105,20180.6960870681,0.019474291116155115,0.6283375859107858,0.7943282347242815,0.7
0.012850185762200591,0.0003437783192028959,4.417615262774303e-06,1.499422760391951e-09,27448.6025790878,352.71964205409654,0.00018057067676404057,14431.560820009954,0.0034183742351574366,0.0034183742351574366,1.0,False,True,-7.746129117406525,759318.603549446,503217.19445781014,83.26704881096026,20138.450966254823,0.019549518792233343,0.6289490860032011,0.7943282347242815,0.7
0.012838315706380766,0.00034521577870844994,4.43198915388316e-06,1.5106108030378759e-09,27563.37495560931,353.86730961346126,0.00018140082949427241,14497.908246020288,0.0034327537839250965,0.0034327537839250965,1.0,False,True,-6.639539243491299,775325.1323125524,502365.6648975853,84.22260816826214,20101.786542617447,0.019615188030543587,0.6294802876055,0.7943282347242815,0.7
0.012828282956822848,0.0003464401483749887,4.444232250958046e-06,1.5201726051235287e-09,27661.133407813733,354.84484626186,0.000182107931873536,14554.421247882994,0.0034450017162679855,0.0034450017162679855,1.0,False,True,-5.532949369576102,791399.639128353,501644.0087205408,85.18105426124072,20070.724881144997,0.019671100040549155,0.6299306662847938,0.7943282347242815,0.7
0.012820081942560669,0.0003474474479390567,4.454304753312289e-06,1.5280614491549283e-09,27741.560135934047,355.64907415714896,0.00018268967932248933,14600.915639120318,0.0034550782078849396,0.0034550782078849396,1.0,False,True,-4.426359495660876,807531.1394132255,501052.78817694495,86.14191984114662,20045.284816272215,0.01971708397786347,0.6302997746270664,0.7943282347242815,0.7
0.01281370810467973,0.00034823437687971586,4.462173657351711e-06,1.5342384072149249e-09,27804.391613498483,356.27735816357466,0.00018314416083978503,14637.238688775795,0.0034629502355048012,0.0034629502355048012,1.0,False,True,-3.3197696217456496,823708.4621688357,500592.46630770393,87.10473016323041,20025.481870989097,0.019752998233857153,0.6305872440429436,0.7943282347242815,0.7
0.012809157896813696,0.00034879834041648096,4.467813016541279e-06,1.5386727561537476e-09,27849.420663107125,356.72762660852516,0.0001834698740514232,14663.270324187892,0.0034685918370628843,0.0034685918370628843,1.0,False,True,-2.2131797478304236,839920.2854559894,500263.40514914616,88.06900441469709,20011.328189637425,0.019778731516813752,0.6307927862683035,0.7943282347242815,0.7
0.012806428785545589,0.0003491374701358498,4.47120414766031e-06,1.5413423088160753e-09,27876.498103334583,356.99838775075096,0.00018366573715077056,14678.924085259632,0.0034719843181235826,0.0034719843181235826,1.0,False,True,-1.106589873915226,856155.1730619622,500065.8643195249,89.03425718966648,20002.832484969076,0.01979420370936582,0.6309161945464521,0.7943282347242815,0.7
0.012805519250704231,0.0003492506389454254,4.4723357803363976e-06,1.542233655168254e-09,27885.533942725477,357.08874171973736,0.0001837310975550055,14684.147816298584,0.003473116401536135,0.003473116401536135,1.0,False,True,0.0,872401.6120786167,500000.0,90.0,20000.0,0.01979936648995821,0.6309573444801932,0.7943282347242815,0.7
0.012806428785545589,0.0003491374701358498,4.47120414766031e-06,1.5413423088160753e-09,27876.498103334583,356.99838775075096,0.00018366573715077056,14678.924085259632,0.0034719843181235826,0.0034719843181235826,1.0,False,True,1.106589873915226,888648.0510952713,500065.8643195249,89.03425718966648,20002.832484969076,0.01979420370936582,0.6309161945464521,0.7943282347242815,0.7
0.012809157896813696,0.00034879834041648096,4.467813016541279e-06,1.5386727561537476e-09,27849.420663107125,356.72762660852516,0.0001834698740514232,14663.270324187892,0.0034685918370628843,0.0034685918370628843,1.0,False,True,2.213179747830452,904882.9387012445,500263.40514914616,88.06900441469706,20011.328189637425,0.019778731516813752,0.6307927862683035,0.7943282347242815,0.7
0.01281370810467973,0.00034823437687971586,4.462173657351711e-06,1.5342384072149249e-09,27804.391613498483,356.27735816357466,0.00018314416083978503,14637.238688775795,0.0034629502355048012,0.0034629502355048012,1.0,False,True,3.319769621745678,921094.7619883983,500592.46630770393,87.1047301632304,20025.481870989097,0.019752998233857153,0.6305872440429436,0.7943282347242815,0.7
0.012820081942560669,0.0003474474479390567,4.454304753312289e-06,1.5280614491549283e-09,27741.560135934047,355.64907415714896,0.00018268967932248933,14600.915639120318,0.0034550782078849396,0.0034550782078849396,1.0,False,True,4.426359495660876,937272.0847440081,501052.78817694495,86.14191984114662,20045.284816272215,0.01971708397786347,0.6302997746270664,0.7943282347242815,0.7
0.012828282956822848,0.0003464401483749887,4.444232250958046e-06,1.5201726051235287e-09,27661.133407813733,354.84484626186,0.000182107931873536,14554.421247882994,0.0034450017162679855,0.0034450017162679855,1.0,False,True,5.532949369576102,953403.5850288806,501644.0087205408,85.18105426124072,20070.724881144997,0.019671100040549155,0.6299306662847938,0.7943282347242815,0.7
0.012838315706380823,0.0003452157787084428,4.431989153883088e-06,1.5106108030378198e-09,27563.37495560874,353.8673096134555,0.00018140082949426824,14497.908246019955,0.003432753783925025,0.003432753783925025,1.0,False,True,6.639539243491328,969478.0918446814,502365.6648975853,84.22260816826211,20101.786542618356,0.019615188030543587,0.6294802876054868,0.7943282347242815,0.7
0.01285018576220053,0.00034377831920290314,4.417615262774375e-06,1.499422760392007e-09,27448.602579088383,352.7196420541023,0.00018057067676404464,14431.56082001028,0.003418374235157509,0.003418374235157509,1.0,False,True,7.746129117406554,985484.6206077879,503217.19445781014,83.26704881096025,20138.450966253913,0.019549518792233343,0.6289490860032143,0.7943282347242815,0.7
0.012863899706726469,0.0003421323988690893,4.4011568654737015e-06,1.48666249268418e-09,27317.185876532945,351.4055393857246,0.00017962015389805355,14355.593177881508,0.0034019093851108094,0.0034019093851108094,1.0,False,True,8.852718991321751,1001412.4071642401,504197.93810244265,82.31483457160105,20180.6960870681,0.019474291116155115,0.6283375859107858,0.7943282347242815,0.7
0.012879465133247843,0.0003402832599123421,4.382666381468924e-06,1.4723907542880664e-09,27169.543406074223,349.9291869847968,0.000178552296167044,14270.247904394384,0.003383411683982882,0.003383411683982882,1.0,False,True,9.959308865236977,1017250.9401012167,505307.14199149143,81.36641366260629,20228.49670337291,0.01938973025888362,0.6276463866853766,0.7943282347242815,0.7
0.012896890645228363,0.0003382367181174251,4.362201965761363e-06,1.4566744215927494e-09,27006.139522663485,348.29522817357065,0.0001773704709653375,14175.794128273606,0.003362939320579921,0.003362939320579921,1.0,False,True,11.065898739152203,1032989.9911343753,506543.9605756573,80.42222289903296,20281.824582758418,0.01929608629262428,0.626876160243979,0.7943282347242815,0.7
0.012916185855621884,0.0003359991197106644,4.339827077508288e-06,1.4395858289803601e-09,26827.480933776365,346.50872977880806,0.00017607835283965948,14072.525526463322,0.003340555790623267,0.003340555790623267,1.0,False,True,12.17248861306743,1048619.6433769015,507907.45972848724,79.48268655457527,20340.6485792857,0.01919363230657344,0.6260276484496197,0.7943282347242815,0.7
0.012937361386202375,0.00033357729527205485,4.3156100191665104e-06,1.4212020686810216e-09,26634.11301957558,344.575145335207,0.00017467989681025904,13960.758191898947,0.0033163294355391675,0.0033163294355391675,1.0,False,True,13.279078486982655,1064130.3173245676,509396.62015251245,78.54821530766031,20404.934760909782,0.019082662483474268,0.6251016602706188,0.7943282347242815,0.7
0.012960428866936342,0.0003309785112916726,4.289623452080209e-06,1.4016042657484887e-09,26426.61596498584,342.50027640804325,0.00017317931032835368,13840.828392291447,0.0032903329576801743,0.0032903329576801743,1.0,False,True,14.385668360897853,1079512.7944209885,511010.3410314066,77.61920528304027,20474.646546061194,0.01896349007570428,0.62409906873697,0.7943282347242815,0.7
0.012985400935428567,0.0003282104199743168,4.261943894551896e-06,1.380876839337936e-09,26205.60075190057,340.29023251719724,0.0001715810242194843,13713.090247863563,0.003262642918022774,0.003262642918022774,1.0,False,True,15.492258234813079,1094758.2380979282,512747.4438988509,76.6960371930861,20549.74484829836,0.018836445305667738,0.623020807718543,0.7943282347242815,0.7
0.013012291236475713,0.00032528100789444635,4.232651208416891e-06,1.359106761157725e-09,25971.705059591695,337.95139014325696,0.0001698896629612913,13577.913355891691,0.003233339222367091,0.003233339222367091,1.0,False,True,16.598848108728305,1109858.212216378,514606.6766941522,75.77907558178006,20630.18822790309,0.018701873215220766,0.621867868550632,0.7943282347242815,0.7
0.013041114421759559,0.0003221985440916062,4.201828080022979e-06,1.336382821438751e-09,25725.5891204459,335.49035128690787,0.00016811001463734907,13435.680389357694,0.003202504601945557,0.003202504601945557,1.0,False,True,17.70543798264353,1124804.6968646543,516586.71797394415,74.86866817321082,20715.93304925682,0.018560131488412776,0.620641296533002,0.7943282347242815,0.7
0.013071886149716177,0.00031897152817400294,4.169559501291552e-06,1.3127949120350824e-09,25467.93157635161,332.9139020348299,0.00016624700089565427,13286.784695972681,0.0031702240941217288,0.0031702240941217288,1.0,False,True,18.812027856558757,1139590.1014993943,518686.1812494739,73.9651453252149,20806.933642842523,0.018411588270947268,0.6193421873284853,0.7943282347242815,0.7
0.01310462308561875,0.0003156086389670097,4.135932256227789e-06,1.2884333353804052e-09,25199.425378595195,330.2289715606656,0.00016430564722248834,13131.627922406093,0.0031365845285511946,0.0031365845285511946,1.0,False,True,19.918617730473954,1154207.2754436,520903.61941910326,73.06881958770052,20903.14247076276,0.01825662000855941,0.6179716832864245,0.7943282347242815,0.7
0.013139342901907419,0.00031211868420561936,4.101034417869788e-06,1.2633881470130044e-09,24920.773771110136,327.4425919594765,0.00016229105382051622,12970.617686806525,0.0031016740237984055,0.0031016740237984055,1.0,False,True,21.02520760438918,1168649.5157824014,523237.5292662691,72.17998536415115,21004.51029461965,0.018095609324985593,0.6165309697166851,0.7943282347242815,0.7
0.013176064278806661,0.0003085105517247834,4.064954860215853e-06,1.2377485382711647e-09,24632.68639332319,324.5618592781126,0.00016020836735388771,12804.165320615104,0.003065581498951947,0.003065581498951947,1.0,False,True,22.131797478304406,1182910.572721589,525686.3559942963,71.29891867384788,21110.986344698176,0.017928942958410948,0.6150212711382793,0.7943282347242815,0.7
0.013214806905265357,0.00030479316255308734,4.027782789184205e-06,1.2116022646054883e-09,24335.875534970408,321.59389606520523,0.0001580627537950442,12632.683698429288,0.0030283962042952795,0.0030283962042952795,1.0,False,True,23.238387352219632,1196984.6524959814,528248.4977702759,70.42587701148598,21222.518489428694,0.017757009773338828,0.6134438475257609,0.7943282347242815,0.7
0.013255591480257211,0.00030097542626260495,3.989607296133369e-06,1.185035123773613e-09,24031.05257105521,318.5458157224926,0.00015585937257747576,12456.585172240795,0.002990207274563373,0.002990207274563373,1.0,False,True,24.34497722613483,1210866.417934091,530922.3102521173,69.5610993000958,21339.053404120932,0.017580198862686868,0.6117999905758371,0.7943282347242815,0.7
0.013298439714478895,0.00029706619887355127,3.95051693692932e-06,1.158130487016318e-09,23718.924600791644,315.4246888958981,0.00015360335222729484,12276.279623863407,0.0029511033077728632,0.0029511033077728632,1.0,False,True,25.451567100050056,1224550.9868022327,533706.1110741372,68.70480593252105,21460.536738086375,0.017398897752749578,0.610091020014342,0.7943282347242815,0.7
0.013343374332480779,0.0002930742435576588,3.910599338998484e-06,1.1309688851889154e-09,23400.19131000858,312.2375121011082,0.00015129976761482316,12092.172646835428,0.0029111719720658243,0.0029111719720658243,1.0,False,True,26.558156973965282,1238033.9280651037,536598.1842685844,67.85719889615675,21586.913279271357,0.01721349072142798,0.6083182799630432,0.7943282347242815,0.7
0.013390419075268714,0.0002890081943295103,3.869940838258842e-06,1.1036276507573733e-09,23075.542072124023,308.9911787347353,0.00014895361893573855,11904.663866551904,0.0028704996424598977,0.0028704996424598977,1.0,False,True,27.664746847880508,1251311.2562109604,539596.7846023333,67.01846197520801,21718.127115665084,0.017024357237925655,0.6064831353831242,0.7943282347242815,0.7
0.01343959870340837,0.00028487652286292395,3.828626147300038e-06,1.0761806155945307e-09,22745.6532986358,305.69245258052206,0.00014656981250114393,11714.145404969475,0.0028291710688755933,0.0028291710688755933,1.0,False,True,28.771336721795734,1264379.4237978607,542700.1418099843,66.18876102439613,21854.121792742262,0.016831870529961965,0.6045869686115881,0.7943282347242815,0.7
0.013490939000669219,0.00028068750851867753,3.7867380556753e-06,1.0486978636282688e-09,22411.186046018116,302.34794387947954,0.00014415314338650991,11521.000493875992,0.0027872690763031467,0.0027872690763031467,1.0,False,True,29.87792659571093,1277235.312383163,545906.4647067394,65.3682443078057,21994.84046635098,0.016636396282494702,0.6026311760040279,0.7943282347242815,0.7
0.013544466778240363,0.00027644921162327973,3.7443571627022516e-06,1.0212455366256111e-09,22072.783882194355,298.96408799566075,0.0001417082799624842,11325.60223856264,0.0027448742975051004,0.0027448742975051004,1.0,False,True,30.984516469626158,1289876.2220017032,549213.9451663824,64.55704289643067,22140.22605050195,0.016438291470024718,0.6006171646958947,0.7943282347242815,0.7
0.013600209879549833,0.0002721694499952955,3.7015616427376618e-06,9.938856907404609e-10,21731.0710123073,295.5471266747807,0.0001392397503055473,11128.31253173701,0.002702064938218494,0.002702064938218494,1.0,False,True,32.091106343541384,1302299.8593589878,552620.7619518498,63.75527111793258,22290.221359582574,0.01623790332277056,0.5985463494927709,0.7943282347242815,0.7
0.013658197185719048,0.0002678557786767647,3.6584270425015723e-06,9.666762009129628e-10,21386.650660396514,292.1030918617841,0.0001367519304639441,10929.481115713465,0.002658916574430608,0.002658916574430608,1.0,False,True,33.19769621745661,1314504.3249045778,556125.0843878303,62.96302705215826,22444.769244621966,0.016035568425396194,0.5964201498980602,0.7943282347242815,0.7
0.013718458621684434,0.0002635154727928132,3.6150261096818178e-06,9.396707097839115e-10,21040.10370084276,288.63779201596094,0.0001342490345343803,10729.44478932335,0.0026155019809575917,0.0026155019809575917,1.0,False,True,34.30428609137181,1326488.0989477744,559725.0758669382,62.18039306607521,22603.812723298688,0.015831611945536343,0.5942399872849453,0.7943282347242815,0.7
0.01378102516301084,0.00025915551343333053,3.571428651757722e-06,9.129186174770565e-10,20691.98753110612,285.15680083888,0.00013173510648805808,10528.526754635823,0.0025718909902629383,0.0025718909902629383,1.0,False,True,35.41087596528706,1338250.0269730364,563418.8971825297,61.40743638195626,22767.295103433753,0.015626346988141117,0.5920072822181426,0.7943282347242815,0.7
0.013845928843430428,0.0002547825764248669,3.527701423724582e-06,8.864651083878395e-10,20342.835175230346,281.66544830987294,0.0001292140136697353,10327.036097389966,0.0025281503801954375,0.0025281503801954375,1.0,False,True,36.51746583920226,1349789.304306463,567204.709683567,60.64420967287255,22935.160099809764,0.015420074070574084,0.5897234519290345,0.7943282347242815,0.7
0.013913202763129715,0.0002504030238412251,3.4839080432037693e-06,8.603512110069413e-10,19993.154606015476,278.16881390809414,0.0001266894418821017,10125.267394128556,0.0024843437891294493,0.0024843437891294493,1.0,False,True,37.62405571311746,1361105.4602774405,571080.6782479378,59.8907516798282,23107.35194420522,0.015213080712565668,0.5873899079465481,0.7943282347242815,0.7
0.013982881097813638,0.0002460228980847338,3.4401089312583554e-06,8.346138867741815e-10,19643.428272443525,274.6717218870086,0.00012416489195822287,9923.50043826109,0.0024405316568253802,0.0024405316568253802,1.0,False,True,38.73064558703271,1372198.3420113407,575044.9740728175,59.14708784518222,23283.815488576693,0.015005641134396095,0.5850080538850335,0.7943282347242815,0.7
0.01405499910857097,0.00024164791835866055,3.3963612771190046e-06,8.092861440048195e-10,19294.112818022222,271.1787384579701,0.00012164367771812599,9722.000076750128,0.0023967711892130938,0.0023967711892130938,1.0,False,True,39.83723546094791,1383068.0979802944,579095.7772815531,58.41323095734081,23464.49630140887,0.01479801605618961,0.5825792833887374,0.7943282347242815,0.7
0.014129593152564556,0.0002372834793432321,3.3527190249448255e-06,7.843971730379521e-10,18945.63897507328,267.6941707331556,0.0001191289252009777,9521.016148745457,0.0023531163452210147,0.0023531163452210147,1.0,False,True,40.94382533486316,1393715.1614296546,583231.2793481542,57.689181802063466,23649.34075725705,0.014590452590818306,0.5801049782319733,0.7943282347242815,0.7
0.014206700694572987,0.00023293465188309036,3.3092328806976166e-06,7.599724989158127e-10,18598.411619621576,264.22206727443216,0.00011662357306161979,9320.783517275993,0.0023096178437274875,0.0023096178437274875,1.0,False,True,42.05041520877836,1404140.2337880337,587449.6853415191,56.974929816099916,23838.29611960209,0.01438318422269952,0.5775865065724174,0.7943282347242815,0.7
0.014286360319404364,0.00022860618549303043,3.2659503371980235e-06,7.36034148106405e-10,18252.809971463033,260.7662200939378,0.00011413037401965739,9121.522185063739,0.002266323188701153,0.002266323188701153,1.0,False,True,43.15700508269356,1414344.2681589625,591749.215992545,56.270453739252304,24031.310617121562,0.014176430864678935,0.5750252213548426,0.7943282347242815,0.7
0.014368611745204108,0.00022430251249021192,3.2229157154456503e-06,7.126008260145705e-10,17909.18792409653,257.330167953241,0.00011165189725007264,8923.437485586293,0.0022232767106107293,0.0022232767106107293,1.0,False,True,44.26359495660881,1424328.4529823377,596128.1095880771,55.57572226133886,24228.333513543475,0.013970398985218277,0.5724224588614584,0.7943282347242815,0.7
0.014453495837682165,0.0002200277535646549,3.180170220321297e-06,6.896881022811103e-10,17567.874489494006,253.91720081082434,0.00010919053160643463,8726.720340682074,0.0021805196222208644,0.0021805196222208644,1.0,False,True,45.37018483052401,1434094.1959441146,600584.6236965905,54.89069466090921,24429.315171294547,0.013765281798219484,0.5697795374041752,0.7943282347242815,0.7
0.014541054625278207,0.00021578572460603167,3.137752008851546e-06,6.673086011413523e-10,17229.174343178176,250.53036527259565,0.00010674848957136202,8531.547576279001,0.0021380900869528967,0.0021380900869528967,1.0,False,True,46.476774704439265,1443643.1082032274,605117.0367310056,54.21532143292837,24634.2071091276,0.013561259508029574,0.5670977561542566,0.7943282347242815,0.7
0.01463133131528741,0.00021157994461197844,3.095696269288016e-06,6.454721943895103e-10,16893.36845565299,247.17247090588413,0.0001043278118330714,8338.082288161178,0.002096023298061609,0.002096023298061609,1.0,False,True,47.58336457835446,1452976.988995571,609723.6493545746,53.54954490300094,24842.962053979136,0.013358499602445215,0.5643783941037747,0.7943282347242815,0.7
0.014724370310967896,0.00020741364451199118,3.0540353093420124e-06,6.241861947723835e-10,16560.71479693791,243.8460972844393,0.00010193037239195966,8146.474250096912,0.0020543515669675886,0.0020543515669675886,1.0,False,True,48.68995445226966,1462097.8106661804,614402.785736222,52.8932998260446,25055.533987303534,0.013157157186865383,0.561622709153205,0.7943282347242815,0.7
0.01482021722965185,0.0002032897767506529,3.012798652012104e-06,6.034555479074888e-10,16231.449101730177,240.55360163967862,9.955788410677631e-05,7956.860357099625,0.0020131044191817903,0.0020131044191817903,1.0,False,True,49.796544326184915,1471007.704172477,619152.7946621074,52.24651396764423,25271.87818614584,0.012957375353112062,0.5588319373192022,0.7943282347242815,0.7
0.014918918921879245,0.00019921102548452828,2.9720131375480974e-06,5.832830210841321e-10,15905.785683564678,237.29712700188907,9.721190459606722e-05,7769.3650970827575,0.001972308696364907,0.001972308696364907,1.0,False,True,50.90313420010011,1479708.9450937298,623972.0505102691,51.609108666618326,25491.95125921051,0.012759285576850483,0.5560072920565761,0.7943282347242815,0.7
0.015020523491578798,0.00019517981725766564,2.9317030302008235e-06,5.636693875545117e-10,15583.918287187664,234.07861072354672,9.489384241671146e-05,7584.1010446604905,0.0019319886631702905,0.0019319886631702905,1.0,False,True,52.00972407401531,1488203.9401747063,628858.9540955297,50.98099937760991,25715.71117822259,0.012563008137959608,0.5531499636879497,0.7943282347242815,0.7
0.015125080317314262,0.00019119833203204973,2.8918901285212725e-06,5.446136051583836e-10,15266.02096927117,230.8997932860302,9.260496344797295e-05,7401.169371373604,0.0018921661176333566,0.0018921661176333566,1.0,False,True,53.116313947930564,1496495.2144248388,633811.9333917565,50.36209619277595,25943.11730483605,0.012368652558648717,0.550261118935102,0.7943282347242815,0.7
0.015232640074619996,0.00018726851446021283,2.8525938780811924e-06,5.261129883413773e-10,14952.24899846226,227.76222729967296,9.034639741577666e-05,7220.660367122365,0.0018528605039791126,0.0018528605039791126,1.0,False,True,54.22290382184576,1504585.3987882046,638829.444138736,49.752304341883935,26174.130413377497,0.012176318054551953,0.547341900545575,0.7943282347242815,0.7
0.015343254759449022,0.0001833920852982493,2.8138314855976447e-06,5.08163372827147e-10,14642.739766642657,224.6672866159134,8.811914449831e-05,7042.653968099079,0.001814089026829942,0.001814089026829942,1.0,False,True,55.329493695761016,1512477.218394118,643909.9703408001,49.15152467034272,26408.712709710016,0.011986093994475092,0.5443934270082047,0.7943282347242815,0.7
0.015456977712751454,0.000179570552868386,2.7756180335530988e-06,4.907592723855521e-10,14337.613704145082,221.61617547901034,8.592408196035906e-05,6867.220287017184,0.001775866765904931,0.001775866765904931,1.0,False,True,56.436083569676214,1520173.4813931906,649052.0246641827,48.55965409489065,26646.8278464572,0.011798060364901422,0.5414167923518483,0.7943282347242815,0.7
0.015573863646214206,0.00017580522449012166,2.737966594501233e-06,4.738940272992094e-10,14036.975192460055,218.6099376526643,8.376197076950332e-05,6694.42014189045,0.0017382067904007084,0.0017382067904007084,1.0,False,True,57.54267344359141,1527677.0683793447,654254.1487402163,47.976586036834796,26888.44093489206,0.011612288235770912,0.5384130660208223,0.7943282347242815,0.7
0.015693968669178573,0.0001720972178093277,2.7008883443523893e-06,4.5755994427706486e-10,13740.91346879549,215.6494654651703,8.163346215329392e-05,6524.305580095451,0.001701120272347622,0.001701120272347622,1.0,False,True,58.649263317506666,1534990.922394351,659514.9133808683,47.40221083289574,27133.51855372275,0.011428840224463062,0.5353832928215726,0.7943282347242815,0.7
0.01581735031676537,0.0001684474719635763,2.6643926740213996e-06,4.417484276875283e-10,13449.503517560082,212.73550872381594,7.953910406168288e-05,6356.920394861523,0.0016646165983238953,0.0016646165983238953,1.0,False,True,59.75585319142186,1542118.0395081015,664832.918713397,46.83641612384223,27382.028755035208,0.011247770955275918,0.5323284929348178,0.7943282347242815,0.7
0.015944067579230174,0.00016485675853095114,2.6284872989103154e-06,4.2645010209381513e-10,13162.806944559065,209.86868345640997,7.747934750416785e-05,6192.300631747737,0.0016287034790003047,0.0016287034790003047,1.0,False,True,60.86244306533712,1549061.4599648865,670206.7942403479,46.279087221222156,27633.941067627347,0.011069127512064177,0.5292496619878293,0.7943282347242815,0.7
0.016074180932578598,0.00016132569221752183,2.593178365777933e-06,4.1165492616621257e-10,12880.87283032389,207.049480444162,7.545455273571085e-05,6030.475083033593,0.0015933870560672825,0.0015933870560672825,1.0,False,True,61.969032939252315,1555824.2598834434,675635.1988309732,45.7301074525973,27889.22649799224,0.010892949882029806,0.5261477711813377,0.7943282347242815,0.7
0.01620775237046437,0.00015785474124638081,2.5584705566250685e-06,3.9735229812499097e-10,12603.738559613468,204.27827351628838,7.346499526995189e-05,5871.465768306789,0.0015586720061735013,0.0015586720061735013,1.0,False,True,63.07562281316751,1562409.5434964588,681116.8206499316,45.18935848577313,28147.857529134853,0.01071927138896767,0.5230237674665558,0.7943282347242815,0.7
0.016344845437403135,0.00015444423741774627,2.5243671892906566e-06,3.835311529310021e-10,12331.430624652054,201.5553275819974,7.15108717020636e-05,5715.288399837122,0.0015245616415711094,0.0015245616415711094,1.0,False,True,64.18221268708277,1568820.4359134655,686650.3770288335,44.656720632589376,28409.808117467946,0.01054811911455552,0.5198785737671778,0.7943282347242815,0.7
0.016485525263328884,0.00015109438581608497,2.4908703145182303e-06,3.701800514939215e-10,12063.965400183799,198.88080638065557,6.959230532732665e-05,5561.952831623999,0.0014910580072273094,0.0014910580072273094,1.0,False,True,65.28880256099796,1575060.0763896825,692234.6142858989,44.132073132894824,28675.05368796992,0.010379514306539593,0.5167130892421012,0.7943282347242815,0.7
0.016629858599524393,0.00014780527414574393,2.45798080930766e-06,3.572872622085548e-10,11801.349888866032,196.254779935355,6.770935154470914e-05,5411.463491261046,0.0014581619742173291,0.0014581619742173291,1.0,False,True,66.39539243491322,1581131.612082263,697868.3074987171,43.61529441937512,28943.571127802898,0.010213472772904112,0.513528189584538,0.7943282347242815,0.7
0.016777913855958754,0.00014457688168163568,2.4256984664176246e-06,3.4484083516064604e-10,11543.582435926892,193.6772316991399,6.586200303765947e-05,5263.819793995184,0.0014258733292644087,0.0014258733292644087,1.0,False,True,67.50198230882842,1587038.1922745833,703550.2602349124,43.10626236394193,29215.338778570185,0.010050005261324654,0.5103247273535442,0.7943282347242815,0.7
0.016929761140063993,0.0001414090878260752,2.3940220799297843e-06,3.3282866936612524e-10,11290.65341237658,191.14806538678394,6.405019472695803e-05,5119.016538568197,0.0013941908603379808,0.0013941908603379808,1.0,False,True,68.60857218274361,1592782.96304865,709279.3042450706,42.60485450641427,29490.336427384136,0.009889117823401818,0.5071035323342006,0.7943282347242815,0.7
0.017085472296985153,0.00013830168026681167,2.362949526825109e-06,3.212385734222911e-10,11042.545866376457,188.66711148816285,6.227380849275693e-05,4977.044284611364,0.0013631124382606653,0.0013631124382606653,1.0,False,True,69.71516205665887,1598369.0623853314,715054.2991221373,42.11094826624477,29768.545296898992,0.00973081216333853,0.5038654119229976,0.7943282347242815,0.7
0.01724512095134165,0.0001352543627347336,2.332477844557118e-06,3.100583199573804e-10,10799.236142644486,186.23413346200442,6.0532677664924856e-05,4837.88971152258,0.0013326350943090547,0.0013326350943090547,1.0,False,True,70.82175193057407,1603799.6156719653,720874.1319312929,41.62442113805032,30049.948034457884,0.009575085970873056,0.5006111515351496,0.7943282347242815,0.7
0.01740878255053816,0.00013226676236278724,2.302603304637468e-06,2.99275694267684e-10,10560.694470020007,183.84883361124915,5.882659128258636e-05,4701.535958897049,0.0013027550938238951,0.0013027550938238951,1.0,False,True,71.92834180448932,1609077.731596892,726737.7168137695,41.14515087171352,30334.528700517694,0.009421933238419685,0.49734151503051244,0.7943282347242815,0.7
0.017576534409657504,0.00012933843665036143,2.273321482276385e-06,2.888785375296063e-10,10326.885517527395,181.510858643414,5.715529812531483e-05,4567.962948708088,0.0012734680058723799,0.0012734680058723799,1.0,False,True,73.03493167840452,1614206.498410604,732643.9945681641,40.673015637817386,30622.272756423627,0.00927134456247368,0.494057245155954,0.7943282347242815,0.7
0.01774845575798724,0.0001264688800392807,2.244627322139369e-06,2.788547849668554e-10,10097.768919429007,179.21980492086433,5.551851051953406e-05,4437.147689522176,0.0012447687690241688,0.0012447687690241688,1.0,False,True,74.14152155231972,1619188.9805334797,738591.9322123757,40.20789417916883,30913.167051723576,0.009123307429441011,0.49075906400075775,0.7943282347242815,0.7
0.01792462778721173,0.00012365753010980273,2.216515200304141e-06,2.691924993451782e-10,9873.29976993781,176.97522340769845,5.391590792498332e-05,4309.064563136228,0.00121665175332527,0.00121665175332527,1.0,False,True,75.24811142623497,1624028.2154904325,744580.5225289711,39.74966594915793,31207.199811083683,0.008977806486139299,0.4874476734632355,0.7943282347242815,0.7
0.018105133701321375,0.00012090377340621002,2.188978982513696e-06,2.5987990015407036e-10,9653.429088355344,174.77662432089843,5.2347140306797266e-05,4183.685594080812,0.001189110818565873,0.001189110818565873,1.0,False,True,76.35470130015017,1628727.2111532665,750608.7835968689,39.298211237680206,31504.360620931493,0.008834823795278798,0.4841237557260677,0.7943282347242815,0.7
0.018290058768279063,0.00011820695090307038,2.162012078836235e-06,2.509053888220335e-10,9438.104255519298,172.62348149459265,5.081183129960715e-05,4060.9807025012856,0.0011621393689530339,0.0011621393689530339,1.0,False,True,77.46129117406537,1633288.9432720703,756675.7583116218,38.853411285337714,31804.640415912218,0.008694339076300867,0.4807879737384531,0.7943282347242815,0.7
0.018479490373495763,0.00011556636312404847,2.1356074948507694e-06,2.422575702961421e-10,9227.269422509393,170.5152364669141,4.9309581170539846e-05,3940.9179409664625,0.001135730404307207,0.001135730404307207,1.0,False,True,78.56788104798062,1637716.3532775491,762780.5138967731,38.415148386608294,32108.031465248587,0.008556329931988819,0.47744097170317856,0.7943282347242815,0.7
0.018673518075162213,0.00011298127492602103,2.109757879485925e-06,2.339252713008602e-10,9020.865892629816,168.45130229963715,4.7839969588493174e-05,3823.463715794498,0.0011098765679102966,0.0011098765679102966,1.0,False,True,79.67447092189582,1642012.3463368414,768922.1414081607,37.98330598265672,32414.527359095246,0.00842077206131359,0.4740833755668054,0.7943282347242815,0.7
0.018872233661487665,0.00011045091996175837,2.084455569644576e-06,2.2589755557400483e-10,8818.832477727126,166.43106714118255,4.640255820736292e-05,3708.582993509435,0.001084570191138003,0.001084570191138003,1.0,False,True,80.78106079581107,1646179.7896460276,775099.755233326,37.55776874443142,32724.122994931804,0.008287639458995048,0.4707157935117633,0.7943282347242815,0.7
0.01907573120990168,0.00010797450483476569,2.0596926317502196e-06,2.1816373636036127e-10,8621.105829928998,164.45389754384192,4.499689307108633e-05,3596.239493056968,0.0010598033350125284,0.0010598033350125284,1.0,False,True,81.88765066972627,1650221.5109432188,781312.4925875369,37.13842264667216,33036.814564102766,0.008156904602291888,0.467338816448512,0.7943282347242815,0.7
0.01928410714826932,0.00010555121296019544,2.035460900354202e-06,2.1071338642642894e-10,8427.620749914531,162.51914154632965,4.3622506848553176e-05,3486.3958644229037,0.0010355678288148857,0.0010355678288148857,1.0,False,True,82.99424054364147,1654140.2972268292,787559.5130081314,36.72515503342364,33352.59953852619,0.008028538625539604,0.46395301850695464,0.7943282347242815,0.7
0.01949746031818343,0.00010318020814567928,2.0117520139422884e-06,2.0353634584207527e-10,8238.310472821846,160.62613153271892,4.2278920906396696e-05,3379.013854294651,0.0010118553058954094,0.0010118553058954094,1.0,False,True,84.10083041755672,1657938.8936643354,793839.9978485922,36.31785467562736,33671.476657661515,0.007902511482968328,0.46055895752559983,0.7943282347242815,0.7
0.019715892040386006,0.00010086063790606108,1.988557448080365e-06,1.9662272775845808e-10,8053.106932909306,158.77418687892396,4.096564722775531e-05,3274.054459412405,0.0009886572368223968,0.0009886572368223968,1.0,False,True,85.20742029147192,1661620.0026775426,800153.1497736134,35.916411821336794,33993.44591575436,0.007778792100335895,0.45715717553782254,0.7943282347242815,0.7
0.019939506182386275,9.859163652571982e-05,1.965868546036171e-06,1.8996292239456963e-10,7871.941008063327,156.96261639765876,3.968219018492609e-05,3171.4780682430683,0.0009659649600058631,0.0009659649600058631,1.0,False,True,86.31401016538717,1665186.28319109,806498.1922563346,35.52071823907448,34318.50854943287,0.007657348515909998,0.45374819925402227,0.7943282347242815,0.7
0.020168409228333708,9.637232788208665e-05,1.9436765470130785e-06,1.8354759942919723e-10,7694.742745238997,155.19072059273205,3.84280481737813e-05,3071.2445916060137,0.0009437697099325494,0.0009437697099325494,1.0,False,True,87.42060003930237,1668640.350031615,812874.36907875,35.13066725482585,34646.66702567547,0.007538148011329757,0.4503325405391128,0.7943282347242815,0.7
0.02040271035121778,9.42018280435595e-05,1.921972612127969e-06,1.7736770897941553e-10,7521.441567887717,153.45779373322242,3.720271511758872e-05,2973.313582861335,0.0009220626431443042,0.0009220626431443042,1.0,False,True,88.52718991321757,1671984.7734656935,819280.9438362878,34.74615378313554,34977.92503020628,0.00742115723286748,0.4469106968844511,0.7943282347242815,0.7
0.020642521487456073,9.207924765480316e-05,1.9007478482630634e-06,1.7141448133245702e-10,7351.966466408869,151.76312575790158,3.6005681847749837e-05,2877.644348261138,0.0009008348620897879,0.0009008348620897879,1.0,False,True,89.63377978713282,1675222.0788653356,825717.1994472801,34.36707435275119,35312.28745633507,0.00730634230360465,0.44348315187376613,0.7943282347242815,0.7
0.020887957413943396,9.000369412194825e-05,1.8799933299168425e-06,1.6567942558364028e-10,7186.246172624628,150.10600401989697,3.483643736869624e-05,2784.1960480425328,0.000880077436974717,0.000880077436974717,1.0,False,True,90.74036966104802,1678354.7464904725,832182.437668127,33.99332712723232,35649.76039427347,0.007193668927020136,0.44005037564254135,0.7943282347242815,0.7
0.02113913582763996,8.797427360976653e-05,1.8597001191748162e-06,1.6015432731985992e-10,7024.209319242236,148.48571488123605,3.369447001393367e-05,2692.927788820923,0.0008597814257314758,0.0008597814257314758,1.0,False,True,91.84695953496328,1681385.211378499,838675.9786147437,33.62481192091862,35990.35112098273,0.007083102482477224,0.4366128253301062,0.7943282347242815,0.7
0.021396177427760305,8.59900928626134e-05,1.8398592839180613e-06,1.5483124547621745e-10,6865.784585245152,146.90154516668696,3.257926850005276e-05,2603.798707828607,0.0008399378922260707,0.0008399378922260707,1.0,False,True,92.95354940887847,1684315.8633315442,845197.160290849,33.261430210630664,36334.068090520304,0.0069746081130794965,0.43317094552462615,0.7943282347242815,0.7
0.021659206000656208,8.40502608602138e-05,1.8204619143802624e-06,1.4970250848108355e-10,6710.90082809746,145.35278348573723,3.1490322885118096e-05,2516.768049511097,0.0008205379228132379,0.0008205379228132379,1.0,False,True,94.06013928279367,1687149.0469927336,851745.3381236127,32.903085143451406,36680.92092496954,0.006868150806348621,0.42972516870002725,0.7943282347242815,0.7
0.02192834850746134,8.215389031913192e-05,1.8014991381616792e-06,1.447607097947244e-10,6559.487203627079,143.83872143136765,3.042712543770418e-05,2431.795234982172,0.0008015726413481597,0.0008015726413481597,1.0,False,True,95.16672915670893,1689887.0620032582,858319.8845069843,32.549681540918066,37030.920405929464,0.006763695468161999,0.4262759156450117,0.7943282347242815,0.7
0.02220373517458354,8.030009905014217e-05,1.782962133802184e-06,1.39998702936152e-10,6411.473274403546,142.35865466377632,2.938917142249181e-05,2348.8399248102724,0.0007830332227570016,0.0007830332227570016,1.0,False,True,96.27331903062412,1692532.163232613,864920.1883531045,32.2011258999316,37384.078466593564,0.00666120699036813,0.42282359588382445,0.7943282347242815,0.7
0.02248549958713283,7.848801118125007e-05,1.7648421430108756e-06,1.3540959608356137e-10,6266.789107388786,140.9118838868391,2.83759598080628e-05,2267.8620755868337,0.0007649109052638016,0.0007649109052638016,1.0,False,True,97.37990890453932,1695086.5610748746,871545.654652132,31.857326390671364,37740.40818443836,0.006560650312479634,0.41936860808854026,0.7943282347242815,0.7
0.02277377878536642,7.671675825569e-05,1.747130481645517e-06,1.309867463252171e-10,6125.365361605531,139.49771572475035,2.7386993902289546e-05,2188.821990707863,0.0007471970013670111,0.0007471970013670111,1.0,False,True,98.48649877845457,1697552.4218043752,878195.7040405831,31.51819285178662,38099.92377452818,0.006461990477828805,0.41591134048281225,0.7943282347242815,0.7
0.023068713364245104,7.49854802136757e-05,1.7298185495295574e-06,1.267237536294762e-10,5987.133366524116,138.11546350585266,2.6421781920395717e-05,2111.680365774456,0.0007298829076534773,0.0007298829076534773,1.0,False,True,99.59308865236977,1699931.867984591,884869.7723785093,31.18363678311428,38462.64058345105,0.006365192684547898,0.4124521712369555,0.7943282347242815,0.7
0.02337044757618707,7.32933262662822e-05,1.712897839190523e-06,1.226144545954686e-10,5852.025191836619,136.7644479603438,2.5479837490533806e-05,2036.3983289995408,0.000712960113533681,0.000712960113533681,1.0,False,True,100.69967852628503,1702226.9789245112,891567.3103355771,30.853571336159458,38828.57508388224,0.006270222331721914,0.40899146885444265,0.7943282347242815,0.7
0.023679129437124975,7.163945566927446e-05,1.6963599435979265e-06,1.1865291603895194e-10,5719.973709242363,135.44399783810175,2.4560680101401786e-05,1962.9374769822773,0.0006964202089764093,0.0006964202089764093,1.0,False,True,101.80626840020022,1704439.7911771543,898287.7829861518,30.527911302557154,39197.74486982306,0.006177045061042663,0.4055295925494167,0.7943282347242815,0.7
0.02399491083594909,7.002303840440283e-05,1.6801965629758847e-06,1.1483342846205238e-10,5590.912646845198,134.15345045263064,2.366383549624602e-05,1891.2599061975357,0.0006802548913180812,0.0006802548913180812,1.0,False,True,102.91285827411542,1706572.299075303,905030.6694135171,30.206573100717996,39570.168652467604,0.006085626794274727,0.4020668926157483,0.7943282347242815,0.7
0.024317947647447647,6.844325577510315e-05,1.6643995107598271e-06,1.1115049944959413e-10,5464.776636716528,132.89215215666755,2.278883601726453e-05,1821.3282405212783,0.0006644559712161218,0.0006644559712161218,1.0,False,True,104.01944814803068,1708626.4552998913,911795.4623231957,29.889474760848625,39945.86625675083,0.005995933766828908,0.3986037107872251,0.7943282347242815,0.7
0.024648399848838796,6.689930092323094e-05,1.6489607187635865e-06,1.0759884702984461e-10,5341.501256153385,131.65945875474333,2.1935220904243803e-05,1753.1056550981973,0.0006490153778127024,0.0006490153778127024,1.0,False,True,105.12603802194587,1710604.1714768272,918581.6676653952,29.57653590852122,40324.85861855594,0.005907932557721083,0.39514038058918616,0.7943282347242815,0.7
0.024986431640006114,6.539037927297844e-05,1.6338722416183486e-06,1.0417339303263763e-10,5221.023063122493,130.4547358576055,2.1102536550984868e-05,1686.5558968357857,0.0006339251631703401,0.0006339251631703401,1.0,False,True,106.23262789586113,1712507.3187983602,925388.8042666033,29.26767774695518,40707.16778260703,0.005821590116178251,0.39167722768147717,0.7943282347242815,0.7
0.025332211567538877,6.39157089078068e-05,1.6191262605417911e-06,1.0086925647375975e-10,5103.2796263560085,129.27735918316117,2.02903367228912e-05,1621.6433017943873,0.0006191775060376942,0.0006191775060376942,1.0,False,True,107.33921776977633,1714337.7286654094,932216.4034702436,28.96282303816251,41092.816901037164,0.005736873785139409,0.38821457019295275,0.7943282347242815,0.7
0.025685912652685723,6.247452088582673e-05,1.6047150864917352e-06,9.768174699057167e-11,4988.209550532741,128.1267148082767,1.9498182738859098e-05,1558.3328097242315,0.0006047647149999055,0.0006047647149999055,1.0,False,True,108.44580764369152,1716097.1933475588,939064.0087863265,28.661896083095428,41481.83023263573,0.00565375132188364,0.38475271904762304,0.7943282347242815,0.7
0.026047712523339935,6.106605949868269e-05,1.5906311627548586e-06,9.460635835031174e-11,4875.752496948479,127.00219937547085,1.872564362039446e-05,1496.5899759831357,0.0005906792310640326,0.0005906792310640326,1.0,False,True,109.55239751760678,1717787.4666576872,945931.175550084,28.36482270092549,41874.233142792036,0.005572190916002738,0.3812919782824428,0.7943282347242815,0.7
0.02641779355016202,5.9689582478724464e-05,1.576867067018311e-06,9.16387620495491e-11,4765.849200057376,125.90322025832054,1.797229621071953e-05,1436.3809810557502,0.0005769136297274348,0.0005769136297274348,1.0,False,True,110.65898739152198,1719410.2646384605,952817.4705894024,28.071530207573232,42270.05210412335,0.005492161204924273,0.37783264535700484,0.7943282347242815,0.7
0.026796342986963626,5.8344361158864326e-05,1.563415512968207e-06,8.877480102029506e-11,4658.441480235567,124.8291956890908,1.7237725266413954e-05,1377.6726378776889,0.0005634606225730873,0.0005634606225730873,1.0,False,True,111.76557726543723,1720967.2662581436,959722.4719010077,27.781947393597353,42669.31469780821,0.005413631287176146,0.37437501145511676,0.7943282347242815,0.7
0.02718355311546469,5.7029680589275284e-05,1.5502693514565502e-06,8.601048345589337e-11,4553.472253098818,123.77955485190641,1.6521523523990018e-05,1320.4323971563533,0.0005503130584333881,0.0005503130584333881,1.0,False,True,112.87216713935243,1722460.1141134077,966645.7683352663,27.496004501544412,43072.04961561274,0.005336570733572498,0.37091936177853985,0.7943282347242815,0.7
0.027579621394544528,5.5744839614771196e-05,1.537421571274997e-06,8.334197676749307e-11,4450.8855356808535,122.75373794453243,1.582329174362259e-05,1264.6283508659149,0.0005374639241608691,0.0005374639241608691,1.0,False,True,113.97875701326763,1723890.4151370162,973586.9592894643,27.21363320285199,43478.28666261648,0.0052609495964890006,0.3674659758330059,0.7943282347242815,0.7
0.027984750614111854,5.448915091643392e-05,1.5248652995711075e-06,8.076560167988737e-11,4350.626449757026,121.75119621160921,1.5142638732093838e-05,1210.2292340810998,0.0005249063450414658,0.0005249063450414658,1.0,False,True,115.08534688718288,1725259.7413084586,980545.6544094343,26.934766574389247,43888.056760649306,0.00518673841738434,0.3640151277065931,0.7943282347242815,0.7
0.028399149053711596,5.326194102082784e-05,1.5125938019404859e-06,7.827782647377542e-11,4252.6412225800495,120.77139195200914,1.4479181346882011e-05,1157.204425303975,0.0005126335848837494,0.0005126335848837494,1.0,False,True,116.19193676109808,1726569.6303657794,987521.473299359,26.65933907471419,44301.39195243191,0.005113908232714679,0.36056708634070944,0.7943282347242815,0.7
0.02882303064600185,5.206255027985861e-05,1.5006004822253768e-06,7.587526137982828e-11,4156.877185271833,119.81379850275593,1.3832544483161377e-05,1105.523945424956,0.0005006390458146927,0.0005006390458146927,1.0,False,True,117.29852663501333,1727821.586517014,994514.045239647,26.38728652011685,44718.32540644072,0.005042430578377103,0.3571221157936958,0.7943282347242815,0.7
0.029256615145213345,5.089033282417507e-05,1.488878882048708e-06,7.355465312867566e-11,4063.2827691029147,118.87790020182075,1.320236104538617e-05,1055.1584554517415,0.0004889162678109592,0.0004889162678109592,1.0,False,True,118.40511650892853,1729017.0811497925,1001523.0089126754,26.118546060515293,45138.89142247308,0.004972277492809856,0.3536804754974435,0.7943282347242815,0.7
0.02970012830072773,4.974465649273119e-05,1.4774226801097451e-06,7.131287965954936e-11,3971.8074998684106,117.96319233188443,1.2588271904970956e-05,1006.0792531270446,0.00047745892799188407,0.00047745892799188407,1.0,False,True,119.51170638284373,1730157.5535378153,1008548.0121362718,25.85305615526224,45563.12543793774,0.004903421518867361,0.35024242050700527,0.7943282347242815,0.7
0.03015380203590101,4.862490274096119e-05,1.4662256912658842e-06,6.91469449893069e-11,3882.4019905563546,117.06918104702436,1.1989925845484009e-05,958.2582685483414,0.0004662608396986781,0.0004662608396986781,1.0,False,True,120.61829625675898,1731244.4115430342,1015588.7116047128,25.590756548917014,45991.0640348794,0.004835835704580816,0.3468082017433305,0.7943282347242815,0.7
0.030617874632252635,4.753046652984943e-05,1.4552818654234098e-06,6.705397424263726e-11,3795.0179324906117,116.19538328414815,1.140697949667013e-05,911.6680588948459,0.0004553159513826705,0.0004553159513826705,1.0,False,True,121.72488613067418,1732279.0323124924,1022644.7726371739,25.331588247031156,46422.744947716186,0.004769493602905621,0.3433780662294913,0.7943282347242815,0.7
0.03109259091915436,4.6460756197965336e-05,1.4445852862579017e-06,6.503120884335045e-11,3709.608085113642,115.34132666082603,1.0839097258499115e-05,866.2818023573146,0.00044461834532329164,0.00044461834532329164,1.0,False,True,122.83147600458938,1733262.7629688876,1029715.868933356,25.07549349199216,46858.207071722514,0.004704369270551717,0.3399522573203352,0.7943282347242815,0.7
0.03157820246913922,4.541519331840658e-05,1.4341301697837416e-06,6.307600186600783e-11,3626.1262645642873,114.50654936107455,1.028595121636034e-05,822.0732913602333,0.000434162236195226,0.000434162236195226,1.0,False,True,123.93806587850463,1734196.9212940282,1036801.6823361533,24.822415738965887,47297.490472245496,0.004640437265984552,0.3365310149258624,0.7943282347242815,0.7
0.03207496779895553,4.4393212542423765e-05,1.4239108627904309e-06,6.118581354649761e-11,3544.527331192157,113.6906000105062,9.747221048427516e-06,779.0169251582264,0.00042394196950246724,0.00042394196950246724,1.0,False,True,125.04465575241983,1735082.7964044402,1043901.9026012631,24.572299631972136,47740.63639465567,0.004577672646677689,0.33311457572851527,0.7943282347242815,0.7
0.0325831525764996,4.339426143134048e-05,1.413921841161879e-06,5.935820694960234e-11,3464.767176137468,112.8930375421348,9.222593926125392e-06,737.0877018811631,0.00041395201989541315,0.00041395201989541315,1.0,False,True,126.15124562633508,1735921.649418479,1051016.227173423,24.32509098012806,48187.68727507177,0.004516050965694,0.32970317339427696,0.7943282347242815,0.7
0.03310302983373053,4.241780027830718e-05,1.4041577080940257e-06,5.759084379126214e-11,3386.80270709918,112.11343105406347,8.711764408584521e-06,696.2612100987747,0.00040418698938637904,0.00040418698938637904,1.0,False,True,127.25783550025028,1736714.7141143712,1058144.3609692543,24.080736734086106,48638.68675181721,0.004455548267664004,0.32629703877810756,0.7943282347242815,0.7
0.0336348801856975,4.146330192124062e-05,1.3946131922243292e-06,5.588148041274417e-11,3310.5918333993486,111.35135966013571,8.214434331865247e-06,656.5136199672205,0.00039464160547705103,0.00039464160547705103,1.0,False,True,128.36442537416548,1737463.1975786905,1065286.0161664386,23.83918496269371,49093.67967765001,0.004396141084226921,0.32289640012359444,0.7943282347242815,0.7
0.03417899205579571,4.053025154821206e-05,1.3852831456857416e-06,5.422796390366477e-11,3236.0934504445613,110.60641233455716,7.73031269367981e-06,617.8216740158537,0.0003853107192105038,0.0003853107192105038,1.0,False,True,129.47101524808073,1738168.2808448377,1072440.911999114,23.600384829897575,49552.712132773195,0.0043378064289937,0.3195014832569717,0.7943282347242815,0.7
0.03473566190733568,3.961814649648449e-05,1.3761625420971808e-06,5.262822837063239e-11,3163.2674236802836,109.8781877514471,7.259115534302474e-06,580.1626776293256,0.0003761893031597852,0.0003761893031597852,1.0,False,True,130.57760512199593,1738831.1195211574,1079608.7745593053,23.36428657191217,50015.8314385867,0.004280521792087168,0.31611251177599375,0.7943282347242815,0.7
0.03530519448157955,3.872649604617203e-05,1.367246474500225e-06,5.108029134784508e-11,3092.0745721158232,109.16629412009601,6.800565814234136e-06,543.5144892703028,0.0003672724493627984,0.0003672724493627984,1.0,False,True,131.68419499591118,1739452.8444083778,1086789.336604227,23.130841474671108,50483.086172285766,0.0042242651343101165,0.3127297072330901,0.7943282347242815,0.7
0.03588790304228012,3.785482120959394e-05,1.3585301532527565e-06,4.9582250346154004e-11,3022.47665150553,108.47034901678595,6.354393289234158e-06,507.85551049176803,0.00035855536721420017,0.00035855536721420017,1.0,False,True,132.79078486982638,1740034.5621061153,1093982.337369302,22.90000185157621,50954.526182196336,0.00416901488098799,0.3093532893138071,0.7943282347242815,0.7
0.03648410962686174,3.7002654517120856e-05,1.3500089038875279e-06,4.813227953664619e-11,2954.436337249923,107.78997921381003,5.920334383184561e-06,473.1646757760773,0.00035003338132229283,0.00035003338132229283,1.0,False,True,133.89737474374158,1740577.3556082305,1101187.5223867346,22.671721021558568,51430.20260395088,0.004114749915529113,0.30598347600997516,0.7943282347242815,0.7
0.037094145304301995,3.616953980035384e-05,1.3416781649440597e-06,4.672862656492729e-11,2887.9172070838617,107.12482050636278,5.498132059269919e-06,439.4214422394066,0.00034170192933931045,0.00034170192933931045,1.0,False,True,135.00396461765683,1741082.2848868663,1108404.6433094991,22.44595328746215,51910.16787747321,0.00406144957274191,0.30262048378803513,0.7943282347242815,0.7
0.03771835043978205,3.535503197336763e-05,1.3335334857811794e-06,4.5369609492161984e-11,2822.8837236101526,106.47451753788461,5.087535689895075e-06,406.6057792353215,0.00033355655977241277,0.00033355655977241277,1.0,False,True,136.11055449157203,1741550.3874650367,1115633.4577405334,22.22265391476123,52394.47576478233,0.004009093631945719,0.2992645277526453,0.7943282347242815,0.7
0.03835707496617848,3.45586968126597e-05,1.3255705243766214e-06,4.4053613858861485e-11,2759.3012167298243,105.83872362437336,4.688300925713193e-06,374.69815788724367,0.00032559292978179944,0.00032559292978179944,1.0,False,True,137.2171443654873,1741982.6789776718,1122873.729067063,22.001779110618276,52883.181368647,0.003957662309907852,0.2959158218055425,0.7943282347242815,0.7
0.03901067866242281,3.378011073642997e-05,1.3177850451199284e-06,4.2779089867474794e-11,2697.135866018955,105.21710057816091,4.300189564123938e-06,343.6795405785688,0.0003178068029721909,0.0003178068029721909,1.0,False,True,138.32373423940248,1742380.1537210562,1130125.2262998715,21.78328600329046,53376.34115207311,0.003907136253637622,0.2925745787999783,0.7943282347242815,0.7
0.03967953143878485,3.3018860583699254e-05,1.3101729166037485e-06,4.154454967975426e-11,2636.354683092631,104.60931853156174,3.9229694175387145e-06,313.53137042416733,0.0003101940471827556,0.0003101940471827556,1.0,False,True,139.43032411331768,1742743.7851906272,1137387.72391736,21.56713262188915,53874.01295868085,0.003857496533065229,0.28924101069052943,0.7943282347242815,0.7
0.04036401362906354,3.2274543393790186e-05,1.3027301094187497e-06,4.034856482500645e-11,2576.9254939978428,104.01505576081021,3.5564141817145892e-06,284.2355607473748,0.0003027506322807165,0.0003027506322807165,1.0,False,True,140.53691398723294,1743074.526607125,1144661.0017142622,21.353277876497536,54376.25603393735,0.0038087246336308005,0.28591532867871616,0.7943282347242815,0.7
0.04106451628969787,3.154676618658489e-05,1.2954526939563054e-06,3.918976371528282e-11,2518.8169216683978,103.43399851061857,3.2003033043997786e-06,255.7744845818828,0.0002954726279627799,0.0002954726279627799,1.0,False,True,141.64350386114813,1743373.311431112,1151944.8446549242,21.141681538648584,54883.1310472865,0.003760802448806439,0.28259774335432936,0.7943282347242815,0.7
0.041781441505769436,3.083514574395406e-05,1.2883368382228919e-06,3.806682926366213e-11,2461.998368473366,102.86584081966973,2.8544218545214305e-06,228.1309642169713,0.000288356201568329,0.000288356201568329,1.0,False,True,142.7500937350634,1743641.0538658986,1159239.0427309237,20.932304222166305,55394.70011519734,0.0037137122725729808,0.27928846483252123,0.7943282347242815,0.7
0.042515202703831835,3.0139308392721035e-05,1.281378805669835e-06,3.69784966018582e-11,2406.4399988880873,102.3102843473359,2.5185603921278624e-06,201.28826080303853,0.00028139761590801737,0.00028139761590801737,1.0,False,True,143.85668360897859,1743878.6493489344,1166543.3908229887,20.725107364370494,55911.026825121095,0.0036674367918699442,0.2759877028869132,0.7943282347242815,0.7
0.0432662249715032,2.9458889789457082e-05,1.2745749530413688e-06,3.5923550893413654e-11,2352.112722311383,101.76703820185914,2.1925148392614417e-06,175.23006403150956,0.0002745932271107215,0.0002745932271107215,1.0,False,True,144.96327348289378,1744086.9750317372,1173857.688567023,20.520053207646406,56432.17626040177,0.003621959079036487,0.2726956670786143,0.7943282347242815,0.7
0.04403494538369856,2.87935347073982e-05,1.2679217282439087e-06,3.4900825238868204e-11,2298.988176052165,101.23581877022583,1.8760863519337114e-06,149.94048190283866,0.0002679394824917544,0.0002679394824917544,1.0,False,True,146.06986335680904,1744266.8902484505,1181181.7402241386,20.317104781377935,56958.21502613671,0.003577262584258933,0.2694125668813614,0.7943282347242815,0.7
0.04482181333535669,2.814289682572798e-05,1.2614156682389816e-06,3.390919866935483e-11,2247.038708504954,100.71634954993,1.5690811933489664e-06,125.40403059429008,0.00026143291844478277,0.00026143291844478277,1.0,False,True,147.17645323072423,1744419.236973134,1188515.354554599,20.116225884243914,57489.21127600079,0.003533331128038838,0.2661386118028743,0.7943282347242815,0.7
0.045627290880518236,2.7506638521410317e-05,1.2550533969616566e-06,3.294759422512102e-11,2196.2373625289956,100.20836098277266,1.2713106084922652e-06,101.60562443676719,0.0002550701583592848,0.0002550701583592848,1.0,False,True,148.28304310463943,1744544.8402659034,1195858.3446954929,19.917381066875205,58025.23474010923,0.0034901488936948436,0.26287401150214346,0.7943282347242815,0.7
0.04645185307747529,2.6884430663809358e-05,1.2488316232668438e-06,3.201497711569113e-11,2146.55785904991,99.71159029088633,9.825907002211676e-07,78.53056601182249,0.0002488479105659199,0.0002488479105659199,1.0,False,True,149.3896329785547,1744644.5087080414,1203210.528042084,19.720535614871,58566.356753852684,0.003447700419909348,0.2596189759032453,0.7943282347242815,0.7
0.047295988339767336,2.6275952412221648e-05,1.2427471389047164e-06,3.111035295834797e-11,2097.974580893873,99.22578131508487,7.02742306945718e-07,56.16453637560314,0.0002427629663110588,0.0002427629663110588,1.0,False,True,150.49622285246988,1744719.0348262254,1210571.7261326862,19.52565553217099,59112.65028778734,0.003405970593330557,0.2563737153053504,0.7943282347242815,0.7
0.04816019879269228,2.5680891016472225e-05,1.2367968165267677e-06,3.023276609178704e-11,2050.462556866426,98.75068435565919,4.315908819923139e-07,34.493585417375954,0.0002368121977619895,0.0002368121977619895,1.0,False,True,151.60281272638514,1744769.1955060074,1217941.7645369694,19.33270752478056,59664.18997858,0.003364944641239,0.25313844048910533,0.7943282347242815,0.7
0.04904500063498097,2.5098941620679015e-05,1.2309776077235526e-06,2.938129796185672e-11,2003.9974460842639,98.28605601570297,1.6896637472476142e-07,13.5041223584902,0.00023099255604384103,0.00023099255604384103,1.0,False,True,152.70940260030034,1744795.7523947053,1225320.4727476095,19.14165898484508,60221.05216105365,0.003324608124286527,0.24991336281929652,0.7943282347242815,0.7
0.04995092450516674,2.4529807070309805e-05,1.2252865410953504e-06,2.855506557645535e-11,1958.5555225699068,97.83165904706681,0.0,0.0,0.00022530106930946639,0.00022530106930946639,1.0,False,True,153.81599247421553,1744803.2241572344,1232707.6840751283,18.952477975069968,60783.31490131586,0.003284946929315351,0.24669869434407476,0.7943282347242815,0.7
0.05087851585218379,2.397319772259013e-05,1.2197207203563382e-06,2.7753220026684105e-11,1914.113660113928,97.38726219898801,0.0,0.0,0.0002197348408428665,0.0002197348408428665,1.0,False,True,154.9225823481308,1744803.2241572344,1240103.2355458864,18.765133213481487,61351.058031029424,0.0032459472622631083,0.24349464789056227,0.7943282347242815,0.7
0.05182833530961666,2.3428831260333255e-05,1.2142773224729807e-06,2.6974945071496665e-11,1870.6493174104132,96.95264006945243,0.0,0.0,0.00021429104719686553,0.00021429104719686553,1.0,False,True,156.029172222046,1744803.2241572344,1247506.9678030657,18.579594058524677,61924.36318284672,0.0032075956411598784,0.24030143715689367,0.7943282347242815,0.7
0.05280095907294457,2.289643250924701e-05,1.2089535958371888e-06,2.621945578318176e-11,1828.1405234700246,96.52757295933223,0.0,0.0,0.0002089669363655836,0.0002089669363655836,1.0,False,True,157.13576209596124,1744803.2241572344,1254918.725010625,18.395830494492728,62503.31382702075,0.0031698788892215862,0.23711927680078815,0.7943282347242815,0.7
0.053796979279046385,2.237573325875288e-05,1.2037468584745976e-06,2.548599725110243e-11,1786.565863313498,96.11184672932787,0.0,0.0,0.0002037598259920602,0.0002037598259920602,1.0,False,True,158.24235196987644,1744803.2241572344,1262338.3547600664,18.213813117283753,63087.99530922966,0.0031327841280443668,0.2339483825246097,0.7943282347242815,0.7
0.05481700438714379,2.186647208633856e-05,1.1986544962881781e-06,2.477384334120817e-11,1745.904463947266,95.70525265973122,0.0,0.0,0.00019866710161123798,0.00019866710161123798,1.0,False,True,159.34894184379164,1744803.2241572344,1269765.7079799485,18.03351312047949,63678.494889650894,0.0030962987709032674,0.23078897115688413,0.7943282347242815,0.7
0.055861659560238516,2.1368394185464285e-05,1.1936739613373861e-06,2.4082295508943683e-11,1706.1359806228263,95.30758731302603,0.0,0.0,0.00019368621492851028,0.00019368621492851028,1.0,False,True,160.4555317177069,1744803.2241572344,1277200.638848093,17.85490228174044,64274.901783302084,0.0030604105161582094,0.22764126073034233,0.7943282347242815,0.7
0.056931587046003436,2.0881251197024402e-05,1.1888027701528582e-06,2.3410681663256452e-11,1667.2405833799776,94.91865239932675,0.0,0.0,0.0001888146821338449,0.0001888146821338449,1.0,False,True,161.5621215916221,1744803.2241572344,1284643.0047063474,17.67795294951273,64877.30720169065,0.003025107340769903,0.22450547055642553,0.7943282347242815,0.7
0.05802744655595312,2.0404801044363416e-05,1.1840385020866546e-06,2.275835507950389e-11,1629.1989438738556,94.53825464465542,0.0,0.0,0.0001840500822514751,0.0001840500822514751,1.0,False,True,162.66871146553734,1744803.2241572344,1292092.6659778676,17.502638030040497,65485.80439579564,0.0029903774939275714,0.22138182129628645,0.7943282347242815,0.7
0.059149915641600895,1.993880777183078e-05,1.179378797697887e-06,2.212469335913808e-11,1591.992222484518,94.16620566204396,0.0,0.0,0.00017939005552500097,0.00017939005552500097,1.0,False,True,163.77530133945254,1744803.2241572344,1299549.486086796,17.328930974679203,66100.48870042714,0.0029562094907903042,0.2182705350282054,0.7943282347242815,0.7
0.060299690066152774,1.9483041386857994e-05,1.1748213571735643e-06,2.1509097434139506e-11,1555.602055707764,93.80232182544829,0.0,0.0,0.00017483230183773385,0.00017483230183773385,1.0,False,True,164.88189121336774,1744803.2241572344,1307013.331380336,17.156805767503283,66721.45757998874,0.0029225921063428814,0.2151718353114473,0.7943282347242815,0.7
0.06147748417013061,1.903727770553551e-05,1.1703639387844396e-06,2.091099061425374e-11,1520.0105438253913,93.4464241464571,0.0,0.0,0.0001703745791680591,0.0001703745791680591,1.0,False,True,165.988481087283,1744803.2241572344,1314484.0710530488,16.986236913203374,67348.8106756788,0.0028895143693674036,0.21208594724652585,0.7943282347242815,0.7
0.06268403122917243,1.8601298201651483e-05,1.1660043573754706e-06,2.0329817675151356e-11,1485.2002388518608,93.0983381537644,0.0,0.0,0.0001660147020794364,0.0001660147020794364,1.0,False,True,167.0950709611982,1744803.2241572344,1321961.57707338,16.817199425267034,67982.64985418154,0.0028569655565309376,0.20901309753177252,0.7943282347242815,0.7
0.063920083802031,1.8174889859167122e-05,1.161740482890646e-06,1.9765043985732542e-11,1451.1541327553534,92.75789377538582,0.0,0.0,0.00016175054024478394,0.00016175054024478394,1.0,False,True,168.20166083511344,1744803.2241572344,1329445.7241123281,16.649668814437433,68623.07925786081,0.00282493518658949,0.20595351451629074,0.7943282347242815,0.7
0.06518641406667015,1.7757845028071046e-05,1.157570238931599e-06,1.9216154672835023e-11,1417.855645948619,92.42492522357274,0.0,0.0,0.00015758001700467018,0.00015758001700467018,1.0,False,True,169.30825070902864,1744803.2241572344,1336936.3894741554,16.483621077444443,69270.20535654492,0.0027934130147084734,0.20290742824901276,0.7943282347242815,0.7
0.06648381414202362,1.734996128359497e-05,1.1534916013498335e-06,1.8682653821734475e-11,1385.2886160482071,92.09927088241011,0.0,0.0,0.000153501107959135,0.000153501107959135,1.0,False,True,170.41484058294384,1744803.2241572344,1344433.45302913,16.319032686002295,69924.13700087127,0.0027623890268991657,0.19987507052415193,0.7943282347242815,0.7
0.06781309639290974,1.695104128871468e-05,1.1495025968718015e-06,1.816406371082309e-11,1353.437286896009,91.78077319803731,0.0,0.0,0.0001495118395923798,0.0001495118395923798,1.0,False,True,171.5214304568591,1744803.2241572344,1351936.797148191,16.155880576068515,70584.98547731232,0.002731853434570936,0.19685667492260894,0.7943282347242815,0.7
0.06917509371519855,1.656089265990915e-05,1.1456013017565593e-06,1.7659924078987747e-11,1322.2862978409412,91.46927857147006,0.0,0.0,0.00014561028793005362,0.00014561028793005362,1.0,False,True,172.6280203307743,1744803.2241572344,1359446.30663948,15.994142137358597,71252.86456486514,0.0027017966691985544,0.19385247684955909,0.7943282347242815,0.7
0.07057065979819131,1.6179327836106724e-05,1.1417858404852945e-06,1.716979142421939e-11,1291.8206732750969,91.16463725396731,0.0,0.0,0.00014179457722842442,0.00014179457722842442,1.0,False,True,173.7346102046895,1744803.2241572344,1366961.868686748,15.833795203110054,71927.89059349548,0.0026722093771034843,0.19086271356793047,0.7943282347242815,0.7
0.07200066936076704,1.5806163950782432e-05,1.1380543844823612e-06,1.66932383320961e-11,1262.0258124214968,90.8667032449136,0.0,0.0,0.0001380628786950751,0.0001380628786950751,1.0,False,True,174.84120007860474,1744803.2241572344,1374483.3727894654,15.674818040091713,72610.18250433676,0.002643082414348691,0.18788762422790484,0.7943282347242815,0.7
0.07346601835770038,1.5441222707125406e-05,1.134405150867015e-06,1.6229852832786057e-11,1232.887479366969,90.5753341921527,0.0,0.0,0.00013441340924031322,0.00013441340924031322,1.0,False,True,175.94778995251994,1744803.2241572344,1382010.7107046715,15.517189338851987,73299.86191175794,0.0026144068417454655,0.18492744989205895,0.7943282347242815,0.7
0.07496762415205482,1.5084330256243309e-05,1.1308364012355171e-06,1.5779237785338132e-11,1204.3917933375144,90.29039129474607,0.0,0.0,0.00013084443025896373,0.00013084443025896373,1.0,False,True,177.0543798264352,1744803.2241572344,1389543.7763904887,15.360888204200608,73997.05316727568,0.0025861739199711416,0.18198243355638247,0.7943282347242815,0.7
0.07650642564939383,1.4735317078320586e-05,1.127346440472777e-06,1.534101028802008e-11,1176.5252192095188,90.01173920808982,0.0,0.0,0.0001273542464417112,0.0001273542464417112,1.0,False,True,178.1609697003504,1744803.2241572344,1397082.4659512257,15.205894145919341,74701.8834254377,0.0025583751047964748,0.1790528201667416,0.7943282347242815,0.7
0.0780833833889877,1.4394017866696281e-05,1.1239336155931846e-06,1.4914801113580945e-11,1149.274558254072,89.73924595136218,0.0,0.0,0.00012394120461564889,0.00012394120461564889,1.0,False,True,179.2675595742656,1744803.2241572344,1404626.67758404,15.05218706969564,75414.48271164404,0.0025310020424211734,0.17613885663104967,0.7943282347242815,0.7
0.07969947958703325,1.4060271414771679e-05,1.1205963146097425e-06,1.4500254168296075e-11,1122.6269391072333,89.47278281723055,0.0,0.0,0.00012060369261313683,0.00012060369261313683,1.0,False,True,180.37414944818084,1744803.2241572344,1412176.3115271188,14.899747268274632,76134.9839920531,0.002504046564916069,0.17324079182663688,0.7943282347242815,0.7
0.08135571812633074,1.3733920505697982e-05,1.1173329654309989e-06,1.4097025973753028e-11,1096.5698089622663,89.21222428377848,0.0,0.0,0.00011734013816847052,0.00011734013816847052,1.0,False,True,181.48073932209604,1744803.2241572344,1419731.2700093056,14.748555412824036,76863.52324559493,0.0024775006857704353,0.17035887660285184,0.7943282347242815,0.7
0.08305312448637554,1.3414811804799733e-05,1.1141420347853324e-06,1.3704785170390167e-11,1071.0909249803026,88.95744792861619,0.0,0.0,0.00011414900784191648,0.00011414900784191648,1.0,False,True,182.5873291960113,1744803.2241572344,1427291.4572011596,14.598592544507198,77600.23953808105,0.0024513565955427263,0.1674933637790341,0.7943282347242815,0.7
0.08479274560762498,1.3102795754637305e-05,1.1110220271716296e-06,1.3323212041779872e-11,1046.178345911724,88.7083343450987,0.0,0.0,0.00011102880597014782,0.00011102880597014782,1.0,False,True,183.6939190699265,1744803.2241572344,1434856.779167367,14.449840066259524,78345.27509859459,0.0024256066576131665,0.16464450813722348,0.7943282347242815,0.7
0.0865756496829388,1.2797726472670201e-05,1.1079714838359673e-06,1.2951998058763723e-11,1021.8204239251993,88.46476706062006,0.0,0.0,0.00010797807364269654,0.00010797807364269654,1.0,False,True,184.8005089438417,1744803.2241572344,1442427.1438205028,14.302279734762886,79098.77539813623,0.0024002434040363515,0.16181256640981415,0.7943282347242815,0.7
0.08840292586881468,1.2499461651454662e-05,1.1049889817736383e-06,1.2590845442552903e-11,998.0057966390727,88.22663245693128,0.0,0.0,0.00010499538770375748,0.00010499538770375748,1.0,False,True,185.90709881775695,1744803.2241572344,1450002.4608760783,14.155893652613875,79860.88923060265,0.002375259531492172,0.1589977972619425,0.7943282347242815,0.7
0.09027568390854936,1.2207862461304961e-05,1.102073132755812e-06,1.2239466745940994e-11,974.7233793494614,87.99381969242503,0.0,0.0,0.0001020793597786369,0.0001020793597786369,1.0,False,True,187.01368869167214,1744803.2241572344,1457582.6418088225,14.010664260681217,80631.768796198,0.00235064789733332,0.15620046126832066,0.7943282347242815,0.7
0.09219505365880279,1.1922793455366162e-05,1.0992225823803061e-06,1.1897584451836185e-11,951.9623574508944,87.76622062634561,0.0,0.0,9.922863532432343e-05,9.922863532432343e-05,1.0,False,True,188.1202785655874,1744803.2241572344,1465167.5998101914,13.866574330647158,81411.56978730737,0.00232640151572747,0.15342082088449804,0.7943282347242815,0.7
0.09416218451052658,1.1644122477036265e-05,1.0964360091458585e-06,1.1564930588343075e-11,929.7121790445345,87.54372974487518,0.0,0.0,9.644189270355991e-05,9.644189270355991e-05,1.0,False,True,189.2268684395026,1744803.2241572344,1472757.249747048,13.723606957729151,82200.45147690302,0.002302513553892391,0.15065914041236686,0.7943282347242815,0.7
0.09617824469469025,1.1371720569668151e-05,1.0937121235491857e-06,1.1241246359649059e-11,907.9625477284306,87.32624408903938,0.0,0.0,9.371784228172025e-05,9.371784228172025e-05,1.0,False,True,190.3334583134178,1744803.2241572344,1480351.508121482,13.581745553576967,82998.57680959304,0.0022789773284221343,0.1479156859595971,0.7943282347242815,0.7
0.09824442046251039,1.1105461888501757e-05,1.0910496672043512e-06,1.0926281792026579e-11,886.7034155658378,87.11366318439424,0.0,0.0,9.105522554599523e-05,9.105522554599523e-05,1.0,False,True,191.44004818733305,1744803.2241572344,1487950.2930317377,13.440973839341028,83806.11249534058,0.00225578630170247,0.14519072539297695,0.7943282347242815,0.7
0.10036191512934332,1.084522361476521e-05,1.088447411983816e-06,1.0619795394278785e-11,865.9249762267169,86.90588897244439,0.0,0.0,8.845281424627374e-05,8.845281424627374e-05,1.0,False,True,192.54663806124825,1744803.2241572344,1495553.5241341833,13.301275838908216,84623.22910593661,0.0022329340784138173,0.1424845282854354,0.7943282347242815,0.7
0.1025319479708373,1.0590885871878488e-05,1.085904159180521e-06,1.0321553831979473e-11,845.6176582971077,86.70282574374032,0.0,0.0,8.590940955705582e-05,8.590940955705582e-05,1.0,False,True,193.65322793516344,1744803.2241572344,1503161.1226063753,13.162635872299873,85450.1011743348,0.002210414402119616,0.13979736585643904,0.7943282347242815,0.7
0.10475575295915186,1.0342331643714036e-05,1.0834187386905265e-06,1.0031331614910361e-11,825.7721187527383,86.50438007261725,0.0,0.0,8.342384125994038e-05,8.342384125994038e-05,1.0,False,True,194.7598178090787,1744803.2241572344,1510773.0111110825,13.025038549229341,86286.90729687651,0.0021882211519385912,0.1371295109057332,0.7943282347242815,0.7
0.1070345773265973,1.0099446694848148e-05,1.0809900082155717e-06,9.748910797100952e-12,806.3792365915829,86.31046075352428,0.0,0.0,8.099496694602634e-05,8.099496694602634e-05,1.0,False,True,195.8664076829939,1744803.2241572344,1518389.1137612872,12.888468762814473,87133.83023852725,0.0021663483392989876,0.13448123774007745,0.7943282347242815,0.7
0.10936967994331323,9.862119492752224e-06,1.0786168524850213e-06,9.474080688919243e-12,787.4301066213093,86.1209787389016,0.0,0.0,7.862167123771739e-05,7.862167123771739e-05,1.0,False,True,196.97299755690915,1744803.2241572344,1526009.3560861747,12.752911683440953,87991.05704118074,0.002144790104772828,0.1318528220928475,0.7943282347242815,0.7
0.11176232949504977,9.630241131868424e-06,1.0762981824966598e-06,9.206637580680096e-12,768.9160333971822,85.93584707856257,0.0,0.0,7.630286502937594e-05,7.630286502937594e-05,1.0,False,True,198.07958743082435,1744803.2241572344,1533633.6649979928,12.618352752773195,88858.77913512195,0.0021235407149887008,0.12924454103625702,0.7943282347242815,0.7
0.11421380244652725,9.403705259516607e-06,1.074032934775799e-06,8.946384477263513e-12,750.8285253061845,85.75498086053794,0.0,0.0,7.403748474629434e-05,7.403748474629434e-05,1.0,False,True,199.18617730473954,1744803.2241572344,1541261.9687598408,12.48477767790893,89737.19245372535,0.002102594559621043,0.12665667288600135,0.7943282347242815,0.7
0.11672538077535552,9.182408003576448e-06,1.071820070652133e-06,8.693130843253285e-12,733.1592887928747,85.57829715333713,0.0,0.0,7.182449162142232e-05,7.182449162142232e-05,1.0,False,True,200.2927671786548,1744803.2241572344,1548894.1969542888,12.35217242567396,90626.49755149845,0.0020819461484543715,0.12408949709802532,0.7943282347242815,0.7
0.11929834946093036,8.966247901897237e-06,1.0696585755538703e-06,8.446692358136994e-12,715.9002227231902,85.40571494958901,0.0,0.0,6.966287098937566e-05,6.966287098937566e-05,1.0,False,True,201.39935705257,1744803.2241572344,1556530.2804528729,12.220523217053248,91526.89972553389,0.002061590108520561,0.12154329415725929,0.7943282347242815,0.7
0.12193399371226592,8.75512583339016e-06,1.0675474583186927e-06,8.206890681130435e-12,699.043412882586,85.23715511102615,0.0,0.0,6.755163159727374e-05,6.755163159727374e-05,1.0,False,True,202.50594692648525,1744803.2241572344,1564170.151386367,12.089816521755674,92438.60914042898,0.0020415211813076513,0.11901834545816979,0.7943282347242815,0.7
0.12463359591867486,8.548944950734568e-06,1.065485750520848e-06,7.973553225181546e-12,682.5811266030411,85.07254031475726,0.0,0.0,6.548980493172053e-05,6.548980493172053e-05,1.0,False,True,203.61253680040045,1744803.2241572344,1571813.7431158742,11.960039052907959,93361.84095687918,0.0020217342200383216,0.1165149331765608,0.7943282347242815,0.7
0.1273984323063984,8.347610614677636e-06,1.0634725058141816e-06,7.746512939781414e-12,666.5058075172856,84.9117950008123,0.0,0.0,6.347644456172351e-05,6.347644456172351e-05,1.0,False,True,204.71912667431565,1744803.2241572344,1579460.990204669,11.83117776187564,94296.81546387202,0.0020022241870165177,0.11403334013285234,0.7943282347242815,0.7
0.1302297692847278,8.151030329859469e-06,1.0615067992904172e-06,7.525608102172558e-12,650.8100704348282,84.75484532090512,0.0,0.0,6.151062549687039e-05,6.151062549687039e-05,1.0,False,True,205.8257165482309,1744803.2241572344,1587111.8283907867,11.7032198332073,95243.75821470289,0.0019829861510405325,0.11157384964623131,0.7943282347242815,0.7
0.13312885946482308,7.959113682126116e-06,1.0595877268523182e-06,7.310682116595522e-12,635.4866963367817,84.60161908838411,0.0,0.0,5.959144356038814e-05,5.959144356038814e-05,1.0,False,True,206.9323064221461,1744803.2241572344,1594766.1945603366,11.576152679698925,96202.90016686,0.0019640152848809564,0.10913674537956669,0.7943282347242815,0.7
0.1360969373346478,7.77177227728866e-06,1.0577144046013078e-06,7.1015833212250236e-12,620.5286274861502,84.4520457293376,0.0,0.0,5.7718014776666305e-05,5.7718014776666305e-05,1.0,False,True,208.03889629606135,1744803.2241572344,1602424.026721506,11.449963937575589,97174.47782585531,0.0019453068628219534,0.10672231117488959,0.7943282347242815,0.7
0.13913521457387917,7.588919681281869e-06,1.0558859682390876e-06,6.898164802455992e-12,605.9289626498615,84.30605623481651,0.0,0.0,5.588947477277854e-05,5.588947477277854e-05,1.0,False,True,209.14548616997655,1744803.2241572344,1610085.2639792582,11.324641461787447,98158.73339311975,0.001926856258264242,0.10433083087913592,0.7943282347242815,0.7
0.14224487499323005,7.41047136167801e-06,1.0541015724827999e-06,6.7002842162162065e-12,591.6809524290032,84.16358311413887,0.0,0.0,5.410497819355893e-05,5.410497819355893e-05,1.0,False,True,210.25207604389175,1744803.2241572344,1617749.8465106925,11.200173321416921,99155.914918083,0.0019086589413883337,0.1019625881598541,0.7943282347242815,0.7
0.1454270690831747,7.236344630528115e-06,1.0523603904934725e-06,6.5078036160138005e-12,577.7779946950448,84.02456034925443,0.0,0.0,5.236369812995564e-05,5.236369812995564e-05,1.0,False,True,211.358665917807,1744803.2241572344,1625417.7155410212,11.07654779519464,100166.27645443828,0.0018907104768765464,0.09961786631087408,0.7943282347242815,0.7
0.14868290815864954,7.066458588475327e-06,1.0506616133171774e-06,6.3205892874094724e-12,564.21363012763,83.88892335012467,0.0,0.0,5.066482556010774e-05,5.066482556010774e-05,1.0,False,True,212.4652557917222,1744803.2241572344,1633088.8133201888,10.953753367121223,101190.07822081153,0.0018730065216922811,0.09729694804740144,0.7943282347242815,0.7
0.15201345808725095,6.900734070114777e-06,1.0490044493386573e-06,6.1385115886484134e-12,550.981537851896,83.75660891109825,0.0,0.0,4.900756880289002e-05,4.900756880289002e-05,1.0,False,True,213.57184566563745,1744803.2241572344,1640763.0831000991,10.831778722191908,102227.58676584066,0.001855542822915145,0.09500011529053048,0.7943282347242815,0.7
0.15541973259048142,6.7390935905596705e-06,1.0473881237470112e-06,5.961444797181614e-12,538.0755311721009,83.62755516824916,0.0,0.0,4.739115298352234e-05,4.739115298352234e-05,1.0,False,True,214.67843553955265,1744803.2241572344,1648440.4691124137,10.710612742222073,103279.07513779133,0.0018383152156305664,0.09272764894087535,0.7943282347242815,0.7
0.15890268610967068,6.581461293179867e-06,1.0458118780131077e-06,5.789266961824302e-12,525.4895533988686,83.50170155765144,0.0,0.0,4.5814819510906034e-05,4.5814819510906034e-05,1.0,False,True,215.78502541346785,1744803.2241572344,1656120.9165469352,10.590244501770439,104344.82305879396,0.0018213196208724698,0.09047982864112797,0.7943282347242815,0.7
0.16246320623084465,6.427762898477787e-06,1.0442749693783684e-06,5.621859760307806e-12,513.2176737672411,83.37898877456163,0.0,0.0,4.427782556633584e-05,4.427782556633584e-05,1.0,False,True,216.8916152873831,1744803.2241572344,1663804.3715305212,10.470663264158176,105425.11710381381,0.0018045520436177525,0.08825693252729841,0.7943282347242815,0.7
0.16610210566572864,6.277925654074377e-06,1.0427766703546506e-06,5.459108361999456e-12,501.2540834433629,83.25935873348742,0.0,0.0,4.277944360331445e-05,4.277944360331445e-05,1.0,False,True,217.9982051612983,1744803.2241572344,1671490.781106569,10.351858477580707,106520.2508843995,0.0017880085708311113,0.08605923696854112,0.7943282347242815,0.7
0.16982011378986173,6.131878285768991e-06,1.0413162682348723e-06,5.3009012955646104e-12,489.59309161691147,83.1427545291141,0.0,0.0,4.1318960858108336e-05,4.1318960858108336e-05,1.0,False,True,219.1047950352135,1744803.2241572344,1679180.0932149899,10.233819771310467,107630.52523735678,0.0017716853695591134,0.08388701629526553,0.7943282347242815,0.7
0.1736178677426847,5.989550949648384e-06,1.0398930646141247e-06,5.1471303213660185e-12,478.22912167729146,83.02912039806826,0.0,0.0,3.989567887079632e-05,3.989567887079632e-05,1.0,False,True,220.21138490912875,1744803.2241572344,1686872.256672716,10.11653695198813,108756.24841839363,0.0017555786850720863,0.08174054251545272,0.7943282347242815,0.7
0.17749590309920768,5.850875185217972e-06,1.038506374921008e-06,4.997690308401773e-12,467.15670747145253,82.91840168149785,0.0,0.0,3.8508913016542854e-05,3.8508913016542854e-05,1.0,False,True,221.31797478304395,1744803.2241572344,1694567.22115468,10.000000000000004,109897.73630081641,0.0017396848390527498,0.07962008501903471,0.7943282347242815,0.7
