qber,gain,error_gain,double_click_gain,detection_rate_hz,error_rate_hz,rate_bits_per_pulse,rate_bits_per_second,eta_total_baseline,eta_total_faded,fading_factor,clipped,visible,time_s,cumulative_rate_integral_bits,distance_m,elevation_deg,atmospheric_path_m,eta_geometric,eta_atmospheric,eta_pointing,eta_optical
0.21691722131977983,4.736184658855275e-06,1.0273600158562557e-06,3.81030716720235e-12,378.1554658348446,82.02843287578142,0.0,0.0,3.8508913016542854e-05,2.7361948746125832e-05,0.71053547355054,False,True,-221.31797478304395,0.0,1694567.22115468,10.000000000000004,109897.73630081641,0.0017396848390527498,0.07962008501903471,0.7943282347242815,0.7
0.20845539358263757,4.938127670022018e-06,1.0293793470157527e-06,4.023594730901392e-12,394.2793839166848,82.18966415587239,0.0,0.0,3.989567887079632e-05,2.9381388626139325e-05,0.7364554121585968,False,True,-220.21138490912872,0.0,1686872.256672716,10.11653695198813,108756.24841839363,0.0017555786850720863,0.08174054251545272,0.7943282347242815,0.7
0.1570660642303632,6.663653031961614e-06,1.0466337551269374e-06,5.878981566089181e-12,532.0520625714522,83.56732343374493,0.0,0.0,4.1318960858108336e-05,4.663674234195444e-05,1.1287007556193793,False,True,-219.1047950352135,0.0,1679180.0932149899,10.233819771310467,107630.52523735678,0.0017716853695591134,0.08388701629526553,0.7943282347242815,0.7
0.15585702739686713,6.718889142551195e-06,1.0471860891671147e-06,5.939348492311326e-12,536.4623291964779,83.6114239389626,0.0,0.0,4.277944360331445e-05,4.718910714387288e-05,1.1030790297659874,False,True,-217.9982051612983,0.0,1671490.781106569,10.351858477580707,106520.2508843995,0.0017880085708311113,0.08605923696854112,0.7943282347242815,0.7
0.13627826431014803,7.760612585628642e-06,1.0576028131529614e-06,7.08914950004605e-12,619.6375941539981,84.44313583262279,0.0,0.0,4.427782556633629e-05,5.7606416993376254e-05,1.3010218152440953,False,True,-216.89161528738308,0.0,1663804.3715305212,10.47066326415818,105425.11710381336,0.0018045520436177525,0.08825693252729931,0.7943282347242815,0.7
0.1321231219905053,8.0246602112696e-06,1.0602431600259274e-06,7.384005169228915e-12,640.7201870149308,84.65395143075307,0.0,0.0,4.5814819510906034e-05,6.0246914090269384e-05,1.3150093077618226,False,True,-215.78502541346785,0.0,1656120.9165469352,10.590244501770439,104344.82305879396,0.0018213196208724698,0.09047982864112797,0.7943282347242815,0.7
0.1572526262366219,6.655210531657218e-06,1.0465493342607223e-06,5.869760174482728e-12,531.3779804008066,83.56058294233904,0.0,0.0,4.739115298352234e-05,4.65523167766842e-05,0.9822997299278664,False,True,-214.67843553955262,0.0,1648440.4691124137,10.710612742222075,103279.07513779133,0.0018383152156305664,0.09272764894087535,0.7943282347242815,0.7
0.14179443143368245,7.435798582649485e-06,1.0543548322821656e-06,6.728331070405244e-12,593.7031765893013,84.18380436485116,0.0,0.0,4.9007568802890266e-05,5.435825228336144e-05,1.1091807574048769,False,True,-213.57184566563743,0.0,1640763.0831000991,10.83177872219191,102227.58676584045,0.001855542822915145,0.09500011529053097,0.7943282347242815,0.7
0.15241532625809037,6.881261616485241e-06,1.0488097343438723e-06,6.1171533559577574e-12,549.4267811640508,83.74106210605122,0.0,0.0,5.066482556010774e-05,4.8812842924739055e-05,0.9634463828722448,False,True,-212.4652557917222,0.0,1633088.8133201888,10.953753367121223,101190.07822081153,0.0018730065216922811,0.09729694804740144,0.7943282347242815,0.7
0.1574613390379008,6.645790957505577e-06,1.0464551431348011e-06,5.859473231512881e-12,530.6258848412258,83.55306235527037,0.0,0.0,5.236369812995564e-05,4.6458120408714766e-05,0.8872200029382097,False,True,-211.35866591780697,0.0,1625417.7155410212,11.076547795194642,100166.27645443828,0.0018907104768765464,0.09961786631087408,0.7943282347242815,0.7
0.14852308959165006,7.0746113613728885e-06,1.0507431370512909e-06,6.329560584807894e-12,564.8645793314704,83.8954325231977,0.0,0.0,5.410497819355893e-05,5.0746353865532076e-05,0.9379239315833106,False,True,-210.25207604389175,0.0,1617749.8465106925,11.200173321416921,99155.914918083,0.0019086589413883337,0.1019625881598541,0.7943282347242815,0.7
0.18394795298626335,5.63385606202384e-06,1.0363362900285362e-06,4.764590005355272e-12,449.8290537717376,82.74513363505892,0.0,0.0,5.588947477277911e-05,3.633870932249844e-05,0.6501887783028005,False,True,-209.14548616997652,0.0,1610085.2639792582,11.32464146178745,98158.7333931193,0.001926856258264242,0.10433083087913698,0.7943282347242815,0.7
0.13368480474064567,7.92333876110113e-06,1.059229995171794e-06,7.2706986991116256e-12,632.6302870326989,84.57305639498499,0.0,0.0,5.771801477666711e-05,5.9233691509148324e-05,1.0262600288375465,False,True,-208.03889629606132,0.0,1602424.026721503,11.44996393757562,97174.47782585486,0.0019453068628219603,0.1067223111748907,0.7943282347242815,0.7
0.14934463440176543,7.032901181182131e-06,1.0503260556873896e-06,6.283676630662651e-12,561.5342757736055,83.86213111946923,0.0,0.0,5.959144356038814e-05,5.032924912146929e-05,0.8445717390696732,False,True,-206.9323064221461,0.0,1594766.1945603366,11.576152679698925,96202.90016686,0.0019640152848809564,0.10913674537956669,0.7943282347242815,0.7
0.11889297654028194,8.999626158781849e-06,1.069992341767358e-06,8.48468563674237e-12,718.5652730094698,85.43236414657618,0.0,0.0,6.151062549687105e-05,6.999665655659652e-05,1.1379604091354452,False,True,-205.82571654823087,0.0,1587111.8283907867,11.703219833207305,95243.75821470244,0.0019829861510405325,0.11157384964623251,0.7943282347242815,0.7
0.11966776188495472,8.936045511370338e-06,1.069356566447784e-06,8.412333065968382e-12,713.4887460005351,85.38160136398697,0.0,0.0,6.347644456172351e-05,6.936084438062219e-05,1.0927021016934366,False,True,-204.71912667431565,0.0,1579460.990204669,11.83117776187564,94296.81546387202,0.0020022241870165177,0.11403334013285234,0.7943282347242815,0.7
0.09272036905728151,1.1847078248024944e-05,1.0984654674073648e-06,1.1807049901598747e-11,945.9169598227916,87.70576961231096,0.0,0.0,6.548980493172053e-05,9.847147425210047e-05,1.5036153238624932,False,True,-203.61253680040045,0.0,1571813.7431158742,11.960039052907959,93361.84095687918,0.0020217342200383216,0.1165149331765608,0.7943282347242815,0.7
0.11738531796175046,9.125977711555473e-06,1.071255795382787e-06,8.6287069056088e-12,728.6536740621463,85.53324321378271,0.0,0.0,6.75516315972741e-05,7.12601835354275e-05,1.0548995168653046,False,True,-202.50594692648522,0.0,1564170.151386367,12.089816521755676,92438.60914042876,0.0020415211813076513,0.11901834545817043,0.7943282347242815,0.7
0.12490966470083427,8.528406323600756e-06,1.0652803743134451e-06,7.950355506752061e-12,680.9412424619375,85.0561422768901,0.0,0.0,6.966287098937566e-05,6.528441690664066e-05,0.9371479524092144,False,True,-201.39935705257,0.0,1556530.2804528729,12.220523217053248,91526.89972553389,0.002061590108520561,0.12154329415725929,0.7943282347242815,0.7
0.11453392744009189,9.374907461055625e-06,1.073744970902121e-06,8.913373257488243e-12,748.5291966954072,85.73198870110204,0.0,0.0,7.182449162142266e-05,7.374950405774563e-05,1.026801615895445,False,True,-200.29276717865477,0.0,1548894.1969542888,12.352172425673961,90626.49755149824,0.0020819461484543715,0.12408949709802593,0.7943282347242815,0.7
0.1658033828684396,6.289962322213784e-06,1.0428970311380714e-06,5.472166024117023e-12,502.21513799997666,83.26896880813635,0.0,0.0,7.403748474629434e-05,4.2899811041090756e-05,0.5794336637460923,False,True,-199.18617730473954,0.0,1541261.9687598408,12.48477767790893,89737.19245372535,0.002102594559621043,0.12665667288600135,0.7943282347242815,0.7
0.1226187421102301,8.701892843997187e-06,1.0670151545089478e-06,8.146565642793438e-12,694.7930832709559,85.19465389757296,0.0,0.0,7.630286502937594e-05,6.7019297056857e-05,0.878332642307142,False,True,-198.07958743082435,0.0,1533633.6649979928,12.618352752773195,88858.77913512195,0.0021235407149887008,0.12924454103625702,0.7943282347242815,0.7
0.08870786375380375,1.2451035287317915e-05,1.1045047418612003e-06,1.2532374811689665e-11,994.1392467454616,88.1879688526055,0.0,0.0,7.862167123771777e-05,0.00010451111802100538,1.3292914838328629,False,True,-196.97299755690912,0.0,1526009.3560861747,12.752911683440955,87991.05704118051,0.002144790104772828,0.13185282209284813,0.7943282347242815,0.7
0.07833578296186124,1.4340853656767684e-05,1.1234019995443674e-06,1.4848618091590335e-11,1145.029720263285,89.6967996514254,0.0,0.0,8.099496694602634e-05,0.00012340955487791943,1.5236694270170816,False,True,-195.8664076829939,0.0,1518389.1137612872,12.888468762814473,87133.83023852725,0.0021663483392989876,0.13448123774007745,0.7943282347242815,0.7
0.07735866366485847,1.4548883658350194e-05,1.1254821976254684e-06,1.5107909277289645e-11,1161.6396474140292,89.86289078406666,0.0,0.0,8.342384125994084e-05,0.0001254898849438391,1.5042448663185435,False,True,-194.75981780907867,0.0,1510773.0111110825,13.025038549229343,86286.90729687628,0.0021882211519385912,0.13712951090573394,0.7943282347242815,0.7
0.08978149506178086,1.2283480904072097e-05,1.1028292801304284e-06,1.2330425712133093e-11,980.7610509163517,88.05419344963343,0.0,0.0,8.590940955705582e-05,0.00010283555346640789,1.1970231665730486,False,True,-193.65322793516344,0.0,1503161.1226063753,13.162635872299873,85450.1011743348,0.002210414402119616,0.13979736585643904,0.7943282347242815,0.7
0.07455300891193123,1.5181214132666826e-05,1.1318051925266462e-06,1.590131469107581e-11,1212.1273801145883,90.36774337207876,0.0,0.0,8.845281424627374e-05,0.0001318132836846371,1.490210173727627,False,True,-192.54663806124825,0.0,1495553.5241341833,13.301275838908216,84623.22910593661,0.0022329340784138173,0.1424845282854354,0.7943282347242815,0.7
0.06894589486488845,1.6625285710754633e-05,1.1462452007124212e-06,1.774292338693306e-11,1327.4276903103992,91.52068997688248,0.0,0.0,9.105522554599897e-05,0.00014625422912348208,1.6062145609600174,False,True,-191.44004818733302,0.0,1487950.2930317344,13.440973839341064,83806.112495339,0.0022557863017024795,0.14519072539298228,0.7943282347242815,0.7
0.07406983144213652,1.5295701159856953e-05,1.1329500066998967e-06,1.6045811729893168e-11,1221.2684711440907,90.45914980323857,0.0,0.0,9.371784228172025e-05,0.0001329581714028614,1.4187071337300199,False,True,-190.3334583134178,0.0,1480351.508121482,13.581745553576967,82998.57680959304,0.0022789773284221343,0.1479156859595971,0.7943282347242815,0.7
0.08214462608497715,1.3583739872852699e-05,1.11583123269108e-06,1.391217635677204e-11,1084.5788011651364,89.09232008140292,0.0,0.0,9.644189270356041e-05,0.00011583831132681987,1.2011202609106757,False,True,-189.22686843950257,0.0,1472757.249747048,13.723606957729153,82200.4514769028,0.002302513553892391,0.15065914041236766,0.7943282347242815,0.7
0.09236840587849662,1.1897700940911663e-05,1.0989716695310996e-06,1.1867568134606943e-11,949.9588731748395,87.74618676529288,0.0,0.0,9.922863532432343e-05,9.897770719116236e-05,0.9974712124948516,False,True,-188.12027856558734,0.0,1465167.5998101914,13.86657433064716,81411.56978730737,0.00232640151572747,0.15342082088449804,0.7943282347242815,0.7
0.11432393779606193,9.393777763267132e-06,1.0739336646777813e-06,8.935002629080337e-12,750.0358752641777,85.7470547485167,0.0,0.0,0.0001020793597786369,7.39382088507311e-05,0.7243208520416763,False,True,-187.01368869167214,0.0,1457582.6418088225,14.010664260681217,80631.768796198,0.00235064789733332,0.15620046126832066,0.7943282347242815,0.7
0.08226209819307288,1.3561657760952402e-05,1.1156104223923155e-06,1.3885034280575427e-11,1082.8156791769215,89.07468972545082,0.0,0.0,0.00010499538770375748,0.00011561748721063771,1.101167296384964,False,True,-185.90709881775692,0.0,1450002.4608760783,14.155893652613875,79860.88923060265,0.002375259531492172,0.1589977972619425,0.7943282347242815,0.7
0.12434988872081765,8.570155175341886e-06,1.065697842373903e-06,7.997518257933228e-12,684.2746337072975,85.0894745559807,0.0,0.0,0.00010797807364269654,6.570190899330905e-05,0.6084745428105998,False,True,-184.8005089438417,0.0,1442427.1438205028,14.302279734762886,79098.77539813623,0.0024002434040363515,0.16181256640981415,0.7943282347242815,0.7
0.11343136428512343,9.4748421245034e-06,1.074744268568578e-06,9.027999795537907e-12,756.5083702140081,85.81177652649016,0.0,0.0,0.00011102880597014782,7.474886011102903e-05,0.6732384398615137,False,True,-183.6939190699265,0.0,1434856.779167367,14.449840066259524,78345.27509859459,0.0024256066576131665,0.16464450813722348,0.7943282347242815,0.7
0.09682534405069279,1.1286968915535429e-05,1.0928646485361929e-06,1.1140839050078478e-11,901.1956449243116,87.25857837678247,0.0,0.0,0.00011414900784191648,9.287031613847721e-05,0.813588465587823,False,True,-182.58732919601127,0.0,1427291.4572011596,14.598592544507198,77600.23953808105,0.0024513565955427263,0.1674933637790341,0.7943282347242815,0.7
0.07700269980668159,1.4626176646551602e-05,1.1262550896339099e-06,1.5204466554801707e-11,1167.811021223203,89.92460149818457,0.0,0.0,0.00011734013816847052,0.00012626282610115564,1.0760412257217085,False,True,-181.48073932209604,0.0,1419731.2700093056,14.748555412824036,76863.52324559493,0.0024775006857704353,0.17035887660285184,0.7943282347242815,0.7
0.056629483260649816,2.1016535534296708e-05,1.1901555472363074e-06,2.359672408404915e-11,1678.0422128066757,95.0266634007994,0.0,0.0,0.00012060369261313748,0.00019016755384773318,1.5767971090050856,False,True,-180.37414944818082,0.0,1412176.3115271188,14.899747268274636,76134.98399205286,0.002504046564916069,0.17324079182663782,0.7943282347242815,0.7
0.054220960910573456,2.2161201629907096e-05,1.2016016473065294e-06,2.5185368935156867e-11,1769.4368208698504,95.94056469811352,0.0,0.0,0.00012394120461564889,0.00020161446192963254,1.6266943875110327,False,True,-179.2675595742656,0.0,1404626.67758404,15.05218706969564,75414.48271164404,0.0025310020424211734,0.17613885663104967,0.7943282347242815,0.7
0.06636478767951293,1.7386599167790784e-05,1.1538579622392316e-06,1.873044051841299e-11,1388.21392769951,92.1285225655207,0.0,0.0,0.0001273542464417112,0.00015386749316457403,1.2081850229862392,False,True,-178.1609697003504,0.0,1397082.4659512257,15.205894145919341,74701.8834254377,0.0025583751047964748,0.1790528201667416,0.7943282347242815,0.7
0.06127749902468588,1.9111523455480903e-05,1.1711063599034923e-06,2.1010337329839747e-11,1525.9386142405435,93.50570194585542,0.0,0.0,0.00013084443025896373,0.00017111705082971493,1.30779010226912,False,True,-177.05437982643517,0.0,1389543.7763904887,15.360888204200608,73997.05316727568,0.0025861739199711416,0.18198243355638247,0.7943282347242815,0.7
0.0837420144075374,1.3289492916855334e-05,1.1128889073121656e-06,1.3551297575935916e-11,1061.084975917503,88.857393340905,0.0,0.0,0.00013441340924031322,0.00011289580222948022,0.8399147292487582,False,True,-175.94778995251994,0.0,1382010.7107046715,15.517189338851987,73299.86191175794,0.0026144068417454655,0.18492744989205895,0.7943282347242815,0.7
0.06050788896340923,1.9402730994499054e-05,1.1740182926020475e-06,2.1401049782134838e-11,1549.189760575417,93.73820201614787,0.0,0.0,0.00013806287869507584,0.0001740291822991827,1.2605066904590743,False,True,-174.84120007860471,0.0,1374483.3727894654,15.674818040091717,72610.18250433654,0.002643082414348691,0.18788762422790584,0.7943282347242815,0.7
0.06667013775784639,1.7292917491269916e-05,1.1529211913780366e-06,1.8608304658933573e-11,1380.7340170590535,92.05372712427172,0.0,0.0,0.00014179457722842442,0.00015293066015490737,1.0785367335207978,False,True,-173.7346102046895,0.0,1366961.868686748,15.833795203110054,71927.89059349548,0.0026722093771034843,0.19086271356793047,0.7943282347242815,0.7
0.07691261825973504,1.4645867087669936e-05,1.1264519843967752e-06,1.5229083492590116e-11,1169.3831828828365,89.94032234442155,0.0,0.0,0.00014561028793005362,0.00012645973339427843,0.8684807591001092,False,True,-172.6280203307743,0.0,1359446.30663948,15.994142137358597,71252.86456486514,0.0027017966691985544,0.19385247684955909,0.7943282347242815,0.7
0.08226025280508215,1.3562004097281027e-05,1.1156138855858972e-06,1.388545990296773e-11,1082.8433320209554,89.0749662403413,0.0,0.0,0.0001495118395923759,0.00011562095062089413,0.7733230420822809,False,True,-171.52143045685906,0.0,1351936.797148191,16.15588057606852,70584.98547731347,0.002731853434570936,0.1968566749226038,0.7943282347242815,0.7
0.07623499084370147,1.47957028093067e-05,1.1279502681936244e-06,1.541665919456588e-11,1181.3466516230833,90.05995116972313,0.0,0.0,0.000153501107959135,0.0001279581126679651,0.8335973229719623,False,True,-170.41484058294384,0.0,1344433.45302913,16.319032686002295,69924.13700087127,0.0027623890268991657,0.19987507052415193,0.7943282347242815,0.7
0.07692294061835363,1.4643608089723146e-05,1.1264293955242163e-06,1.522625890944135e-11,1169.202815671163,89.93851876068474,0.0,0.0,0.00015758001700467018,0.00012643714308398135,0.8023678730802151,False,True,-169.3082507090286,0.0,1336936.3894741554,16.483621077444443,69270.20535654492,0.0027934130147084734,0.20290742824901276,0.7943282347242815,0.7
0.04694427369711561,2.6526099829295495e-05,1.2452484905034593e-06,3.1481359507363436e-11,2117.947326858091,99.4254989881006,8.174807600077098e-07,65.33465742422594,0.00016175054024478058,0.00024526450652502584,1.5163133684367407,False,True,-168.2016608351134,36.14933516068433,1329445.7241123246,16.649668814437476,68623.07925786194,0.0028249351865895058,0.20595351451628532,0.7943282347242815,0.7
0.060650876948510214,1.9347957400467654e-05,1.1734705835007813e-06,2.1327431971169708e-11,1544.8164230773393,93.69447078410141,0.0,0.0,0.0001660147020794364,0.00017348143574609067,1.0449763398851357,False,True,-167.0950709611982,72.29867032136774,1321961.57707338,16.817199425267034,67982.64985418154,0.0028569655565309376,0.20901309753177252,0.7943282347242815,0.7
0.06082789569987261,1.9280574751711443e-05,1.172796790030701e-06,2.1236948598448072e-11,1539.4363294439654,93.64067248401226,0.0,0.0,0.0001703745791680591,0.00017280759624381314,1.01428039962085,False,True,-165.98848108728296,72.29867032136774,1314484.0710530488,16.986236913203374,67348.8106756788,0.0028895143693674036,0.21208594724652585,0.7943282347242815,0.7
0.060484341797215804,1.9411780828183176e-05,1.174108786504472e-06,2.1413218823991873e-11,1549.9123346131814,93.74542740246439,0.0,0.0,0.00017483230183773385,0.0001741196823923824,0.9959239829375875,False,True,-164.88189121336774,72.29867032136774,1307013.331380336,17.156805767503283,66721.45757998874,0.0029225921063428814,0.2151718353114473,0.7943282347242815,0.7
0.05979627995098928,1.968000115187885e-05,1.1767908583135392e-06,2.177462298534188e-11,1571.3280919705023,93.959574482322,0.0,0.0,0.00017939005552500097,0.00017680193805641591,0.985572681490004,False,True,-163.77530133945254,72.29867032136774,1299549.486086796,17.328930974679203,66100.48870042714,0.0029562094907903042,0.2182705350282054,0.7943282347242815,0.7
0.05863278174172666,2.015082380638242e-05,1.18149885415561e-06,2.2412461510068458e-11,1608.920410062768,94.33547924301963,0.0,0.0,0.0001840500822514751,0.00018151025836959283,0.9862003654069982,False,True,-162.66871146553729,72.29867032136774,1292092.6659778676,17.502638030040497,65485.80439579564,0.0029903774939275714,0.22138182129628645,0.7943282347242815,0.7
0.06347042670915272,1.832772935847723e-05,1.1632688029924156e-06,1.9967064459965772e-11,1463.3574348270988,92.87992081648711,0.0,0.0,0.0001888146821338449,0.00016327896313360438,0.8647577682431549,False,True,-161.5621215916221,72.29867032136774,1284643.0047063474,17.67795294951273,64877.30720169065,0.003025107340769903,0.22450547055642553,0.7943282347242815,0.7
0.06715378463541762,1.7146582582776872e-05,1.1514579139972009e-06,1.841787078709424e-11,1369.0500669019114,91.93689334783504,0.0,0.0,0.0001936862149285123,0.00015146728587103755,0.7820240894631693,False,True,-160.45553171770686,72.29867032136774,1277200.638848093,17.854902281740443,64274.901783301626,0.0030604105161582094,0.2276412607303447,0.7943282347242815,0.7
0.07244575875832153,1.5693504565625044e-05,1.1369278458338895e-06,1.654990727583907e-11,1253.0306474641498,90.77675600297124,0.0,0.0,0.00019866710161123798,0.0001369362670995553,0.6892750032036973,False,True,-159.34894184379164,72.29867032136774,1269765.7079799485,18.03351312047949,63678.494889650894,0.0030962987709032674,0.23078897115688413,0.7943282347242815,0.7
0.08423711559847051,1.3200863391199522e-05,1.1120026554840915e-06,1.3442933969105555e-11,1054.0084487178233,88.78663153640785,0.0,0.0,0.0002037598259920602,0.00011200949523362806,0.5497133435812449,False,True,-158.24235196987644,72.29867032136774,1262338.3547600664,18.213813117283753,63087.99530922966,0.0031327841280443668,0.2339483825246097,0.7943282347242815,0.7
0.06656643333962453,1.732462068179039e-05,1.1532382077486806e-06,1.8649617690045412e-11,1383.265323509976,92.079038948441,0.0,0.0,0.00020896693636558464,0.00015324769754763916,0.7333585887459944,False,True,-157.13576209596118,72.29867032136774,1254918.725010625,18.39583049449273,62503.31382702052,0.0031698788892215862,0.23711927680078934,0.7943282347242815,0.7
0.05017016594653863,2.43959294889747e-05,1.223947830881916e-06,2.8361642642176344e-11,1947.866214027014,97.72477119939123,0.0,0.0,0.00021429104719686553,0.00022396226074501772,1.0451312067147043,False,True,-156.029172222046,72.29867032136774,1247506.9678030657,18.579594058524677,61924.36318284672,0.0032075956411598784,0.24030143715689367,0.7943282347242815,0.7
0.05589693148513195,2.1351972687906866e-05,1.1935097544083388e-06,2.4059579004891046e-11,1704.824824173949,95.29447639100336,0.0,0.0,0.00021973484084285966,0.0001935219964451992,0.8807069270530193,False,True,-154.92258234813076,72.29867032136774,1240103.2355458864,18.76513321348149,61351.058031030785,0.0032459472622631083,0.24349464789055467,0.7943282347242815,0.7
0.05921187437891345,1.9913704662710568e-05,1.1791277789072011e-06,2.209067998352575e-11,1589.9878922890077,94.14616334221009,0.0,0.0,0.00022530106930946639,0.00017913901943158935,0.7951094949555241,False,True,-153.81599247421553,72.29867032136774,1232707.6840751283,18.952477975069968,60783.31490131586,0.003284946929315351,0.24669869434407476,0.7943282347242815,0.7
0.058091006647882255,2.037783305375003e-05,1.1837688353948278e-06,2.2721566554529923e-11,1627.0457142623438,94.51672340362215,0.0,0.0,0.00023099255604384103,0.00018378039684610064,0.7956117720573653,False,True,-152.70940260030034,72.29867032136774,1225320.4727476095,19.14165898484508,60221.05216105365,0.003324608124286527,0.24991336281929652,0.7943282347242815,0.7
0.05853241415965263,2.019249634787316e-05,1.181915559150985e-06,2.2469128076707077e-11,1612.2477083999408,94.3687505960162,0.0,0.0,0.0002368121977619895,0.0001819269921907133,0.7682331987542335,False,True,-151.6028127263851,72.29867032136774,1217941.7645369694,19.33270752478056,59664.18997858,0.003364944641239,0.25313844048910533,0.7943282347242815,0.7
0.0698076003585789,1.638575122728854e-05,1.143849973249652e-06,1.7434591181219135e-11,1308.3023223817502,91.32944566902587,0.0,0.0,0.0002427629663110588,0.00014385884475176018,0.5925897468538506,False,True,-150.49622285246988,72.29867032136774,1210571.7261326862,19.52565553217099,59112.65028778734,0.003405970593330557,0.2563737153053504,0.7943282347242815,0.7
0.04594813426594067,2.7261140308188694e-05,1.2525985351233013e-06,3.257870539222962e-11,2176.6358271435734,100.01235523364973,1.157093453652435e-06,92.4771665592268,0.0002488479105659251,0.0002526151089982684,1.0151385576184908,False,True,-149.38963297855466,123.4658183627738,1203210.528042084,19.720535614871007,58566.35675385178,0.003447700419909348,0.2596189759032507,0.7943282347242815,0.7
0.04254455582767414,3.0112125058689298e-05,1.2811069856493123e-06,3.693617477045111e-11,2404.26957541769,102.2885811761363,2.5054886942169686e-06,200.24354520024787,0.0002550701583592848,0.0002811257743782791,1.1021507815206397,False,True,-148.28304310463943,285.42670612191995,1195858.3446954929,19.917381066875205,58025.23474010923,0.0034901488936948436,0.26287401150214346,0.7943282347242815,0.7
0.049553724811390816,2.477613307888702e-05,1.2277496804815644e-06,2.8911878355731496e-11,1978.2231523669402,98.0283257079134,2.4428325580499717e-08,1.9523594454190603,0.00026143291844478277,0.00022776439012341283,0.8712154210661078,False,True,-147.17645323072423,397.3006764359289,1188515.354554599,20.116225884243914,57489.21127600079,0.003533331128038838,0.2661386118028743,0.7943282347242815,0.7
0.044850386212966754,2.8119823559457507e-05,1.2611849468821506e-06,3.3874186980295144e-11,2245.196448883905,100.69792785642458,1.5582397029666304e-06,124.5375575288062,0.00026793948249176006,0.00026120217929107183,0.9748551309495964,False,True,-146.069863356809,467.28690707395657,1181181.7402241386,20.317104781377942,56958.215026135804,0.003577262584258933,0.26941256688136705,0.7943282347242815,0.7
0.04792708108128078,2.5838735834113655e-05,1.2383751873593603e-06,3.046486981212586e-11,2063.065503086694,98.87670764242931,5.032646994214333e-07,40.22189675766226,0.0002745932271107215,0.00023839068659998178,0.8681593829109917,False,True,-144.96327348289378,558.4474789465588,1173857.688567023,20.520053207646406,56432.17626040177,0.003621959079036487,0.2726956670786143,0.7943282347242815,0.7
0.04745769222338575,2.6162521292537414e-05,1.2416128832890169e-06,3.094252571167166e-11,2088.9177976402557,99.13521792036404,6.508582335589488e-07,52.01785999331618,0.00028139761590801737,0.00024162862537266272,0.8586733209980206,False,True,-143.85668360897859,609.4832693430757,1166543.3908229887,20.725107364370494,55911.026825121095,0.0036674367918699442,0.2759877028869132,0.7943282347242815,0.7
0.042302863921861875,3.033742231145819e-05,1.2833598477816723e-06,3.7287382782709866e-11,2422.2581872875494,102.46845848044103,2.6139404153769274e-06,208.91121836846622,0.0002883562015683139,0.00028337881500361097,0.9827387566571072,False,True,-142.75009373506333,753.8540073056698,1159239.0427309237,20.932304222166312,55394.70011519961,0.0037137122725729808,0.2792884648325066,0.7943282347242815,0.7
0.03561346906289026,3.826040666396332e-05,1.362585809060658e-06,5.0277408899839967e-11,3054.8601769548854,108.79416840343828,6.5617284727509575e-06,524.4261429148863,0.0002954726279627799,0.00036261137611991504,1.2272249332198464,False,True,-141.64350386114813,1159.605856385594,1151944.8446549242,21.141681538648584,54883.1310472865,0.003760802448806439,0.28259774335432936,0.7943282347242815,0.7
0.029399847838006848,5.051460950067386e-05,1.4851218329161466e-06,7.281660174450666e-11,4033.2835527172183,118.57792273742189,1.3000767088595596e-05,1039.0466730709768,0.0003027506322807165,0.000485158844065278,1.6025031571707136,False,True,-140.5369139872329,2024.667449541434,1144661.0017142622,21.353277876497536,54376.25603393735,0.0038087246336308005,0.28591532867871616,0.7943282347242815,0.7
0.02564632381091709,6.26325910177486e-05,1.6062957103579177e-06,9.802934628967655e-11,5000.830486724434,128.25291798604096,1.9584986120650592e-05,1565.27030536946,0.0003101940471827556,0.0006063455152037981,1.9547296948821211,False,True,-139.43032411331768,3465.6228479452766,1137387.72391736,21.56713262188915,53874.01295868085,0.003857496533065229,0.28924101069052943,0.7943282347242815,0.7
0.03171779334706971,4.512329424855041e-05,1.431211322114541e-06,6.253401464243172e-11,3602.8199037086497,114.27349717254052,1.0131878080132663e-05,809.7594656824075,0.0003178068029721909,0.0004312431133501806,1.3569348085601418,False,True,-138.32373423940248,4779.71479539184,1130125.2262998715,21.78328600329046,53376.34115207311,0.003907136253637622,0.2925745787999783,0.7943282347242815,0.7
0.037468914215972184,3.5676073725838696e-05,1.336743745996149e-06,4.590370342473322e-11,2848.516949973306,106.73083724129253,5.249109228123884e-06,419.51905167600836,0.0003255929297818063,0.0003367670913209264,1.03431942317239,False,True,-137.21714436548723,5459.868375157031,1122873.729067063,22.001779110618287,52883.181368646096,0.003957662309907852,0.2959158218055487,0.7943282347242815,0.7
0.037078790603533626,3.6190048929408753e-05,1.3418832461851834e-06,4.6763015869066044e-11,2889.5547359832317,107.14119499297114,5.5084990736921794e-06,440.24999426035447,0.00033355655977241277,0.00034190702805028884,1.025034639653238,False,True,-136.11055449157203,5935.574235226485,1115633.4577405334,22.22265391476123,52394.47576478233,0.004009093631945719,0.2992645277526453,0.7943282347242815,0.7
0.036421385004305376,3.709049754635364e-05,1.3508872911369898e-06,4.828108066919622e-11,2961.4500675059335,107.86011307965975,5.964977223501864e-06,476.73261868221726,0.00034170192933931045,0.0003509118441586609,1.0269530664844593,False,True,-135.0039646176568,6442.936072245772,1108404.6433094991,22.44595328746215,51910.16787747321,0.00406144957274191,0.30262048378803513,0.7943282347242815,0.7
0.04149143119013118,3.111910778921655e-05,1.2911763195345536e-06,3.85137180309951e-11,2484.6710063116902,103.09255608849547,2.992157157426628e-06,239.13903837696523,0.00035003338132229283,0.00029119590998696144,0.8319089707585436,False,True,-133.89737474374158,6839.024235608074,1101187.5223867346,22.671721021558568,51430.20260395088,0.004114749915529113,0.30598347600997516,0.7943282347242815,0.7
0.04359156354655026,2.917358084835095e-05,1.2717220034313123e-06,3.5483925426617284e-11,2329.332543052724,101.53924757153034,2.0565298410149195e-06,164.36187763506555,0.00035855536721420017,0.0002717400540553674,0.7578747354046175,False,True,-132.79078486982638,7062.279249495285,1093982.337369302,22.90000185157621,50954.526182196336,0.00416901488098799,0.3093532893138071,0.7943282347242815,0.7
0.03480459475704787,3.95080484353253e-05,1.3750616154333162e-06,5.24362422853454e-11,3154.4767648263633,109.79028547030497,7.202381621530856e-06,575.6283926203002,0.00036727244936279456,0.0003750882789882667,1.0212807403305975,False,True,-131.68419499591113,7471.712119425485,1086789.336604227,23.13084147467112,50483.08617228622,0.0042242651343101165,0.3127297072330868,0.7943282347242815,0.7
0.026927620935005323,5.789189909470479e-05,1.5588911140297884e-06,8.781956759034424e-11,4622.315143327454,124.46795002165648,1.699104258021068e-05,1357.9572762642526,0.0003761893031597852,0.0005589357389537169,1.485783179529458,False,True,-130.57760512199593,8541.55528019308,1079608.7745593053,23.36428657191217,50015.8314385867,0.004280521792087168,0.31611251177599375,0.7943282347242815,0.7
0.030895522531541625,4.689892335063563e-05,1.448966743084607e-06,6.585701991172868e-11,3744.593060503434,115.69115927223827,1.107147571893527e-05,884.8539423367583,0.0003853107192105078,0.0004490002213952676,1.1652938758497506,False,True,-129.4710152480807,9782.491371996755,1072440.911999114,23.60038482989758,49552.71213277274,0.0043378064289937,0.319501483256975,0.7943282347242815,0.7
0.03574833566302893,3.806000719585717e-05,1.3605819125747984e-06,4.993352447809806e-11,3038.859501374586,108.63416948792342,6.4592255255076346e-06,516.2339073654492,0.00039464160547705103,0.00036060730496308347,0.9137589649909664,False,True,-128.36442537416548,10557.706185469815,1065286.0161664386,23.83918496269371,49093.67967765001,0.004396141084226921,0.32289640012359444,0.7943282347242815,0.7
0.03640120397797783,3.711884892063213e-05,1.3511707909876724e-06,4.832913891181095e-11,2963.7137518678373,107.88274881407912,5.979390746106951e-06,477.8845755327623,0.00040418698938637904,0.0003511953684215208,0.8688933034551456,False,True,-127.25783550025027,11107.746908793371,1058144.3609692543,24.080736734086106,48638.68675181721,0.004455548267664004,0.32629703877810756,0.7943282347242815,0.7
0.041268917504643544,3.134055193914449e-05,1.2933906525265501e-06,3.886332654249887e-11,2502.3519714142294,103.26935707587596,3.0998311987325647e-06,247.74455785382605,0.0004139520198954217,0.000293410420645032,0.7088029688057988,False,True,-126.15124562633505,11509.233834405106,1051016.227173423,24.325090980128067,48187.68727507086,0.004516050965694,0.32970317339428384,0.7943282347242815,0.7
0.038897948077664536,3.391188435085655e-05,1.3191027166953826e-06,4.299395580177196e-11,2707.6571856332685,105.32230861887815,4.365716332091277e-06,348.91656773162674,0.00042394196950246724,0.0003191245837180606,0.7527553454841497,False,True,-125.04465575241983,11839.363414270967,1043901.9026012631,24.572299631972136,47740.63639465567,0.004577672646677689,0.33311457572851527,0.7943282347242815,0.7
0.03326255108456019,4.212692942723299e-05,1.401249142108999e-06,5.706802661251439e-11,3363.5784432436562,111.88119979531753,8.559993815974325e-06,684.131408199626,0.000434162236195226,0.00040127815791245175,0.9242585477471432,False,True,-123.9380658785046,12410.94362898804,1036801.6823361533,24.822415738965887,47297.490472245496,0.004640437265984552,0.3365310149258624,0.7943282347242815,0.7
0.032862985758642195,4.286314558556238e-05,1.4086109429489435e-06,5.839456262061334e-11,3422.3608143633414,112.4689947033576,8.944493152441968e-06,714.8613454127278,0.000444618345323287,0.0004086406323643739,0.919081807268314,False,True,-122.83147600458939,13184.999236402135,1029715.868933356,25.075493491992155,46858.20707172297,0.004704369270551717,0.33995225732033163,0.7943282347242815,0.7
0.026439037373694633,5.961244918111359e-05,1.576095771836934e-06,9.147357770528799e-11,4759.690576568132,125.841637041107,1.7930131278646055e-05,1433.0110774113998,0.0004553159513826705,0.0005761422507377857,1.2653680350714678,False,True,-121.72488613067416,14373.406173181605,1022644.7726371739,25.33158824703116,46422.744947716186,0.004769493602905621,0.3433780662294913,0.7943282347242815,0.7
0.027391782073303006,5.634689280229002e-05,1.5434418081480941e-06,8.458832064146045e-11,4498.95581164821,123.23441715008782,1.615025309939045e-05,1290.7597403922593,0.0004662608396986829,0.0005434847934808938,1.1656239323725242,False,True,-120.61829625675895,15880.454776105247,1015588.7116047128,25.590756548917017,45991.064034878946,0.004835835704580816,0.3468082017433341,0.7943282347242815,0.7
0.026451514575686456,5.95672390933957e-05,1.5756436931123564e-06,9.137681308030359e-11,4756.080826735126,125.80554131152707,1.790541970605983e-05,1431.0360803126061,0.00047745892799188407,0.0005756901229183805,1.2057374763932913,False,True,-119.51170638284373,17386.41062313364,1008548.0121362718,25.85305615526224,45563.12543793774,0.004903421518867361,0.35024242050700527,0.7943282347242815,0.7
0.028318142663746413,5.349746938395547e-05,1.514948970164257e-06,7.875297231132854e-11,4271.446726227235,120.9594377738954,1.460637366054519e-05,1167.3698831920606,0.0004889162678109694,0.0005149889942460831,1.053327590329218,False,True,-118.40511650892851,18824.095486901224,1001523.0089126754,26.1185460605153,45138.89142247217,0.004972277492809856,0.35368047549745096,0.7943282347242815,0.7
0.023631388211979847,7.18903495910097e-05,1.6988687598800967e-06,1.1925040047377336e-10,5740.006059051935,135.64431152057278,2.4700019794463957e-05,1974.073777134134,0.0005006390458147033,0.000698929328260463,1.3960743455858036,False,True,-117.29852663501329,20562.2403588973,994514.045239647,26.387286520116856,44718.32540643982,0.005042430578377103,0.3571221157937033,0.7943282347242815,0.7
0.03079009242643264,4.713675018578587e-05,1.451344894902013e-06,6.630684248608778e-11,3763.582083126552,115.88104019393244,1.1197741863489344e-05,894.945378982485,0.0005126335848837494,0.00045137860157306095,0.8805092270250313,False,True,-116.19193676109808,22149.65413201101,987521.473299359,26.65933907471419,44301.39195243191,0.005113908232714679,0.36056708634070944,0.7943282347242815,0.7
0.031108930214153414,4.642479424383061e-05,1.4442256843377576e-06,6.496360037168036e-11,3706.7367423561923,115.31261464019715,1.0820039794682198e-05,864.7586926637714,0.0005249063450414714,0.0004442587090794391,0.8463580470614037,False,True,-115.08534688718285,23123.289485396577,980545.6544094343,26.934766574389258,43888.05676064885,0.00518673841738434,0.36401512770659694,0.7943282347242815,0.7
0.035847094912676215,3.791458634646959e-05,1.359127775336753e-06,4.968448096808763e-11,3027.248533263484,108.51806549615597,6.38491556909467e-06,510.29491065388817,0.0005374639241608691,0.0003591530412256595,0.668236555200235,False,True,-113.97875701326763,23884.09968215756,973586.9592894643,27.21363320285199,43478.28666261648,0.0052609495964890006,0.3674659758330059,0.7943282347242815,0.7
0.027999822872187212,5.444352534586559e-05,1.5244090662216715e-06,8.067257668449178e-11,4346.983526151844,121.71476876056741,1.5117940767969685e-05,1208.2553245971478,0.0005503130584333881,0.0005244500644838513,0.9530031251245198,False,True,-112.87216713935241,24834.96482622926,966645.7683352663,27.496004501544412,43072.04961561274,0.005336570733572498,0.37091936177853985,0.7943282347242815,0.7
0.024359374206010417,6.824580484486253e-05,1.6624250982063651e-06,1.1069365880622809e-10,5449.011383905902,132.73450735337457,2.267958335474981e-05,1812.596554557175,0.0005634606225730932,0.0006624813269575813,1.1757366893400663,False,True,-111.76557726543719,26506.386876264238,959722.4719010077,27.781947393597356,42669.31469780775,0.005413631287176146,0.3743750114551207,0.7943282347242815,0.7
0.027273430072300937,5.673295268262315e-05,1.5473022177846804e-06,8.539130160629445e-11,4529.78033906915,123.54264732048608,1.6360116065347294e-05,1307.5323981202441,0.0005769136297274348,0.0005473456105745254,0.9487479275418074,False,True,-110.65898739152198,28232.738428435492,952817.4705894024,28.071530207573232,42270.05210412335,0.005492161204924273,0.37783264535700484,0.7943282347242815,0.7
0.02133481800854821,8.645556783337259e-05,1.8445138055506988e-06,1.5607300395269332e-10,6902.949923398256,147.2731803378236,3.2840766552809276e-05,2624.6981424450105,0.0005906792310640326,0.000844593043313965,1.4298675133583745,False,True,-109.55239751760675,30408.421677480346,945931.175550084,28.364822700925494,41874.233142792036,0.005572190916002738,0.3812919782824428,0.7943282347242815,0.7
0.02405050407959039,6.974598983293302e-05,1.6774262130120253e-06,1.1418397483856578e-10,5568.79200773389,133.9322549003943,2.35102745275924e-05,1878.98701395158,0.0006047647149998928,0.0006774842119758033,1.1202442787620694,False,True,-108.44580764369154,32900.2878721657,939064.0087863265,28.66189608309542,41481.83023263664,0.00565375132188364,0.384752719047615,0.7943282347242815,0.7
0.030342282273435585,4.817438237443221e-05,1.4617207083534421e-06,6.828250963464528e-11,3846.4306863644215,116.70948563087386,1.1749728088911087e-05,939.0611951644842,0.0006191775060377007,0.0004617554179725871,0.7457561256181544,False,True,-107.33921776977631,34459.49967837209,932216.4034702436,28.96282303816252,41092.81690103671,0.005736873785139409,0.3882145701929568,0.7943282347242815,0.7
0.029202958769530683,5.103252555477037e-05,1.4903007396809802e-06,7.383469827429529e-11,4074.6359916121046,118.99142686389406,1.3278705242202015e-05,1061.2600326255504,0.0006339251631703401,0.0004903382675840531,0.773495510308834,False,True,-106.2326278958611,35566.26728599714,925388.8042666033,29.26767774695518,40707.16778260703,0.005821590116178251,0.39167722768147717,0.7943282347242815,0.7
0.02580535712804543,6.200240216203873e-05,1.5999941305881056e-06,9.664649448345323e-11,4950.513749210975,127.74977526568836,1.9239042334968396e-05,1537.6218030054742,0.0006490153778127024,0.0006000432339043058,0.9245439390458798,False,True,-105.12603802194587,37004.215447402894,918581.6676653952,29.57653590852122,40324.85861855594,0.005907932557721083,0.39514038058918616,0.7943282347242815,0.7
0.026111018968391516,6.08261145531373e-05,1.5882318308705232e-06,9.40863523887163e-11,4856.594356125616,126.81062735457914,1.8594201475362905e-05,1486.0848632797358,0.0006644559712161357,0.0005882796353626102,0.8853553295426001,False,True,-104.01944814803065,38677.217036703485,911795.4623231957,29.889474760848632,39945.86625674993,0.005995933766828908,0.39860371078723345,0.7943282347242815,0.7
0.01886855659227267,0.00011049671244628519,2.084913472052812e-06,2.2604170865647316e-10,8822.488728394126,166.4676278563923,4.642856148216597e-05,3710.6612259697913,0.0006802548913180741,0.0010850281665775658,1.5950317747443106,False,True,-102.91285827411544,41552.55033653949,905030.6694135171,30.206573100717993,39570.168652468055,0.006085626794274727,0.402066892615744,0.7943282347242815,0.7
0.018731160227683733,0.00011223542692096879,2.1022997648791547e-06,2.3154584116222396e-10,8961.314477280084,167.85581732459514,4.741616336306038e-05,3789.592295318933,0.0006964202089764093,0.0011024172478780458,1.5829771073104935,False,True,-101.80626840020021,45702.40263576705,898287.7829861518,30.527911302557154,39197.74486982306,0.006177045061042663,0.4055295925494167,0.7943282347242815,0.7
0.016934712003212653,0.00014130813949808348,2.393012646109842e-06,3.3244914420537907e-10,11282.593303925027,191.06746825134582,6.399247236638535e-05,5114.403254882232,0.000712960113533681,0.0013931812343387323,1.9540801903119605,False,True,-100.699678526285,50628.93829238641,891567.3103355771,30.853571336159458,38828.57508388224,0.006270222331721914,0.40899146885444265,0.7943282347242815,0.7
0.016537543838917902,0.00014989223315260624,2.478849376874529e-06,3.6544296307973847e-10,11967.980840204189,197.9210078082063,6.890399839871715e-05,5506.941998851618,0.0007298829076534773,0.001479034671160885,2.0263999275114943,False,True,-99.59308865236977,56505.67484495613,884869.7723785093,31.18363678311428,38462.64058345105,0.006365192684547898,0.4124521712369555,0.7943282347242815,0.7
0.023110653107002135,7.474561769917332e-05,1.7274200419141937e-06,1.2613781218592267e-10,5967.981807317409,137.9239572978123,2.6288171926506682e-05,2101.001994360417,0.0007471970013670267,0.0007274841029206202,0.9736175353884705,False,True,-98.48649877845456,60715.11173705738,878195.7040405831,31.518192851786626,38099.92377452727,0.006461990477828805,0.4159113404828209,0.7943282347242815,0.7
0.02413042269922502,6.935153525272904e-05,1.6734818604885572e-06,1.1326192215239106e-10,5537.297214715458,133.61732240232539,2.3291719037263955e-05,1861.5196327147935,0.0007649109052638256,0.0006735393918164031,0.8805462011083401,False,True,-97.37990890453933,62907.554890903135,871545.654652132,31.857326390671357,37740.408184437,0.006560650312479634,0.4193686080885535,0.7943282347242815,0.7
0.035422360001396334,3.854801841521496e-05,1.3654617856441998e-06,5.077233875739944e-11,3077.824221562139,109.02379759719152,6.709037580495755e-06,536.1993742382558,0.0007830332227570016,0.0003654876040917019,0.4667587446734984,False,True,-96.27331903062411,64234.20067769729,864920.1883531045,32.2011258999316,37384.078466593564,0.00666120699036813,0.42282359588382445,0.7943282347242815,0.7
0.031635422966783004,4.529508375951038e-05,1.4329291330479744e-06,6.285278266452825e-11,3616.536248661785,114.41065390111827,1.0222534676401721e-05,817.0049177471502,0.0008015726413481787,0.00043296108612793626,0.540139550421446,False,True,-95.1667291567089,64982.92176112212,858319.8845069784,32.54968154091812,37030.920405929006,0.006763695468162088,0.4262759156450162,0.7943282347242815,0.7
0.022848587927872907,7.627010247704226e-05,1.7426641427145773e-06,1.29881247465849e-10,6089.702621191354,139.14110579488877,2.7137837803010095e-05,2168.908949095207,0.0008205379228132379,0.0007427301018920696,0.9051746192858436,False,True,-94.06013928279367,66635.01278583752,851745.3381236127,32.903085143451406,36680.92092496954,0.006868150806348621,0.42972516870002725,0.7943282347242815,0.7
0.02501508030930258,6.526561895328854e-05,1.6326246995528535e-06,1.0389218842184294e-10,5211.061712328911,130.35512723063954,2.1033760755564816e-05,1681.0592010691412,0.0008399378922260882,0.0006326774784646959,0.7532431675250538,False,True,-92.95354940887844,68765.18067077151,845197.160290849,33.26143021063067,36334.068090519395,0.0069746081130794965,0.4331709455246352,0.7943282347242815,0.7
0.025482228512038414,6.329640943828448e-05,1.6129335692979101e-06,9.949449772477321e-11,5053.832339930928,128.78291054764972,1.994973666109625e-05,1594.4218802702487,0.000859781425731497,0.0006129841174054271,0.7129534310233601,False,True,-91.84695953496325,70577.487769177,838675.9786147379,33.62481192091868,35990.35112098227,0.007083102482477324,0.4366128253301108,0.7943282347242815,0.7
0.022405324573663107,7.899525537092432e-05,1.769914336364963e-06,1.3668763706980913e-10,6307.289462981898,141.31686759815472,2.8659436929199918e-05,2290.5181202342023,0.000880077436974717,0.0007699837466043565,0.8749045416403246,False,True,-90.74036966104802,72727.00540184022,832182.437668127,33.99332712723232,35649.76039427347,0.007193668927020136,0.44005037564254135,0.7943282347242815,0.7
0.019675629182790033,0.00010128032450087499,1.9927541083918605e-06,1.9786573377451668e-10,8086.616348440594,159.10926461540475,4.120317299507352e-05,3293.037982201388,0.0009008348620898068,0.0009928545269926735,1.1021493159016897,False,True,-89.6337797871328,75816.35872353661,825717.1994472801,34.3670743527512,35312.28745633416,0.00730634230360465,0.4434831518737754,0.7943282347242815,0.7
0.020931054613140678,8.964885797776164e-05,1.8764451423382213e-06,1.6470750062278296e-10,7157.914670146353,149.82270287703417,3.463667477138217e-05,2768.230631484514,0.0009220626431443042,0.0008765287567681231,0.9506173612880497,False,True,-88.52718991321757,79170.02795902912,819280.9438362878,34.74615378313554,34977.92503020628,0.00742115723286748,0.4469106968844511,0.7943282347242815,0.7
0.021334855584269043,8.645528124040884e-05,1.8445109397614871e-06,1.560722380818986e-10,6902.927040697618,147.27295152202936,3.284060552537423e-05,2624.685272818202,0.0009437697099325297,0.0008445901771365309,0.8949112990677682,False,True,-87.42060003930234,82153.901024318,812874.36907875,35.130667254825866,34646.667025676375,0.007538148011329757,0.4503325405391034,0.7943282347242815,0.7
0.01887423817340121,0.00011042597269787624,2.0842061092292155e-06,2.2581903996506332e-10,8816.840590823602,166.4111492481161,4.63883920540021e-05,3707.450806891563,0.0009659649600058631,0.001084320690944768,1.1225259050164578,False,True,-86.31401016538715,85657.43985734794,806498.1922563346,35.5207182390745,34318.50854943287,0.007657348515909998,0.45374819925402227,0.7943282347242815,0.7
0.018724433376239587,0.00011232195960597033,2.1031650493306653e-06,2.3182133581767554e-10,8968.223584539133,167.92490501192356,4.746532818520607e-05,3793.5216438361767,0.0009886572368223968,0.0011032826718967393,1.1159405209461224,False,True,-85.20742029147192,89807.68993659414,800153.1497736134,35.916411821336794,33993.44591575436,0.007778792100335895,0.45715717553782254,0.7943282347242815,0.7
0.01974323357184587,0.00010057761629829604,1.985727370676751e-06,1.9578645824751582e-10,8030.509383270779,158.54822245481492,4.0805490986282135e-05,3261.2544600938854,0.0010118553058954094,0.0009858267356591401,0.9742763910169586,False,True,-84.1008304175567,93711.0618362682,793839.9978485922,36.31785467562736,33671.476657661515,0.007902511482968328,0.46055895752559983,0.7943282347242815,0.7
0.018899737293622456,0.00011010960266941299,2.0810425639570553e-06,2.248244093782769e-10,8791.58037313635,166.1585594480443,4.620875289197208e-05,3693.093694546686,0.0010355678288148857,0.0010811566417674324,1.0440230100665826,False,True,-82.99424054364147,97558.86746007134,787559.5130081314,36.72515503342364,33352.59953852619,0.008028538625539604,0.46395301850695464,0.7943282347242815,0.7
0.018861490581470654,0.0001105848158853562,2.0857944632753123e-06,2.2631917189774873e-10,8829.523250787854,166.53796963361128,4.6478592093642464e-05,3714.659770059698,0.0010598033350125284,0.0010859092983692574,1.0246328375220866,False,True,-81.88765066972627,101657.53994626817,781312.4925875369,37.13842264667216,33036.814564102766,0.008156904602291888,0.467338816448512,0.7943282347242815,0.7
0.01838605228638942,0.0001168539378569375,2.1484826113081527e-06,2.464570757725138e-10,9330.074413865137,171.5432360092285,5.004195892308804e-05,3999.450999979875,0.001084570191138003,0.0011486076481025383,1.0590440872225548,False,True,-80.78106079581104,105925.71837846126,775099.755233326,37.557768744431435,32724.122994931804,0.008287639458995048,0.4707157935117633,0.7943282347242815,0.7
0.01527131327728694,0.00018589473912285516,2.83885679774465e-06,5.19717742370379e-10,14842.561414453137,226.66540519748503,8.95570034683768e-05,7157.570462565295,0.0011098765679102966,0.0018391201869148227,1.6570492972723663,False,True,-79.67447092189582,112098.84186521493,768922.1414081607,37.98330598265672,32414.527359095246,0.00842077206131359,0.4740833755668054,0.7943282347242815,0.7
0.01698907927406208,0.0001402089962400529,2.3820217520589306e-06,3.2832986867848455e-10,11194.833416864321,190.1899123790272,6.336404142111423e-05,5064.177827529442,0.0011357304043071953,0.0013821882544023131,1.21700383221268,False,True,-78.56788104798059,118861.0733148947,762780.5138967731,38.41514838660831,32108.03146524904,0.008556329931988819,0.47744097170317357,0.7943282347242815,0.7
0.018611118012257056,0.00011379994185520486,2.1179441476552086e-06,2.3654969312779803e-10,9086.231455053625,169.10492589668513,4.830526029427125e-05,3860.650656884586,0.0011621393689530339,0.0011180641655988183,0.9620740811887968,False,True,-77.46129117406537,123799.13572853607,756675.7583116218,38.853411285337714,31804.640415912218,0.008694339076300867,0.4807879737384531,0.7943282347242815,0.7
0.01599703101601285,0.00016340092693361872,2.613929696202348e-06,4.203202472452592e-10,13046.567668534006,208.70634764604893,7.66444479249304e-05,6125.57382830273,0.001189110818565873,0.0016141427731951844,1.3574367905776192,False,True,-76.35470130015017,129324.46317551221,750608.7835968689,39.298211237680206,31504.360620931493,0.008834823795278798,0.4841237557260677,0.7943282347242815,0.7
0.018055026728141764,0.0001216558197815597,2.196499077790058e-06,2.6240824952182786e-10,9713.475405778387,175.37705807447645,5.277546595093276e-05,4217.918215317475,0.00121665175332527,0.001196632194510315,0.9835453664039534,False,True,-75.24811142623494,135047.46495370864,744580.5225289711,39.74966594915794,31207.199811083683,0.008977806486139299,0.4874476734632355,0.7943282347242815,0.7
0.015255068301563068,0.00018646934136261288,2.8446025386341388e-06,5.223881029656908e-10,14888.439899625599,227.12416757250529,8.988716972933732e-05,7183.95799436811,0.0012447687690241688,0.0018448672793177896,1.482096374223837,False,True,-74.14152155231972,141356.06533234514,738591.9322123757,40.20789417916883,30913.167051723576,0.009123307429441011,0.49075906400075775,0.7943282347242815,0.7
0.016474457631121202,0.00015135265155041242,2.49345284532512e-06,3.7120148376287847e-10,12084.586344278783,199.08700571844665,6.974019280225407e-05,5573.772287181125,0.0012734680058723799,0.0014936410551881856,1.1728924859521521,False,True,-73.03493167840449,148414.85290419715,732643.9945681641,40.673015637817386,30622.272756423627,0.00927134456247368,0.494057245155954,0.7943282347242815,0.7
0.01677522612444054,0.00014463423116874017,2.426271933190222e-06,3.450601339528313e-10,11548.16144278019,193.7230195241832,6.589481192135765e-05,5266.441943997676,0.0013027550938238678,0.0014264469070779924,1.0949463286234886,False,True,-71.92834180448929,154412.68855384408,726737.7168137695,41.14515087171353,30334.528700518604,0.009421933238419685,0.49734151503050206,0.7943282347242815,0.7
0.015871289663689447,0.00016690007964788745,2.6489195089844617e-06,4.351244136622529e-10,13325.953676471325,211.50007084418374,7.865137576897055e-05,6285.971417555188,0.0013326350943090547,0.0016491400801607668,1.2375031148461642,False,True,-70.82175193057407,160804.58037643277,720874.1319312929,41.62442113805032,30049.948034457884,0.009575085970873056,0.5006111515351496,0.7943282347242815,0.7
0.014766814760123075,0.00020556699142015085,3.035569683097177e-06,6.148614414024071e-10,16413.27080763429,242.3717296240712,0.00010086791321480543,8061.560439567669,0.0013631124382606939,0.0020358812221017955,1.49355340392869,False,True,-69.71516205665884,168742.9971108169,715054.2991221373,42.11094826624478,29768.545296898083,0.00973081216333853,0.5038654119230082,0.7943282347242815,0.7
0.014413894446510865,0.00022200162001688372,3.1999079178777755e-06,7.00223056439852e-10,17725.475689933428,255.49313560889476,0.00011032700667964257,8817.54964604519,0.0013941908603379808,0.002200262650242313,1.5781645919762546,False,True,-68.60857218274361,178082.1232615367,709279.3042450706,42.60485450641427,29490.336427384136,0.009889117823401818,0.5071035323342006,0.7943282347242815,0.7
0.0156003582302982,0.00017497358503634885,2.729650607406587e-06,4.702068971845908e-10,13970.573853048576,217.94595679039517,8.328452362914224e-05,6656.2616348286165,0.0014258733292643786,0.0017298889369996228,1.213213615470379,False,True,-67.50198230882839,186643.70469868177,703550.2602349124,43.10626236394194,29215.338778571095,0.010050005261324654,0.5103247273535335,0.7943282347242815,0.7
0.016616238171458058,0.00014810952891754892,2.4610232079564474e-06,3.5847089926562e-10,11825.642777182637,196.49769691624942,6.788349594904348e-05,5425.381451849407,0.0014581619742173597,0.0014612049721694487,1.002086872381734,False,True,-66.39539243491319,193328.4166486695,697868.3074987171,43.615294419375125,28943.571127801988,0.010213472772904112,0.5135281895845488,0.7943282347242815,0.7
0.016068292332184035,0.00016148222815709257,2.5947436484806034e-06,4.1230558130625555e-10,12893.371270611176,207.17445872356348,7.554429775122893e-05,6037.647679786023,0.0014910580072273094,0.0015949526681589817,1.0696784836190707,False,True,-65.28880256099796,199670.852629401,692234.6142858989,44.132073132894824,28675.05368796992,0.010379514306539593,0.5167130892421012,0.7943282347242815,0.7
0.016023273369438942,0.00016268907544540463,2.606811530082995e-06,4.173382395659637e-10,12989.730667757965,208.13800548487055,7.623625752616773e-05,6092.950455164547,0.0015245616415711094,0.001607023097485509,1.0540886335231552,False,True,-64.18221268708274,206382.65115973662,686650.3770288335,44.65672063258939,28409.808117467946,0.01054811911455552,0.5198785737671778,0.7943282347242815,0.7
0.0171726113937112,0.00013662158641247424,2.3461494114537543e-06,3.150517589530094e-10,10908.400616582332,187.32572471548806,6.131374723191439e-05,4900.3143153545625,0.0015586720061735013,0.0013463091899153243,0.8637540063483131,False,True,-63.07562281316751,212465.16889789933,681116.8206499316,45.18935848577313,28147.857529134853,0.01071927138896767,0.5230237674665558,0.7943282347242815,0.7
0.016089448235715113,0.00016092125325999787,2.5891341743531374e-06,4.099760873973088e-10,12848.580845656805,206.72657641859587,7.522268738863566e-05,6011.943952075154,0.0015933870560672825,0.0015893420147409369,0.9974613567300281,False,True,-61.969032939252315,218502.86614804188,675635.1988309732,45.7301074525973,27889.22649799224,0.010892949882029806,0.5261477711813377,0.7943282347242815,0.7
0.014765573539859427,0.00020562052698855268,3.0361050125541247e-06,6.15130820883084e-10,16417.54529633478,242.41447241700445,0.00010089871301220995,8064.022019473404,0.0016287034790002707,0.0020364166878742347,1.2503299183251124,False,True,-60.86244306533709,226291.02685288736,670206.7942403479,46.27908722122217,27633.941067628257,0.011069127512064177,0.5292496619878182,0.7943282347242815,0.7
0.01501426747587135,0.00019542330820022252,2.934137820337784e-06,5.648449468308907e-10,15603.359554249962,234.27301386970169,9.503384006138047e-05,7595.289929588574,0.0016646165983238953,0.0019344240482303675,1.1620838397130857,False,True,-59.75585319142186,234955.2448705432,664832.918713397,46.83641612384223,27382.028755035208,0.011247770955275918,0.5323284929348178,0.7943282347242815,0.7
0.013641940205533637,0.00026905127894612897,3.6703814596054424e-06,9.741801783166953e-10,21482.104067269458,293.0575791747409,0.0001374413825579843,10984.583472341534,0.0017011202723475865,0.0026708747873487085,1.5700681667045433,False,True,-58.64926331750664,245235.39475314453,659514.9133808683,47.40221083289575,27133.51855372366,0.011428840224463062,0.5353832928215614,0.7943282347242815,0.7
0.013976427863293193,0.00024642211264507723,3.4441008813042313e-06,8.369439053709427e-10,19675.303120851826,274.99045475701297,0.00012439497008536103,9941.888731114903,0.0017382067904007084,0.002444524785626992,1.4063486572063477,False,True,-57.54267344359141,256813.9058717012,654254.1487402163,47.976586036834796,26888.44093489206,0.011612288235770912,0.5384130660208223,0.7943282347242815,0.7
0.014756977707906035,0.00020599204386306206,3.039819999293209e-06,6.170017778259305e-10,16447.208653417558,242.71109145576216,0.00010111245464074426,8081.104667482702,0.001775866765904931,0.002040132621381801,1.148809505617505,False,True,-56.436083569676214,266785.9368679655,649052.0246641827,48.55965409489065,26646.8278464572,0.011798060364901422,0.5414167923518483,0.7943282347242815,0.7
0.014911002518523469,0.00019953211624357863,2.9752238878343184e-06,5.848591106288282e-10,15931.422822804367,237.55348583449816,9.739656601649753e-05,7784.1235981185155,0.001814089026830022,0.0019755202442467566,1.088987483540884,False,True,-55.32949369576099,275564.08734099945,643909.9703407926,49.15152467034279,26408.712709709107,0.011986093994475368,0.5443934270082161,0.7943282347242815,0.7
0.015819852526844664,0.00016837505509720367,2.6636685408371072e-06,4.414373707982225e-10,13443.721472346486,212.67769110449643,7.949755599352039e-05,6353.599792184576,0.0018528605039791126,0.0016638923076814662,0.8980127236282346,False,True,-54.22290382184576,283386.41811296134,638829.444138736,49.752304341883935,26174.130413377497,0.012176318054551953,0.547341900545575,0.7943282347242815,0.7
0.017128522912152375,0.00013746650539414465,2.3545981872971245e-06,3.181561197217803e-10,10975.862245323706,188.00030794965528,6.179652732065104e-05,4938.899042056325,0.0018921661176333961,0.0013547595378018925,0.715983403981645,False,True,-53.116313947930536,289634.5005435466,633811.9333917565,50.362096192775965,25943.11730483514,0.012368652558648717,0.5502611189351135,0.7943282347242815,0.7
0.015511359564162207,0.0001777988464487035,2.757901837359105e-06,4.827886624486022e-10,14196.15374962136,220.20164523850647,8.490665505018225e-05,6785.905543132614,0.0019319886631702905,0.0017581465353740315,0.910019074588671,False,True,-52.00972407401531,296121.775557349,628858.9540955297,50.98099937760991,25715.71117822259,0.012563008137959608,0.5531499636879497,0.7943282347242815,0.7
0.016505027468106576,0.00015064143588681007,2.486341037146816e-06,3.683918397588799e-10,12027.800110221011,198.5191712000931,6.93329504621784e-05,5541.224684743077,0.001972308696364907,0.0014865278244753526,0.7536993713079093,False,True,-50.90313420010011,302942.3142996496,623972.0505102691,51.609108666618326,25491.95125921051,0.012759285576850483,0.5560072920565761,0.7943282347242815,0.7
0.01629302280021444,0.00015571597674796377,2.5370839595122353e-06,3.8865797199505364e-10,12432.971255661809,202.57068414290862,7.223944881159298e-05,5773.517704044582,0.0020131044191817903,0.0015372810073938997,0.7636369940605042,False,True,-49.796544326184886,309202.70397634554,619152.7946621074,52.24651396764424,25271.87818614584,0.012957375353112062,0.5588319373192022,0.7943282347242815,0.7
0.015735835124329668,0.00017084116966320994,2.688328478267903e-06,4.520886893904791e-10,13640.625683158147,214.64663674287334,8.091261434339118e-05,6466.694016595713,0.0020543515669675886,0.0016885576367814516,0.8219419031932872,False,True,-48.68995445226966,315975.15114866506,614402.785736222,52.8932998260446,25055.533987303534,0.013157157186865383,0.561622709153205,0.7943282347242815,0.7
0.014805920383022218,0.0002038944697725322,3.018845285990642e-06,6.064742605174645e-10,16279.730152374668,241.0363884931455,9.990573356999221e-05,7984.6611649305,0.0020960232980616524,0.002019152580758641,0.9633254471102018,False,True,-47.583364578354434,323971.0128027797,609723.6493545746,53.549544903000964,24842.962053978226,0.013358499602445215,0.5643783941037864,0.7943282347242815,0.7
0.014225898191071172,0.00023187659424677549,3.2986528226469473e-06,7.540866993434972e-10,18513.932168932784,263.3773141516353,0.00011601409143906951,9272.07255676934,0.0021380900869528516,0.0022990348078072804,1.0752749951166944,False,True,-46.47677470443924,333519.07619942166,605117.0367310056,54.215321432928384,24634.20710912851,0.013561259508029574,0.5670977561542447,0.7943282347242815,0.7
0.014297739506242314,0.00022800097058578474,3.2598984846059664e-06,7.327166105547569e-10,18204.487251454266,260.28301656600223,0.00011378180482311293,9093.66385474089,0.0021805196222208644,0.002260269657585883,1.0365738673260794,False,True,-45.37018483052401,343680.7451694083,600584.6236965905,54.89069466090921,24429.315171294547,0.013765281798219484,0.5697795374041752,0.7943282347242815,0.7
0.016969559190391798,0.00014060166080829726,2.385948205353791e-06,3.2979871658752235e-10,11226.185288342485,190.50341573283342,6.358853312833913e-05,5082.119642803455,0.0022232767106107293,0.0013861154514841528,0.6234561109145024,False,True,-44.263594956608785,351524.1344060069,596128.1095880771,55.575722261338875,24228.333513543475,0.013970398985218277,0.5724224588614584,0.7943282347242815,0.7
0.01600990936881958,0.0001630508112959088,2.6104287113600035e-06,4.1885232831012103e-10,13018.613069714318,208.42681535385628,7.644368048644508e-05,6109.52810287764,0.002266323188701153,0.0016106410452454971,0.710684624891725,False,True,-43.15700508269356,357716.41643990536,591749.215992545,56.270453739252304,24031.310617121562,0.014176430864678935,0.5750252213548426,0.7943282347242815,0.7
0.01628554717175607,0.0001559011609532002,2.538935710834877e-06,3.8940718491495867e-10,12447.757085277954,202.71853519485495,7.234554993768011e-05,5781.997513068053,0.00230961784372744,0.0015391331380240868,0.666401648309105,False,True,-42.05041520877833,364295.93735590985,587449.6853415191,56.97492981609994,23838.296119603,0.01438318422269952,0.5775865065724053,0.7943282347242815,0.7
0.015448304534919395,0.00017985638624863352,2.7784762273189795e-06,4.920510126965771e-10,14360.435756671382,221.84438482320516,8.608823959155297e-05,6880.340085209775,0.0023531163452210147,0.0017787256134808235,0.7559021112973308,False,True,-40.943825334863135,371301.9446390848,583231.2793481542,57.68918180206348,23649.34075725705,0.014590452590818306,0.5801049782319733,0.7943282347242815,0.7
0.013808360653055862,0.0002572955971755881,3.5528304002439017e-06,9.016210074024341e-10,20543.484558878175,283.67184385947405,0.0001306627846963784,10442.82470470958,0.0023967711892130938,0.002553287023665903,1.0653027853293733,False,True,-39.83723546094791,380886.76400942955,579095.7772815531,58.41323095734081,23464.49630140887,0.01479801605618961,0.5825792833887374,0.7943282347242815,0.7
0.013218099937368203,0.0003044813198649236,4.024664515036334e-06,1.2094213625652414e-09,24310.97679780034,321.34492088836447,0.00015788277004225498,12618.299045718564,0.0024405316568252783,0.00302527682713519,1.2395974535608225,False,True,-38.73064558703268,393646.3670210944,575044.9740728175,59.147087845182234,23283.81548857851,0.015005641134396095,0.5850080538850091,0.7943282347242815,0.7
0.01334363856080703,0.0002930510869952888,3.9103677847167515e-06,1.1308122468496004e-09,23398.342399701887,312.2190239036282,0.00015128640550366227,12091.104720839037,0.0024843437891294493,0.002910940338558991,1.1717139758579982,False,True,-37.62405571311746,407317.9550203721,571080.6782479378,59.8907516798282,23107.35194420522,0.015213080712565668,0.5873899079465481,0.7943282347242815,0.7
0.013165396651602355,0.00030955009487772814,4.075349782606433e-06,1.245109148230218e-09,24715.68757540807,325.3918304473273,0.000160808399181489,12852.121035070808,0.0025281503801954375,0.0030759801439780303,1.2166919215225809,False,True,-36.51746583920226,421118.9155425074,567204.709683567,60.64420967287255,22935.160099809764,0.015420074070574084,0.5897234519290345,0.7943282347242815,0.7
0.014949228547763458,0.00019799115576668913,2.9598150379920706e-06,5.773138467697568e-10,15808.386524825208,236.32318313099614,9.651038246951225e-05,7713.298079904823,0.002571890990262884,0.0019601075760307084,0.7621270043915653,False,True,-35.41087596528703,432497.65781523474,563418.8971825297,61.40743638195628,22767.295103434662,0.015626346988141117,0.5920072822181301,0.7943282347242815,0.7
0.01421977338310396,0.0002322131134461654,3.302017849789483e-06,7.559562952994479e-10,18540.80117505773,263.6459910505086,0.00011620793660041235,9287.565040298321,0.0026155019809575917,0.002302400780857905,0.8802902072415736,False,True,-34.30428609137181,441904.1493035525,559725.0758669382,62.18039306607521,22603.812723298688,0.015831611945536343,0.5942399872849453,0.7943282347242815,0.7
0.013443809283883185,0.00028452826753044564,3.825143764553004e-06,1.0738825788268024e-09,22717.847233845532,305.41440555221254,0.0001463688931369572,11698.087537345888,0.002658916574430608,0.002825687523777177,1.0627213922205445,False,True,-33.19769621745658,453515.40462351457,556125.0843878303,62.96302705215828,22444.769244621966,0.016035568425396194,0.5964201498980602,0.7943282347242815,0.7
0.0142088480567453,0.00023281582201752923,3.30804464025333e-06,7.593103627266223e-10,18588.92377942887,264.1271935203244,0.00011655512125602716,9315.312715408532,0.0027020649382185503,0.0023084292682820874,0.8543204256978428,False,True,-32.091106343541355,465142.0125916274,552620.7619518498,63.755271117932594,22290.221359581665,0.01623790332277056,0.5985463494927834,0.7943282347242815,0.7
0.013580773782471318,0.0002736465576409593,3.716331995673866e-06,1.0032876075167474e-09,21849.009051059616,296.72644929360894,0.0001400917038788521,11196.402323663966,0.0027448742975051004,0.0027168400469205567,0.9897866905562761,False,True,-30.984516469626158,476491.0406710633,549213.9451663824,64.55704289643067,22140.22605050195,0.016438291470024718,0.6006171646958947,0.7943282347242815,0.7
0.013926580973240591,0.0002495499849185701,3.475378071839435e-06,8.553090140303023e-10,19925.04464949832,277.48774770667256,0.0001261977521776034,10085.970593550506,0.0027872690763031467,0.0024758112669728367,0.8882569996638403,False,True,-29.87792659571093,488266.4698526019,545906.4647067394,65.3682443078057,21994.84046635098,0.016636396282494702,0.6026311760040279,0.7943282347242815,0.7
0.012939050453472135,0.0003333856209095784,4.31369336941117e-06,1.4197520548534688e-09,26618.808990477948,344.42211253913183,0.00017456921856337913,13951.91257045075,0.002829171068875652,0.0033144120525027115,1.1715134828590978,False,True,-28.771336721795706,501566.50890242244,542700.1418099843,66.18876102439616,21854.121792741353,0.016831870529961965,0.6045869686116007,0.7943282347242815,0.7
0.01240853449275666,0.00040680389360944226,5.047840145640475e-06,2.028412919594044e-09,32480.810393167565,403.03925611630876,0.0002169810428876896,17341.54832522881,0.0028704996424598382,0.004048866597607969,1.4105093544405893,False,True,-27.66474684788048,518881.022375883,539596.7846023333,67.01846197520804,21718.127115665993,0.017024357237925655,0.6064831353831115,0.7943282347242815,0.7
0.013189563773417946,0.00030720501359845137,4.0519001183705014e-06,1.2285348428031953e-09,24528.44713453391,323.5195177438457,0.0001594548168311632,12743.940092496478,0.0029111719720658243,0.003052522097250175,1.0485543714149068,False,True,-26.558156973965254,535527.1707933074,536598.1842685844,67.85719889615677,21586.913279271357,0.01721349072142798,0.6083182799630432,0.7943282347242815,0.7
0.012289483028517867,0.00042795287983606744,5.259319653750697e-06,2.2235563384860282e-09,34169.4279861305,419.9246053297142,0.00022920353902560682,18318.394065344106,0.0029511033077728632,0.00426044476803755,1.4436786258264944,False,True,-25.451567100050056,552713.8030129257,533706.1110741372,68.70480593252105,21460.536738086375,0.017398897752749578,0.610091020014342,0.7943282347242815,0.7
0.012817619942568125,0.0003477509902846345,4.457340028120145e-06,1.53044263574448e-09,27765.796141360475,355.89142234278313,0.0001828649860924328,14614.926498236191,0.002990207274563373,0.0034581146868184233,1.1564799257347047,False,True,-24.34497722613483,570935.6425379567,530922.3102521173,69.5610993000958,21339.053404120932,0.017580198862686868,0.6117999905758371,0.7943282347242815,0.7
0.011822249393553199,0.0005376526219436159,6.3562633837152e-06,3.3779676792579814e-09,42928.28349255173,507.5088734860995,0.0002926255026519425,23387.201148533786,0.0030283962042952158,0.0053579720794193165,1.7692440876197213,False,True,-23.238387352219604,591962.0273585315,528248.4977702759,70.425877011486,21222.518489429604,0.017757009773338828,0.613443847525748,0.7943282347242815,0.7
0.012633795953619334,0.00037201752127398447,4.699993454946759e-06,1.72671116078508e-09,29703.330674207697,375.2658188808222,0.0001968818039431065,15735.17793075052,0.003065581498951947,0.003700867359588818,1.2072317636487762,False,True,-22.131797478304378,613608.2416248359,525686.3559942963,71.29891867384791,21110.986344698176,0.017928942958410948,0.6150212711382793,0.7943282347242815,0.7
0.01282872604995089,0.0003463858912020107,4.443689705798689e-06,1.5197482510204333e-09,27656.801303387856,354.8015273390875,0.0001820765968439828,14551.916891179582,0.0031016740237984055,0.0034444589565191613,1.1105161052033994,False,True,-21.02520760438918,630365.9378449646,523237.5292662691,72.17998536415115,21004.51029461965,0.018095609324985593,0.6165309697166851,0.7943282347242815,0.7
0.012829151100372334,0.00034633385934398995,4.443169412699146e-06,1.5193413562442029e-09,27652.64687679233,354.75998510760786,0.0001820465470159511,14549.515250289476,0.0031365845285511946,0.003443938457659033,1.0979900035564503,False,True,-19.918617730473954,646467.612907055,520903.61941910326,73.06881958770052,20903.14247076276,0.01825662000855941,0.6179716832864245,0.7943282347242815,0.7
0.013564123311443105,0.0002749247732315979,3.7291135254839263e-06,1.0114584404095493e-09,21951.066771974605,297.7469765127849,0.0001408289673276079,11255.325857051355,0.0031702240941217288,0.0027296257097509814,0.8610197981941684,False,True,-18.81202785655873,660745.3008407423,518686.1812494739,73.96514532521493,20806.933642842523,0.018411588270947268,0.6193421873284853,0.7943282347242815,0.7
0.015137418083908361,0.00019073920345387754,2.887299067673002e-06,5.424363604080999e-10,15229.362351868622,230.53322507156923,9.234105863110433e-05,7380.077583473236,0.003202504601945624,0.0018875739548919745,0.5894055401966364,False,True,-17.705437982643502,671056.1752125471,516586.71797394415,74.86866817321085,20715.93304925591,0.018560131488412776,0.620641296533015,0.7943282347242815,0.7
0.015042454011811772,0.00019433102833645038,2.923215556819145e-06,5.595806680357554e-10,15516.147667370828,233.4009377269062,9.440583964048847e-05,7545.09891058421,0.0032333392223670232,0.0019234991205736797,0.5948955517155877,False,True,-16.598848108728276,679314.1997999079,514606.6766941522,75.77907558178009,20630.188227904,0.018701873215220766,0.621867868550619,0.7943282347242815,0.7
0.01314627003799277,0.0003114316001147382,4.094163913472529e-06,1.2584858070746437e-09,24865.914295990413,326.8940240766749,0.0001618944451280925,12938.919946237402,0.003262642918022774,0.0030948010400641134,0.9485564672028601,False,True,-15.492258234813079,690647.9037219313,512747.4438988509,76.6960371930861,20549.74484829836,0.018836445305667738,0.623020807718543,0.7943282347242815,0.7
0.013369129402957702,0.00029083418396901473,3.888199840285364e-06,1.1158655959011427e-09,23221.336210755282,310.44904871117484,0.00015000720764725132,11988.868732158857,0.0032903329576801743,0.0028887648343210903,0.8779551709434882,False,True,-14.385668360897853,704440.3229872372,511010.3410314066,77.61920528304027,20474.646546061194,0.01896349007570428,0.62409906873697,0.7943282347242815,0.7
0.013492187861605538,0.000280587144357581,3.7857344632239155e-06,1.0480436709710358e-09,22403.172579731152,302.2678131417027,0.0001440952454791768,11516.373180150402,0.003316329435539098,0.0027862651529538163,0.8401653717194367,False,True,-13.279078486982627,717445.6543292819,509396.62015251245,78.54821530766034,20404.93476091069,0.019082662483474268,0.6251016602706057,0.7943282347242815,0.7
0.012267330511050858,0.0004321332086831755,5.301120895717427e-06,2.2631774978902734e-09,34503.201754762034,423.2621796151358,0.00023161966713637494,18511.49573835301,0.003340555790623337,0.004302266041456428,1.2878892948091247,False,True,-12.1724886130674,734059.9221695167,507907.45972848724,79.4826865545753,20340.64857928479,0.01919363230657344,0.6260276484496328,0.7943282347242815,0.7
0.012264684406390555,0.00043263801304650577,5.3061686922232724e-06,2.267985463350903e-09,34543.50730509857,423.6652153868806,0.00023191143633113898,18534.8145017043,0.003362939320579921,0.004307316268735337,1.2808189081427028,False,True,-11.065898739152203,754557.4580583009,506543.9605756573,80.42222289903296,20281.824582758418,0.01929608629262428,0.626876160243979,0.7943282347242815,0.7
0.012145850365882442,0.00045659140616383716,5.545690897613821e-06,2.501931299289559e-09,36456.039688242374,442.78960298606347,0.00024575719796863637,19641.394787893358,0.003383411683982882,0.004546956747602035,1.3438969810051176,False,True,-9.959308865236977,775680.1613704695,505307.14199149143,81.36641366260629,20228.49670337291,0.01938973025888362,0.6276463866853766,0.7943282347242815,0.7
0.012002944070266655,0.0004891603860722448,5.871364755415198e-06,2.8382603107073474e-09,39056.47414258782,468.7926747152974,0.0002645859953760777,21146.22901581296,0.0034019093851108094,0.004872800630433016,1.4323722588731727,False,True,-8.852718991321751,798247.747111592,504197.93810244265,82.31483457160105,20180.6960870681,0.019474291116155115,0.6283375859107858,0.7943282347242815,0.7
0.012951684720923824,0.0003319588478100272,4.299426337156606e-06,1.4089814087167752e-09,26504.889858314757,343.28297700770406,0.0001737453684642339,13886.068863014674,0.0034183742351574366,0.0033001395734497006,0.9654120194062689,False,True,-7.746129117406525,817630.9401579383,503217.19445781014,83.26704881096026,20138.450966254823,0.019549518792233343,0.6289490860032011,0.7943282347242815,0.7
0.012863121259456644,0.00034222540453003906,4.402086876536495e-06,1.487382103754654e-09,27324.611811452094,351.4797950982895,0.0001796738643445033,14359.885821562644,0.0034327537839250965,0.0034028397600749894,0.9912857065396917,False,True,-6.639539243491299,833259.2838744491,502365.6648975853,84.22260816826214,20101.786542617447,0.019615188030543587,0.6294802876055,0.7943282347242815,0.7
0.012792759063568492,0.00035084609422958207,4.488289551873091e-06,1.5548268690161324e-09,28012.92131877951,358.3625530978476,0.00018465255898998133,14757.792812155385,0.0034450017162679855,0.003489076541198525,1.012793847016798,False,True,-5.532949369576102,849369.9480384437,501644.0087205408,85.18105426124072,20070.724881144997,0.019671100040549155,0.6299306662847938,0.7943282347242815,0.7
0.012966164426878682,0.0003303386163172697,4.283224815717308e-06,1.3967992530318934e-09,26375.52425307839,341.98938431054097,0.00017280983154038517,13811.298926622783,0.0034550782078849396,0.0032839318913687517,0.950465284367338,False,True,-4.426359495660876,865177.0818509872,501052.78817694495,86.14191984114662,20045.284816272215,0.01971708397786347,0.6302997746270664,0.7943282347242815,0.7
0.013853463866657608,0.0002542844405429909,3.5227203089155695e-06,8.834757318284143e-10,20303.062062476463,281.2677366650246,0.0001289268484570443,10304.085293269336,0.0034629502355048012,0.0025231677531311293,0.7286179648964324,False,True,-3.3197696217456496,878520.001842641,500592.46630770393,87.10473016323041,20025.481870989097,0.019752998233857153,0.6305872440429436,0.7943282347242815,0.7
0.013063999569657965,0.0003197924135568047,4.177767953085978e-06,1.3187756195817597e-09,25533.474268769653,333.5692968590795,0.00016672090365225361,13324.659928968405,0.0034685918370628843,0.003178435570547272,0.9163475323284768,False,True,-2.2131797478304236,891593.6669407666,500263.40514914616,88.06900441469709,20011.328189637425,0.019778731516813752,0.6307927862683035,0.7943282347242815,0.7
0.01450337658252105,0.00021759092549511404,3.1558031333949195e-06,6.767886627092886e-10,17373.30862684891,251.97163749955143,0.00010778764381944963,8614.598811404208,0.0034719843181235826,0.00215614600835109,0.6210125999406497,False,True,-1.106589873915226,903732.5477224175,500065.8643195249,89.03425718966648,20002.832484969076,0.01979420370936582,0.6309161945464521,0.7943282347242815,0.7
0.014714912891661972,0.00020782964244333595,3.0581950848589424e-06,6.262961153780691e-10,16593.929695183037,244.1782299949813,0.00010216972874272658,8165.604076686986,0.003473116401536135,0.002058512410162139,0.5926989401367813,False,True,0.0,913016.9490215199,500000.0,90.0,20000.0,0.01979936648995821,0.6309573444801932,0.7943282347242815,0.7
0.014695395104356728,0.00020869345719934636,3.066832809238555e-06,6.306882884916676e-10,16662.900036287323,244.86789961764228,0.0001026667664934618,8205.328303555503,0.0034719843181235826,0.002067152357090981,0.5953806721708247,False,True,1.106589873915226,922074.9030207834,500065.8643195249,89.03425718966648,20002.832484969076,0.01979420370936582,0.6309161945464521,0.7943282347242815,0.7
0.014256213788717352,0.00023022520432324287,3.2821397323832845e-06,7.449446019328166e-10,18382.07875298946,262.0588445836566,0.00011506287892109143,9196.049796308107,0.0034685918370628843,0.0022825170921388915,0.6580529504075836,False,True,2.213179747830452,931702.9974195231,500263.40514914616,88.06900441469706,20011.328189637425,0.019778731516813752,0.6307927862683035,0.7943282347242815,0.7
0.012966906012805484,0.0003302560609423101,4.282399302398295e-06,1.3961799301363526e-09,26368.9327097743,341.9234721056356,0.0001727621638725273,13807.4892335975,0.0034629502355048012,0.0032831060648508543,0.9480661983501676,False,True,3.319769621745678,944430.7390968767,500592.46630770393,87.1047301632304,20025.481870989097,0.019752998233857153,0.6305872440429436,0.7943282347242815,0.7
0.011977192496789977,0.0004955297873073646,5.9350556504737e-06,2.9064921073822005e-09,39565.03199339972,473.87800432660254,0.00026826862881286457,21440.552265707185,0.0034550782078849396,0.004936526017665732,1.4287740307585324,False,True,4.426359495660876,963933.3019961133,501052.78817694495,86.14191984114662,20045.284816272215,0.01971708397786347,0.6302997746270664,0.7943282347242815,0.7
0.011542690904902893,0.0006350523725523012,7.330213244796451e-06,4.602798800653906e-09,50705.05967773691,585.2728311747723,0.0003489581559449615,27889.416717084143,0.0034450017162679855,0.006332541027213355,1.8381822561393317,False,True,5.532949369576102,991227.3240745678,501644.0087205408,85.18105426124072,20070.724881144997,0.019671100040549155,0.6299306662847938,0.7943282347242815,0.7
0.011676574431648164,0.0005843547993693486,6.823262309327028e-06,3.9418008782844915e-09,46657.167590621946,544.7958901417795,0.000319634534752741,25545.815694580044,0.003432753783925025,0.005825256001775998,1.6969629540733842,False,True,6.639539243491328,1020792.7676230948,502365.6648975853,84.22260816826211,20101.786542618356,0.019615188030543587,0.6294802876054868,0.7943282347242815,0.7
0.011927785140124374,0.0005082265358807808,6.062016922495664e-06,3.0449035645152206e-09,40578.78994778839,484.01508774345865,0.00027560989049193866,22027.280223511818,0.003418374235157509,0.005063557257606767,1.4812764516912096,False,True,7.746129117406554,1047114.720729974,503217.19445781014,83.26704881096025,20138.450966253913,0.019549518792233343,0.6289490860032143,0.7943282347242815,0.7
0.014121644962214477,0.00023774100301467531,3.3572940375340067e-06,7.8698857852591e-10,18982.16945045954,268.0594575919835,0.00011939252768905423,9542.083773938852,0.0034019093851108094,0.0023576926688683333,0.6930498146679874,False,True,8.852718991321751,1064581.8899927349,504197.93810244265,82.31483457160105,20180.6960870681,0.019474291116155115,0.6283375859107858,0.7943282347242815,0.7
0.012746900200629732,0.00035670234453574697,4.546849187127809e-06,1.6014835548790277e-09,28480.507196883445,363.0381829019901,0.00018803501048353117,15028.124935425241,0.003383411683982882,0.0035476597694962006,1.0485451079721901,False,True,9.959308865236977,1078176.4620716178,505307.14199149143,81.36641366260629,20228.49670337291,0.01938973025888362,0.6276463866853766,0.7943282347242815,0.7
0.011511504821932472,0.0006481508360495447,7.461191474523897e-06,4.781857802201615e-09,51750.89211931194,595.7306441707665,0.0003565349023557906,28494.96507413304,0.003362939320579921,0.0064636097560943915,1.9220120079299488,False,True,11.065898739152203,1102257.567414657,506543.9605756573,80.42222289903296,20281.824582758418,0.01929608629262428,0.626876160243979,0.7943282347242815,0.7
0.011830794963596422,0.0005351437006293646,6.331175398206238e-06,3.348900924427479e-09,42727.96142390946,505.50575081873023,0.0002911746476919247,23271.245989192656,0.003340555790623267,0.005332869401246376,1.5964018371480009,False,True,12.17248861306743,1130899.5499014743,507907.45972848724,79.48268655457527,20340.6485792857,0.01919363230657344,0.6260276484496197,0.7943282347242815,0.7
0.01216365382689809,0.0004528352282863755,5.508130957499841e-06,2.4644942393499005e-09,36156.1317882507,439.7906707919873,0.00024358588524082568,19467.859237978966,0.0033163294355391675,0.004509377881216381,1.3597496777286386,False,True,13.279078486982655,1154546.8804337669,509396.62015251245,78.54821530766031,20404.934760909782,0.019082662483474268,0.6251016602706188,0.7943282347242815,0.7
0.012133906176626567,0.00045914651543315423,5.571240739590915e-06,2.52755731000678e-09,36660.04958346277,444.8296020762151,0.0002472342421970442,19759.44304466523,0.0032903329576801743,0.004572519544706565,1.38968292981826,False,True,14.385668360897853,1176251.1481772591,511010.3410314066,77.61920528304027,20474.646546061194,0.01896349007570428,0.62409906873697,0.7943282347242815,0.7
0.012109785985142955,0.0004643945041508111,5.623718057942903e-06,2.580596763349158e-09,37079.06948263646,449.01959596297286,0.00025026803782146086,20001.909910569826,0.003262642918022774,0.004625023676743071,1.4175696798428454,False,True,15.492258234813079,1198250.9034539752,512747.4438988509,76.6960371930861,20549.74484829836,0.018836445305667738,0.623020807718543,0.7943282347242815,0.7
0.012433274524447105,0.0004026685950855605,5.006489185072206e-06,1.99129194886087e-09,32150.632021270507,399.7376340549359,0.000214591386929951,17150.56235834301,0.003233339222367091,0.00400749686854032,1.2394297637618352,False,True,16.598848108728305,1218807.1782558227,514606.6766941522,75.77907558178006,20630.18822790309,0.018701873215220766,0.621867868550632,0.7943282347242815,0.7
0.013003373090334714,0.00032624673227109807,4.2423079792236305e-06,1.3662648087000279e-09,26048.812262504063,338.72242440942625,0.00017044723725649166,13622.47578151395,0.003202504601945557,0.0032429996131398933,1.012644794068285,False,True,17.70543798264353,1235833.7444534092,516586.71797394415,74.86866817321082,20715.93304925682,0.018560131488412776,0.620641296533002,0.7943282347242815,0.7
0.012845857104219888,0.00034430112926740666,4.422843107390646e-06,1.5034871620235523e-09,27490.34577487274,353.1370535696102,0.00018087260503393544,14455.691516468283,0.0031702240941217288,0.003423604135095878,1.0799249622271088,False,True,18.812027856558757,1251369.2522584316,518686.1812494739,73.9651453252149,20806.933642842523,0.018411588270947268,0.6193421873284853,0.7943282347242815,0.7
0.01422986375077879,0.00023165923169007416,3.2964793035598516e-06,7.528802929229213e-10,18496.57709416163,263.2037719056959,0.00011588888545391655,9262.065850131556,0.0031365845285511946,0.00229686067834682,0.7322808161040546,False,True,19.918617730473954,1264492.16732536,520903.61941910326,73.06881958770052,20903.14247076276,0.01825662000855941,0.6179716832864245,0.7943282347242815,0.7
0.016039708051777613,0.00016224641722800297,2.602385164784069e-06,4.154889665288994e-10,12954.387108233914,207.78458720578362,7.598244383497929e-05,6072.66516971854,0.0031016740237984055,0.0016025957960178006,0.5166873706654745,False,True,21.02520760438918,1272976.7963582498,523237.5292662691,72.17998536415115,21004.51029461965,0.018095609324985593,0.6165309697166851,0.7943282347242815,0.7
0.01338727627679331,0.0002892763044917276,3.872621808560543e-06,1.1054204120736715e-09,23096.94903375901,309.2052378659462,0.00014910831489302705,11917.027469304172,0.003065581498951947,0.002873181519526038,0.9372386676094939,False,True,22.131797478304406,1282930.4022128447,525686.3559942963,71.29891867384788,21110.986344698176,0.017928942958410948,0.6150212711382793,0.7943282347242815,0.7
0.013801446786720847,0.00025776349223569854,3.5575091216503254e-06,9.044566718659836e-10,20580.843126409334,284.0454112349879,0.00013093254085323156,10464.38414311876,0.0030283962042952795,0.00255796717954542,0.8446606741605892,False,True,23.238387352219632,1295313.9239399626,528248.4977702759,70.42587701148598,21222.518489428694,0.017757009773338828,0.6134438475257609,0.7943282347242815,0.7
0.013068658422681284,0.0003193069805421399,4.172913860682965e-06,1.3152372974859823e-09,25494.715402506077,333.1817271788233,0.00016644065909892313,13302.262237447592,0.002990207274563373,0.003173579688705052,1.0613243154417966,False,True,24.34497722613483,1308463.8890507917,530922.3102521173,69.5610993000958,21339.053404120932,0.017580198862686868,0.6117999905758371,0.7943282347242815,0.7
0.012223319361374147,0.00044068550798128596,5.386639701984654e-06,2.345314940630392e-09,35186.0507055497,430.0903348394381,0.0002365628949381761,18906.5681495955,0.0029511033077728632,0.0043878263737677755,1.4868426876859073,False,True,25.451567100050056,1326284.8718292692,533706.1110741372,68.70480593252105,21460.536738086375,0.017398897752749578,0.610091020014342,0.7943282347242815,0.7
0.012016231010859926,0.0004859376067200999,5.839138539213119e-06,2.804042765053059e-09,38799.15486241266,466.2196078528797,0.00026272270371268297,20997.311110383405,0.0029111719720658243,0.0048405571166187395,1.662752033568043,False,True,26.558156973965282,1348363.4861887835,536598.1842685844,67.85719889615675,21586.913279271357,0.01721349072142798,0.6083182799630432,0.7943282347242815,0.7
0.012957629767311107,0.00033129169736322033,4.292755159416686e-06,1.4039589567348546e-09,26451.621963127756,342.75032414308447,0.00017336014688280475,13855.28120257499,0.0028704996424598977,0.0032934658558082,1.1473493349700745,False,True,27.664746847880508,1367647.2490553912,539596.7846023333,67.01846197520801,21718.127115665084,0.017024357237925655,0.6064831353831242,0.7943282347242815,0.7
0.012994098709682413,0.0003272571336761229,4.2524114984352734e-06,1.3737737837444973e-09,26129.486653711123,339.5291288116515,0.00017103061507213257,13669.100474838146,0.0028291710688755933,0.003253106929775391,1.149844548307319,False,True,28.771336721795734,1382876.3500803928,542700.1418099843,66.18876102439613,21854.121792742262,0.016831870529961965,0.6045869686115881,0.7943282347242815,0.7
0.014364061383563958,0.0002245363641480073,3.2252541174642462e-06,7.138647132876001e-10,17927.85955304675,257.51687509587697,0.00011178656025504947,8934.200015701124,0.0027872690763031467,0.0022256157521150636,0.7984933248952685,False,True,29.87792659571093,1395382.6418003393,545906.4647067394,65.3682443078057,21994.84046635098,0.016636396282494702,0.6026311760040279,0.7943282347242815,0.7
0.01421312214145713,0.0002325796648814354,3.305683184579009e-06,7.579952932460552e-10,18570.068072094316,263.9386456838498,0.00011641908415895957,9304.440365172652,0.0027448742975051004,0.0023060671472609176,0.8401357939622124,False,True,30.984516469626158,1405473.9891800676,549213.9451663824,64.55704289643067,22140.22605050195,0.016438291470024718,0.6006171646958947,0.7943282347242815,0.7
0.013140866739744027,0.0003119672788304418,4.099520438271404e-06,1.2623070674623022e-09,24908.684975105716,327.32170992012846,0.00016220365700471016,12963.632762756934,0.002702064938218494,0.0031001594974493125,1.1473297527383954,False,True,32.091106343541384,1417794.801297553,552620.7619518498,63.75527111793258,22290.221359582574,0.01623790332277056,0.5985463494927709,0.7943282347242815,0.7
0.013420163982134657,0.00028649507187824316,3.844810844679479e-06,1.0868924838388057e-09,22874.884568307727,306.98470197909126,0.00014750362408099435,11788.777448502495,0.002658916574430608,0.0028453611843148275,1.0701205188899714,False,True,33.19769621745661,1431490.1845449407,556125.0843878303,62.96302705215826,22444.769244621966,0.016035568425396194,0.5964201498980602,0.7943282347242815,0.7
0.017285768870740965,0.0001344998179725548,2.3249327666303137e-06,3.0731838869813507e-10,10738.990344267204,185.6317049961218,6.010170193925722e-05,4803.445290598977,0.0026155019809575917,0.001325088628841962,0.5066287995533533,False,True,34.30428609137181,1440670.5773793582,559725.0758669382,62.18039306607521,22603.812723298688,0.015831611945536343,0.5942399872849453,0.7943282347242815,0.7
0.01977927631082728,0.00010020694355777034,1.982020824892613e-06,1.9469359721466146e-10,8000.913425139438,158.25227737484045,4.0595762564569134e-05,3244.4925554043934,0.0025718909902629383,0.000982119636089705,0.38186674311157237,False,True,35.41087596528706,1445123.4606425015,563418.8971825297,61.40743638195626,22767.295103433753,0.015626346988141117,0.5920072822181426,0.7943282347242815,0.7
0.0182269520792357,0.00011911362994754778,2.1710784250377678e-06,2.539065724622629e-10,9510.497048690058,173.34737395618626,5.1327889346725094e-05,4102.225068569483,0.0025281503801954375,0.0011712072353934739,0.46326644355029795,False,True,36.51746583920226,1449188.3623071034,567204.709683567,60.64420967287255,22935.160099809764,0.015420074070574084,0.5897234519290345,0.7943282347242815,0.7
0.014470865557333986,0.00021917301936966483,3.1716232970933773e-06,6.851501433186357e-10,17499.62917581792,253.23478110646047,0.00010869844093010433,8687.391493652825,0.0024843437891294493,0.002171970402859087,0.8742632208806244,False,True,37.62405571311746,1456264.79239661,571080.6782479378,59.8907516798282,23107.35194420522,0.015213080712565668,0.5873899079465481,0.7943282347242815,0.7
0.014175114991683158,0.00023469664923452853,3.326851991062169e-06,7.698234082664446e-10,18739.096364247624,265.6288458034419,0.00011763860666164373,9401.906983143273,0.0024405316568253802,0.0023272419380309488,0.9535799019539056,False,True,38.73064558703271,1466273.5096569364,575044.9740728175,59.14708784518222,23283.815488576693,0.015005641134396095,0.5850080538850335,0.7943282347242815,0.7
0.014102658069628557,0.00023884112491118022,3.368294717587818e-06,7.932366189970377e-10,19070.00747583511,268.93779481696293,0.00012002638163137027,9592.742617796928,0.0023967711892130938,0.0023686965099503827,0.9882864583031272,False,True,39.83723546094791,1476783.1531104203,579095.7772815531,58.41323095734081,23464.49630140887,0.01479801605618961,0.5825792833887374,0.7943282347242815,0.7
0.015833104954159738,0.00016799255027430767,2.65984368001007e-06,4.3979609601604207e-10,13413.180794584721,212.37229928977962,7.927810458545673e-05,6336.060807454259,0.0023531163452210147,0.0016600666160331368,0.7054757914561238,False,True,40.94382533486316,1485596.4793974052,583231.2793481542,57.689181802063466,23649.34075725705,0.014590452590818306,0.5801049782319733,0.7943282347242815,0.7
0.015046811886016347,0.00019416324162394082,2.9215377718945767e-06,5.587741081393727e-10,15502.75092146665,233.26697683107528,9.430937552138076e-05,7537.389309962451,0.0023096178437274875,0.0019218209274643808,0.8320947695670544,False,True,42.05041520877836,1493272.5891055057,587449.6853415191,56.974929816099916,23838.29611960209,0.01438318422269952,0.5775865065724174,0.7943282347242815,0.7
0.018415951745189785,0.00011643881355388574,2.1443315716755103e-06,2.4509953574734213e-10,9296.929269512204,171.21180080577926,4.980580646838123e-05,3980.5772350144293,0.002266323188701153,0.0011444559207880766,0.504983546254042,False,True,43.15700508269356,1499645.4216788884,591749.215992545,56.270453739252304,24031.310617121562,0.014176430864678935,0.5750252213548426,0.7943282347242815,0.7
0.016044243572949722,0.00016212467951052124,2.601167847253214e-06,4.1498106879885916e-10,12944.667093796153,207.6873918236127,7.591264335079369e-05,6067.08657882636,0.0022232767106107293,0.0016013782213699708,0.7202784132660103,False,True,44.26359495660881,1505204.7431953389,596128.1095880771,55.57572226133886,24228.333513543475,0.013970398985218277,0.5724224588614584,0.7943282347242815,0.7
0.014107367338677219,0.00023856731619255973,3.365556764530798e-06,7.916793070330194e-10,19048.145519218622,268.7191859601956,0.0001198686196939842,9580.133975932864,0.0021805196222208644,0.0023659577690151577,1.0850430993165858,False,True,45.37018483052401,1513862.271105746,600584.6236965905,54.89069466090921,24429.315171294547,0.013765281798219484,0.5697795374041752,0.7943282347242815,0.7
0.015388482620124901,0.00018185293630108737,2.7984407496879636e-06,5.011189618059587e-10,14519.848104274137,223.43843019947604,8.72349880448282e-05,6971.990459153489,0.0021380900869528967,0.001798694725512361,0.8412623661128209,False,True,46.476774704439265,1523020.477751572,605117.0367310056,54.21532143292837,24634.2071091276,0.013561259508029574,0.5670977561542566,0.7943282347242815,0.7
0.014000882539106333,0.0002449160861416088,3.4290413540063134e-06,8.281704793411594e-10,19555.056087638306,273.7880433286602,0.00012352702248716915,9872.520665511118,0.002096023298061609,0.0024294608198413975,1.1590810188456158,False,True,47.58336457835446,1532340.4604723747,609723.6493545746,53.54954490300094,24842.962053979136,0.013358499602445215,0.5643783941037747,0.7943282347242815,0.7
0.01527258485369655,0.00018584991150800937,2.838408543558068e-06,5.195096890660441e-10,14838.982202746816,226.6296148339437,8.953124612336814e-05,7155.511885293969,0.0020543515669675886,0.001838671827428745,0.8950132280147128,False,True,48.68995445226966,1541761.9846690844,614402.785736222,52.8932998260446,25055.533987303534,0.013157157186865383,0.561622709153205,0.7943282347242815,0.7
0.015048459232315441,0.00019409989099622904,2.9209042966536237e-06,5.584697232148483e-10,15497.69276012818,233.2163976957391,9.427295418474632e-05,7534.478445672604,0.0020131044191817903,0.0019211872981798174,0.9543406093960433,False,True,49.796544326184915,1549889.8819431646,619152.7946621074,52.24651396764423,25271.87818614584,0.012957375353112062,0.5588319373192022,0.7943282347242815,0.7
0.015320785718747515,0.0001841664568039549,2.821574821274363e-06,5.11725274350085e-10,14704.568609595774,225.28554475423792,8.856401800082494e-05,7078.20912646593,0.001972308696364907,0.0018218341652828972,0.9237063998352063,False,True,50.90313420010011,1557975.0079921721,623972.0505102691,51.609108666618326,25491.95125921051,0.012759285576850483,0.5560072920565761,0.7943282347242815,0.7
0.015232131619833672,0.00018728671137581846,2.852775838322267e-06,5.261979500790782e-10,14953.701911216569,227.7767557154091,9.035685419374617e-05,7221.496093221157,0.0019319886631702905,0.0018530425072203014,0.9591373606610907,False,True,52.00972407401531,1565886.9624902112,628858.9540955297,50.98099937760991,25715.71117822259,0.012563008137959608,0.5531499636879497,0.7943282347242815,0.7
0.013689346215777479,0.00026559458126940134,3.6358161760312833e-06,9.525604132485422e-10,21206.107835207615,290.2977520452685,0.00013544794399247232,10825.263972549592,0.0018921661176333566,0.0026362985675650132,1.3932701484277643,False,True,53.116313947930564,1575872.1434630912,633811.9333917565,50.36209619277595,25943.11730483605,0.012368652558648717,0.550261118935102,0.7943282347242815,0.7
0.013562556743123746,0.0002750456496872831,3.7303222308331133e-06,1.0122328029471757e-09,21960.718019909513,297.84348426476294,0.00014089868899357764,11260.89814863793,0.0018528605039791126,0.0027308348067916393,1.473848031693175,False,True,54.22290382184576,1588092.3051415689,638829.444138736,49.752304341883935,26174.130413377497,0.012176318054551953,0.547341900545575,0.7943282347242815,0.7
0.015148201288828218,0.00019033972719166464,2.8833045007599857e-06,5.405453909452227e-10,15197.466608161789,230.21428326068022,9.211144844249166e-05,7361.726689179432,0.001814089026829942,0.0018835784309648527,1.038305399077542,False,True,55.329493695761016,1598396.1091771945,643909.9703408001,49.15152467034272,26408.712709710016,0.011986093994475092,0.5443934270082047,0.7943282347242815,0.7
0.02061551929645876,9.231345444260252e-05,1.9030898013842387e-06,1.7206698494442232e-10,7370.666450324478,151.95011643442547,3.613770029679752e-05,2888.1955203060024,0.001775866765904931,0.0009031771459178037,0.508583843820947,False,True,56.436083569676214,1604067.339239912,649052.0246641827,48.55965409489065,26646.8278464572,0.011798060364901422,0.5414167923518483,0.7943282347242815,0.7
0.01671301229197959,0.0001459745524348726,2.439674489160245e-06,3.502039404912817e-10,11655.177923190218,194.79313189548725,6.666167119869632e-05,5327.730833753368,0.0017382067904007084,0.0014398520675680108,0.8283548744140402,False,True,57.54267344359141,1608613.1696940297,654254.1487402163,47.976586036834796,26888.44093489206,0.011612288235770912,0.5384130660208223,0.7943282347242815,0.7
0.015365598170114196,0.00018262847415266516,2.8061957482509396e-06,5.046625960428736e-10,14581.770072833284,224.05761954815307,8.768047867740747e-05,7007.594939759239,0.001701120272347622,0.0018064515176314053,1.0619187525984988,False,True,58.649263317506666,1615438.2429902372,659514.9133808683,47.40221083289574,27133.51855372275,0.011428840224463062,0.5353832928215726,0.7943282347242815,0.7
0.015503833725322687,0.0001780419436117942,2.7603326898905352e-06,4.838786359693493e-10,14215.563575794378,220.39573399086967,8.504624811704254e-05,6797.062093412805,0.0016646165983238953,0.0017605779396013394,1.0576477138183458,False,True,59.75585319142186,1623076.2898331273,664832.918713397,46.83641612384223,27382.028755035208,0.011247770955275918,0.5323284929348178,0.7943282347242815,0.7
0.01671730564745817,0.00014588125983087534,2.438741608829005e-06,3.4984475559076034e-10,11647.729077618378,194.71864708933245,6.660828934291535e-05,5323.464451679634,0.0016287034790003047,0.0014389190053682246,0.8834751223417479,False,True,60.86244306533712,1629782.5158037874,670206.7942403479,46.279087221222156,27633.941067627347,0.011069127512064177,0.5292496619878293,0.7943282347242815,0.7
0.014505706928118658,0.00021747839999389356,3.1546779335075827e-06,6.761958457207271e-10,17364.32415170756,251.8817971495225,0.00010772286649426768,8609.421681180886,0.0015933870560672825,0.002155020508503656,1.3524777299387438,False,True,61.969032939252315,1637491.511158306,675635.1988309732,45.7301074525973,27889.22649799224,0.010892949882029806,0.5261477711813377,0.7943282347242815,0.7
0.018213517788046023,0.00011930844437152501,2.1730264738248703e-06,2.545535493244309e-10,9526.051792551812,173.50291377349012,5.14387882894939e-05,4111.088328463747,0.0015586720061735013,0.0011731556119012306,0.7526635541375358,False,True,63.07562281316751,1644529.7049421608,681116.8206499316,45.18935848577313,28147.857529134853,0.01071927138896767,0.5230237674665558,0.7943282347242815,0.7
0.019177896644545722,0.00010677263105499217,2.0476744828388526e-06,2.1445407021336152e-10,8525.14353711274,163.49432163466506,4.4315098886230386e-05,3541.749171473164,0.0015245616415711094,0.0010477833065814525,0.687268574789589,False,True,64.18221268708277,1648763.9811842353,686650.3770288335,44.656720632589376,28409.808117467946,0.01054811911455552,0.5198785737671778,0.7943282347242815,0.7
0.02162960378811338,8.42641949638412e-05,1.8226011505922241e-06,1.502644747038255e-10,6727.982161795868,145.52358845313915,3.161035007614392e-05,2526.360856817278,0.0014910580072273094,0.0008226774439056762,0.5517407370592392,False,True,65.28880256099796,1652121.43573979,692234.6142858989,44.132073132894824,28675.05368796992,0.010379514306539593,0.5167130892421012,0.7943282347242815,0.7
0.01864827655450893,0.00011331101202508893,2.1130550889151453e-06,2.349807217464469e-10,9047.19338939832,168.71456436762486,4.802736282958477e-05,3838.440549267887,0.0014581619742173291,0.0011131743120280045,0.763409231423349,False,True,66.39539243491322,1655643.0481325178,697868.3074987171,43.61529441937512,28943.571127802898,0.010213472772904112,0.513528189584538,0.7943282347242815,0.7
0.019006238362829133,0.00010880759932506366,2.0680231684593664e-06,2.207519262391437e-10,8687.623345134838,165.11904010411175,4.546964875349924e-05,3634.0230496455197,0.0014258733292644087,0.0010681351830132792,0.7491094482876102,False,True,67.50198230882842,1659777.5244083966,703550.2602349124,43.10626236394193,29215.338778570185,0.010050005261324654,0.5103247273535442,0.7943282347242815,0.7
0.014987406286700092,0.00019647571631856416,2.9446613859367523e-06,5.699394141482466e-10,15687.387925376868,235.1132564146964,9.56389581105232e-05,7643.652144794206,0.0013941908603379808,0.001944950192006524,1.3950386904236538,False,True,68.60857218274361,1666017.4049941325,709279.3042450706,42.60485450641427,29490.336427384136,0.009889117823401818,0.5071035323342006,0.7943282347242815,0.7
0.0159518145137051,0.0001646421971762977,2.6263417904851626e-06,4.2554404301935096e-10,13145.67552869093,209.69737769102994,7.73562915150968e-05,6182.465756991931,0.0013631124382606653,0.001626557511906812,1.1932673096155613,False,True,69.71516205665887,1673667.32602697,715054.2991221373,42.11094826624477,29768.545296898992,0.00973081216333853,0.5038654119229976,0.7943282347242815,0.7
0.017076663451493113,0.00013847382266117872,2.3646708664266894e-06,3.2187563160356396e-10,11056.290386917919,188.80454995937586,6.237219188437137e-05,4984.907277236783,0.0013326350943090547,0.0013648341004612967,1.0241619077043267,False,True,70.82175193057407,1679846.1769859255,720874.1319312929,41.62442113805032,30049.948034457884,0.009575085970873056,0.5006111515351496,0.7943282347242815,0.7
0.01648448452047928,0.00015111863423872005,2.491112786864151e-06,3.70275896996843e-10,12065.901488874975,198.9001663189874,6.960619018409209e-05,5563.062536469097,0.0013027550938238951,0.0014913005281001434,1.1447282264871617,False,True,71.92834180448932,1685682.315279031,726737.7168137695,41.14515087171352,30334.528700517694,0.009421933238419685,0.49734151503051244,0.7943282347242815,0.7
0.0185349416372861,0.00011481557497622292,2.1280999812357384e-06,2.3982398120086116e-10,9167.323566882033,169.91580728227592,4.888264990212144e-05,3906.7967609578423,0.0012734680058723799,0.0011282216578891748,0.885944250414281,False,True,73.03493167840452,1690921.940481998,732643.9945681641,40.673015637817386,30622.272756423627,0.00927134456247368,0.494057245155954,0.7943282347242815,0.7
0.020974485637328014,8.929409256831806e-05,1.8728976620724254e-06,1.6373826199194948e-10,7129.588815405999,149.5394582087876,3.443699134785707e-05,2752.2715426501964,0.0012447687690241688,0.0008729807852314395,0.7013196402057943,False,True,74.14152155231972,1694606.3692592392,738591.9322123757,40.20789417916883,30913.167051723576,0.009123307429441011,0.49075906400075775,0.7943282347242815,0.7
0.018673374653808233,0.00011298314305840788,2.1097765598944633e-06,2.339312449124875e-10,9021.015051609855,168.45279381635402,4.784103121760727e-05,3823.548563264768,0.00121665175332527,0.001109895251345061,0.9122538543273131,False,True,75.24811142623497,1698244.7372301861,744580.5225289711,39.74966594915793,31207.199811083683,0.008977806486139299,0.4874476734632355,0.7943282347242815,0.7
0.019786064114897188,0.00010013744155605247,1.9813258389298244e-06,1.9448898614351908e-10,7995.36411409496,158.19678698343105,4.055644153442177e-05,3241.3499419510554,0.001189110818565873,0.0009814245464438726,0.8253432153846852,False,True,76.35470130015017,1702153.7098032413,750608.7835968689,39.298211237680206,31504.360620931493,0.008834823795278798,0.4841237557260677,0.7943282347242815,0.7
0.017439401024232956,0.00013172242557170282,2.2971602034296036e-06,2.973301514687878e-10,10517.23249637869,183.4142351694427,5.8515847666371636e-05,4676.700722760161,0.0011621393689530339,0.0012973110073230636,1.1163127607421175,False,True,77.46129117406537,1706534.7271465997,756675.7583116218,38.853411285337714,31804.640415912218,0.008694339076300867,0.4807879737384531,0.7943282347242815,0.7
0.01748864827135718,0.0001308562422214178,2.288498794321895e-06,2.9424637783088603e-10,10448.073037464228,182.72267446566232,5.80214401361169e-05,4637.186708244582,0.001135730404307207,0.0012886480364645392,1.13464254507707,False,True,78.56788104798062,1711688.0539055679,762780.5138967731,38.415148386608294,32108.031465248587,0.008556329931988819,0.47744097170317856,0.7943282347242815,0.7
0.0180011089074168,0.0001224755830295421,2.204696308614156e-06,2.6517701885995633e-10,9778.928502573392,176.03155697266587,5.3242447757147273e-05,4255.240312454151,0.0011098765679102966,0.0012048308277620575,1.0855538918445167,False,True,79.67447092189582,1716608.1887533853,768922.1414081607,37.98330598265672,32414.527359095246,0.00842077206131359,0.4740833755668054,0.7943282347242815,0.7
0.018489566596318906,0.00011542920591941663,2.134235990007262e-06,2.4181215841746816e-10,9216.318256043958,170.40573016799448,4.92315808538899e-05,3934.684003464059,0.001084570191138003,0.0011343586738290572,1.0459061876288642,False,True,80.78106079581107,1721139.632411449,775099.755233326,37.55776874443142,32724.122994931804,0.008287639458995048,0.4707157935117633,0.7943282347242815,0.7
0.019205759685657988,0.00010644947990020589,2.0444431296266345e-06,2.134615215693933e-10,8499.341887836927,163.23631778404268,4.413183076242355e-05,3527.1020254221826,0.0010598033350125284,0.0010445514504819997,0.985608759638081,False,True,81.88765066972627,1725268.2008418927,781312.4925875369,37.13842264667216,33036.814564102766,0.008156904602291888,0.467338816448512,0.7943282347242815,0.7
0.018645749283887254,0.00011334413250480048,2.1133862774842056e-06,2.350868555828094e-10,9049.837857749142,168.74100775542183,4.804618656605784e-05,3839.9449790160565,0.0010355678288148857,0.0011135055543640099,1.075260860158544,False,True,82.99424054364147,1729344.350649777,787559.5130081314,36.72515503342364,33352.59953852619,0.008028538625539604,0.46395301850695464,0.7943282347242815,0.7
0.02022061228897646,9.588011771288849e-05,1.9387546864937424e-06,1.8213798953726477e-10,7655.442764510043,154.79774004160768,3.815006699301516e-05,3049.02779323688,0.0010118553058954094,0.0009388471350520382,0.9278472224062067,False,True,84.10083041755672,1733155.9844055036,793839.9978485922,36.31785467562736,33671.476657661515,0.007902511482968328,0.46055895752559983,0.7943282347242815,0.7
0.026481725850487973,5.945805460955173e-05,1.5745519017734917e-06,9.11432888732436e-11,4747.363111459233,125.71836843038298,1.7845747836960454e-05,1426.2669881012687,0.0009886572368223968,0.0005745982130974972,0.5811905195214977,False,True,85.20742029147192,1735632.1423494108,800153.1497736134,35.916411821336794,33993.44591575436,0.007778792100335895,0.45715717553782254,0.7943282347242815,0.7
0.023480037392286653,7.269748888395265e-05,1.7069397573205516e-06,1.211809954789732e-10,5804.451210012375,136.28873145279408,2.5148521250102814e-05,2009.918888593583,0.0009659649600058631,0.000707001304744709,0.7319119574900705,False,True,86.31401016538717,1737533.3665974315,806498.1922563346,35.52071823907448,34318.50854943287,0.007657348515909998,0.45374819925402227,0.7943282347242815,0.7
0.023782042083420097,7.110453175809282e-05,1.691010966592844e-06,1.1738319813036122e-10,5677.263296665674,135.01691463995937,2.4263717358352073e-05,1939.2036351182458,0.0009437697099325494,0.000691070588051482,0.732244933036548,False,True,87.42060003930237,1739718.3960952265,812874.36907875,35.13066725482585,34646.66702567547,0.007538148011329757,0.4503325405391128,0.7943282347242815,0.7
0.027520819645302737,5.5931920041299355e-05,1.5392922838720931e-06,8.372849375599642e-11,4465.822767004819,122.90310293862645,1.592484910847849e-05,1272.7450136259101,0.0009220626431443042,0.0005393348328946631,0.5849221166313495,False,True,88.52718991321757,1741495.5510203445,819280.9438362878,34.74615378313554,34977.92503020628,0.00742115723286748,0.4469106968844511,0.7943282347242815,0.7
0.02215332510560511,8.063315772363119e-05,1.7862925573431353e-06,1.4084924698111122e-10,6438.065978636075,142.62456867606068,2.957555024047522e-05,2363.7356836094928,0.0009008348620897879,0.0007863640775145436,0.8729281143608375,False,True,89.63377978713282,1743507.597378469,825717.1994472801,34.36707435275119,35312.28745633507,0.00730634230360465,0.44348315187376613,0.7943282347242815,0.7
0.023112967246830745,7.473242729424509e-05,1.7272881443280467e-06,1.261056234223136e-10,5966.928633913188,137.91342607981204,2.6280825352940925e-05,2100.414841866264,0.000880077436974717,0.0007273521890122211,0.8264638524451987,False,True,90.74036966104802,1745977.5892620315,832182.437668127,33.99332712723232,35649.76039427347,0.007193668927020136,0.44005037564254135,0.7943282347242815,0.7
0.029119848411464675,5.1254348588536204e-05,1.4925188613265427e-06,7.427237283440324e-11,4092.347208278832,119.16853035216025,1.3397858517274497e-05,1070.7829948635383,0.0008597814257314758,0.0004925566113754374,0.5728858482333289,False,True,91.84695953496328,1747732.196969185,838675.9786147437,33.62481192091862,35990.35112098273,0.007083102482477224,0.4366128253301062,0.7943282347242815,0.7
0.026137382662936588,6.0726745749161684e-05,1.5872381915206967e-06,9.387133527577284e-11,4848.660363035505,126.73129131127202,1.853978173736903e-05,1481.7355316344108,0.0008399378922260707,0.0005872858869263716,0.6992015628321036,False,True,92.95354940887847,1749144.4925463868,845197.160290849,33.261430210630664,36334.068090520304,0.0069746081130794965,0.43317094552462615,0.7943282347242815,0.7
0.027035340888409816,5.7525840478814315e-05,1.555230707237029e-06,8.704971482543671e-11,4593.087594913331,124.17568885880826,1.6791614882495573e-05,1342.0186255356462,0.0008205379228132379,0.0005552749415343305,0.6767206317906116,False,True,94.06013928279367,1750706.861424762,851745.3381236127,32.903085143451406,36680.92092496954,0.006868150806348621,0.42972516870002725,0.7943282347242815,0.7
0.03259333165537533,4.3374711236748684e-05,1.4137263487954846e-06,5.932263650950258e-11,3463.2062123078167,112.87742866870484,9.21234672016057e-06,736.2687251859063,0.0008015726413481597,0.0004137565094673757,0.516180927497078,False,True,95.16672915670893,1751856.7672934593,858319.8845069843,32.549681540918066,37030.920405929464,0.006763695468161999,0.4262759156450117,0.7943282347242815,0.7
0.026694518470013986,5.8700209219977345e-05,1.5669738192163705e-06,8.952891176504814e-11,4686.853778110191,125.11330474601733,1.743187331624226e-05,1393.18932884543,0.0007830332227570016,0.0005670193114468226,0.724131869463201,False,True,96.27331903062412,1753034.9856532183,864920.1883531045,32.2011258999316,37384.078466593564,0.00666120699036813,0.42282359588382445,0.7943282347242815,0.7
0.029536317384653444,5.016175216202656e-05,1.4815934324279427e-06,7.212601244820408e-11,4005.1100457953694,118.29620147307593,1.2811621933452697e-05,1023.929823208239,0.0007649109052638016,0.0004816300930478982,0.6296551529511717,False,True,97.37990890453932,1754372.365442073,871545.654652132,31.857326390671364,37740.40818443836,0.006560650312479634,0.41936860808854026,0.7943282347242815,0.7
0.024199697256818458,6.901320894479324e-05,1.670098763185552e-06,1.124735261060129e-10,5510.283921992077,133.34720271132252,2.310433898598252e-05,1846.543853396769,0.0007471970013670111,0.000670155894658686,0.8968931800216315,False,True,98.48649877845457,1755960.5839940086,878195.7040405831,31.51819285178662,38099.92377452818,0.006461990477828805,0.41591134048281225,0.7943282347242815,0.7
0.027511138605143644,5.596284116100257e-05,1.5396014799179796e-06,8.379244498832873e-11,4468.291629869707,122.92779035754873,1.5941638409484926e-05,1274.0868473219562,0.0007298829076534773,0.0005396440613922197,0.7393570334824496,False,True,99.59308865236977,1757687.2131608308,884869.7723785093,31.18363678311428,38462.64058345105,0.006365192684547898,0.4124521712369555,0.7943282347242815,0.7
0.022772230435307315,7.672605810672037e-05,1.7472234755990152e-06,1.3100980597783557e-10,6126.107898003897,139.50514072490088,2.7392182606810655e-05,2189.2366820974917,0.000712960113533681,0.0007472900070128389,1.0481512118665472,False,True,100.69967852628503,1759603.4525347047,891567.3103355771,30.853571336159458,38828.57508388224,0.006270222331721914,0.40899146885444265,0.7943282347242815,0.7
0.022262027712159328,7.991837511248451e-05,1.7791450814648745e-06,1.3902658217324545e-10,6380.994945566567,142.05388630935155,2.9175616863348753e-05,2331.7722277517364,0.0006964202089764093,0.0007792156775597915,1.118887228595899,False,True,101.80626840020022,1762104.9038744646,898287.7829861518,30.527911302557154,39197.74486982306,0.006177045061042663,0.4055295925494167,0.7943282347242815,0.7
0.02304690689536149,7.511080548397114e-05,1.73107174082469e-06,1.270303541121441e-10,5997.13982517873,138.21552318935866,2.649160304422165e-05,2117.2606062269633,0.0006802548913180812,0.0007311362544177786,1.0747974968634304,False,True,102.91285827411542,1764566.531215863,905030.6694135171,30.206573100717996,39570.168652467604,0.006085626794274727,0.4020668926157483,0.7943282347242815,0.7
0.026768469314563722,5.844134222844162e-05,1.5643852761439566e-06,8.898007406750752e-11,4666.184827293329,124.9066253654843,1.7290625346989092e-05,1381.9005155369232,0.0006644559712161218,0.0005644304899021793,0.8494625894762136,False,True,104.01944814803068,1766502.599348134,911795.4623231957,29.889474760848625,39945.86625675083,0.005995933766828908,0.3986037107872251,0.7943282347242815,0.7
0.023174688823806765,7.438232933126253e-05,1.7237873362419238e-06,1.2525253285231467e-10,5938.975446312707,137.63390790052588,2.6085865948347806e-05,2084.8333058425874,0.0006490153778127024,0.0007238509483390702,1.1153063133551273,False,True,105.12603802194587,1768420.7256192828,918581.6676653952,29.57653590852122,40324.85861855594,0.005907932557721083,0.39514038058918616,0.7943282347242815,0.7
0.022738687410698982,7.692808245843852e-05,1.7492436201269092e-06,1.315111626615722e-10,6142.238310632789,139.66643694749877,2.750490896545489e-05,2198.2459926342094,0.0006339251631703401,0.0007493104057513365,1.182017135909135,False,True,106.23262789586113,1770790.531709718,925388.8042666033,29.26767774695518,40707.16778260703,0.005821590116178251,0.39167722768147717,0.7943282347242815,0.7
0.025510043941619737,6.318289839945855e-05,1.611798514529083e-06,9.924334257592881e-11,5044.769175621159,128.69228334542453,1.9887340635533006e-05,1589.4350681588915,0.0006191775060376942,0.0006118489352286398,0.9881640228567858,False,True,107.33921776977633,1772886.236463465,932216.4034702436,28.96282303816251,41092.816901037164,0.005736873785139409,0.38821457019295275,0.7943282347242815,0.7
0.02400972215664326,6.994901142558298e-05,1.6794563294601122e-06,1.1465974658685814e-10,5585.002043970449,134.0943473200152,2.3622799685575214e-05,1887.9802441388504,0.0006047647149999055,0.0006795145697177166,1.1236015476164525,False,True,108.44580764369152,1774810.2727494582,939064.0087863265,28.661896083095428,41481.83023263573,0.00565375132188364,0.38475271904762304,0.7943282347242815,0.7
0.029531134716386978,5.017506245878701e-05,1.48172652887357e-06,7.215201774400524e-11,4006.172791831345,118.30682841269558,1.2818753562211285e-05,1024.4997968939986,0.0005906792310640326,0.0004817632026934015,0.8156088403947556,False,True,109.55239751760678,1776421.7332101518,945931.175550084,28.36482270092549,41874.233142792036,0.005572190916002738,0.3812919782824428,0.7943282347242815,0.7
0.03527738954515348,3.876909407180008e-05,1.3676724338835918e-06,5.11538849577789e-11,3095.4757647181646,109.20030437954455,6.822424183926401e-06,545.2614528265862,0.0005769136297274348,0.00036769844612551426,0.6373544100513536,False,True,110.65898739152198,1777290.2741618545,952817.4705894024,28.071530207573232,42270.05210412335,0.005492161204924273,0.37783264535700484,0.7943282347242815,0.7
0.03243820672621991,4.367457263649666e-05,1.4167248158619859e-06,5.986904905087428e-11,3487.1483166545236,113.11683798062919,9.369604765251271e-06,748.8370949945211,0.0005634606225730873,0.0004167552539841368,0.7396351001086663,False,True,111.76557726543723,1778006.2923362881,959722.4719010077,27.781947393597353,42669.31469780821,0.005413631287176146,0.37437501145511676,0.7943282347242815,0.7
0.030335475664552986,4.81905067220274e-05,1.4618819439285393e-06,6.831337885705266e-11,3847.718117200705,116.72235930840161,1.1758319392644331e-05,939.7478289223644,0.0005503130584333881,0.0004619166692180182,0.8393707220631587,False,True,112.87216713935243,1778940.5778253144,966645.7683352663,27.496004501544412,43072.04961561274,0.005336570733572498,0.37091936177853985,0.7943282347242815,0.7
0.027832068331550528,5.4955686776571666e-05,1.5295304295728305e-06,8.171917733627651e-11,4387.87649345817,122.12367839633214,1.5395320213644216e-05,1230.424031123643,0.0005374639241608691,0.0005295719589565221,0.9853162884994215,False,True,113.97875701326763,1780141.3229278056,973586.9592894643,27.21363320285199,43478.28666261648,0.0052609495964890006,0.3674659758330059,0.7943282347242815,0.7
0.028187927828361783,5.388046939183729e-05,1.5187787825753656e-06,7.952796722080576e-11,4302.026941490696,121.26522494240773,1.4813348040947338e-05,1183.9116795262498,0.0005249063450414658,0.0005188191999646988,0.9884033692214443,False,True,115.08534688718288,1781477.162652624,980545.6544094343,26.934766574389247,43888.056760649306,0.00518673841738434,0.3640151277065931,0.7943282347242815,0.7
0.02405242324471596,6.973646482775392e-05,1.6773309676273852e-06,1.141616734725094e-10,5568.03149414964,133.92465013719533,2.350499588675125e-05,1878.5651346757681,0.0005126335848837494,0.0006773889552806936,1.3213901220192315,False,True,116.19193676109808,1783171.615568472,987521.473299359,26.65933907471419,44301.39195243191,0.005113908232714679,0.36056708634070944,0.7943282347242815,0.7
0.03227207700073899,4.400033862312857e-05,1.4199823161041952e-06,6.046468320357219e-11,3513.1587443091144,113.37692951216324,9.540654525637037e-06,762.5077256001815,0.0005006390458146927,0.00042001305666423635,0.8389538534309618,False,True,117.29852663501333,1784632.9078101988,994514.045239647,26.38728652011685,44718.32540644072,0.005042430578377103,0.3571221157936958,0.7943282347242815,0.7
0.028901169031834498,5.1847326651311204e-05,1.4984483513982828e-06,7.544714955118422e-11,4139.692890871521,119.64196397896143,1.3716703673162567e-05,1096.2657218590025,0.0004889162678109592,0.000498486697704105,1.0195747830932191,False,True,118.40511650892853,1785661.3577476293,1001523.0089126754,26.118546060515293,45138.89142247308,0.004972277492809856,0.3536804754974435,0.7943282347242815,0.7
0.028823056325540705,5.206247925486361e-05,1.5005997720102282e-06,7.587511994924684e-11,4156.871514359061,119.8137417964069,1.3832506245101606e-05,1105.5208893646084,0.00047745892799188407,0.0005006383355277633,1.0485474376473976,False,True,119.51170638284373,1786879.5951318804,1008548.0121362718,25.85305615526224,45563.12543793774,0.004903421518867361,0.35024242050700527,0.7943282347242815,0.7
0.024502897603873586,6.757045436292336e-05,1.6556719243019244e-06,1.0913694189944873e-10,5395.0887659138025,132.19530759499463,2.230609232339342e-05,1782.7464225681842,0.0004662608396986781,0.0006557273634891628,1.4063530703391856,False,True,120.61829625675898,1788477.658812153,1015588.7116047128,25.590756548917014,45991.0640348794,0.004835835704580816,0.3468082017433305,0.7943282347242815,0.7
0.026885412595581932,5.803660684213201e-05,1.5603381205982925e-06,8.812463222462031e-11,4633.869174595204,124.58348467294074,1.7069915566817045e-05,1364.2609592523438,0.0004553159513826705,0.0005603829003116162,1.2307561345256761,False,True,121.72488613067418,1790218.8820630824,1022644.7726371739,25.331588247031156,46422.744947716186,0.004769493602905621,0.3433780662294913,0.7943282347242815,0.7
0.02777966731969367,5.5117650112645034e-05,1.5311499835725553e-06,8.205123002951719e-11,4400.808278262311,122.2529899078809,1.548309927483512e-05,1237.439504970237,0.00044461834532329164,0.0005311916814613862,1.1947138192760471,False,True,122.83147600458938,1791658.389757417,1029715.868933356,25.07549349199216,46858.207071722514,0.004704369270551717,0.3399522573203352,0.7943282347242815,0.7
0.023119716893675302,7.469398144528595e-05,1.726903704676447e-06,1.2601182303602848e-10,5963.858967299709,137.88273091777603,2.6259412923254506e-05,2098.703518705375,0.000434162236195226,0.0007269677017963579,1.6744148642846695,False,True,123.93806587850463,1793504.260801383,1036801.6823361533,24.822415738965887,47297.490472245496,0.004640437265984552,0.3365310149258624,0.7943282347242815,0.7
0.023996780120408515,7.001368708257609e-05,1.6801030543396645e-06,1.1481148243071375e-10,5590.166000817588,134.14598435820307,2.3658651540864703e-05,1890.8455943684257,0.00042394196950246724,0.0006801613715517129,1.6043737598094885,False,True,125.04465575241983,1795711.6581263905,1043901.9026012631,24.572299631972136,47740.63639465567,0.004577672646677689,0.33311457572851527,0.7943282347242815,0.7
0.02534049181718336,6.388121059260306e-05,1.6187812942936246e-06,1.0079247526059155e-10,5100.5251462425695,129.2498157316978,2.027135569116705e-05,1620.126300702834,0.00041395201989541315,0.0006188325008403561,1.4949377490577456,False,True,126.15124562633508,1797654.2610997339,1051016.227173423,24.32509098012806,48187.68727507177,0.004516050965694,0.32970317339427696,0.7943282347242815,0.7
0.030672641947892165,4.7404548692626445e-05,1.4540227487503506e-06,6.681469370075552e-11,3784.964160980047,116.09485049534507,1.1340033548435827e-05,906.3176080857199,0.00040418698938637904,0.0004540567132375444,1.1233828034070954,False,True,127.25783550025028,1799052.129722974,1058144.3609692543,24.080736734086106,48638.68675181721,0.004455548267664004,0.32629703877810756,0.7943282347242815,0.7
0.03185956135018822,4.483065818752586e-05,1.428285104894798e-06,6.19923525709538e-11,3579.4546986020646,114.03985657033198,9.977575583134387e-06,797.4273090442624,0.00039464160547705103,0.0004283166211151633,1.085330627006256,False,True,128.36442537416548,1799994.8031594893,1065286.0161664386,23.83918496269371,49093.67967765001,0.004396141084226921,0.32289640012359444,0.7943282347242815,0.7
0.044490824969348704,2.8412963984480173e-05,1.2641162074939158e-06,3.4319786053390505e-11,2268.6019243803485,100.93197114273373,1.6962134884946168e-06,135.56469168534537,0.0003853107192105038,0.0002641336664038676,0.6855082229351774,False,True,129.47101524808073,1800511.0229097148,1072440.911999114,23.600384829897575,49552.712132773195,0.0043378064289937,0.3195014832569717,0.7943282347242815,0.7
0.04748013397187115,2.6146856325939042e-05,1.2414562412988524e-06,3.0919368599504763e-11,2087.6670455754647,99.1227110125835,6.437001709860436e-07,51.44577366553823,0.0003761893031597852,0.00024147197160944857,0.64188952099705,False,True,130.57760512199593,1800614.4948533515,1079608.7745593053,23.36428657191217,50015.8314385867,0.004280521792087168,0.31611251177599375,0.7943282347242815,0.7
0.038218863532236864,3.4727956786547093e-05,1.3272630411784625e-06,4.433227614312484e-11,2772.815593571721,105.97386077077597,4.772969456623737e-06,381.46503208450395,0.0003672724493627984,0.00032728558815999073,0.8911248004793632,False,True,131.68419499591118,1800854.0222103272,1086789.336604227,23.130841474671108,50483.086172285766,0.0042242651343101165,0.3127297072330901,0.7943282347242815,0.7
0.05210968586267508,2.327229630179498e-05,1.2127120495896313e-06,2.6752234924734977e-11,1858.1509554525865,96.82766257406382,0.0,0.0,0.00035855536721420017,0.00021272566105883387,0.5932853905147432,False,True,132.79078486982638,1801065.084881206,1093982.337369302,22.90000185157621,50954.526182196336,0.00416901488098799,0.3093532893138071,0.7943282347242815,0.7
0.04497401782615097,2.8020422613874308e-05,1.2601909861326669e-06,3.3723475157399595e-11,2237.259889482413,100.6185661513146,1.5115705190160912e-06,120.80766528565677,0.00035003338132229283,0.0002602081419324888,0.7433809339827006,False,True,133.89737474374158,1801131.9271507543,1101187.5223867346,22.671721021558568,51430.20260395088,0.004114749915529113,0.30598347600997516,0.7943282347242815,0.7
0.04224621455641195,3.0390717547267547e-05,1.2838927740251782e-06,3.73706098613565e-11,2426.5134868959767,102.51100939143471,2.639632449820873e-06,210.9645758920253,0.00034170192933931045,0.00028391178354479857,0.8308755648343846,False,True,135.00396461765683,1801315.495052021,1108404.6433094991,22.44595328746215,51910.16787747321,0.00406144957274191,0.30262048378803513,0.7943282347242815,0.7
0.038517864834347264,3.4363850779735564e-05,1.3236221595215334e-06,4.3733530184103685e-11,2743.7439490863985,105.68315857096809,4.5909623632274035e-06,366.918670044477,0.00033355655977241277,0.0003236444023038191,0.9702834281677544,False,True,136.11055449157203,1801635.2349261502,1115633.4577405334,22.22265391476123,52394.47576478233,0.004009093631945719,0.2992645277526453,0.7943282347242815,0.7
0.05316679094896487,2.2702390988099502e-05,1.2070132757059503e-06,2.594550077779263e-11,1812.6474911864032,96.37265022807314,0.0,0.0,0.00032559292978179944,0.00020702647691277446,0.6358445100497608,False,True,137.2171443654873,1801838.249168561,1122873.729067063,22.001779110618276,52883.181368647,0.003957662309907852,0.2959158218055425,0.7943282347242815,0.7
0.06904210873755004,1.6598193693185276e-05,1.1459742938118152e-06,1.7707993174450938e-11,1325.264557902715,91.49905971274045,0.0,0.0,0.0003178068029721909,0.0001459833044472583,0.4593460652257727,False,True,138.32373423940248,1801838.249168561,1130125.2262998715,21.78328600329046,53376.34115207311,0.003907136253637622,0.2925745787999783,0.7943282347242815,0.7
0.045577775129856,2.754492065376424e-05,1.2554361995269928e-06,3.300522501417599e-11,2199.29395736982,100.23892543345276,1.2891557815166654e-06,103.03184548472706,0.0003101940471827556,0.0002554529902205695,0.8235264104538582,False,True,139.43032411331768,1801895.2561670132,1137387.72391736,21.56713262188915,53874.01295868085,0.003857496533065229,0.28924101069052943,0.7943282347242815,0.7
0.04345217454011064,2.9295139967924844e-05,1.2729375350632416e-06,3.56710357862412e-11,2339.038297536555,101.63630036056165,2.1144138032835733e-06,168.988076843893,0.0003027506322807165,0.0002729556807891764,0.901585832316566,False,True,140.53691398723294,1802045.7634127892,1144661.0017142622,21.353277876497536,54376.25603393735,0.0038087246336308005,0.28591532867871616,0.7943282347242815,0.7
0.040431392132586515,3.220308509796708e-05,1.3020155614749602e-06,4.0234321237772614e-11,2571.2199847976835,103.95800346449828,3.521345995245927e-06,281.4328428590696,0.0002954726279627799,0.0003020360262844355,1.0222132194339246,False,True,141.64350386114813,1802294.9790271607,1151944.8446549242,21.141681538648584,54883.1310472865,0.003760802448806439,0.28259774335432936,0.7943282347242815,0.7
0.031972127894842016,4.460098904606165e-05,1.425988526017131e-06,6.156842835971425e-11,3561.1170180777417,113.85648875048,9.856588248136888e-06,787.7577651584135,0.000288356201568329,0.0004260198269974805,1.4774082356488896,False,True,142.7500937350634,1802886.5567772193,1159239.0427309237,20.932304222166305,55394.70011519734,0.0037137122725729808,0.27928846483252123,0.7943282347242815,0.7
0.035749334839760664,3.805853034411777e-05,1.360567144781058e-06,4.993099316013431e-11,3038.7415837683884,108.63299036964077,6.458470550387823e-06,516.1735682807516,0.00028139761590801737,0.00036059253588358915,1.2814342250911566,False,True,143.85668360897859,1803608.0153821516,1166543.3908229887,20.725107364370494,55911.026825121095,0.0036674367918699442,0.2759877028869132,0.7943282347242815,0.7
0.056259809055451915,2.1184482374856637e-05,1.191834933348021e-06,2.3828188024957475e-11,1691.451743959285,95.16075214166052,0.0,0.0,0.0002745932271107215,0.00019184705769171838,0.6986591028130559,False,True,144.96327348289378,1803893.6116040726,1173857.688567023,20.520053207646406,56432.17626040177,0.003621959079036487,0.2726956670786143,0.7943282347242815,0.7
0.054931093482859086,2.181094931519493e-05,1.1980992957828741e-06,2.4696510419656582e-11,1741.4713092249299,95.66092328475163,0.0,0.0,0.0002679394824917544,0.0001981118617740795,0.7393903277400568,False,True,146.06986335680904,1803893.6116040726,1181181.7402241386,20.317104781377935,56958.21502613671,0.003577262584258933,0.2694125668813614,0.7943282347242815,0.7
0.04456038611919801,2.835577682178674e-05,1.2635443638886226e-06,3.423272297535689e-11,2264.0358781414893,100.88631291770231,1.6692570913117466e-06,133.41028382464222,0.00026143291844478277,0.0002635617785442564,1.0081430453063747,False,True,147.17645323072423,1803967.4268386508,1188515.354554599,20.116225884243914,57489.21127600079,0.003533331128038838,0.2661386118028743,0.7943282347242815,0.7
0.04975938678021431,2.4647976034107885e-05,1.2264681728306272e-06,2.8726087971729126e-11,1967.9905937867213,97.9260051360571,0.0,0.0,0.0002550701583592848,0.00022648278800459996,0.8879235009749064,False,True,148.28304310463943,1804041.242073229,1195858.3446954929,19.917381066875205,58025.23474010923,0.0034901488936948436,0.26287401150214346,0.7943282347242815,0.7
0.05230160140737908,2.3166714868992434e-05,1.2116562869964445e-06,2.6602292906294915e-11,1849.7209218325274,96.74336636857466,0.0,0.0,0.0002488479105659199,0.00021166982221475247,0.8505991540510889,False,True,149.3896329785547,1804041.242073229,1203210.528042084,19.720535614871,58566.356753852684,0.003447700419909348,0.2596189759032453,0.7943282347242815,0.7
0.05729345701127248,2.072147815791436e-05,1.187205118050488e-06,2.3191429210803435e-11,1654.4836804328888,94.7910896207336,0.0,0.0,0.0002427629663110588,0.00018721691850708057,0.771192251239814,False,True,150.49622285246988,1804041.242073229,1210571.7261326862,19.52565553217099,59112.65028778734,0.003405970593330557,0.2563737153053504,0.7943282347242815,0.7
0.041936104310197675,3.068581704379215e-05,1.2868436243921093e-06,3.7832461968789e-11,2450.0753823062923,102.74661680024413,2.7821448586606907e-06,222.35444567949637,0.0002368121977619895,0.0002868628686310698,1.2113517434578442,False,True,151.60281272638514,1804164.2696622335,1217941.7645369694,19.33270752478056,59664.18997858,0.003364944641239,0.25313844048910533,0.7943282347242815,0.7
0.03697326294571168,3.6331632902095175e-05,1.343299016536235e-06,4.700064830441519e-11,2900.8593528853357,107.25423562275655,5.580104421211339e-06,445.972833351837,0.00023099255604384103,0.0003433229191185538,1.4862942988231755,False,True,152.70940260030034,1804534.0517619522,1225320.4727476095,19.14165898484508,60221.05216105365,0.003324608124286527,0.24991336281929652,0.7943282347242815,0.7
0.05948485432093483,1.9803853109308538e-05,1.1780293172004107e-06,2.1941983752144243e-11,1581.2169155764007,94.0584578728601,0.0,0.0,0.00022530106930946639,0.00017804048208195869,0.7902336310592825,False,True,153.81599247421553,1804780.8062726664,1232707.6840751283,18.952477975069968,60783.31490131586,0.003284946929315351,0.24669869434407476,0.7943282347242815,0.7
0.040581613348551725,3.2044901517642886e-05,1.300433803181402e-06,3.9981785683296975e-11,2558.5899904428234,103.83170970962531,3.4437958889090377e-06,275.23488704334477,0.0002197348408428665,0.0003004541396646784,1.3673486576465799,False,True,154.9225823481308,1804933.0923421416,1240103.2355458864,18.765133213481487,61351.058031029424,0.0032459472622631083,0.24349464789056227,0.7943282347242815,0.7
0.05295872130848802,2.2812348275187472e-05,1.2081127946978206e-06,2.610065101238503e-11,1821.4269100891147,96.4604401151899,0.0,0.0,0.00021429104719686553,0.0002081260748076099,0.9712308448257664,False,True,156.029172222046,1805085.3784116167,1247506.9678030657,18.579594058524677,61924.36318284672,0.0032075956411598784,0.24030143715689367,0.7943282347242815,0.7
0.037872824384302325,3.5159094340235934e-05,1.3315742054588733e-06,4.504464511108055e-11,2807.2392983462523,106.3180809509797,4.989097708697295e-06,398.7384237038853,0.0002089669363655836,0.00033159711435680505,1.586840100754898,False,True,157.13576209596124,1805305.9983626225,1254918.725010625,18.395830494492728,62503.31382702075,0.0031698788892215862,0.23711927680078815,0.7943282347242815,0.7
0.056927560023132345,2.088304307365483e-05,1.1888206880411436e-06,2.3413143475879447e-11,1667.3836538028404,94.92008303345092,0.0,0.0,0.0002037598259920602,0.0001888326012743393,0.9267410803624136,False,True,158.24235196987644,1805526.6183136282,1262338.3547600664,18.213813117283753,63087.99530922966,0.0031327841280443668,0.2339483825246097,0.7943282347242815,0.7
0.04705388481649792,2.6447632563025028e-05,1.2444638562896394e-06,3.1364847282726387e-11,2111.682194105335,99.36285073048204,7.814422110828615e-07,62.454386275032206,0.00019866710161123798,0.00024447981307825086,1.2306003917883774,False,True,159.34894184379164,1805561.174009345,1269765.7079799485,18.03351312047949,63678.494889650894,0.0030962987709032674,0.23078897115688413,0.7943282347242815,0.7
0.05750103156063965,2.0630928395515868e-05,1.1862996647958546e-06,2.3067394496348084e-11,1647.253834038067,94.71879469940755,0.0,0.0,0.00019368621492851028,0.00018631140216045556,0.9619239150768847,False,True,160.4555317177069,1805595.7297050618,1277200.638848093,17.85490228174044,64274.901783302084,0.0030604105161582094,0.22764126073034233,0.7943282347242815,0.7
0.06042289907781033,1.943543478370671e-05,1.174345314469275e-06,2.1445033252190783e-11,1551.8009587302997,93.76431271821022,0.0,0.0,0.0001888146821338449,0.00017435622654215854,0.9234251519622971,False,True,161.5621215916221,1805595.7297050618,1284643.0047063474,17.67795294951273,64877.30720169065,0.003025107340769903,0.22450547055642553,0.7943282347242815,0.7
0.05183792781566382,2.3423459613476627e-05,1.2142236086365182e-06,2.6967294520705898e-11,1870.2204241628558,96.94835134713429,0.0,0.0,0.0001840500822514751,0.00021423732946989992,1.1640164831721116,False,True,162.66871146553734,1805595.7297050618,1292092.6659778676,17.502638030040497,65485.80439579564,0.0029903774939275714,0.22138182129628645,0.7943282347242815,0.7
0.06439293439820225,1.801689268211203e-05,1.16016058853869e-06,1.9556692402028795e-11,1438.5390215649254,92.63174884488429,0.0,0.0,0.00017939005552500097,0.00016017053988271826,0.8928618669187928,False,True,163.77530133945254,1805595.7297050618,1299549.486086796,17.328930974679203,66100.48870042714,0.0029562094907903042,0.2182705350282054,0.7943282347242815,0.7
0.06061201770413643,1.9362812364958975e-05,1.1736191258667651e-06,2.13473917423694e-11,1546.0025014129194,93.70633098627908,0.0,0.0,0.00017483230183773385,0.00017362998826629512,0.9931230467207678,False,True,164.88189121336774,1805595.7297050618,1307013.331380336,17.156805767503283,66721.45757998874,0.0029225921063428814,0.2151718353114473,0.7943282347242815,0.7
0.05911417642695007,1.9953316621888904e-05,1.179523879089136e-06,2.2144357768016214e-11,1593.1506656930615,94.17778952649257,0.0,0.0,0.0001703745791680591,0.0001795351469195842,1.0537672215905463,False,True,165.988481087283,1805595.7297050618,1314484.0710530488,16.986236913203374,67348.8106756788,0.0028895143693674036,0.21208594724652585,0.7943282347242815,0.7
0.050023970834007586,2.44850391379915e-05,1.2248388837084211e-06,2.8490346508118002e-11,1954.981076149487,97.79591633433871,0.0,0.0,0.0001660147020794364,0.00022485337901454787,1.3544184713650105,False,True,167.0950709611982,1805595.7297050618,1321961.57707338,16.817199425267034,67982.64985418154,0.0028569655565309376,0.20901309753177252,0.7943282347242815,0.7
0.04447935803076898,2.8422413263740296e-05,1.2642106956563818e-06,3.4334178091768407e-11,2269.356391711713,100.9395154463593,1.700669452652739e-06,135.9208210354267,0.00016175054024478394,0.0002642281618818119,1.6335535045629168,False,True,168.20166083511344,1805670.9340071678,1329445.7241123281,16.649668814437433,68623.07925786081,0.00282493518658949,0.20595351451629074,0.7943282347242815,0.7
0.03839583831362469,3.451152132021081e-05,1.3250987925680257e-06,4.397604726166158e-11,2755.5345413132222,105.80105871587045,4.664720912213661e-06,372.81359719857863,0.00015758001700467018,0.00032512115856464014,2.063213120195339,False,True,169.30825070902864,1805952.4141850327,1336936.3894741554,16.483621077444443,69270.20535654492,0.0027934130147084734,0.20290742824901276,0.7943282347242815,0.7
0.04683109478746957,2.6607611256871705e-05,1.2460635648387013e-06,3.16025209610073e-11,2124.4555173291515,99.4905777038042,8.549624022664656e-07,68.33026340845743,0.000153501107959135,0.0002460796424563865,1.6031131353260182,False,True,170.41484058294384,1806196.4968495765,1344433.45302913,16.319032686002295,69924.13700087127,0.0027623890268991657,0.19987507052415193,0.7943282347242815,0.7
0.05211128378110976,2.3271413241597325e-05,1.2127032194203536e-06,2.6750979926887187e-11,1858.080448480317,96.8269575388895,0.0,0.0,0.0001495118395923798,0.00021271683025134803,1.4227423783379736,False,True,171.5214304568591,1806234.3036383614,1351936.797148191,16.155880576068515,70584.98547731232,0.002731853434570936,0.19685667492260894,0.7943282347242815,0.7
0.06691973890946819,1.721708624105494e-05,1.1521629160331938e-06,1.8509568244508756e-11,1374.6793541150598,91.99318346161618,0.0,0.0,0.00014561028793005362,0.0001521723345678482,1.0450658173339151,False,True,172.6280203307743,1806234.3036383614,1359446.30663948,15.994142137358597,71252.86456486514,0.0027017966691985544,0.19385247684955909,0.7943282347242815,0.7
0.0809113207158256,1.3819989647737816e-05,1.118193614677504e-06,1.4203165362953668e-11,1103.4419051423051,89.28094187825066,0.0,0.0,0.00014179457722842442,0.00011820084144673926,0.8336062193430941,False,True,173.7346102046895,1806234.3036383614,1366961.868686748,15.833795203110054,71927.89059349548,0.0026722093771034843,0.19086271356793047,0.7943282347242815,0.7
0.10056846713511984,1.0820489944845892e-05,1.0882000874041288e-06,1.0590735972014529e-11,863.9501434987197,86.88614161283307,0.0,0.0,0.0001380628786950751,8.820547486768849e-05,0.6388790071696144,False,True,174.84120007860474,1806234.3036383614,1374483.3727894654,15.674818040091713,72610.18250433676,0.002643082414348691,0.18788762422790484,0.7943282347242815,0.7
0.09418501057894518,1.164096528803689e-05,1.0964044388028881e-06,1.156117061195362e-11,929.4600967540869,87.54120904549109,0.0,0.0,0.00013441340924031322,9.641032044598476e-05,0.7172671312399791,False,True,175.94778995251994,1806234.3036383614,1382010.7107046715,15.517189338851987,73299.86191175794,0.0026144068417454655,0.18492744989205895,0.7943282347242815,0.7
0.08527634197943382,1.3018620261051049e-05,1.1101803134817752e-06,1.3220601651111305e-11,1039.4574460140661,88.64112863936437,0.0,0.0,0.00013084443025896373,0.00011018704004022626,0.8421225100842815,False,True,177.0543798264352,1806234.3036383614,1389543.7763904887,15.360888204200608,73997.05316727568,0.0025861739199711416,0.18198243355638247,0.7943282347242815,0.7
0.08327119926238227,1.3374885987489565e-05,1.1137427961758881e-06,1.3655851224979866e-11,1067.9030919181912,88.92557116003384,0.0,0.0,0.0001273542464417112,0.0001137497443207403,0.8931759049966381,False,True,178.1609697003504,1806234.3036383614,1397082.4659512257,15.205894145919341,74701.8834254377,0.0025583751047964748,0.1790528201667416,0.7943282347242815,0.7
0.07483112655100446,1.5116089064722293e-05,1.1311539737584886e-06,1.5819234463439345e-11,1206.9275405432902,90.31574752428752,0.0,0.0,0.00012394120461564889,0.00013116202313947267,1.0582600318127946,False,True,179.2675595742656,1806234.3036383614,1404626.67758404,15.05218706969564,75414.48271164404,0.0025310020424211734,0.17613885663104967,0.7943282347242815,0.7
0.10105503688463123,1.0762668928789311e-05,1.0876219055758783e-06,1.0522849706925098e-11,859.3334879337729,86.83997731934623,0.0,0.0,0.00012060369261313683,8.762725846725448e-05,0.7265719363032972,False,True,180.37414944818084,1806234.3036383614,1412176.3115271188,14.899747268274632,76134.9839920531,0.002504046564916069,0.17324079182663688,0.7943282347242815,0.7
0.06883357501483615,1.6657024969254593e-05,1.146562577745185e-06,1.7783863854839977e-11,1329.961876569557,91.54603059772286,0.0,0.0,0.00011734013816847052,0.0001465716269903489,1.2491175592439598,False,True,181.48073932209604,1806234.3036383614,1419731.2700093056,14.748555412824036,76863.52324559493,0.0024775006857704353,0.17035887660285184,0.7943282347242815,0.7
0.07232844392335579,1.5723042707580326e-05,1.1372232127797517e-06,1.65874629096653e-11,1255.3890879886574,90.80033925258037,0.0,0.0,0.00011414900784191648,0.00013723165315911317,1.2022150323826164,False,True,182.5873291960113,1806234.3036383614,1427291.4572011596,14.598592544507198,77600.23953808105,0.0024513565955427263,0.1674933637790341,0.7943282347242815,0.7
0.06494451978851111,1.783602357642818e-05,1.1583519861076906e-06,1.931878629555677e-11,1424.0977263364705,92.48734296883258,0.0,0.0,0.00011102880597014782,0.00015836181640187398,1.4263128835633208,False,True,183.6939190699265,1806234.3036383614,1434856.779167367,14.449840066259524,78345.27509859459,0.0024256066576131665,0.16464450813722348,0.7943282347242815,0.7
0.07071100549178157,1.6141926369241367e-05,1.14141184414336e-06,1.712190313751454e-11,1288.8343942036229,91.13477592652936,0.0,0.0,0.00010797807364269654,0.0001414205565153616,1.3097154981976016,False,True,184.8005089438417,1806234.3036383614,1442427.1438205028,14.302279734762886,79098.77539813623,0.0024002434040363515,0.16181256640981415,0.7943282347242815,0.7
0.09375307852600455,1.1700999816995444e-05,1.0970047546755388e-06,1.1632701059071184e-11,934.2534878272264,87.5891406074596,0.0,0.0,0.00010499538770375748,9.701067274227146e-05,0.9239517550617105,False,True,185.90709881775695,1806234.3036383614,1450002.4608760783,14.155893652613875,79860.88923060265,0.002375259531492172,0.1589977972619425,0.7943282347242815,0.7
0.10045806422750576,1.0833696142556187e-05,1.0883321429101908e-06,1.0606250337649361e-11,865.0045778602911,86.89668543977562,0.0,0.0,0.0001020793597786369,8.833753827465425e-05,0.865380998335194,False,True,187.01368869167214,1806234.3036383614,1457582.6418088225,14.010664260681217,80631.768796198,0.00235064789733332,0.15620046126832066,0.7943282347242815,0.7
0.17368567290476866,5.9870698451631746e-06,1.0398682547850151e-06,5.144453283963368e-12,478.03102061283334,83.0271394844933,0.0,0.0,9.922863532432343e-05,3.98708676773671e-05,0.4018080823852039,False,True,188.1202785655874,1806234.3036383614,1465167.5998101914,13.866574330647158,81411.56978730737,0.00232640151572747,0.15342082088449804,0.7943282347242815,0.7
0.1340093615710244,7.902601910909527e-06,1.059022636830943e-06,7.247534005397464e-12,630.974575989108,84.55650009584816,0.0,0.0,9.644189270355991e-05,5.9026321366318506e-05,0.612040262915119,False,True,189.2268684395026,1806234.3036383614,1472757.249747048,13.723606957729151,82200.45147690302,0.002302513553892391,0.15065914041236686,0.7943282347242815,0.7
0.12116397237476964,8.815771417060812e-06,1.06815388443904e-06,8.275684240905371e-12,703.8855929485433,85.28557453901564,0.0,0.0,9.371784228172025e-05,6.815809276201364e-05,0.727269120826824,False,True,190.3334583134178,1806234.3036383614,1480351.508121482,13.581745553576967,82998.57680959304,0.0022789773284221343,0.1479156859595971,0.7943282347242815,0.7
0.09154703592070282,1.201753798083796e-05,1.100169981210183e-06,1.2011032718572155e-11,959.5271300992962,87.84186464608915,0.0,0.0,9.105522554599523e-05,0.00010017609192025389,1.1001685111377972,False,True,191.44004818733305,1806234.3036383614,1487950.2930317377,13.440973839341028,83806.11249534058,0.00225578630170247,0.14519072539297695,0.7943282347242815,0.7
0.13315128746970417,7.957664193988964e-06,1.0595732326811963e-06,7.309061620744143e-12,635.3709635473725,84.60046181719912,0.0,0.0,8.845281424627374e-05,5.957694856365982e-05,0.6735449750392721,False,True,192.54663806124825,1806234.3036383614,1495553.5241341833,13.301275838908216,84623.22910593661,0.0022329340784138173,0.1424845282854354,0.7943282347242815,0.7
0.1241313703383757,8.586563708775351e-06,1.0658619196680499e-06,8.016064061427288e-12,685.5847550499266,85.10257512744703,0.0,0.0,8.590940955705582e-05,6.586599573523875e-05,0.7666912864939963,False,True,193.65322793516344,1806234.3036383614,1503161.1226063753,13.162635872299873,85450.1011743348,0.002210414402119616,0.13979736585643904,0.7943282347242815,0.7
0.12505700311806708,8.517485158406029e-06,1.0651711680128728e-06,7.93802380356147e-12,680.0692540136091,85.04742281968147,0.0,0.0,8.342384125994038e-05,6.517520432388049e-05,0.7812539357999716,False,True,194.7598178090787,1806234.3036383614,1510773.0111110825,13.025038549229341,86286.90729687651,0.0021882211519385912,0.1371295109057332,0.7943282347242815,0.7
0.14887713196537974,7.056575970471596e-06,1.0505627919796274e-06,6.309716235968897e-12,563.424563339898,83.88103306889045,0.0,0.0,8.099496694602634e-05,5.056599868220271e-05,0.6243103811116933,False,True,195.8664076829939,1806234.3036383614,1518389.1137612872,12.888468762814473,87133.83023852725,0.0021663483392989876,0.13448123774007745,0.7943282347242815,0.7
0.17057984213975402,6.102867499020086e-06,1.0410261745826817e-06,5.2695253899381676e-12,487.27675719005254,83.11959231985041,0.0,0.0,7.862167123771739e-05,4.102885121591042e-05,0.5218516799503944,False,True,196.97299755690915,1806234.3036383614,1526009.3560861747,12.752911683440953,87991.05704118074,0.002144790104772828,0.1318528220928475,0.7943282347242815,0.7
0.1772545534123395,5.8593180211710405e-06,1.0385907991435457e-06,5.006777606135976e-12,467.830816441598,82.92514244088564,0.0,0.0,7.630286502937594e-05,3.8593341870412636e-05,0.5057915172065234,False,True,198.07958743082435,1806234.3036383614,1533633.6649979928,12.618352752773195,88858.77913512195,0.0021235407149887008,0.12924454103625702,0.7943282347242815,0.7
0.12880684154889455,8.248653321477312e-06,1.062482981371291e-06,7.635215177733884e-12,658.604671053369,84.83278750773312,0.0,0.0,7.403748474629434e-05,6.248686341804536e-05,0.8439895497823878,False,True,199.18617730473954,1806234.3036383614,1541261.9687598408,12.48477767790893,89737.19245372535,0.002102594559621043,0.12665667288600135,0.7943282347242815,0.7
0.10664573830704939,1.0140080033774851e-05,1.0813963216944893e-06,9.796076912163429e-12,809.6235609406183,86.34290240729464,0.0,0.0,7.182449162142232e-05,8.14013044473327e-05,1.1333363120255489,False,True,200.2927671786548,1806234.3036383614,1548894.1969542888,12.35217242567396,90626.49755149845,0.0020819461484543715,0.12408949709802532,0.7943282347242815,0.7
0.14691232855247752,7.1578432199280725e-06,1.0515754148531966e-06,6.421224081394266e-12,571.5101357257693,83.96188483081522,0.0,0.0,6.966287098937566e-05,5.15786783740943e-05,0.7404041441524941,False,True,201.39935705257,1806234.3036383614,1556530.2804528729,12.220523217053248,91526.89972553389,0.002061590108520561,0.12154329415725929,0.7943282347242815,0.7
0.14330145387612278,7.3517344271267635e-06,1.0535142319184099e-06,6.635289001860248e-12,586.9911663571262,84.11668755141723,0.0,0.0,6.755163159727374e-05,5.3517604512580905e-05,0.792247400205516,False,True,202.50594692648525,1806234.3036383614,1564170.151386367,12.089816521755674,92438.60914042898,0.0020415211813076513,0.11901834545816979,0.7943282347242815,0.7
0.12790176612268153,8.311974021743014e-06,1.0631161573467796e-06,7.70640994570439e-12,663.6604428677543,84.88334274854677,0.0,0.0,6.548980493172053e-05,6.312007566389838e-05,0.9638152950632115,False,True,203.61253680040045,1806234.3036383614,1571813.7431158742,11.960039052907959,93361.84095687918,0.0020217342200383216,0.1165149331765608,0.7943282347242815,0.7
0.12389879994233143,8.604096570687078e-06,1.0660372396960581e-06,8.035886532662804e-12,686.9846471658834,85.11657336265893,0.0,0.0,6.347644456172351e-05,6.604132586137632e-05,1.0404068204727308,False,True,204.71912667431565,1806234.3036383614,1579460.990204669,11.83117776187564,94296.81546387202,0.0020022241870165177,0.11403334013285234,0.7943282347242815,0.7
0.166728149842014,6.252848815540994e-06,1.0425259142569787e-06,5.4319136287099185e-12,499.25185079402434,83.23933738808891,0.0,0.0,6.151062549687039e-05,4.252867364680974e-05,0.6914036933175645,False,True,205.8257165482309,1806234.3036383614,1587111.8283907867,11.7032198332073,95243.75821470289,0.0019829861510405325,0.11157384964623131,0.7943282347242815,0.7
0.17120340591190392,6.079260581475803e-06,1.040790116974639e-06,5.244006203968408e-12,485.39188876876074,83.10074455922387,0.0,0.0,5.959144356038814e-05,4.079278060254637e-05,0.6845409032793143,False,True,206.9323064221461,1806234.3036383614,1594766.1945603366,11.576152679698925,96202.90016686,0.0019640152848809564,0.10913674537956669,0.7943282347242815,0.7
0.19841726471424992,5.201210955327508e-06,1.032010050957875e-06,4.302668427319832e-12,415.2849800819544,82.39970982477315,0.0,0.0,5.7718014776666305e-05,3.2012234816714444e-05,0.5546315988272009,False,True,208.03889629606135,1806234.3036383614,1602424.026721506,11.449963937575589,97174.47782585531,0.0019453068628219534,0.10672231117488959,0.7943282347242815,0.7
0.14972737912470166,7.01363655036164e-06,1.050133418818862e-06,6.2624958931088586e-12,559.9961124698503,83.84675024013235,0.0,0.0,5.588947477277854e-05,5.013660146024807e-05,0.8970669641123116,False,True,209.14548616997655,1806234.3036383614,1610085.2639792582,11.324641461787447,98158.73339311975,0.001926856258264242,0.10433083087913592,0.7943282347242815,0.7
0.09575088163891579,1.1428394336619834e-05,1.0942788334485412e-06,1.1308468476383282e-11,912.4876024477728,87.37149241895474,0.0,0.0,5.410497819355893e-05,9.428458641215276e-05,1.7426231293329884,False,True,210.25207604389175,1806234.3036383614,1617749.8465106925,11.200173321416921,99155.914918083,0.0019086589413883337,0.1019625881598541,0.7943282347242815,0.7
0.11908091712894354,8.984120353690698e-06,1.069837291314297e-06,8.467033188587913e-12,717.3272290205334,85.41998431332885,0.0,0.0,5.236369812995564e-05,6.984159711141013e-05,1.3337789271124059,False,True,211.358665917807,1806234.3036383614,1625417.7155410212,11.07654779519464,100166.27645443828,0.0018907104768765464,0.09961786631087408,0.7943282347242815,0.7
0.1893446179814313,5.464327970960387e-06,1.034641092186744e-06,4.583148592218426e-12,436.2932694081932,82.60978242396403,0.0,0.0,5.066482556010774e-05,3.464341900454193e-05,0.6837765376975723,False,True,212.4652557917222,1806234.3036383614,1633088.8133201888,10.953753367121223,101190.07822081153,0.0018730065216922811,0.09729694804740144,0.7943282347242815,0.7
0.15575440826818893,6.723619594547554e-06,1.0472333913691548e-06,5.9445211586339005e-12,536.8400269441677,83.61520073136744,0.0,0.0,4.900756880289002e-05,4.723641198178432e-05,0.9638595248780989,False,True,213.57184566563745,1806234.3036383614,1640763.0831000991,10.831778722191908,102227.58676584066,0.001855542822915145,0.09500011529053048,0.7943282347242815,0.7
0.12302978619414626,8.670247680481515e-06,1.0666987183799333e-06,8.110731094053003e-12,692.2664099225436,85.16938840215975,0.0,0.0,4.739115298352234e-05,6.670284267295527e-05,1.4074956711044255,False,True,214.67843553955265,1806234.3036383614,1648440.4691124137,10.710612742222073,103279.07513779133,0.0018383152156305664,0.09272764894087535,0.7943282347242815,0.7
0.10934470869392804,9.864598419248488e-06,1.078641640535309e-06,9.476945576617134e-12,787.6280337866305,86.12295791357042,0.0,0.0,4.5814819510906034e-05,7.864646074718787e-05,1.7166161863513703,False,True,215.78502541346785,1806234.3036383614,1656120.9165469352,10.590244501770439,104344.82305879396,0.0018213196208724698,0.09047982864112797,0.7943282347242815,0.7
0.12993132849331135,8.17131352053443e-06,1.0617096212583954e-06,7.548365703243179e-12,652.4295595322319,84.77103941832885,0.0,0.0,4.427782556633584e-05,6.171345905897956e-05,1.3937779976688813,False,True,216.8916152873831,1806234.3036383614,1663804.3715305212,10.470663264158176,105425.11710381381,0.0018045520436177525,0.08825693252729841,0.7943282347242815,0.7
0.13587899999257558,7.78522768128972e-06,1.057848952048165e-06,7.116578240862915e-12,621.6029594504885,84.46278852255787,0.0,0.0,4.277944360331445e-05,5.7852569863313663e-05,1.3523450748861863,False,True,217.9982051612983,1806234.3036383614,1671490.781106569,10.351858477580707,106520.2508843995,0.0017880085708311113,0.08605923696854112,0.7943282347242815,0.7
0.15130065082758004,6.935545489990172e-06,1.0493525464798006e-06,6.176712973790482e-12,553.7610174641909,83.78440234527501,0.0,0.0,4.1318960858108336e-05,4.935568540996331e-05,1.1945045176584557,False,True,219.1047950352135,1806234.3036383614,1679180.0932149899,10.233819771310467,107630.52523735678,0.0017716853695591134,0.08388701629526553,0.7943282347242815,0.7
0.14660753993547723,7.17381321185849e-06,1.0517351069471979e-06,6.4388275658914726e-12,572.7852422034135,83.97463527078895,0.0,0.0,3.989567887079632e-05,5.173837943778887e-05,1.2968416856709117,False,True,220.21138490912875,1806234.3036383614,1686872.256672716,10.11653695198813,108756.24841839363,0.0017555786850720863,0.08174054251545272,0.7943282347242815,0.7
0.14019157909392985,7.52734399888749e-06,1.0552702415872537e-06,6.8298125426226344e-12,601.0125198721485,84.25689421609837,0.0,0.0,3.8508913016542854e-05,5.5273713294828325e-05,1.435348571669202,False,True,221.31797478304395,1806234.3036383614,1694567.22115468,10.000000000000004,109897.73630081641,0.0017396848390527498,0.07962008501903471,0.7943282347242815,0.7
