qber,gain,error_gain,double_click_gain,detection_rate_hz,error_rate_hz,rate_bits_per_pulse,rate_bits_per_second,eta_total_baseline,eta_total_faded,fading_factor,clipped,visible,time_s,cumulative_rate_integral_bits,distance_m,elevation_deg,atmospheric_path_m,eta_atmospheric,eta_geometric,eta_pointing,eta_optical
0.05553867555609826,2.1519948335213287e-05,1.1951894285734076e-06,2.4292198367093628e-11,1718.236655369615,95.42858813116847,0.0,0.0,0.00013683884437205084,0.0001952017889262287,1.4265086044975284,False,True,-600.0,0.0,1376988.7495634288,15.622191219496473,72838.9658136357,0.18690044777645629,0.002633485986027121,0.7943282347242815,0.7
0.08246486320981646,1.352371094028347e-05,1.1152309727795747e-06,1.3838414758283639e-11,1079.7858569295602,89.04439298759063,0.0,0.0,0.00014359428723818209,0.00011523801386486066,0.8025250591878601,False,True,-598.0,0.0,1363395.4984431977,15.909696815477618,71606.7381719779,0.192279338025158,0.0026861885874596763,0.7943282347242815,0.7
0.08504563998539312,1.3058641267523462e-05,1.110580503936198e-06,1.3269369983900312e-11,1042.652879350361,88.67308140696434,0.0,0.0,0.00015062700220885053,0.00011058725532320968,0.7341794877513124,False,True,-596.0,0.0,1349821.8289499904,16.201710580593144,70398.0609764858,0.19770579091632998,0.0027404090825233138,0.7943282347242815,0.7
0.06142712351249758,1.9055920021585513e-05,1.1705503528102088e-06,2.093592525269411e-11,1521.4990190893252,93.46130816974389,0.0,0.0,0.0001579480312019187,0.0001705610058793539,1.0798552193494007,False,True,-594.0,0.0,1336268.405540414,16.498363084013082,69212.24548017335,0.2031784043048736,0.0027962025492290665,0.7943282347242815,0.7
0.05765056631373978,2.056618605772675e-05,1.1856522731416865e-06,2.2978810229767822e-11,1642.0845531359582,94.66710442333232,0.0,0.0,0.00016556893480095656,0.00018566396544630222,1.121369571348052,False,True,-592.0,0.0,1322735.918209681,16.79978965888615,68048.62998489056,0.20869579575584862,0.002853626374075072,0.7943282347242815,0.7
0.06842638750320115,1.677311079889876e-05,1.1477233791595743e-06,1.793377285272051e-11,1339.2306222262189,91.63871351260444,0.0,0.0,0.0001735018179598209,0.00014773250469094014,0.8514752550036775,False,True,-590.0,0.0,1309225.083704599,17.10613060307463,66906.57873706505,0.21425660184529433,0.0029127403542014855,0.7943282347242815,0.7
0.09189076195245859,1.1967096199290732e-05,1.0996655881111965e-06,1.1950610981391695e-11,955.4996614145888,87.80159193270275,0.0,0.0,0.0001817593568412257,9.967166805557065e-05,0.5483715930104108,False,True,-588.0,0.0,1295736.6468023162,17.41753138881406,65785.4808821512,0.21985947732404823,0.002973606803553577,0.7943282347242815,0.7
0.07078346218995439,1.612268460155886e-05,1.1412194358950013e-06,1.7097277052315328e-11,1287.2980563820263,91.11941330111894,0.0,0.0,0.00019035482681978278,0.0001412281357343457,0.7419204340326633,False,True,-586.0,0.0,1282271.3816587059,17.73414288165003,64684.74947509981,0.2255030941484929,0.003036290663086978,0.7943282347242815,0.7
0.06036764671029415,1.945675488517658e-05,1.1745585050371296e-06,2.1473718153602385e-11,1553.50323883205,93.7813346851109,0.0,0.0,0.0001993021316765173,0.00017456943170286493,0.8759034849973635,False,True,-584.0,0.0,1268830.0932304952,18.05612156900508,63603.82054421575,0.23118614038191102,0.003100859615024951,0.7943282347242815,0.7
0.06083255375760109,1.9278807986953844e-05,1.172779123248839e-06,2.123457734507652e-11,1539.2952640510268,93.63926189920485,0.0,0.0,0.0002086158340068776,0.0001727899282556038,0.8282685208348437,False,True,-582.0,0.0,1255413.6187754879,18.38362979873127,62542.152205957565,0.23690731896926118,0.0031673842011485237,0.7943282347242815,0.7
0.06699328819251582,1.7194867950052665e-05,1.151940744010132e-06,1.848066038817191e-11,1372.9053590559124,91.97544438028214,0.0,0.0,0.00021831118685813018,0.00015195014783488562,0.6960254763931571,False,True,-580.0,0.0,1242022.8294354985,18.716836028000298,61499.22382838554,0.24266534638744314,0.0032359379450653614,0.7943282347242815,0.7
0.053408433253455366,2.257601471187062e-05,1.2057495748679684e-06,2.5767478967414833e-11,1802.557116116577,96.2717514216532,0.0,0.0,0.00022840416660451743,0.0002057626855392564,0.9008709805873865,False,True,-578.0,0.0,1228658.6319068773,19.055915082879554,60474.53524110597,0.24845895117241773,0.0033065974783617856,0.7943282347242815,0.7
0.04118543587978687,3.142444748260229e-05,1.2942295668524465e-06,3.899603159702439e-11,2509.050519001143,103.33633926946753,3.1406834682833897e-06,251.00955094807344,0.00023891150705947147,0.00029424940240895496,1.231625073361194,False,True,-576.0,251.00955094807344,1215321.97020379,19.40104842893226,59467.605989679214,0.2542868723239378,0.0033794426704930884,0.7943282347242815,0.7
0.032762517581194216,4.305232893938701e-05,1.4105026837880233e-06,5.873717207824611e-11,3437.4659516092024,112.620038674353,9.043484831958255e-06,722.7729535941661,0.00024985073481304497,0.0004105325471749996,1.6431112259172962,False,True,-574.0,1224.792055490313,1202013.8275197216,19.752424453167443,58477.97463260076,0.26014785758790954,0.003454556762209154,0.7943282347242815,0.7
0.04050605053605678,3.2124274755066185e-05,1.3012274966628839e-06,4.010844085126302e-11,2564.9274594679187,103.89508129452723,3.4826953449839996e-06,278.3438074742334,0.0002612402057694738,0.0003012478975063048,1.1531452312977235,False,True,-572.0,2225.9088165587127,1188735.2281929748,20.110238757646723,57505.1980790804,0.266040661615782,0.003532026502244143,0.7943282347242815,0.7
0.036484564043190115,3.700201964545399e-05,1.3500025554819449e-06,4.813120465601749e-11,2954.385646618492,107.78947233233401,5.920011820029316e-06,473.1388958993186,0.0002730991428437414,0.00035002703237069807,1.2816848442873816,False,True,-570.0,2977.3915199322646,1175487.2397822558,20.474694465030527,56548.85096599355,0.27196404399952323,0.0036119422869190965,0.7943282347242815,0.7
0.03456037828899675,3.990088943492269e-05,1.3789898329383622e-06,5.3122367712174535e-11,3185.8427232722665,110.10392968553712,7.404957126810964e-06,591.818622271565,0.00028544767475731966,0.0003790168449658666,1.3277979765927226,False,True,-568.0,4042.349038103148,1162270.9752587914,20.846002536313282,55608.52507246091,0.27791676718026986,0.0036943983022128587,0.7943282347242815,0.7
0.043049890144379224,2.9651716129193182e-05,1.2765031219540841e-06,3.6221585006259026e-11,2367.508729768946,101.92099073241194,2.284668093765307e-06,182.59513194268678,0.0002983068758510599,0.0002765215475001758,0.9269700764062804,False,True,-566.0,4816.7627923173995,1149087.5953217307,21.224382100959367,54683.828770615946,0.28389759422814204,0.003779492667748313,0.7943282347242815,0.7
0.031555494107786554,4.5463036396032437e-05,1.4346085771170871e-06,6.316499602325057e-11,3629.9462425866286,114.54474726952431,1.0311219228443974e-05,824.0927601893954,0.00031169880680647174,0.0004346406887119434,1.394425256756931,False,True,-564.0,5823.450684449482,1135938.310843989,21.61006079959795,53774.38651129842,0.28990528648960784,0.0038673275820146117,0.7943282347242815,0.7
0.03395039015577787,4.091709714441052e-05,1.3891514120946016e-06,5.49114250400556e-11,3266.980712486397,110.91526982031434,7.930779644104937e-06,633.8433838488551,0.00032564655613673445,0.00038917933271664495,1.1950973390709956,False,True,-562.0,7281.386828487732,1122824.3854559967,22.003275139377504,52879.83834338184,0.29593860109897746,0.0039580094680003956,0.7943282347242815,0.7
0.02795203761030981,5.458844076800289e-05,1.5258581494353861e-06,8.096818408372914e-11,4358.554138978884,121.83046921930926,1.5196394460395796e-05,1214.5254967762182,0.0003401742822716814,0.0005258992977115983,1.545970183870593,False,True,-560.0,9129.755709112806,1109747.1382752429,22.404270862002203,51999.83946570501,0.30199628834891973,0.004051649118244098,0.7943282347242815,0.7
0.026617653982829635,5.897171736709438e-05,1.5696887676505433e-06,9.01059763870183e-11,4708.532048120004,125.3300768239224,1.758008738146629e-05,1405.034886136311,0.00035530725602019123,0.000569734552671826,1.6034982202543293,False,True,-558.0,11749.316092025336,1096707.9467898258,22.813303324385508,51134.059810509825,0.30807708891531627,0.0041483618381133675,0.7943282347242815,0.7
0.03426502321664739,4.0386555243105416e-05,1.3838462530454196e-06,5.3974842624225444e-11,3224.6201766787776,110.49168521876794,7.655940660964757e-06,611.8777160451053,0.0003710719031438564,0.0003838736980198543,1.0344994993356715,False,True,-556.0,13766.228694206751,1083708.249904618,23.230637891747538,50282.18365749672,0.3141797309303736,0.004248267585902031,0.7943282347242815,0.7
0.029306125017277643,5.0759829684920945e-05,1.487573914602014e-06,7.329798269542708e-11,4052.862889184322,118.7737065083208,1.3132317530616711e-05,1049.5604410810936,0.00038749584671975005,0.00048761117008672004,1.258364894009759,False,True,-554.0,15427.66685133295,1070749.5511590089,23.656550342854935,49443.90927763516,0.32030292689770007,0.004351491108076626,0.7943282347242815,0.7
0.024507684437231822,6.754816013792653e-05,1.655448992975905e-06,1.090857065817241e-10,5393.3087079882025,132.17750788794933,2.2293767978124333e-05,1781.761436846776,0.0004046079489047545,0.0006555044061763529,1.620097696920581,False,True,-552.0,18258.98872926082,1057833.422125551,24.09132728695214,48618.94860596203,0.32644537044238303,0.004458162067710801,0.7943282347242815,0.7
0.037031663630485157,3.625314147778582e-05,1.342514140753754e-06,4.686886043481341e-11,2894.592291260479,107.1915680773534,5.540399813840585e-06,442.79956365836165,0.000422438351638815,0.0003425379763880148,0.8108590876258435,False,True,-550.0,20483.549729765957,1044961.5059991488,24.535266591754823,47807.02694266575,0.3326057328886331,0.004568415163810387,0.7943282347242815,0.7
0.028361942206137563,5.336986293985515e-05,1.5136729682496547e-06,7.849540764255211e-11,4261.258129753898,120.8575568015139,1.4537454008660461e-05,1161.8616901360633,0.0004410185157376942,0.000513712861616635,1.164832865933859,False,True,-548.0,22088.21098356038,1032135.5213867748,24.988677821668475,47007.882681857154,0.33878265965680743,0.004682390238849092,0.7943282347242815,0.7
0.03943828057082194,3.328945030674169e-05,1.312878681245713e-06,4.1982057966697094e-11,2657.959622540234,104.82535733965771,4.05679125898992e-06,324.22667310873584,0.0004603812577267828,0.00031290003412789177,0.6796541537613701,False,True,-546.0,23574.29934680518,1019357.2663079244,25.451882685154125,46221.26706747531,0.3449747664712765,0.004800232371399629,0.7943282347242815,0.7
0.024640868989750927,6.693371092636093e-05,1.6493048019343199e-06,1.0767748814227803e-10,5344.248685086223,131.68693169785828,2.1954228102308255e-05,1754.6247474547242,0.0004805607836542198,0.0006493595008715153,1.3512536248458262,False,True,-544.0,25653.15076736864,1006628.6224162966,25.925215489878948,45446.94397582043,0.35118063537030525,0.004922091950250534,0.7943282347242815,0.7
0.028297728246297133,5.3557153865697854e-05,1.5155457857366399e-06,7.887355193157671e-11,4276.212168164598,121.00708985823084,1.4638615744525369e-05,1169.9467334551398,0.0005015927189916436,0.0005155858710127157,1.0278974384819672,False,True,-542.0,28577.722248278504,993951.5594533171,26.409023603965746,44684.68972431128,0.3573988105083658,0.005048124725839447,0.7943282347242815,0.7
0.022252686198915763,7.997930287099104e-05,1.779754329196206e-06,1.3918155088499724e-10,6385.859655572592,142.10253102577317,2.9209698625909928e-05,2334.4961087166257,0.0005235141335837738,0.0007798250038597869,1.489596849126897,False,True,-540.0,32082.165090450268,981328.1399442151,26.903667921275662,43934.29290609356,0.36362779374114196,0.005178491834201464,0.7943282347242815,0.7
0.025413625957847685,6.357811844922511e-05,1.6157505213723422e-06,1.0011891097338939e-10,5076.325086716666,129.00782699425608,2.0104633155649196e-05,1606.8015103519826,0.0005463635604412667,0.0006158013862346596,1.1270908801774995,False,True,-538.0,36023.46270951888,968760.5241473698,27.409523328226157,43195.5542501396,0.36986603998352013,0.005313359787919014,0.7943282347242815,0.7
0.02563845634159543,6.266409953359555e-05,1.6066107800774802e-06,9.809869327140711e-11,5003.346249589717,128.2780743819912,1.9602291265710677e-05,1566.6533663287987,0.0005701810069813062,0.0006066606201030683,1.063979004342665,False,True,-536.0,39196.917586199655,956250.9752674842,27.92697916914615,42468.28650660472,0.3761119523300233,0.005452900427760324,0.7943282347242815,0.7
0.027109732896694622,5.727572902035652e-05,1.5527297152053262e-06,8.65252347412949e-11,4573.117720025344,123.97599989502818,1.6655432085864093e-05,1331.1346307063284,0.0005950079571082374,0.0005527736833755714,0.9290189765899496,False,True,-534.0,42094.70558323478,943801.864942887,28.45643970659861,41752.31435715523,0.3823638769277914,0.005597290827798526,0.7943282347242815,0.7
0.02135857586853928,8.62747431684892e-05,1.8427056475029173e-06,1.5559010412428816e-10,6888.512176496737,147.1288099430622,3.273917258019466e-05,2616.578553921509,0.0006208873622869318,0.0008427846404821394,1.3573873325072798,False,True,-532.0,46042.41876786262,931415.6790167952,28.998324572450237,41047.4743500381,0.38862009759210264,0.005746713145805549,0.7943282347242815,0.7
0.020950882695598944,8.948654362680117e-05,1.8748220783597087e-06,1.642637395860161e-10,7144.954858943813,149.6931111150815,3.454530953204801e-05,2760.9285432832908,0.0006478636194938119,0.0008749054678642634,1.350446979177259,False,True,-530.0,51419.92586506742,919095.023601682,29.55306920472337,40353.61485968724,0.39487883015464076,0.005901354409606762,0.7943282347242815,0.7
0.029498569201900773,5.025886017983912e-05,1.4825644650236394e-06,7.231582001892121e-11,4012.8635288956425,118.37373250491184,1.2863657997416384e-05,1028.088646974,0.0006759825336321822,0.00048260122198670504,0.7139255793986233,False,True,-528.0,55208.94305532471,906842.6314449962,30.121125264423796,39670.59607066994,0.40113821653516707,0.006061406228856729,0.7943282347242815,0.7
0.02639527916646386,5.977154717032797e-05,1.5776866737722698e-06,9.181442214791808e-11,4772.393580897211,125.96866086002201,1.8017108173904073e-05,1439.9624405914358,0.0007052912616690025,0.0005777333256043676,0.819141476724408,False,True,-526.0,57676.994142890144,894661.3686031917,30.702961025583924,38998.289985720476,0.40739631852846253,0.006227064420349437,0.7943282347242815,0.7
0.0229337077963253,7.576816944660994e-05,1.7376450583510145e-06,1.286436484214056e-10,6049.6263292785925,138.74036251263124,2.6857961077835246e-05,2146.5406551183055,0.0007358382353854204,0.0007377103899935853,1.0025442475236208,False,True,-524.0,61263.497238599884,882554.2414294648,31.29906173068524,38336.58045764241,0.4136511112989406,0.006398528533502724,0.7943282347242815,0.7
0.022667257236047886,7.736186016720688e-05,1.7535811846692447e-06,1.3259038415277532e-10,6176.872815691913,140.01276502763997,2.7747014584704833e-05,2217.595546125873,0.00076767305923574,0.0007536485175025266,0.9817311008058879,False,True,-522.0,65627.63343984407,870524.4038785415,31.90992990241707,37685.36324477191,0.41990047657720275,0.0065760012610576795,0.7943282347242815,0.7
0.020690454626076868,9.166640786335415e-05,1.8966196526321846e-06,1.7026694842010174e-10,7319.003726377467,151.43351450870048,3.5773009901485107e-05,2859.0487523216193,0.000800846379376401,0.0008967060848528577,1.1196979944531937,False,True,-520.0,70704.27773829157,858575.1651293297,32.536085601374076,37044.54608965443,0.42614219555445865,0.0067596877183113925,0.7943282347242815,0.7
0.02714958472093478,5.714263675550017e-05,1.5513988577710537e-06,8.624664715889047e-11,4562.491114214765,123.86973904388589,1.658299072943255e-05,1325.3449761513311,0.0008354097194603185,0.0005514426845816545,0.6600865081362602,False,True,-518.0,74888.67146676451,846709.9975231519,33.178066617790876,36414.04882050528,0.43237394147304636,0.006949794572364523,0.7943282347242815,0.7
0.022515153642872727,7.830204488759093e-05,1.7629825711952266e-06,1.349423160136262e-10,6251.940832780919,140.76340841621203,2.8272059788929565e-05,2259.5581833259607,0.0008714152782958075,0.0007630510965274521,0.8756457633147322,False,True,-516.0,78473.57462624181,834932.5448114804,33.83642858373722,35793.803474882225,0.4385932719145021,0.007146529000929088,0.7943282347242815,0.7
0.020890701801656444,8.998101478279138e-05,1.879766547637735e-06,1.6561723044765772e-10,7184.4353656816065,150.087896837729,3.482366838005432e-05,2783.1755255551707,0.0009089156839461359,0.0008798506231716401,0.9680222695153556,False,True,-514.0,83516.30833512294,823246.6307025263,34.5117449903556,35183.7544448922,0.44479762078986557,0.007350097458230299,0.7943282347242815,0.7
0.019065094410205766,0.00010810119310235202,2.0609594523522257e-06,2.1855643498823859e-10,8631.221115606331,164.55504544439623,4.506877638178983e-05,3601.98454750851,0.0009479636983051898,0.00106107035457446,1.1193153877848774,False,True,-512.0,89901.46840818663,811656.267690615,35.204607092695404,34583.85864304409,0.450984290041573,0.007560704223483962,0.7943282347242815,0.7
0.018259098606214018,0.00011865003669656549,2.166442719673501e-06,2.5237000600380115e-10,9473.481954387238,172.97724114934567,5.1064009104889556e-05,4081.1352447537097,0.0009886118656356408,0.001166570751689968,1.1800088510367073,False,True,-510.0,97584.58820044885,800165.6661457868,35.91562368249589,33994.08568765057,0.45715044107144126,0.007778549705387747,0.7943282347242815,0.7
0.020598074040153184,9.246540256218175e-05,1.9046092081283895e-06,1.7249089564503265e-10,7382.798581159956,152.07143179827062,3.622335939752352e-05,2895.041562775733,0.0010309120980129978,0.0009046967675105664,0.8775692605162927,False,True,-508.0,104560.76500797829,788779.243633482,36.6454207068839,33414.41810645438,0.4632930859151013,0.008003828474095503,0.7943282347242815,0.7
0.02036848660861841,9.451274967481807e-05,1.9250816760952357e-06,1.782472464233643e-10,7546.266764280108,153.70603353330156,3.7378165361388286e-05,2987.335908687735,0.0010749151901050468,0.0009251721528617964,0.8606931610775576,False,True,-506.0,110443.14247944175,777501.634425253,37.3946407083947,32844.85155676339,0.469409078191387,0.008236726990336563,0.7943282347242815,0.7
0.016515224113658755,0.00015040569237306548,2.4839837175111916e-06,3.6746275004525923e-10,12008.977428108954,198.3309536010887,6.919797212156588e-05,5530.436952388954,0.0011206702552513938,0.0014841700344349464,1.3243592640031394,False,True,-504.0,118960.91534051845,766337.6991511338,38.163942059018986,32285.395060088376,0.475495103862981,0.008477420999807776,0.7943282347242815,0.7
0.013610653076265836,0.0002713823531716673,3.6936910600402147e-06,9.888934024696192e-10,21668.226130311465,294.9187086377475,0.00013878578817978434,11092.030992866277,0.001168224074431097,0.0026941918302611978,2.30622865016133,False,True,-502.0,135583.38328577369,755292.534532373,38.95399795813969,31736.071248812095,0.48154767185495073,0.00872607255984662,0.7943282347242815,0.7
0.015924986176121515,0.00016538763540991015,2.6337958076042443e-06,4.28695830956888e-10,13205.194226289801,210.29253550666473,7.778382961490962e-05,6216.635436149654,0.0012176203494565123,0.0016340131245302296,1.3419725822253012,False,True,-500.0,152892.0497147896,744371.4831195557,39.76549516130297,31196.91662191508,0.48756310458938473,0.008982826664865216,0.7943282347242815,0.7
0.01870719929565923,0.00011254426493216342,2.1053879936694535e-06,2.3252977050020892e-10,8985.97330931537,168.10239356283714,4.759164007607225e-05,3803.6167366164277,0.0012688988516599132,0.0011055059751315722,0.8712325444107714,False,True,-498.0,162912.3018875557,733580.1429456221,40.59913240382127,30667.981806222087,0.49353752850741256,0.00924780743729985,0.7943282347242815,0.7
0.018878214603931576,0.00011037651714887962,2.083711577971083e-06,2.256634267633515e-10,8812.891866794447,166.37166394258873,4.636030934687288e-05,3705.20638214227,0.0013220944575095,0.0010838260808492314,0.8197796115800171,False,True,-496.0,170421.1250063144,722924.3769856994,41.455618480305404,30149.331818985047,0.49946686466483625,0.009521113852169038,0.7943282347242815,0.7
0.02666729071526176,5.879609930447939e-05,1.5679326730759516e-06,8.97325502455929e-11,4694.510016662042,125.189863380035,1.748421094596984e-05,1397.3722543354627,0.001377236063077185,0.0005679782686288076,0.41240444093495693,False,True,-494.0,175523.70364279213,712410.3222959896,42.3356699384831,29641.046326882133,0.5053468195044897,0.009802814966036941,0.7943282347242815,0.7
0.019082602079284375,0.00010789282794378093,2.0588759028598654e-06,2.1791072907575e-10,8614.58442821369,164.38868672200135,4.495055096519792e-05,3592.535741530745,0.0014343453701694444,0.001058986477936302,0.7383064776171725,False,True,-492.0,180513.61163865833,702044.3986820742,43.24000834319601,29143.219895685434,0.5111728759273656,0.010092944625602044,0.7943282347242815,0.7
0.017597028787443514,0.0001289895450094666,2.2698327368108244e-06,2.8765110332887823e-10,10299.028647389996,181.2323035908272,5.6956239101623844e-05,4552.0537631268535,0.001493435538322775,0.0012699786387628507,0.8503739238649156,False,True,-490.0,188658.20114331594,691833.3167229568,44.16935706445897,28655.962223970164,0.5169402848050585,0.010391495637672022,0.7943282347242815,0.7
0.016515523093511904,0.00015039879117880166,2.4839147089497734e-06,3.674355683023605e-10,12008.426409827442,198.32544368824338,6.919402080746769e-05,5530.121155656345,0.0015545096988717083,0.0014841010121111962,0.9547068205417979,False,True,-488.0,198740.37606209912,681784.0849509442,45.12443754209558,28179.398353218858,0.5226440570991715,0.010698413391390165,0.7943282347242815,0.7
0.015108785553051084,0.0001918081115924698,2.8979876253863177e-06,5.475117102353529e-10,15314.708149002661,231.3866412308451,9.295547447999224e-05,7429.18289697655,0.0016175593300379707,0.001898265081208732,1.1735366029289152,False,True,-486.0,211699.680114732,671904.0159593469,46.10596497898962,27713.668845615757,0.528278956777802,0.011013588935719746,0.7943282347242815,0.7
0.013610854639132707,0.0002713672062905887,3.6935395986487414e-06,9.887974512875864e-10,21667.01674421637,294.9066153691834,0.0001387770522270348,11091.332798476771,0.001682562495591818,0.0026940403203344386,1.6011531978114413,False,True,-484.0,230220.19581018534,662200.7311801852,47.1146434156908,27258.92991972978,0.5338394947449123,0.011336851530865435,0.7943282347242815,0.7
0.014609607697392337,0.00021257694777307822,3.1056658124737322e-06,6.50616952268862e-10,16972.97307877924,247.96847813936608,0.00010490160055485539,8383.940602393906,0.0017494819542324725,0.0021059954445499405,1.2037823193631492,False,True,-482.0,249695.469211056,652682.1640430717,48.151160141306235,26815.353533038433,0.5393199240264651,0.011667960711998483,0.7943282347242815,0.7
0.017136284177970522,0.00013731701010825993,2.353103307684393e-06,3.176058218765873e-10,10963.925958302432,187.88095092769828,6.17111017548538e-05,4932.071664153779,0.0018182631525348145,0.0013532643795206214,0.7442621149936713,False,True,-480.0,263011.4814776037,643356.5611949593,49.21617939968521,26383.12739907724,0.544714236484703,0.01200659792778906,0.7943282347242815,0.7
0.015996660537499128,0.00016341102114966435,2.6140306334172712e-06,4.2036260495621703e-10,13047.373630135151,208.71440686718972,7.665023638013486e-05,6126.036452937217,0.001888832121216142,0.0016142437318528886,0.854625307204932,False,True,-478.0,274069.5895946947,634232.4814292139,50.31033535624868,25962.454925804195,0.5500161613597555,0.01235235784518153,0.7943282347242815,0.7
0.018109771212947937,0.00012083463967025747,2.1882876790273657e-06,2.59648037479332e-10,9647.909181086703,174.7214279527801,5.2307769340653005e-05,4180.538989645165,0.0019610933026498723,0.001188419397634848,0.6059983969294218,False,True,-476.0,284376.1650372771,625318.7919428608,51.4342242998782,25553.55506057822,0.5552191659650785,0.012704739445748674,0.7943282347242815,0.7
0.01740591575735213,0.00013231795878215535,2.3031152437469877e-06,2.9945897998959244e-10,10564.782191933262,183.88970882756436,5.885581926843407e-05,4703.871916556213,0.002034927346990911,0.0013032671257554897,0.6404489711549937,False,True,-474.0,293260.5759434785,616624.6615141183,52.58839606649084,25156.66202615921,0.5603164588870777,0.013063137077776852,0.7943282347242815,0.7
0.014157849606084788,0.00023567110747017416,3.336596096062171e-06,7.752977814250297e-10,18816.900912545418,266.40685317241764,0.00011819999219321143,9446.774010212566,0.0021101889249098863,0.0023369888126951914,1.1074784750825049,False,True,-472.0,307411.2218702473,608159.5501703942,53.77334468672069,24772.02493121422,0.5653009960605996,0.013426831671564363,0.7943282347242815,0.7
0.012219080336797316,0.0004415271470415343,5.3950556805774295e-06,2.3534764802417333e-09,35253.250452565044,430.76229941312863,0.00023704937681010327,18945.44873003284,0.0021867046165677585,0.00439624647853175,2.010443680972366,False,True,-470.0,335803.4446104927,599933.1949018278,54.98949827987765,24399.907238242122,0.5701654901064134,0.013794982372428561,0.7943282347242815,0.7
0.013174152224837516,0.00030869636443231534,4.06681289628524e-06,1.2390626362256888e-09,24647.522405015305,324.7102121287649,0.00016031561899193617,12812.737080799425,0.002264270948784548,0.003067440199628724,1.3547142850882374,False,True,-468.0,367561.6304213249,591955.5909696496,56.23720824035327,24040.58607154002,0.5749024233242822,0.014166618895227039,0.7943282347242815,0.7
0.014616204715504831,0.0002122731862957311,3.1026283465109005e-06,6.490473901328475e-10,16948.719577017204,247.7259550033679,0.00010472677865420889,8369.968494978333,0.00234265266487875,0.0021029571843738477,0.8976820234179665,False,True,-466.0,388744.33599710267,584236.9683648869,57.51673779102125,23694.35134800915,0.5795040647323988,0.014540634953761549,0.7943282347242815,0.7
0.015575883819937686,0.0001757415348754958,2.7373297295582495e-06,4.73611170717684e-10,14031.889965083488,218.5590878702899,8.372540511817572e-05,6691.497743688737,0.0024215813237066547,0.00173756978228538,0.7175351764051949,False,True,-464.0,403805.80223576975,576787.7629940902,58.82825001088506,23361.5047143594,0.5839624915281268,0.014915783165470304,0.7943282347242815,0.7
0.01501511529604241,0.00019539027453513322,2.9338074998704047e-06,5.646853934833621e-10,15600.722017517368,234.24663979453064,9.501484688427131e-05,7593.771957814152,0.0025007543351432218,0.0019340936470168331,0.7734040964507874,False,True,-462.0,418091.0719372726,569618.582207986,60.1717954809085,23042.358275689367,0.588269615314077,0.015290671872747488,0.7943282347242815,0.7
0.012751453357390623,0.00035611217182493146,4.540947749024689e-06,1.5967508704369137e-09,28433.385504538917,362.5669890538347,0.00018769412811393924,15000.880951311125,0.0025798345475494737,0.0035417559382197273,1.3728616595137704,False,True,-460.0,440685.7248463979,562740.1643490714,61.54729973194074,22737.23310261812,0.5924172133848375,0.015663764352721175,0.7943282347242815,0.7
0.013129941571598441,0.00031305604092390443,4.1104075259667955e-06,1.2700912619077772e-09,24995.615989475453,328.19097748792444,0.0001628321359846399,13013.862029133366,0.00265845050741614,0.0031110505219560857,1.170249554497009,False,True,-458.0,468700.4678268424,556163.3320779634,62.95455072082211,22446.457507281593,0.5963969653000626,0.01603338090235837,0.7943282347242815,0.7
0.012610953004407982,0.00037527165257954,4.732533174567098e-06,1.7539177736386712e-09,29963.153216692244,377.86391707958177,0.00019876173379781785,15885.425592894866,0.002736197510996879,0.003733420836074677,1.3644558994991847,False,True,-456.0,497599.7554488706,549898.9393478141,64.39318660356254,22170.36508259207,0.6002004948781573,0.016397704279901625,0.7943282347242815,0.7
0.013610302949670168,0.00027140866821808124,3.693954197614603e-06,9.89060111607495e-10,21670.32722631002,294.939718568565,0.00013880096537181405,11093.243983667324,0.00281263956094548,0.00269445505216258,0.9579809263782195,False,True,-454.0,524578.4250254328,543957.8120325073,65.86268411586524,21909.292504251425,0.6038194176302445,0.016754788951346307,0.7943282347242815,0.7
0.013534034642115651,0.00027726515046892433,3.7525161514978304e-06,1.0265028849167114e-09,22137.931623782213,299.615533501056,0.00014217893562340763,11363.217957336148,0.00288731232643581,0.002753035945572423,0.9534943346329483,False,True,-452.0,547034.8869664363,538350.6823776237,67.3623479086893,21663.577101182454,0.6072453935153768,0.017102574526838235,0.7943282347242815,0.7
0.014594618543687704,0.0002132703696125069,3.112599691165824e-06,6.542067713202225e-10,17028.338584475674,248.5221060731815,0.00010530069125325896,8415.836709723877,0.0029597271819233376,0.0021129311397178182,0.7138938861063402,False,True,-450.0,566813.9416334963,533088.1176315926,68.89130121703762,21433.55420711123,0.6104701847381323,0.01743890367248914,0.7943282347242815,0.7
0.014059774111784195,0.0002413637325041748,3.3935195577858025e-06,8.076540411640733e-10,19271.422310382113,270.9518444967708,0.00012147992026479532,9708.912261553203,0.0030293763669813124,0.002393928644177051,0.7902381065191094,False,True,-448.0,584938.6906047734,528180.4434244317,70.44847826047553,21219.55431401784,0.6134857181296886,0.017761544645981953,0.7943282347242815,0.7
0.012813867921383856,0.0003482146019691778,4.461975917930295e-06,1.5340830348109945e-09,27802.81270747074,356.2615698765028,0.00018313274001925596,14636.325914514584,0.0030957392675620343,0.003462752417514352,1.1185542832363105,False,True,-446.0,609283.9287808412,523637.6626871755,72.0326187806582,21021.900056624872,0.6162841514613238,0.018068218429908526,0.7943282347242815,0.7
0.012821966708046252,0.00034721543126255947,4.4519847001684595e-06,1.5262425879443202e-09,27723.03501905158,355.46383206027974,0.00018255568168172825,14590.206286211882,0.0031582897684368947,0.003452757234973104,1.0932363678212933,False,True,-444.0,638510.4609815676,519469.37113836576,73.64226511117845,20840.90306606595,0.6188579428369577,0.018356630228845542,0.7943282347242815,0.7
0.01261849055519748,0.00037419160274901895,4.721733205122703e-06,1.7448646089212026e-09,29876.91782339484,377.001605372919,0.00019813777611079304,15835.55767706943,0.003216504569333265,0.0037226162889639402,1.1573483602218495,False,True,-442.0,668936.2249448489,515684.6705945668,75.27576214563179,20676.860739480617,0.6211999221146857,0.01862450486241881,0.7943282347242815,0.7
0.012306940575640853,0.00042471507538885585,5.226943194389474e-06,2.1931063615702916e-09,33910.909043730695,417.33954246715564,0.0002273322144335086,18168.83415257856,0.0032698722962499105,0.004228052913817354,1.293033039445101,False,True,-440.0,702940.6167744969,512292.0815773572,76.9312605190536,20530.05298064363,0.6233033631184985,0.018869625338844603,0.7943282347242815,0.7
0.012647521665751189,0.0003700892042248351,4.6807112286942185e-06,1.7106881905744461e-09,29549.366315863906,373.72625068910713,0.00019576783390310354,15646.147271553406,0.003317903178491408,0.003681577031356159,1.1096095435280626,False,True,-438.0,736755.5981986289,509299.4568762393,78.60672324517165,20400.738973717125,0.6251620552410766,0.01908987364730907,0.7943282347242815,0.7
0.012565517764546662,0.00038191643365440594,4.798977731656744e-06,1.8101239320497549e-09,30493.698468562518,383.16910981345166,0.00020260064940579625,16192.23921885154,0.003360139005708808,0.0037998938130967093,1.1308739926058913,False,True,-436.0,768593.9846890338,506713.8978711407,80.29993595809209,20289.154057866654,0.626770372910495,0.019283272581742002,0.7943282347242815,0.7
0.012735208171749477,0.0003582268455292168,4.562093450523719e-06,1.6137406924092122e-09,28602.229305474248,364.255344381328,0.0001889155694217045,15098.500923927837,0.003396163032759243,0.003562910230930923,1.0490987024366156,False,True,-434.0,799884.7248318132,504541.6755063967,82.00852079472337,20195.506773797206,0.6281233413166728,0.019448027223325816,0.7943282347242815,0.7
0.012896953330449297,0.000338229400478049,4.362128792951243e-06,1.456618374951917e-09,27005.555253779054,348.28938577085825,0.0001773662452751687,14175.456402870068,0.0034256094684733487,0.0033628661194271096,0.9816840332724205,False,True,-432.0,829158.6821586111,502788.15782846574,83.72995382785972,20119.976154188407,0.6292166967719676,0.01958256458440839,0.7943282347242815,0.7
0.012770791374950147,0.0003536272187473419,4.516099435126163e-06,1.5768993466089055e-09,28234.9771534463,360.58300270314646,0.00018625885086025583,14886.170792655763,0.0034481721718297533,0.00351689758596793,1.0199309694276977,False,True,-430.0,858220.3093541369,501457.74594374193,85.46158582552387,20062.709327904486,0.6300469401263714,0.019685569869659317,0.7943282347242815,0.7
0.012699257747630597,0.00036299707212731464,4.609793380580023e-06,1.6523912125194608e-09,28983.10281258481,368.0638929430918,0.0001916709730313164,15318.718156805306,0.0034636121886947955,0.0036106297051250544,1.042446298378936,False,True,-428.0,888425.198303598,500553.82011634577,87.20066597737485,20023.81950281233,0.6306113817714579,0.019756017853653426,0.7943282347242815,0.7
0.012654899691935116,0.0003690609076308927,4.670428766283478e-06,1.7021738782916655e-09,29467.26310293879,372.90525876355105,0.00019517380606380724,15598.671407558135,0.003471763795592335,0.0036712902636839967,1.057471210554409,False,True,-426.0,919342.5878679614,500078.6975093856,88.94436810202372,20003.38438387189,0.6309081769510739,0.019793198012879782,0.7943282347242815,0.7
0.013309748962779921,0.00029605128857376566,3.940368331024337e-06,1.1511950259876081e-09,23637.8902018312,314.6143845961285,0.00015301767409173778,12229.471084483082,0.0034725387731751644,0.002940951194076921,0.8469167333120434,False,True,-424.0,947170.7303600026,500033.6027834645,89.3101812616165,20001.4450723138,0.630936350342377,0.019796732281285354,0.7943282347242815,0.7
0.014055421384176073,0.00024162275951893886,3.396109701046126e-06,8.091415901698704e-10,19292.104038078007,271.15865164255115,0.00012162918028174558,9720.841413346925,0.0034659287082431838,0.002396519540008536,0.6914509044311209,False,True,-422.0,969121.0428578326,500418.6524146788,87.5658735625345,20018.00547840503,0.6306958091713889,0.019766584609858386,0.7943282347242815,0.7
0.015251491614301926,0.0001865963301027215,2.845872363821171e-06,5.229791425813662e-10,14898.579176201685,227.2255553708533,8.996013929780844e-05,7189.789864659968,0.0034520052142599485,0.0018461374036387666,0.534801452794024,False,True,-420.0,986031.6741358396,501232.85319797223,85.82558848536088,20053.032265397633,0.6301873444649364,0.019703061882189322,0.7943282347242815,0.7
0.012732319205915422,0.0003586055420119014,4.565880229905842e-06,1.6167925883777074e-09,28632.46591049172,364.55769562487234,0.00018913430867713594,15115.98299203022,0.0034309180597636574,0.003566698553553945,1.0395755571614091,False,True,-418.0,1008337.4469925298,502474.1149805097,84.09216449949123,20106.455326363175,0.6294126204005761,0.01960680614284974,0.7943282347242815,0.7
0.013235021504056185,0.00030288889736734354,4.008741069996659e-06,1.1983146360145852e-09,24183.83157126185,320.0735308961235,0.0001569637002915737,12544.845197937286,0.00340289129432571,0.003009347764740342,0.8843502493771699,False,True,-416.0,1035998.2751824973,504139.2772461842,82.36837045711447,20178.168779574662,0.6283741520787198,0.019478778503575836,0.7943282347242815,0.7
0.012222544688087375,0.0004408390761484428,5.388175308479495e-06,2.3468030745875665e-09,35198.31218730591,430.212943654597,0.00023665165979204394,18913.66240991633,0.0033682175551508456,0.004389362732608388,1.3031707901100262,False,True,-414.0,1067456.782790351,506224.14876898803,80.65687893824212,20268.032452960142,0.6270752723844141,0.019320235473062643,0.7943282347242815,0.7
0.014346218624417638,0.00022545806116568387,3.234470636120225e-06,7.188567143708059e-10,18001.451439804456,258.2527579122724,0.00011231733088931394,8976.62024044156,0.0033272508171953985,0.0022348347965511313,0.6716760831499067,False,True,-412.0,1095347.0654407088,508723.5591905622,78.96024196001423,20375.8738144179,0.6255200889163074,0.01913269878207421,0.7943282347242815,0.7
0.014565293857019886,0.00021464014249464444,3.1262967489471176e-06,6.6132602197721e-10,17137.706596840682,249.6157326183728,0.0001060890884518861,8478.846952174155,0.0032803979103897627,0.002126631799867446,0.6482847075142688,False,True,-410.0,1112802.5326333244,511631.42107336246,77.28086956126593,20501.49029338627,0.6237134322182707,0.018917920024807293,0.7943282347242815,0.7
0.013561742922312476,0.0002751084860851224,3.730950564033009e-06,1.012635461779077e-09,21965.735123128212,297.8936528394746,0.00014093493317470258,11263.79485431379,0.0032281091657915973,0.002731463343666112,0.8461496199111043,False,True,-408.0,1132545.1744398123,514940.8007484525,75.62101164909427,20644.65193030992,0.621660796746448,0.018677841596161107,0.7943282347242815,0.7
0.01455523554949342,0.00021511403333577433,3.1310354252037748e-06,6.637976722063445e-10,17175.543890926605,249.99408702309944,0.00010636185721462117,8500.647163923673,0.003170868567066351,0.0021313717267804366,0.6721728389872544,False,True,-406.0,1152309.6164580497,518643.9961234275,73.98274336031052,20805.104284911977,0.6193682761334791,0.018414555467752582,0.7943282347242815,0.7
0.01526481840305607,0.00018612404439371185,2.8411497381123577e-06,5.207826133021538e-10,14860.870042128174,226.84848250450278,8.968876052850207e-05,7168.100743897453,0.003109183775554751,0.0018414136662320826,0.5922498633595666,False,True,-404.0,1167978.3643658708,522732.6195434017,72.36795405558507,20982.571531504618,0.616842494371189,0.018130261316773477,0.7943282347242815,0.7
0.015194647290440984,0.00018863803598964833,2.866288422424219e-06,5.325256366314491e-10,15061.596941846654,228.85565316214445,9.113342520006388e-05,7283.561163306568,0.003043576369147489,0.001866558293817933,0.6132779557428221,False,True,-402.0,1182430.0262730748,527197.68380294,70.77833993548677,21176.759669846433,0.6140905345257509,0.017827225412129596,0.7943282347242815,0.7
0.014528299732823038,0.0002163934639669579,3.143829104735806e-06,6.704929539129587e-10,17277.698625420326,251.01558432349108,0.00010709832142432678,8559.506820566683,0.0029745725913999325,0.002144168794107522,0.7208325660993216,False,True,-400.0,1198273.094256948,532029.6894817137,69.21540015193048,21387.35978293971,0.611119866532665,0.017507741488175632,0.7943282347242815,0.7
0.014134149875518908,0.00023702197286515402,3.3501040882672625e-06,7.829178674245039e-10,18924.759277350444,267.48538398418805,0.00011897826012347954,9508.974701771165,0.0029026948526955382,0.0023505006601233828,0.8097649871603383,False,True,-398.0,1216341.5757792857,537218.7119101828,67.68043619056714,21614.05127830858,0.6079382755014098,0.01717409461736461,0.7943282347242815,0.7
0.012917022495811274,0.0003359027669465949,4.338863597054418e-06,1.4388522080771243e-09,26819.78775308227,346.43180173944734,0.00017602271409435175,14068.078769374923,0.0028284541648972428,0.0033395919391757682,1.1807127655176604,False,True,-396.0,1239918.629250432,542754.4862508414,66.1745542223867,21856.505056133756,0.6045537918038134,0.016828528849634265,0.7943282347242815,0.7
0.01383212144005255,0.00025570045865836637,3.53687979643966e-06,8.919863083276555e-10,20416.122474732394,282.39828540548467,0.0001297431654638702,10369.326941268533,0.002752343629568706,0.0025373315459451123,0.9218803635877085,False,True,-394.0,1264356.0349610753,548626.4893912035,64.69867006746455,22114.386555621422,0.6009746240380153,0.01647321913752197,0.7943282347242815,0.7
0.0129888035788507,0.000327836825647323,4.258208134247002e-06,1.378090996126175e-09,26175.771522904306,339.99195483587766,0.00017136531712799526,13695.850516219874,0.00267483304153415,0.0032589057488730724,1.2183585660374254,False,True,-392.0,1288421.2124185637,554824.0175732078,63.253516380016684,22387.358639693957,0.5972090957623227,0.01611024782819444,0.7943282347242815,0.7
0.013448875277455925,0.000284110388199253,3.820965175921339e-06,1.0711282841743775e-09,22684.4821172945,305.080770729173,0.00014612780756051178,11678.819507665488,0.002596364617376887,0.002821507542015645,1.0867146791062885,False,True,-390.0,1313795.882442449,561336.2589173701,61.839651650087085,22675.084286922356,0.5932655866927076,0.01574158578945447,0.7943282347242815,0.7
0.012843061321214622,0.0003446396465766938,4.426228114706214e-06,1.5061217329947404e-09,27517.374317889386,353.40732576346977,0.00018106810339337797,14471.316126815145,0.002517349814502162,0.0034269904746824596,1.361348532071293,False,True,-388.0,1339946.0180769297,568152.3602280318,60.45747062071088,22977.229068278575,0.5891524788617994,0.015369078054897175,0.7943282347242815,0.7
0.01272343901542575,0.0003597746201586021,4.577570438885938e-06,1.6262320539473786e-09,28725.80967198048,365.4910875301709,0.000189809587023411,15169.95255508081,0.0024381671716772867,0.0035783935357425536,1.4676571718750817,False,True,-386.0,1369587.2867588256,575261.4876798932,59.10721573715019,23293.46339435324,0.5848781080546859,0.014994433728305051,0.7943282347242815,0.7
0.014406360896054168,0.0002223811337535118,3.203702869326784e-06,7.022574487424469e-10,17755.77754769503,255.79613934215024,0.00011054552743958127,8835.01425156146,0.002359161076701205,0.002204058631042795,0.934255254043404,False,True,-384.0,1393592.253565468,582652.8811793582,57.78898927344081,23623.464525980125,0.5804507206721554,0.014619219780181464,0.7943282347242815,0.7
0.017106811429805,0.00013788643997173994,2.3587973273236817e-06,3.197042827163745e-10,11009.391460767996,188.33558367626352,6.203650076132207e-05,4958.078187675614,0.002280641350556255,0.0013589594618085682,0.5958672377299106,False,True,-382.0,1407385.346004705,590315.9023629241,56.502765817709665,23966.918347548926,0.5758784360291006,0.014244858298326949,0.7943282347242815,0.7
0.01511193668021018,0.00019168988754783299,2.896805442859462e-06,5.469492502108225e-10,15305.268679916733,231.2922511645057,9.28875162762617e-05,7423.7515447330325,0.0022028835290748678,0.001897082614025464,0.8611815327441169,False,True,-380.0,1419767.1757371137,598240.0763369767,55.24840483850377,24323.52090763834,0.5711692139757334,0.013872626715851924,0.7943282347242815,0.7
0.013553727831148974,0.0002757288812923978,3.737154212224344e-06,1.0166151838899006e-09,22015.269897531547,298.3889763204296,0.00014129278155269732,11292.394794923868,0.0021261297215472916,0.002737669004893914,1.2876302782228992,False,True,-378.0,1438483.3220767705,606415.1273784188,54.02566309706123,24692.979735883455,0.5663308276331875,0.01350366052906851,0.7943282347242815,0.7
0.014749354879004788,0.00020632263195144259,3.0431257182221188e-06,6.186689162010431e-10,16473.604096493716,242.97503295541287,0.00010130265275720997,8096.305672068917,0.0020505899294049833,0.0020434391839377407,0.9965128349824103,False,True,-376.0,1457872.0225437633,614831.0089045642,52.83420671291101,25075.014948318312,0.5613708409610636,0.01313895802882184,0.7943282347242815,0.7
0.016250546364313365,0.000156774082857124,2.547664502192399e-06,3.9294797341080654e-10,12517.454576611735,203.41547596041553,7.284572163346647e-05,5821.972210940071,0.0019764437157584677,0.0015478637219820597,0.783155983467033,False,True,-374.0,1471790.3004267723,623477.9280856579,51.67362273072806,25469.36015582469,0.5562965908215272,0.012779386596505541,0.7943282347242815,0.7
0.015280007772964694,0.000185588657935014,2.8357961358210994e-06,5.182979544784478e-10,14818.122697952727,226.42103000546223,8.938113503228276e-05,7143.514713994736,0.001903842126871263,0.0018360588064103964,0.964396564450299,False,True,-372.0,1484755.7873517072,632346.3655166823,50.543430073815465,25875.763191892474,0.5511151731701208,0.012425690155137935,0.7943282347242815,0.7
0.014815964546122138,0.00020346927125114927,3.014593509082336e-06,6.04350853891647e-10,16245.780643116152,240.69691003248622,9.966113700284853e-05,7965.112530022781,0.0018329097785021614,0.002014899729316075,1.0992901849007726,False,True,-370.0,1499864.4145957248,641427.0903898558,49.443089803160994,26293.98667677833,0.5458334329847703,0.012078497411953003,0.7943282347242815,0.7
0.01807850093593247,0.00012130233826051126,2.19296443577345e-06,2.612184639871931e-10,9685.252061697796,175.09483846214553,5.257413193213241e-05,4201.827207688085,0.001763747032533711,0.001193096949841564,0.6764558226514039,False,True,-368.0,1512031.3543334357,650711.1716183174,48.372014630315505,26723.80843546125,0.5404579575388375,0.01173833057825215,0.7943282347242815,0.7
0.01739221971047506,0.00013256309663378627,2.305566502155748e-06,3.0033730496917166e-10,10584.354954642993,184.08542686480627,5.8995772177930355e-05,4715.057226162005,0.0016964322017169924,0.001305718828976667,0.7696852415646929,False,True,-366.0,1520948.2387672858,660189.9853579969,47.3295776572512,27165.021786546276,0.5349950726301749,0.011405614301817689,0.7943282347242815,0.7
0.02075946184712117,9.107852009482665e-05,1.8907410630008129e-06,1.68638675820938e-10,7272.064472742061,150.96414497169417,3.5441769645383444e-05,2832.5753847315236,0.001631023732170101,0.0008908266699509562,0.5461763997545874,False,True,-364.0,1528495.8713781794,669855.219361301,46.31512033697729,27617.435718812885,0.5294508413904709,0.011080684594819168,0.7943282347242815,0.7
0.017736072045411166,0.00012667131546971523,2.2466515772578754e-06,2.795565733027525e-10,10113.932154186823,179.38142934905807,5.5633946615100786e-05,4446.373567521031,0.001567562324132749,0.0012467933795836706,0.7953708508996329,False,True,-362.0,1535774.820330432,679698.8745755494,45.3279596652868,28080.874971175035,0.5238310653201358,0.010763797584332086,0.7943282347242815,0.7
0.01783829270866256,0.00012501947405196742,2.2301339724220384e-06,2.738537973102795e-10,9982.042689183427,178.06259932001913,5.4692155009662425e-05,4371.10374477224,0.0015060729611744564,0.001230272886378199,0.8168746920592846,False,True,-360.0,1544592.2976427253,689713.2643732394,44.367394626936516,28555.180030899464,0.5181412872166508,0.010455137952395286,0.7943282347242815,0.7
0.020136700084057494,9.667378065451118e-05,1.946690927031851e-06,1.8441328008961273e-10,7718.811910990434,155.43140045686508,3.859832785089197e-05,3084.853675653727,0.001446566826496351,0.000946784528656306,0.6545045215432322,False,True,-358.0,1552048.2550631512,699891.011772028,43.43271192924695,29040.207063722846,0.5123867956916556,0.010154826967480553,0.7943282347242815,0.7
0.023251303270271258,7.395229236362726e-05,1.7194871772784627e-06,1.2420797503287865e-10,5904.639616623663,137.29056642777502,2.5846477013676524e-05,2065.7008750832983,0.0013890430921330744,0.0007195502596922056,0.5180186732632126,False,True,-356.0,1557198.8096138882,710225.0449713778,42.52319106298983,29535.82778836426,0.506572630999181,0.009862930039211475,0.7943282347242815,0.7
0.019150739259440563,0.00010708949181613718,2.0508429351968372e-06,2.154293060991563e-10,8550.442936812358,163.7473032356187,4.449481935884233e-05,3556.1127823184033,0.0013334905728091427,0.001050952253051712,0.7881212469599743,False,True,-354.0,1562820.6232712897,720708.5915012491,41.6381087349431,30041.92930670979,0.5007035919255958,0.009579463753288385,0.7943282347242815,0.7
0.017476984841408322,0.00013106035292122285,2.290539801313837e-06,2.9497171172896887e-10,10464.370032266223,182.8856364288043,5.813793665673645e-05,4646.4973374827805,0.0012798892410220224,0.0012906894107974972,1.008438362812434,False,True,-352.0,1571023.233391091,731335.1712471023,40.776742719053296,30558.413899709194,0.49478424351988187,0.009304402364160847,0.7943282347242815,0.7
0.02061699654365061,9.230061055614851e-05,1.9029613688129548e-06,1.7203117353357993e-10,7369.640944307506,151.93986187673386,3.6130460000918997e-05,2887.6168617319845,0.0012282116037225903,0.0009030486951963585,0.7352549776107843,False,True,-350.0,1578557.3475903058,742098.588585324,39.93837517412631,31085.198797961766,0.488818925468307,0.009037683739465887,0.7943282347242815,0.7
0.02116031150485461,8.780735774595079e-05,1.8580310423225273e-06,1.5970352866087535e-10,7010.882105296208,148.35244927187867,3.360060459039168e-05,2685.425881019401,0.001178423943877175,0.0008581121203767094,0.728186256597438,False,True,-348.0,1584130.3903330571,752992.9238347363,39.122295475713585,31622.215934804444,0.48281176094343153,0.008779214763089174,0.7943282347242815,0.7
0.016822148463901374,0.00014363951679588716,2.4163252768234688e-06,3.412656769887818e-10,11468.739565439419,192.92883966364164,6.532578897928875e-05,5220.964520178863,0.0011304874323430354,0.001416498329392573,1.2529978563819633,False,True,-346.0,1592036.7807342554,764012.5242031796,38.327802608659546,32169.411688764285,0.4767666657798911,0.008528876213408013,0.7943282347242815,0.7
0.017229517432136344,0.00013554626341101943,2.3353967083011037e-06,3.1112130529686486e-10,10822.542631763736,186.46718693401203,6.069941920600164e-05,4851.216020834785,0.001084359116999919,0.0013355544963598647,1.2316533106254728,False,True,-344.0,1602108.961275269,775151.9943836725,37.554207164880964,32726.746621295206,0.4706873578508388,0.008286527140314609,0.7943282347242815,0.7
0.019770287433100702,0.00010029913151019025,1.982942659246829e-06,1.949651423938345e-10,8008.274071018507,158.32588022708342,4.064791998803163e-05,3248.6610784580985,0.001039992797065595,0.0009830416080443933,0.9452388620556863,False,True,-342.0,1610208.8383745619,786406.1869323113,36.80083298856736,33294.195214882624,0.4645773665381616,0.008052008769450796,0.7943282347242815,0.7
0.022270176467985615,7.98653025815605e-05,1.7786143821604194e-06,1.388916530034986e-10,6376.757427585279,142.01151320586217,2.9145930441262123e-05,2329.399630973847,0.000997339791085947,0.0007786849098465427,0.7807618996116426,False,True,-340.0,1615786.8990839939,797770.1925399303,36.06701850829506,33871.745615841515,0.45844004220692597,0.007825147965118856,0.7943282347242815,0.7
0.024334251841965523,6.836540908845255e-05,1.6636210820374031e-06,1.109702940049136e-10,5458.561053462397,132.8299993696986,2.274575925373077e-05,1817.8854615274386,0.0009563496073192416,0.0006636774510954666,0.6939694919265259,False,True,-338.0,1619934.184176495,809239.3302915397,35.35211779267307,34459.39938549099,0.45227856560959473,0.007605760284930437,0.7943282347242815,0.7
0.019079660283451306,0.00010792778316618246,2.059225437956756e-06,2.1801899231890328e-10,8617.375389580851,164.4165949681765,4.497038382055301e-05,3594.120822028978,0.0009169705252086914,0.0010593360678846752,1.155256400028325,False,True,-336.0,1625346.1904600514,820809.137991609,34.655501363194446,35057.17126277022,0.4460959571594385,0.007393652659730811,0.7943282347242815,0.7
0.021092399691414333,8.834492343651568e-05,1.8634064358303862e-06,1.6115733408211524e-10,7053.803447848238,148.7816416666915,3.390293827097176e-05,2709.5889786907383,0.000879150096419416,0.0008634882507911766,0.9821852426655852,False,True,-334.0,1631649.9002607712,832475.362619191,33.976556795034234,35665.08894088611,0.43989508602400185,0.007188625731956629,0.7943282347242815,0.7
0.026119046972316144,6.079582135753061e-05,1.587928913757883e-06,9.402078237168805e-11,4854.175629171029,126.78644127019038,1.857761037030168e-05,1484.7588697903548,0.0008428355735627705,0.0005879766849838375,0.6976173092675563,False,True,-332.0,1635844.2481092522,844233.9509646466,33.314689133679266,36283.19286007081,0.4336786790004951,0.006990475884573207,0.7943282347242815,0.7
0.022454917547811842,7.868072454190125e-05,1.7667691821904882e-06,1.3589455215544117e-10,6282.176094155315,141.06574621509225,2.8483645685936533e-05,2276.4685410652887,0.0008079742742808596,0.0007668381903247915,0.949087384010238,False,True,-330.0,1639605.475520108,856081.0404890344,32.66932115253433,36911.53601824499,0.4274493291428246,0.006798996991278483,0.7943282347242815,0.7
0.020394558587900746,9.427570081108323e-05,1.9227113036070387e-06,1.7757650743065287e-10,7527.339857930781,153.5167737436098,3.724439845884268e-05,2976.6449968276997,0.0007745138878590621,0.0009228014404428859,1.1914588684700353,False,True,-328.0,1644858.5890580008,868012.9504380951,32.03989347406247,37550.18380096044,0.4212095041185865,0.006613981916899388,0.7943282347242815,0.7
0.01877773405445239,0.00011163994959942106,2.0963452834303975e-06,2.2965403753356582e-10,8913.769244113775,167.38038828872558,4.70778689247302e-05,3762.555143720876,0.0007424027309944947,0.0010964618080243989,1.4769097179311557,False,True,-326.0,1651597.7891985495,880026.1732348463,31.42586457459227,38199.21383179963,0.41496155428001413,0.006435223794964423,0.7943282347242815,0.7
0.021096439934318686,8.831275823832764e-05,1.863084799608887e-06,1.6107018479745962e-10,7051.235252902179,148.75596097560128,3.3884845502562626e-05,2708.1429693365176,0.0007115899588007465,0.0008631665703956396,1.2130111726848247,False,True,-324.0,1658068.4873116068,892117.3661681629,30.826710690684276,38858.715844104605,0.4087077204390673,0.006262517107401285,0.7943282347242815,0.7
0.02492890436780747,6.564234730713147e-05,1.6363917984978845e-06,1.0474225841594357e-10,5241.14117425916,130.65590711128473,2.1241471403544013e-05,1697.659841344708,0.0006820257365835127,0.0006364450086029794,0.9331686100162995,False,True,-322.0,1662474.290122288,904283.343389022,30.241925642885118,39528.7915748363,0.4024501413402746,0.00609565858925438,0.7943282347242815,0.7
0.0320241239212135,4.4495694387488305e-05,1.4249356310253698e-06,6.137442425713616e-11,3552.7098816312614,113.77242150547927,9.801153926375196e-06,783.3273459986889,0.0006536613773972368,0.00042496683350263316,0.6501330018835982,False,True,-320.0,1664955.2773096315,916521.0682214021,29.67102059081702,40209.55468106104,0.396190860830168,0.0059344479792928445,0.7943282347242815,0.7
0.03241861716092973,4.3712734989983085e-05,1.4171064206974393e-06,5.993871685648969e-11,3490.195347883137,113.14730679988139,9.389631606072794e-06,750.4376791897398,0.0006264494498875842,0.0004171368941942562,0.6658747872938687,False,True,-318.0,1666489.04233482,928827.6457908342,29.113523731841646,40901.13067960556,0.38993183472364673,0.005778688635426261,0.7943282347242815,0.7
0.028970737660877856,5.165719939649041e-05,1.4965471720113816e-06,7.50697211799772e-11,4124.51238888661,119.4901663974746,1.3614421106678574e-05,1088.0910995698623,0.0006003438604542342,0.0004965853267556476,0.8271681605603822,False,True,-316.0,1668327.5711135794,941200.315970416,28.568979953997747,41603.65691017887,0.3836749373715119,0.005628188031985138,0.7943282347242815,0.7
0.034653034359932784,3.975092874012045e-05,1.3774902994706335e-06,5.286008982885917e-11,3173.869276186788,109.98420108163575,7.327580386654928e-06,585.6345222192895,0.0005752999133266258,0.0003775171782922555,0.656209343243757,False,True,-314.0,1670001.2967353687,953636.4466414072,28.03695045252751,42317.28252231642,0.377421967934211,0.0054827581541768665,0.7943282347242815,0.7
0.02425355023770643,6.875247114954052e-05,1.6674915129918428e-06,1.1186747977914216e-10,5489.465598905752,133.13902968122187,2.2959979648523996e-05,1835.0063734703276,0.0005512743517410124,0.0006675483370901876,1.2109185471480095,False,True,-312.0,1672421.9376310583,966133.5272634187,27.517012318069035,43042.16848637043,0.3711746563691395,0.005342215803401872,0.7943282347242815,0.7
0.024433244320211475,6.789653103329591e-05,1.6589325312313394e-06,1.0988743743663701e-10,5421.123999770671,132.45564717655884,2.2486386310644435e-05,1797.1558698224312,0.0005282253830354122,0.000658988351070967,1.2475514661641856,False,True,-310.0,1676054.099874351,978689.1627475203,27.00875810349027,43778.48762878557,0.3649346691395993,0.005206382825615175,0.7943282347242815,0.7
0.02771956070603944,5.530460980914935e-05,1.5330194889285397e-06,8.243517543588462e-11,4415.735870030032,122.40225851113335,1.5584462124475312e-05,1245.5406216946512,0.0005061126901422144,0.0005330613816546898,1.0532464252277551,False,True,-308.0,1679096.796365868,991301.0676242774,26.51179537536215,44526.424691860484,0.35870361465457706,0.005075086273544954,0.7943282347242815,0.7
0.027355930766125528,5.6463282568956235e-05,1.5446056487845492e-06,8.48300934892394e-11,4508.248824822808,123.32734272831952,1.6213506330904107e-05,1295.8150620757701,0.00048489743165324974,0.000544648756801009,1.123224668243835,False,True,-306.0,1681638.1520496386,1003967.0604977194,26.02574625520197,45286.17641821347,0.3524830484489175,0.004948158512329296,0.7943282347242815,0.7
0.03233208158902093,4.388211568613858e-05,1.4188001446630876e-06,6.024828014502684e-11,3503.7193636620304,113.28254033095325,9.478554665837536e-06,757.5445836345473,0.00046454223235820687,0.00041883077534344437,0.9015989207639693,False,True,-304.0,1683691.511695349,1016685.0587755464,25.550246954857144,46057.951660190156,0.34627447811376966,0.004825437276999759,0.7943282347242815,0.7
0.03487287581880643,3.9399593008941106e-05,1.3739771143123172e-06,5.2247355259799606e-11,3145.817260343161,109.70369466860491,7.14652504115972e-06,571.1642257285895,0.00044501116591274083,0.000374003681932927,0.8404366240245369,False,True,-302.0,1685020.220504712,1029453.0736653535,25.08494730972764,46841.97151442595,0.3400793679877238,0.004706765689220129,0.7943282347242815,0.7
0.03096415277101052,4.6745394174097e-05,1.4474315265478447e-06,6.556723170856966e-11,3732.33469191034,115.56858159285426,1.099001535609745e-05,878.3434711917103,0.0004262697310733719,0.00044746485774084055,1.0497223357006797,False,True,-300.0,1686469.7282016324,1042269.20542635,24.629510312938734,47638.46948188302,0.33389914361844253,0.004591992239772787,0.7943282347242815,0.7
0.04678730496370374,2.6639283245066396e-05,1.2463802692014047e-06,3.1649634808907324e-11,2126.9843324646185,99.51586461604191,8.695385172782838e-07,69.49521496140196,0.0004082848227432791,0.000246396370770733,0.6034913791680712,False,True,-298.0,1687417.5668877854,1055131.6388658832,24.183611653061543,48447.691653639595,0.3277351960051261,0.004480970742466225,0.7943282347242815,0.7
0.03165014508421923,4.526428376034535e-05,1.432621148148199e-06,6.279558801637364e-11,3614.0770565333305,114.3860631848279,1.0206276901247456e-05,815.7055646343332,0.0003910246989007672,0.0004326530721895123,1.1064597029440062,False,True,-296.0,1688302.767667381,1068038.6390700461,23.746939257532294,49269.896922825865,0.3215888856313543,0.004373560264407553,0.7943282347242815,0.7
0.026184434313807622,6.055020531032432e-05,1.5854728736357525e-06,9.348981419546695e-11,4834.564685460431,126.59034144229267,1.8443119907367326e-05,1474.0101295722257,0.00037445894433145406,0.0005855203754800754,1.5636437167376067,False,True,-294.0,1690592.4833615876,1080988.547357725,23.31919284353215,50105.35722309533,0.3154615462979837,0.004269625036935451,0.7943282347242815,0.7
0.03287105552092951,4.284802219149617e-05,1.4084597164186904e-06,5.836720487265875e-11,3421.1533035629723,112.45692018702988,8.936582988433577e-06,714.2291496707109,0.00035855843195158033,0.0004084893919422153,1.139254736581896,False,True,-292.0,1692780.7226408306,1093979.7774475678,22.90008347775311,50954.35779413947,0.30935448876492677,0.004169034350934943,0.7943282347242815,0.7
0.030822463917568457,4.706347110649787e-05,1.450612140015556e-06,6.616812400948747e-11,3757.731195469059,115.82253418426644,1.1158826672997035e-05,891.8352010262606,0.0003432952823939089,0.00045064577626402794,1.3127059979430227,False,True,-290.0,1694386.7869915275,1107010.8118275967,22.4893331461842,51817.197474730165,0.30326900421084063,0.0040716624397477775,0.7943282347242815,0.7
0.037359424062256834,3.581884386713513e-05,1.3381713774520687e-06,4.614187537584001e-11,2859.9162752061843,106.84482490797785,5.321073993469426e-06,425.27061614147846,0.00032864282242463575,0.0003381948437724126,1.0290650539004769,False,True,-288.0,1695703.8928086953,1120080.1983174332,22.08667433480321,52694.189023952276,0.2972063675184452,0.003977388352445084,0.7943282347242815,0.7
0.040134619294263374,3.2520223518621764e-05,1.3051867902842346e-06,4.074211606783891e-11,2596.5415539161027,104.2112067481578,3.6771482660796625e-06,293.88486434853263,0.0003145755426717019,0.0003052075131255431,0.9702200957309148,False,True,-286.0,1696423.0482891854,1133186.5468134233,21.69184962184306,53585.65947124362,0.2911678403935236,0.003886095819835649,0.7943282347242815,0.7
0.03845685009349427,3.443752953689626e-05,1.3243589109907007e-06,4.3854477709990085e-11,2749.6267485849658,105.7419836833941,4.627753483600931e-06,369.8590881722812,0.00030106905506647173,0.000324381215222299,1.077431272870871,False,True,-284.0,1697086.7922417063,1146328.526207257,21.304611282119726,54491.950496051686,0.2851546743242732,0.0037976731152382973,0.7943282347242815,0.7
0.04127851492513269,3.133093563402042e-05,1.2932944941872835e-06,3.8848124478940705e-11,2501.5841680860794,103.26167941881687,3.095150684215119e-06,247.37048200088054,0.0002881000503343494,0.0002933142545803561,1.0180985884589588,False,True,-282.0,1697704.0218118795,1159504.8614690613,20.924720903752206,55413.418837888006,0.27916811338786496,0.003712012911744535,0.7943282347242815,0.7
0.04799668443682631,2.5791404348449086e-05,1.2379018956951007e-06,3.0395219200143754e-11,2059.286372562998,98.83891818896296,4.817531954372605e-07,38.50265538558086,0.0002756462558111185,0.00023791735952436441,0.8631256710680405,False,True,-280.0,1697989.894949266,1172714.3308862713,20.55194901747248,56350.436737719974,0.27320939690995016,0.003629012137434014,0.7943282347242815,0.7
0.05000049371158584,2.449940974111215e-05,1.2249825826980429e-06,2.851111714430535e-11,1956.1284811830424,97.80738982244667,0.0,0.0,0.000263686393811646,0.00022499708856552094,0.8532753067503314,False,True,-278.0,1698028.3976046515,1185955.7634499785,20.186074738612138,57303.39241171532,0.26727976198234743,0.0035485718297751253,0.7943282347242815,0.7
0.0410577408279381,3.15536482240434e-05,1.2955215109587033e-06,3.920067250061468e-11,2519.3664103958163,103.43949312864417,3.2036597283734157e-06,256.0427365349758,0.0002522001407346198,0.0002955414505087305,1.1718528373848809,False,True,-276.0,1698284.4403411865,1199228.0363808214,19.82688542175968,58272.69055839952,0.2613804458438239,0.0034705969902429573,0.7943282347242815,0.7
0.05665837178443883,2.1003523286172113e-05,1.190025431131058e-06,2.357881394638241e-11,1677.0032641369032,95.01627442318613,0.0,0.0,0.00024116808704924145,0.0001900374286325527,0.7879874611840789,False,True,-274.0,1698540.4830777214,1212530.0727868383,19.47417632800376,59258.752900474516,0.25551268812767286,0.0033949964400131955,0.7943282347242815,0.7
0.047164267688923886,2.6369080573646172e-05,1.2436783748862507e-06,3.124833137004513e-11,2105.410296728978,99.30013482994221,7.454075898899403e-07,59.574429037837966,0.0002305716982787477,0.000243694272439625,1.0569132042607106,False,True,-272.0,1698600.0575067592,1225860.8394460848,19.127750304614366,60262.01876252571,0.24967773297991527,0.0033216826774399646,0.7943282347242815,0.7
0.04743681252394439,2.6177112770672903e-05,1.241758790920561e-06,3.096410028468566e-11,2090.082838196947,99.14686775506216,6.575273422978597e-07,52.55086817662504,0.0002203932770677503,0.00024177454397268072,1.0970141521075423,False,True,-270.0,1698712.1828039736,1239219.3447071663,18.787417476961306,61282.94568606862,0.24387683105056757,0.0032505717378956377,0.7943282347242815,0.7
0.06158535270879378,1.899746981991422e-05,1.1699658794340822e-06,2.0857769448369976e-11,1516.832126889541,93.41464153452223,0.0,0.0,0.00021061592639780432,0.00016997649274128784,0.8070448215784115,False,True,-268.0,1698764.7336721502,1252604.6365011798,18.45299495242733,62322.010083417124,0.23811124136025097,0.0031815830564385773,0.7943282347242815,0.7
0.05893409831448343,2.0026744348952813e-05,1.1802581203802105e-06,2.2243941148891673e-11,1599.0134219690715,94.23641421650383,0.0,0.0,0.0002012235139957829,0.00018026943886874174,0.8958666673146346,False,True,-266.0,1698764.7336721502,1266015.8004588995,18.12430653603931,63379.707932021345,0.23238223304345731,0.0031146393336784007,0.7943282347242815,0.7
0.05748397539050131,2.0638338916450122e-05,1.1863737663740444e-06,2.3077539299644265e-11,1647.845518948564,94.7247112585871,0.0,0.0,0.00019220063796353075,0.0001863855088989635,0.9697444861464474,False,True,-264.0,1698764.7336721502,1279451.9581273731,17.80118245751567,64456.55551096843,0.22669108696952953,0.003049666405125684,0.7943282347242815,0.7
0.05162078192801948,2.354566414240941e-05,1.2154455940457038e-06,2.7141485281018855e-11,1879.9777106485717,97.04591943092721,0.0,0.0,0.00018353259364292524,0.00021545940345909994,1.1739571657680075,False,True,-262.0,1698764.7336721502,1292912.2652803918,17.483459109407274,65553.09018157277,0.22103909724113696,0.0029865931142425773,0.7943282347242815,0.7
0.05790243817029738,2.0458049798367188e-05,1.184570963534821e-06,2.283103693342093e-11,1633.4505321935324,94.58076844457536,0.0,0.0,0.00017520534171953619,0.00018458258067121454,1.0535214215482607,False,True,-260.0,1698764.7336721502,1306395.9103176086,17.170978795995833,66669.87121398938,0.2154275725700121,0.0029253511893505436,0.7943282347242815,0.7
0.07440047358399542,1.5217171226277194e-05,1.1321647458437715e-06,1.594666911378855e-11,1214.9983347888053,90.39645151205293,0.0,0.0,0.00016720547755793503,0.00013217286008601178,0.7904816398147914,False,True,-258.0,1698764.7336721502,1319902.1127473724,16.863589492603854,67807.48066205023,0.20985783752832693,0.0028658751245004854,0.7943282347242815,0.7
0.058439215373942956,2.0231347041236243e-05,1.1823040470477884e-06,2.2521988449625332e-11,1615.3496993705114,94.39976898574731,0.0,0.0,0.00015952020175453887,0.0001823155069769745,1.142899174974163,False,True,-256.0,1698764.7336721502,1333430.121748594,16.561144614963755,68966.52428851234,0.20433123367417358,0.0028081020643674973,0.7943282347242815,0.7
0.10666634753191577,1.013791818391078e-05,1.0813747042551556e-06,9.793566670099353e-12,809.4509504109835,86.3411763865775,0.0,0.0,0.00015213729188683976,8.137968572949983e-05,0.534909519685879,False,True,-254.0,1698764.7336721502,1346979.2148072603,16.263502798292077,70147.63254320406,0.19884912054812548,0.0027519716931961873,0.7943282347242815,0.7
0.07640941236418984,1.4756842806674306e-05,1.1275616872087056e-06,1.536796860591392e-11,1178.2439173641221,90.02892534747362,0.0,0.0,0.0001450450754332588,0.00012756950689949635,0.8795162918729793,False,True,-252.0,1698764.7336721502,1360548.696423413,15.970527685714325,71351.46159658984,0.1934128765377357,0.002697426127792408,0.7943282347242815,0.7
0.06096902655601146,1.9227188253164214e-05,1.1722629512046005e-06,2.1165323493195404e-11,1535.1737430623994,93.59804870886293,0.0,0.0,0.00013823240383349086,0.00017227372097916973,1.2462614857416765,False,True,-250.0,1698764.7336721502,1374137.896884689,15.682087725688419,72578.69443151071,0.18802389960571098,0.002644409814532039,0.7943282347242815,0.7
0.06448160269247447,1.7987570623004837e-05,1.1598673823154234e-06,1.9518079649672494e-11,1436.1978339382592,92.60833811579927,0.0,0.0,0.00013168862765625735,0.0001598773140129263,1.2140555859557516,False,True,-248.0,1698764.7336721502,1387746.1711027185,15.398055978079258,73830.04199597462,0.18268360787698745,0.002592869430336895,0.7943282347242815,0.7
0.06917197810200694,1.6561764642053738e-05,1.1456100211507339e-06,1.7661047470449422e-11,1322.3559202982224,91.46997476192786,0.0,0.0,0.00012540357283901944,0.0001456190078959137,1.1612030231614279,False,True,-246.0,1698764.7336721502,1401372.8975088813,15.118309928542216,75106.24442003836,0.17739344007918637,0.0025427537875510656,0.7943282347242815,0.7
0.08910179697641443,1.2389028528183113e-05,1.1038847046531782e-06,1.245757482526973e-11,989.1883851185423,88.13846266225961,0.0,0.0,0.00011936751796236279,0.00010389104272830245,0.8703460078734304,False,True,-244.0,1698764.7336721502,1415017.4770061502,14.84273131088103,76408.0723000386,0.1721548558299908,0.0024940137426374027,0.7943282347242815,0.7
0.09959442956570043,1.0938125674381215e-05,1.0893763870579395e-06,1.0729053593560749e-11,873.3426392110815,86.98006196763099,0.0,0.0,0.00011357117252066571,8.938184496113408e-05,0.7870117299781326,False,True,-242.0,1698764.7336721502,1428679.3319739094,14.571205937052842,77736.32805360854,0.1669693357642615,0.002446602108603272,0.7943282347242815,0.7
0.09187894290514773,1.1968823613259466e-05,1.0996828614044504e-06,1.195267933279868e-11,955.6375848869802,87.80297109984411,0.0,0.0,0.0001080056561503194,9.96889424019967e-05,0.9229974239798356,False,True,-240.0,1698764.7336721502,1442357.9053228355,14.303623534501986,79091.84734897394,0.16183838149344026,0.002400473571056378,0.7943282347242815,0.7
0.11537025497497606,9.300498826585904e-06,1.0730009210176814e-06,8.82815388348265e-12,742.5881209441857,85.67258085471907,0.0,0.0,0.00010266247877575637,7.300541076492614e-05,0.7111206707212906,False,True,-238.0,1698764.7336721502,1456052.6595970853,14.039877590514026,80475.50061247761,0.15676351538797567,0.0023555846077852756,0.7943282347242815,0.7
0.11062738405131634,9.738857143064856e-06,1.0773842893867412e-06,9.331780215961521e-12,777.5883595984661,86.02256609113259,0.0,0.0,9.753352163443153e-05,7.738903566041311e-05,0.793460897992358,False,True,-236.0,1698764.7336721502,1469763.0761211934,13.779865203289667,81888.19461816933,0.15174628017395855,0.002311893411754735,0.7943282347242815,0.7
0.12258869647626196,8.704215037587908e-06,1.0670383753069792e-06,8.149196043846597e-12,694.978496269458,85.19650793670554,0.0,0.0,9.261101914163181e-05,6.704251919486772e-05,0.7239151433193743,False,True,-234.0,1698764.7336721502,1483488.6541892479,13.52348693945048,83330.87416370382,0.14678823833356788,0.0022693598174031064,0.7943282347242815,0.7
0.07323090186007752,1.5498638590203615e-05,1.1349792815640111e-06,1.6302582056730136e-11,1237.4717875339159,90.6211750275109,0.0,0.0,8.788754155666137e-05,0.00013498757695343,1.5359125373464122,False,True,-232.0,1698764.7336721502,1497228.9102940282,13.270646697695248,84804.52383695456,0.14189097129835318,0.002227945230127168,0.7943282347242815,0.7
0.0767173179653984,1.468873933183174e-05,1.1268806858309892e-06,1.5282708814069674e-11,1172.8062701630338,89.9745515399104,0.0,0.0,8.335597841286408e-05,0.00012688846212419072,1.5222478883963095,False,True,-230.0,1698764.7336721502,1510983.37739395,13.021251578339507,86310.16987786733,0.13705607842395442,0.0021876125588391596,0.7943282347242815,0.7
0.10317225895354244,1.0518102138260203e-05,1.0851763575083901e-06,1.0236441873400015e-11,839.8063209709414,86.64471521803576,0.0,0.0,7.900952267463426e-05,8.51815645388371e-05,1.0781176958835665,False,True,-228.0,1698764.7336721502,1524751.6042157582,12.775211758477655,87848.8821403555,0.13228517573388007,0.0021483261514810108,0.7943282347242815,0.7
0.12375361378051794,8.615078115224378e-06,1.0661470497604701e-06,8.048305252694923e-12,687.8614565365493,85.12534102672866,0.0,0.0,7.484165558563504e-05,6.615114225222313e-05,0.883881332322104,False,True,-226.0,1698764.7336721502,1538533.1545910507,12.532440372519293,89421.7761592131,0.12757989441940096,0.0021100517333815638,0.7943282347242815,0.7
0.10402967376258042,1.04221927388141e-05,1.0842173105095653e-06,1.0124447363977275e-11,832.1485402385814,86.56814116302715,0.0,0.0,7.084613217357477e-05,8.422246050241538e-05,1.1888081666345351,False,True,-224.0,1698764.7336721502,1552327.6068248244,12.29285339786065,91030.01532720032,0.12294187908205716,0.0020727563483441303,0.7943282347242815,0.7
0.11389720739799986,9.432360047808586e-06,1.0743194686178624e-06,8.979248061493204e-12,753.1164354269802,85.77785884066913,0.0,0.0,6.701696737805095e-05,7.432403532795687e-05,1.1090331036420351,False,True,-222.0,1698764.7336721502,1566134.553094312,12.056369545461113,92674.81318766181,0.11837278570467379,0.0020364083023537596,0.7943282347242815,0.7
0.13493635508533905,7.843967000506623e-06,1.0584363164580436e-06,7.1820802704506215e-12,626.2929359233776,84.50968598919637,0.0,0.0,6.334842276932346e-05,5.843996764575983e-05,0.9225165377607388,False,True,-220.0,1698764.7336721502,1579953.5988765184,11.822910155105456,94357.43584815419,0.11387427933648514,0.0020009771097958427,0.7943282347242815,0.7
0.13569087595639834,7.79687994111532e-06,1.0579654689368093e-06,7.129566603883517e-12,622.5333213471978,84.47209168564729,0.0,0.0,5.9834993827042786e-05,5.796909336941056e-05,0.968815899554937,False,True,-218.0,1698764.7336721502,1593784.3624029218,11.592399095140854,96079.20452081772,0.10944803147732751,0.0019664334420804396,0.7943282347242815,0.7
0.11542382546166595,9.295772855670983e-06,1.0729536636242596e-06,8.822744984562535e-12,742.2107809835251,85.66880764000918,0.0,0.0,5.647139774962254e-05,7.295815061634562e-05,1.291948730219508,False,True,-216.0,1698764.7336721502,1607626.4741399132,11.36476266648742,97841.4981951737,0.1050957171461436,0.0019327490785695633,0.7943282347242815,0.7
0.13930228906953393,7.579113898781025e-06,1.0557879152189165e-06,6.887274840210518e-12,605.1460307085259,84.29822729904012,0.0,0.0,5.325256176600413e-05,5.579141620409226e-05,1.047675724019514,False,True,-214.0,1698764.7336721502,1621479.5762936193,11.139929510729,99645.75644937759,0.10081901161830688,0.001899896859707748,0.7943282347242815,0.7
0.12526695532493573,8.501971109309763e-06,1.0650160351238002e-06,7.920510076492967e-12,678.8305517911326,85.03503640442128,0.0,0.0,5.017361192342825e-05,6.502006251270321e-05,1.2959015709678756,False,True,-212.0,1698764.7336721502,1635343.322337834,10.917830522100271,101493.48240575228,0.09661958681709523,0.0018678506422594135,0.7943282347242815,0.7
0.13857371487297795,7.62206144665696e-06,1.0562173696533594e-06,6.9349849900197194e-12,608.5751305311275,84.3325166170058,0.0,0.0,4.722986232594075e-05,5.622089494714245e-05,1.190367538214555,False,True,-210.0,1698764.7336721502,1649217.376563854,10.698398763193891,103386.24583674686,0.09249910734421708,0.0018365852565598241,0.7943282347242815,0.7
0.18032607922498478,5.753656017712823e-06,1.037534230883393e-06,4.893151867612816e-12,459.3943497459682,82.84078190780184,0.0,0.0,4.441680480040303e-05,3.753671570054433e-05,0.8451016652193706,False,True,-208.0,1698764.7336721502,1663101.413651089,10.481569384219519,105325.68642704564,0.0884592261357686,0.0018060764656897422,0.7943282347242815,0.7
0.19356996946123098,5.3385522533099865e-06,1.0333833966404e-06,4.448901891568241e-12,426.25084527891636,82.50936310346374,0.0,0.0,4.173009896777085e-05,3.338565503430117e-05,0.8000377631523403,False,True,-206.0,1698764.7336721502,1676995.1182573654,10.267279545653798,107313.51719796681,0.08450157972967787,0.0017763009264872573,0.7943282347242815,0.7
0.16936582582793744,6.149357754217075e-06,1.0414910543544056e-06,5.319813831468023e-12,490.98872059036626,83.15671013498981,0.0,0.0,3.9165562699715425e-05,4.149375661594314e-05,1.059444924462802,False,True,-204.0,1698764.7336721502,1690898.1846279239,10.055468344128654,109351.52809954024,0.0806277831331375,0.00174723615231353,0.7943282347242815,0.7
nan,0.0,0.0,0.0,0.0,0.0,0.0,0.0,0.0,0.0,1.3829159062191587,False,False,-202.0,1698764.7336721502,1704810.3162221487,9.846076741410887,111441.58977591133,0.07683942427892326,0.0017188604774925557,0.7943282347242815,0.7
nan,0.0,0.0,0.0,0.0,0.0,0.0,0.0,0.0,0.0,1.2087742104921886,False,False,-200.0,1698764.7336721502,1718731.2253571237,9.639047496333811,113585.65750890897,0.07313805806234491,0.0016911530233482748,0.7943282347242815,0.7
nan,0.0,0.0,0.0,0.0,0.0,0.0,0.0,0.0,0.0,1.211532723361473,False,False,-198.0,1698764.7336721502,1732660.6328671814,9.434325099548255,115785.77534445345,0.06952519995232066,0.0016640936657655104,0.7943282347242815,0.7
nan,0.0,0.0,0.0,0.0,0.0,0.0,0.0,0.0,0.0,0.8997426955526483,False,False,-196.0,1698764.7336721502,1746598.2677786143,9.231855710965066,118044.08040551028,0.0660023191735965,0.0016376630042044152,0.7943282347242815,0.7
nan,0.0,0.0,0.0,0.0,0.0,0.0,0.0,0.0,0.0,0.9834137863181789,False,False,-194.0,1698764.7336721502,1760543.866998812,9.031587099769029,120362.8073946437,0.06257083146031593,0.0016118423321010618,0.7943282347242815,0.7
nan,0.0,0.0,0.0,0.0,0.0,0.0,0.0,0.0,0.0,0.6016225024660269,False,False,-192.0,1698764.7336721502,1774497.1750190936,8.833468586888467,122744.29328810243,0.05923209138546942,0.0015866136085898135,0.7943282347242815,0.7
nan,0.0,0.0,0.0,0.0,0.0,0.0,0.0,0.0,0.0,0.7038795477066229,False,False,-190.0,1698764.7336721502,1788457.9436305568,8.637450989810272,125190.98222199205,0.0559873842757657,0.0015619594314859658,0.7943282347242815,0.7
nan,0.0,0.0,0.0,0.0,0.0,0.0,0.0,0.0,0.0,0.9443207588482684,False,False,-188.0,1698764.7336721502,1802425.9316523084,8.443486569636084,127705.43056960696,0.052837917726979385,0.0015378630114698858,0.7943282347242815,0.7
nan,0.0,0.0,0.0,0.0,0.0,0.0,0.0,0.0,0.0,1.1509034327414491,False,False,-186.0,1698764.7336721502,1816400.9046714585,8.251528980279451,130290.31220693627,0.04978481274153114,0.0015143081474166072,0.7943282347242815,0.7
nan,0.0,0.0,0.0,0.0,0.0,0.0,0.0,0.0,0.0,1.1327313591831216,False,False,-184.0,1698764.7336721502,1830382.6347943125,8.061533219708593,132948.4239611926,0.04682909451725541,0.0014912792028173303,0.7943282347242815,0.7
nan,0.0,0.0,0.0,0.0,0.0,0.0,0.0,0.0,0.0,0.7904294306952863,False,False,-182.0,1698764.7336721502,1844370.9004082147,7.873455583144438,135682.69123434174,0.043971682924786384,0.0014687610832418202,0.7943282347242815,0.7
nan,0.0,0.0,0.0,0.0,0.0,0.0,0.0,0.0,0.0,0.7897939485217786,False,False,-180.0,1698764.7336721502,1858365.485953527,7.687253618127217,138496.17379046525,0.041213382720122524,0.001446739214793035,0.7943282347242815,0.7
nan,0.0,0.0,0.0,0.0,0.0,0.0,0.0,0.0,0.0,0.6665504204784657,False,False,-178.0,1698764.7336721502,1872366.181705254,7.502886081368904,141392.07169202916,0.03855487354910281,0.0014251995235076112,0.7943282347242815,0.7
nan,0.0,0.0,0.0,0.0,0.0,0.0,0.0,0.0,0.0,0.7064014585191956,False,False,-176.0,1698764.7336721502,1886372.7835638614,7.3203128973138885,144373.731365632,0.03599669981173827,0.0014041284156579956,0.7943282347242815,0.7
nan,0.0,0.0,0.0,0.0,0.0,0.0,0.0,0.0,0.0,0.8283749743702046,False,False,-174.0,1698764.7336721502,1900385.0928548397,7.139495118331824,147444.65177279085,0.033539260466239895,0.0013835127589141509,0.7943282347242815,0.7
nan,0.0,0.0,0.0,0.0,0.0,0.0,0.0,0.0,0.0,0.9073517880054003,False,False,-172.0,1698764.7336721502,1914402.916136607,6.960394886472218,150608.49065548292,0.031182798865361537,0.0013633398643247022,0.7943282347242815,0.7
nan,0.0,0.0,0.0,0.0,0.0,0.0,0.0,0.0,0.0,0.8171544336444458,False,False,-170.0,1698764.7336721502,1928426.0650163544,6.782975396712402,153869.0708192961,0.028927392731249703,0.001343597469079361,0.7943282347242815,0.7
nan,0.0,0.0,0.0,0.0,0.0,0.0,0.0,0.0,0.0,0.7469567156561147,False,False,-168.0,1698764.7336721502,1942454.3559734647,6.607200861634055,157230.386409487,0.026772944388835453,0.0013242737200162512,0.7943282347242815,0.7
nan,0.0,0.0,0.0,0.0,0.0,0.0,0.0,0.0,0.0,0.7141593630734702,False,False,-166.0,1698764.7336721502,1956487.6101901478,6.43303647746641,160696.60912665323,0.024719171391958464,0.0013053571578395236,0.7943282347242815,0.7
nan,0.0,0.0,0.0,0.0,0.0,0.0,0.0,0.0,0.0,0.898721995496736,False,False,-164.0,1698764.7336721502,1970525.6533889633,6.26044839143757,164272.09431869962,0.02276559769071657,0.001286836702014302,0.7943282347242815,0.7
nan,0.0,0.0,0.0,0.0,0.0,0.0,0.0,0.0,0.0,0.9262062856737605,False,False,-162.0,1698764.7336721502,1984568.3156769094,6.089403670377275,167961.38687514418,0.020911545502007495,0.0012687016363075933,0.7943282347242815,0.7
nan,0.0,0.0,0.0,0.0,0.0,0.0,0.0,0.0,0.0,0.7574587345642056,False,False,-160.0,1698764.7336721502,1998615.4313957782,5.919870270517964,171769.22683745806,0.01915612805812208,0.0012509415949453046,0.7943282347242815,0.7
nan,0.0,0.0,0.0,0.0,0.0,0.0,0.0,0.0,0.0,0.728235636610002,False,False,-158.0,1698764.7336721502,2012666.8389784887,5.7518170084427895,175700.5546259935,0.017498243419382137,0.0012335465493569517,0.7943282347242815,0.7
nan,0.0,0.0,0.0,0.0,0.0,0.0,0.0,0.0,0.0,0.6367374542378935,False,False,-156.0,1698764.7336721502,2026722.3808111316,5.58521353313182,179760.51576921678,0.015936569546063872,0.0012165067954810075,0.7943282347242815,0.7
nan,0.0,0.0,0.0,0.0,0.0,0.0,0.0,0.0,0.0,0.7566039830806851,False,False,-154.0,1698764.7336721502,2040781.903100466,5.420030299060451,183954.46500534832,0.014469560831003099,0.0011998129416051506,0.7943282347242815,0.7
nan,0.0,0.0,0.0,0.0,0.0,0.0,0.0,0.0,0.0,0.7390909243339313,False,False,-152.0,1698764.7336721502,2054845.255746618,5.256238540304753,188287.96960955072,0.013095446296883024,0.0011834558967169252,0.7943282347242815,0.7
nan,0.0,0.0,0.0,0.0,0.0,0.0,0.0,0.0,0.0,0.8456908984124545,False,False,-150.0,1698764.7336721502,2068912.2922207576,5.093810245612588,192766.8117819901,0.011812229660213744,0.0011674268593414843,0.7943282347242815,0.7
nan,0.0,0.0,0.0,0.0,0.0,0.0,0.0,0.0,0.0,0.7213489920305637,False,False,-148.0,1698764.7336721502,2082982.8694475268,4.932718134399092,197396.98991348335,0.010617691456592552,0.001151717306844229,0.7943282347242815,0.7
nan,0.0,0.0,0.0,0.0,0.0,0.0,0.0,0.0,0.0,0.8532845800025688,False,False,-146.0,1698764.7336721502,2097056.8476920074,4.772935633628628,202184.71852651885,0.00950939340803149,0.0011363189851772303,0.7943282347242815,0.7
nan,0.0,0.0,0.0,0.0,0.0,0.0,0.0,0.0,0.0,1.0937928242974577,False,False,-144.0,1698764.7336721502,2111134.090451041,4.614436855546364,207136.4266708715,0.008484685192077217,0.0011212238990493098,0.7943282347242815,0.7
nan,0.0,0.0,0.0,0.0,0.0,0.0,0.0,0.0,0.0,0.7829259949602965,False,False,-142.0,1698764.7336721502,2125214.464348685,4.457196576223924,212258.75453422917,0.007540713743656149,0.0011064243025006707,0.7943282347242815,0.7
nan,0.0,0.0,0.0,0.0,0.0,0.0,0.0,0.0,0.0,1.279590227423712,False,False,-140.0,1698764.7336721502,2139297.8390356633,4.301190214886408,217558.54801234294,0.006674435182923568,0.0010919126898638273,0.7943282347242815,0.7
nan,0.0,0.0,0.0,0.0,0.0,0.0,0.0,0.0,0.0,0.793694930502295,False,False,-138.0,1698764.7336721502,2153384.0870925966,4.146393813987768,223042.85096786366,0.005882629416351823,0.0010776817870935197,0.7943282347242815,0.7
nan,0.0,0.0,0.0,0.0,0.0,0.0,0.0,0.0,0.0,0.9287819412372467,False,False,-136.0,1698764.7336721502,2167473.0839368817,3.992784020004942,228718.89489669053,0.005161917403157097,0.0010637245434490814,0.7943282347242815,0.7
nan,0.0,0.0,0.0,0.0,0.0,0.0,0.0,0.0,0.0,0.7905485520824103,False,False,-134.0,1698764.7336721502,2181564.7077330467,3.840338064920862,234594.08571383226,0.004508781016042076,0.0010500341235135462,0.7943282347242815,0.7
nan,0.0,0.0,0.0,0.0,0.0,0.0,0.0,0.0,0.0,0.5769998818121376,False,False,-132.0,1698764.7336721502,2195658.839306441,3.689033748368717,240675.98737057272,0.003919585354800881,0.0010366038995345142,0.7943282347242815,0.7
nan,0.0,0.0,0.0,0.0,0.0,0.0,0.0,0.0,0.0,0.738878642761936,False,False,-130.0,1698764.7336721502,2209755.362060114,3.53884942041092,246972.30202208646,0.0033906032953787244,0.0010234274440725287,0.7943282347242815,0.7
nan,0.0,0.0,0.0,0.0,0.0,0.0,0.0,0.0,0.0,0.9248413738168403,False,False,-128.0,1698764.7336721502,2223854.161894751,3.3897639649269085,253490.84648122374,0.0029180419777758934,0.0010104985229433669,0.7943282347242815,0.7
nan,0.0,0.0,0.0,0.0,0.0,0.0,0.0,0.0,0.0,1.0415032546078808,False,False,-126.0,1698764.7336721502,2237955.1271315417,3.24175678358602,260239.5247221952,0.0024980708566423506,0.000997811088441319,0.7943282347242815,0.7
nan,0.0,0.0,0.0,0.0,0.0,0.0,0.0,0.0,0.0,1.379071483566596,False,False,-124.0,1698764.7336721502,2252058.148437847,3.0948077803815917,267226.2962379927,0.0021268508621751173,0.0009853592728311347,0.7943282347242815,0.7
nan,0.0,0.0,0.0,0.0,0.0,0.0,0.0,0.0,0.0,1.0612237659962562,False,False,-122.0,1698764.7336721502,2266163.1187555604,2.9488973467043857,274459.14011052286,0.0018005641499523814,0.0009731373820968736,0.7943282347242815,0.7
nan,0.0,0.0,0.0,0.0,0.0,0.0,0.0,0.0,0.0,0.9583658611659492,False,False,-120.0,1698764.7336721502,2280269.933232047,2.8040063469339827,281946.0147225161,0.0015154438611229616,0.000961139889936494,0.7943282347242815,0.7
nan,0.0,0.0,0.0,0.0,0.0,0.0,0.0,0.0,0.0,0.7343935833960137,False,False,-118.0,1698764.7336721502,2294378.4891535533,2.660116104527672,289694.8131268222,0.0012678032733104763,0.0009493614319914996,0.7943282347242815,0.7
nan,0.0,0.0,0.0,0.0,0.0,0.0,0.0,0.0,0.0,1.2342366409242507,False,False,-116.0,1698764.7336721502,2308488.6858809916,2.5172083885876457,297713.3141914992,0.001054063701923191,0.0009377968003014826,0.7943282347242815,0.7
nan,0.0,0.0,0.0,0.0,0.0,0.0,0.0,0.0,0.0,1.319109718199197,False,False,-114.0,1698764.7336721502,2322600.4247879917,2.3752654008875282,306009.1297574146,0.0008707805148565889,0.0009264409379738862,0.7943282347242815,0.7
nan,0.0,0.0,0.0,0.0,0.0,0.0,0.0,0.0,0.0,0.6689556131647414,False,False,-112.0,1698764.7336721502,2336713.609201146,2.2342697633406132,314589.64817733737,0.0007146666533795172,0.0009152889340597233,0.7943282347242815,0.7
nan,0.0,0.0,0.0,0.0,0.0,0.0,0.0,0.0,0.0,0.3874549959232648,False,False,-110.0,1698764.7336721502,2350828.1443423373,2.09420450589279,323461.9747480842,0.0005826131094546173,0.0009043360186264727,0.7943282347242815,0.7
nan,0.0,0.0,0.0,0.0,0.0,0.0,0.0,0.0,0.0,0.7979764380235039,False,False,-108.0,1698764.7336721502,2364943.9372730865,1.9550530548237621,332632.8696965285,0.00047170589423185794,0.0008935775580197262,0.7943282347242815,0.7
nan,0.0,0.0,0.0,0.0,0.0,0.0,0.0,0.0,0.0,1.1007016554455729,False,False,-106.0,1698764.7336721502,2379060.8968408285,1.8167992214408415,342108.684531038,0.0003792391414261899,0.0008830090503055908,0.7943282347242815,0.7
nan,0.0,0.0,0.0,0.0,0.0,0.0,0.0,0.0,0.0,1.3483354967173966,False,False,-104.0,1698764.7336721502,2393178.9336270345,1.6794271911504177,351895.2977133746,0.0003027241182325814,0.0008726261208861979,0.7943282347242815,0.7
nan,0.0,0.0,0.0,0.0,0.0,0.0,0.0,0.0,0.0,0.8745140366702339,False,False,-102.0,1698764.7336721502,2407297.959897128,1.5429215128929483,361998.0507377501,0.00023989405892659645,0.0008624245182810227,0.7943282347242815,0.7
nan,0.0,0.0,0.0,0.0,0.0,0.0,0.0,0.0,0.0,0.8284807707898826,False,False,-100.0,1698764.7336721502,2421417.8895521024,1.407267088927481,372421.6858122688,0.00018870488456259474,0.0008524001100670602,0.7943282347242815,0.7
nan,0.0,0.0,0.0,0.0,0.0,0.0,0.0,0.0,0.0,1.4074396396566107,False,False,-98.0,1698764.7336721502,2435538.6380817797,1.2724491649524041,383170.2864170927,0.00014733201746574187,0.0008425488789712229,0.7943282347242815,0.7
nan,0.0,0.0,0.0,0.0,0.0,0.0,0.0,0.0,0.0,0.8024319398811351,False,False,-96.0,1698764.7336721502,2449660.122519661,1.1384533205505962,394247.2220545477,0.00011416363265462961,0.0008328669191085999,0.7943282347242815,0.7
nan,0.0,0.0,0.0,0.0,0.0,0.0,0.0,0.0,0.0,1.5806103346500016,False,False,-94.0,1698764.7336721502,2463782.261399283,1.0052654599457769,405655.09850241494,8.779080169660613e-05,0.0008233504323605551,0.7943282347242815,0.7
nan,0.0,0.0,0.0,0.0,0.0,0.0,0.0,0.0,0.0,1.206538169005085,False,False,-92.0,1698764.7336721502,2477904.9747120407,0.872871803059465,417395.7148293634,6.699507099911733e-05,0.0008139957248868631,0.7943282347242815,0.7
nan,0.0,0.0,0.0,0.0,0.0,0.0,0.0,0.0,0.0,1.2928093494904684,False,False,-90.0,1698764.7336721502,2492028.183866416,0.7412588768567662,429470.02832649695,5.073407151284214e-05,0.0008047992037663741,0.7943282347242815,0.7
nan,0.0,0.0,0.0,0.0,0.0,0.0,0.0,0.0,0.0,0.7668704232977003,False,False,-88.0,1698764.7336721502,2506151.811648551,0.6104135069708777,441878.12835468206,3.8125778152180094e-05,0.000795757373760943,0.7943282347242815,0.7
nan,0.0,0.0,0.0,0.0,0.0,0.0,0.0,0.0,0.0,0.632595853815904,False,False,-86.0,1698764.7336721502,2520275.7821841245,0.48032280959548235,454619.21990578197,2.8432025563666914e-05,0.0007868668341975778,0.7943282347242815,0.7
nan,0.0,0.0,0.0,0.0,0.0,0.0,0.0,0.0,0.0,0.9856821669683047,False,False,-84.0,1698764.7336721502,2534400.020901481,0.35097418363603755,467691.6174357625,2.104184541171826e-05,0.0007781242759640032,0.7943282347242815,0.7
nan,0.0,0.0,0.0,0.0,0.0,0.0,0.0,0.0,0.0,1.171565866070305,False,False,-82.0,1698764.7336721502,2548524.454495955,0.22235530310969126,481092.7492580849,1.5455124482618126e-05,0.0007695264786130504,0.7943282347242815,0.7
nan,0.0,0.0,0.0,0.0,0.0,0.0,0.0,0.0,0.0,1.0858400166479716,False,False,-80.0,1698764.7336721502,2562649.01089536,0.09445410978552227,494819.17250010505,1.1266999498825075e-05,0.0007610703075714646,0.7943282347242815,0.7
nan,0.0,0.0,0.0,0.0,0.0,0.0,0.0,0.0,0.0,1.0977007864093997,False,False,-78.0,1698764.7336721502,2576773.619226595,-0.03274119394388163,505212.8264405012,8.868940383288782e-06,0.0007527527114489462,0.7943282347242815,0.7
nan,0.0,0.0,0.0,0.0,0.0,0.0,0.0,0.0,0.0,1.69938308350856,False,False,-76.0,1698764.7336721502,2590898.209783313,-0.1592421519678158,505212.8264405012,8.868940383288782e-06,0.0007445707194434086,0.7943282347242815,0.7
nan,0.0,0.0,0.0,0.0,0.0,0.0,0.0,0.0,0.0,1.4569219185166373,False,False,-74.0,1698764.7336721502,2605022.713994638,-0.2850600611477576,505212.8264405012,8.868940383288782e-06,0.0007365214388386078,0.7943282347242815,0.7
nan,0.0,0.0,0.0,0.0,0.0,0.0,0.0,0.0,0.0,1.2511042011646312,False,False,-72.0,1698764.7336721502,2619147.0643948675,-0.4102059777999672,505212.8264405012,8.868940383288782e-06,0.0007286020525904844,0.7943282347242815,0.7
nan,0.0,0.0,0.0,0.0,0.0,0.0,0.0,0.0,0.0,1.0263293111856338,False,False,-70.0,1698764.7336721502,2633271.1945941397,-0.5346907239782146,505212.8264405012,8.868940383288782e-06,0.0007208098169986986,0.7943282347242815,0.7
nan,0.0,0.0,0.0,0.0,0.0,0.0,0.0,0.0,0.0,1.1396717061398227,False,False,-68.0,1698764.7336721502,2647395.0392500227,-0.658524893563332,505212.8264405012,8.868940383288782e-06,0.0007131420594600067,0.7943282347242815,0.7
nan,0.0,0.0,0.0,0.0,0.0,0.0,0.0,0.0,0.0,0.966462647723833,False,False,-66.0,1698764.7336721502,2661518.5340400003,-0.7817188581664719,505212.8264405012,8.868940383288782e-06,0.0007055961763002593,0.7943282347242815,0.7
nan,0.0,0.0,0.0,0.0,0.0,0.0,0.0,0.0,0.0,1.074910554385161,False,False,-64.0,1698764.7336721502,2675641.6156348097,-0.9042827728526281,505212.8264405012,8.868940383288782e-06,0.0006981696306819558,0.7943282347242815,0.7
nan,0.0,0.0,0.0,0.0,0.0,0.0,0.0,0.0,0.0,1.3569372961855126,False,False,-62.0,1698764.7336721502,2689764.221672614,-1.0262265816905647,505212.8264405012,8.868940383288782e-06,0.0006908599505844012,0.7943282347242815,0.7
nan,0.0,0.0,0.0,0.0,0.0,0.0,0.0,0.0,0.0,1.1836108290101384,False,False,-60.0,1698764.7336721502,2703886.2907339693,-1.1475600231353191,505212.8264405012,8.868940383288782e-06,0.0006836647268536599,0.7943282347242815,0.7
nan,0.0,0.0,0.0,0.0,0.0,0.0,0.0,0.0,0.0,1.0397728107269837,False,False,-58.0,1698764.7336721502,2718007.7623175653,-1.268292635248991,505212.8264405012,8.868940383288782e-06,0.000676581611319598,0.7943282347242815,0.7
nan,0.0,0.0,0.0,0.0,0.0,0.0,0.0,0.0,0.0,0.7008842203934822,False,False,-56.0,1698764.7336721502,2732128.5768167083,-1.3884337607652706,505212.8264405012,8.868940383288782e-06,0.000669608314977444,0.7943282347242815,0.7
nan,0.0,0.0,0.0,0.0,0.0,0.0,0.0,0.0,0.0,0.5358967796026428,False,False,-54.0,1698764.7336721502,2746248.6754965186,-1.5079925520032509,505212.8264405012,8.868940383288782e-06,0.000662742606231384,0.7943282347242815,0.7
nan,0.0,0.0,0.0,0.0,0.0,0.0,0.0,0.0,0.0,0.6133693661372163,False,False,-52.0,1698764.7336721502,2760368.000471824,-1.6269779756355385,505212.8264405012,8.868940383288782e-06,0.0006559823091978278,0.7943282347242815,0.7
nan,0.0,0.0,0.0,0.0,0.0,0.0,0.0,0.0,0.0,1.0801109438087908,False,False,-50.0,1698764.7336721502,2774486.4946857207,-1.7453988173155972,505212.8264405012,8.868940383288782e-06,0.0006493253020660767,0.7943282347242815,0.7
nan,0.0,0.0,0.0,0.0,0.0,0.0,0.0,0.0,0.0,0.9734508510745518,False,False,-48.0,1698764.7336721502,2788604.1018887735,-1.8632636861691827,505212.8264405012,8.868940383288782e-06,0.0006427695155142165,0.7943282347242815,0.7
nan,0.0,0.0,0.0,0.0,0.0,0.0,0.0,0.0,0.0,0.8778596163296772,False,False,-46.0,1698764.7336721502,2802720.7666188465,-1.9805810191542206,505212.8264405012,8.868940383288782e-06,0.0006363129311781523,0.7943282347242815,0.7
nan,0.0,0.0,0.0,0.0,0.0,0.0,0.0,0.0,0.0,0.9691468668725527,False,False,-44.0,1698764.7336721502,2816836.4341815286,-2.0973590852939257,505212.8264405012,8.868940383288782e-06,0.0006299535801717875,0.7943282347242815,0.7
nan,0.0,0.0,0.0,0.0,0.0,0.0,0.0,0.0,0.0,0.7806151997027589,False,False,-42.0,1698764.7336721502,2830951.0506311413,-2.213605989786954,505212.8264405012,8.868940383288782e-06,0.0006236895416564359,0.7943282347242815,0.7
nan,0.0,0.0,0.0,0.0,0.0,0.0,0.0,0.0,0.0,0.6790232374884256,False,False,-40.0,1698764.7336721502,2845064.5627523093,-2.329329677998961,505212.8264405012,8.868940383288782e-06,0.0006175189414576231,0.7943282347242815,0.7
nan,0.0,0.0,0.0,0.0,0.0,0.0,0.0,0.0,0.0,1.0923902029242902,False,False,-38.0,1698764.7336721502,2859176.9180420684,-2.444537939339412,505212.8264405012,8.868940383288782e-06,0.0006114399507275264,0.7943282347242815,0.7
nan,0.0,0.0,0.0,0.0,0.0,0.0,0.0,0.0,0.0,1.4620155909103378,False,False,-36.0,1698764.7336721502,2873288.0646925005,-2.5592384110274407,505212.8264405012,8.868940383288782e-06,0.0006054507846513578,0.7943282347242815,0.7
nan,0.0,0.0,0.0,0.0,0.0,0.0,0.0,0.0,0.0,1.0329027421831884,False,False,-34.0,1698764.7336721502,2887397.9515738715,-2.6734385817502355,505212.8264405012,8.868940383288782e-06,0.0005995497011960743,0.7943282347242815,0.7
nan,0.0,0.0,0.0,0.0,0.0,0.0,0.0,0.0,0.0,0.9104505095332931,False,False,-32.0,1698764.7336721502,2901506.5282182605,-2.787145795217804,505212.8264405012,8.868940383288782e-06,0.00059373499989986,0.7943282347242815,0.7
nan,0.0,0.0,0.0,0.0,0.0,0.0,0.0,0.0,0.0,1.1443012141729185,False,False,-30.0,1698764.7336721502,2915613.7448036615,-2.900367253617188,505212.8264405012,8.868940383288782e-06,0.0005880050207008893,0.7943282347242815,0.7
nan,0.0,0.0,0.0,0.0,0.0,0.0,0.0,0.0,0.0,0.8943945432495987,False,False,-28.0,1698764.7336721502,2929719.552138536,-3.0131100209695445,505212.8264405012,8.868940383288782e-06,0.0005823581428039442,0.7943282347242815,0.7
nan,0.0,0.0,0.0,0.0,0.0,0.0,0.0,0.0,0.0,1.110274468887772,False,False,-26.0,1698764.7336721502,2943823.901646816,-3.1253810263930126,505212.8264405012,8.868940383288782e-06,0.0005767927835835059,0.7943282347242815,0.7
nan,0.0,0.0,0.0,0.0,0.0,0.0,0.0,0.0,0.0,0.9035618545505174,False,False,-24.0,1698764.7336721502,2957926.74535333,-3.237187067274808,505212.8264405012,8.868940383288782e-06,0.0005713073975220082,0.7943282347242815,0.7
nan,0.0,0.0,0.0,0.0,0.0,0.0,0.0,0.0,0.0,0.6776287439566666,False,False,-22.0,1698764.7336721502,2972028.035869639,-3.348534812355001,505212.8264405012,8.868940383288782e-06,0.0005659004751819842,0.7943282347242815,0.7
nan,0.0,0.0,0.0,0.0,0.0,0.0,0.0,0.0,0.0,0.8412435607921018,False,False,-20.0,1698764.7336721502,2986127.7263802793,-3.4594308047251454,505212.8264405012,8.868940383288782e-06,0.0005605705422108929,0.7943282347242815,0.7
nan,0.0,0.0,0.0,0.0,0.0,0.0,0.0,0.0,0.0,1.4617304303966747,False,False,-18.0,1698764.7336721502,3000225.770629386,-3.569881464744161,505212.8264405012,8.868940383288782e-06,0.0005553161583774552,0.7943282347242815,0.7
nan,0.0,0.0,0.0,0.0,0.0,0.0,0.0,0.0,0.0,0.8335080916313063,False,False,-16.0,1698764.7336721502,3014322.1229076907,-3.679893092874394,505212.8264405012,8.868940383288782e-06,0.0005501359166383844,0.7943282347242815,0.7
nan,0.0,0.0,0.0,0.0,0.0,0.0,0.0,0.0,0.0,1.200455498929678,False,False,-14.0,1698764.7336721502,3028416.73803989,-3.7894718724400387,505212.8264405012,8.868940383288782e-06,0.0005450284422344248,0.7943282347242815,0.7
nan,0.0,0.0,0.0,0.0,0.0,0.0,0.0,0.0,0.0,0.9360687563574133,False,False,-12.0,1698764.7336721502,3042509.5713723497,-3.8986238723106683,505212.8264405012,8.868940383288782e-06,0.0005399923918146733,0.7943282347242815,0.7
nan,0.0,0.0,0.0,0.0,0.0,0.0,0.0,0.0,0.0,1.0410695371179055,False,False,-10.0,1698764.7336721502,3056600.5787611646,-4.007355049512073,505212.8264405012,8.868940383288782e-06,0.0005350264525881825,0.7943282347242815,0.7
nan,0.0,0.0,0.0,0.0,0.0,0.0,0.0,0.0,0.0,0.7466286956601984,False,False,-8.0,1698764.7336721502,3070689.716560531,-4.115671251766624,505212.8264405012,8.868940383288782e-06,0.0005301293415018942,0.7943282347242815,0.7
nan,0.0,0.0,0.0,0.0,0.0,0.0,0.0,0.0,0.0,0.7179251943425021,False,False,-6.0,1698764.7336721502,3084776.9416114534,-4.223578219965347,505212.8264405012,8.868940383288782e-06,0.0005252998044439782,0.7943282347242815,0.7
nan,0.0,0.0,0.0,0.0,0.0,0.0,0.0,0.0,0.0,1.1642513053767902,False,False,-4.0,1698764.7336721502,3098862.2112307446,-4.331081590573918,505212.8264405012,8.868940383288782e-06,0.0005205366154717026,0.7943282347242815,0.7
nan,0.0,0.0,0.0,0.0,0.0,0.0,0.0,0.0,0.0,1.0557663132588853,False,False,-2.0,1698764.7336721502,3112945.483200336,-4.438186897974668,505212.8264405012,8.868940383288782e-06,0.0005158385760629752,0.7943282347242815,0.7
nan,0.0,0.0,0.0,0.0,0.0,0.0,0.0,0.0,0.0,1.0628297009019216,False,False,0.0,1698764.7336721502,3127026.7157568666,-4.544899576746228,505212.8264405012,8.868940383288782e-06,0.0005112045143907492,0.7943282347242815,0.7
nan,0.0,0.0,0.0,0.0,0.0,0.0,0.0,0.0,0.0,0.7432375006978774,False,False,2.0,1698764.7336721502,3141105.8675815626,-4.651224963883112,505212.8264405012,8.868940383288782e-06,0.0005066332846194996,0.7943282347242815,0.7
nan,0.0,0.0,0.0,0.0,0.0,0.0,0.0,0.0,0.0,1.3670037230439678,False,False,4.0,1698764.7336721502,3155182.8977903803,-4.757168300956739,505212.8264405012,8.868940383288782e-06,0.00050212376622302,0.7943282347242815,0.7
nan,0.0,0.0,0.0,0.0,0.0,0.0,0.0,0.0,0.0,1.4282885728742656,False,False,6.0,1698764.7336721502,3169257.7659244183,-4.862734736219995,505212.8264405012,8.868940383288782e-06,0.0004976748633228088,0.7943282347242815,0.7
nan,0.0,0.0,0.0,0.0,0.0,0.0,0.0,0.0,0.0,2.1100345376164586,False,False,8.0,1698764.7336721502,3183330.431940576,-4.967929326656656,505212.8264405012,8.868940383288782e-06,0.0004932855040463495,0.7943282347242815,0.7
nan,0.0,0.0,0.0,0.0,0.0,0.0,0.0,0.0,0.0,1.4931677383345625,False,False,10.0,1698764.7336721502,3197400.856202471,-5.0727570399776845,505212.8264405012,8.868940383288782e-06,0.0004889546399046051,0.7943282347242815,0.7
nan,0.0,0.0,0.0,0.0,0.0,0.0,0.0,0.0,0.0,1.909400284236719,False,False,12.0,1698764.7336721502,3211468.9994715857,-5.177222756565766,505212.8264405012,8.868940383288782e-06,0.000484681245188087,0.7943282347242815,0.7
nan,0.0,0.0,0.0,0.0,0.0,0.0,0.0,0.0,0.0,1.2294898885841,False,False,14.0,1698764.7336721502,3225534.8228986524,-5.281331271369675,505212.8264405012,8.868940383288782e-06,0.0004804643163808667,0.7943282347242815,0.7
nan,0.0,0.0,0.0,0.0,0.0,0.0,0.0,0.0,0.0,1.5045028990809977,False,False,16.0,1698764.7336721502,3239598.2880152613,-5.385087295749966,505212.8264405012,8.868940383288782e-06,0.0004763028715919335,0.7943282347242815,0.7
nan,0.0,0.0,0.0,0.0,0.0,0.0,0.0,0.0,0.0,0.943818739534239,False,False,18.0,1698764.7336721502,3253659.35672569,-5.48849545927758,505212.8264405012,8.868940383288782e-06,0.00047219595000332017,0.7943282347242815,0.7
nan,0.0,0.0,0.0,0.0,0.0,0.0,0.0,0.0,0.0,0.6076282380823396,False,False,20.0,1698764.7336721502,3267717.991298938,-5.59156031148637,505212.8264405012,8.868940383288782e-06,0.000468142611334438,0.7943282347242815,0.7
nan,0.0,0.0,0.0,0.0,0.0,0.0,0.0,0.0,0.0,0.7860733472268745,False,False,22.0,1698764.7336721502,3281774.1543609775,-5.6942863235813705,505212.8264405012,8.868940383288782e-06,0.00046414193532208557,0.7943282347242815,0.7
nan,0.0,0.0,0.0,0.0,0.0,0.0,0.0,0.0,0.0,0.7181179096922315,False,False,24.0,1698764.7336721502,3295827.8088871907,-5.796677890103763,505212.8264405012,8.868940383288782e-06,0.0004601930212156134,0.7943282347242815,0.7
nan,0.0,0.0,0.0,0.0,0.0,0.0,0.0,0.0,0.0,0.7806191440710697,False,False,26.0,1698764.7336721502,3309878.918195016,-5.898739330553899,505212.8264405012,8.868940383288782e-06,0.00045629498728674676,0.7943282347242815,0.7
nan,0.0,0.0,0.0,0.0,0.0,0.0,0.0,0.0,0.0,0.7539291241011427,False,False,28.0,1698764.7336721502,3323927.445936769,-6.000474890973636,505212.8264405012,8.868940383288782e-06,0.00045244697035359,0.7943282347242815,0.7
nan,0.0,0.0,0.0,0.0,0.0,0.0,0.0,0.0,0.0,0.6348900998584412,False,False,30.0,1698764.7336721502,3337973.3560926504,-6.101888745489135,505212.8264405012,8.868940383288782e-06,0.00044864812531834425,0.7943282347242815,0.7
nan,0.0,0.0,0.0,0.0,0.0,0.0,0.0,0.0,0.0,0.7332638686296137,False,False,32.0,1698764.7336721502,3352016.612963935,-6.2029849978153075,505212.8264405012,8.868940383288782e-06,0.00044489762471829736,0.7943282347242815,0.7
nan,0.0,0.0,0.0,0.0,0.0,0.0,0.0,0.0,0.0,0.9325857153244346,False,False,34.0,1698764.7336721502,3366057.181166325,-6.303767682722808,505212.8264405012,8.868940383288782e-06,0.00044119465828965494,0.7943282347242815,0.7
nan,0.0,0.0,0.0,0.0,0.0,0.0,0.0,0.0,0.0,0.673540591012766,False,False,36.0,1698764.7336721502,3380095.0256234803,-6.404240767468958,505212.8264405012,8.868940383288782e-06,0.0004375384325437974,0.7943282347242815,0.7
nan,0.0,0.0,0.0,0.0,0.0,0.0,0.0,0.0,0.0,0.798366807749242,False,False,38.0,1698764.7336721502,3394130.1115606986,-6.504408153193325,505212.8264405012,8.868940383288782e-06,0.0004339281703555666,0.7943282347242815,0.7
nan,0.0,0.0,0.0,0.0,0.0,0.0,0.0,0.0,0.0,0.8062119858451063,False,False,40.0,1698764.7336721502,3408162.4044987606,-6.604273676279266,505212.8264405012,8.868940383288782e-06,0.0004303631105631938,0.7943282347242815,0.7
nan,0.0,0.0,0.0,0.0,0.0,0.0,0.0,0.0,0.0,1.2558694102978138,False,False,42.0,1698764.7336721502,3422191.8702479345,-6.703841109682059,505212.8264405012,8.868940383288782e-06,0.00042684250757949545,0.7943282347242815,0.7
nan,0.0,0.0,0.0,0.0,0.0,0.0,0.0,0.0,0.0,1.2935825059483537,False,False,44.0,1698764.7336721502,3436218.474902106,-6.803114164224823,505212.8264405012,8.868940383288782e-06,0.0004233656310139912,0.7943282347242815,0.7
nan,0.0,0.0,0.0,0.0,0.0,0.0,0.0,0.0,0.0,0.8764750480650467,False,False,46.0,1698764.7336721502,3450242.1848330833,-6.902096489862975,505212.8264405012,8.868940383288782e-06,0.0004199317653055768,0.7943282347242815,0.7
nan,0.0,0.0,0.0,0.0,0.0,0.0,0.0,0.0,0.0,0.6936243190804765,False,False,48.0,1698764.7336721502,3464262.9666850185,-7.000791676918274,505212.8264405012,8.868940383288782e-06,0.00041654020936543945,0.7943282347242815,0.7
nan,0.0,0.0,0.0,0.0,0.0,0.0,0.0,0.0,0.0,1.0146585875807241,False,False,50.0,1698764.7336721502,3478280.7873689746,-7.099203257283061,505212.8264405012,8.868940383288782e-06,0.00041319027622988333,0.7943282347242815,0.7
nan,0.0,0.0,0.0,0.0,0.0,0.0,0.0,0.0,0.0,0.8236593133544776,False,False,52.0,1698764.7336721502,3492295.614057626,-7.197334705595754,505212.8264405012,8.868940383288782e-06,0.0004098812927227531,0.7943282347242815,0.7
nan,0.0,0.0,0.0,0.0,0.0,0.0,0.0,0.0,0.0,0.7998479391676171,False,False,54.0,1698764.7336721502,3506307.4141800827,-7.295189440388232,505212.8264405012,8.868940383288782e-06,0.0004066125991271627,0.7943282347242815,0.7
nan,0.0,0.0,0.0,0.0,0.0,0.0,0.0,0.0,0.0,0.5277237401071408,False,False,56.0,1698764.7336721502,3520316.1554168444,-7.392770825205906,505212.8264405012,8.868940383288782e-06,0.0004033835488662357,0.7943282347242815,0.7
nan,0.0,0.0,0.0,0.0,0.0,0.0,0.0,0.0,0.0,1.216376375157156,False,False,58.0,1698764.7336721502,3534321.805694876,-7.490082169701413,505212.8264405012,8.868940383288782e-06,0.0004001935081925751,0.7943282347242815,0.7
nan,0.0,0.0,0.0,0.0,0.0,0.0,0.0,0.0,0.0,0.9182607269363421,False,False,60.0,1698764.7336721502,3548324.333182794,-7.587126730702224,505212.8264405012,8.868940383288782e-06,0.00039704185588620246,0.7943282347242815,0.7
nan,0.0,0.0,0.0,0.0,0.0,0.0,0.0,0.0,0.0,0.615266375342657,False,False,62.0,1698764.7336721502,3562323.70628618,-7.683907713253494,505212.8264405012,8.868940383288782e-06,0.0003939279829606928,0.7943282347242815,0.7
nan,0.0,0.0,0.0,0.0,0.0,0.0,0.0,0.0,0.0,0.7657454561562073,False,False,64.0,1698764.7336721502,3576319.8936429936,-7.780428271636163,505212.8264405012,8.868940383288782e-06,0.0003908512923772667,0.7943282347242815,0.7
nan,0.0,0.0,0.0,0.0,0.0,0.0,0.0,0.0,0.0,0.6164101024869766,False,False,66.0,1698764.7336721502,3590312.8641191055,-7.87669151036152,505212.8264405012,8.868940383288782e-06,0.00038781119876658496,0.7943282347242815,0.7
nan,0.0,0.0,0.0,0.0,0.0,0.0,0.0,0.0,0.0,0.5386593268501446,False,False,68.0,1698764.7336721502,3604302.586803927,-7.97270048514246,505212.8264405012,8.868940383288782e-06,0.0003848071281580216,0.7943282347242815,0.7
nan,0.0,0.0,0.0,0.0,0.0,0.0,0.0,0.0,0.0,0.7469893693050992,False,False,70.0,1698764.7336721502,3618289.0310061467,-8.068458203842473,505212.8264405012,8.868940383288782e-06,0.0003818385177161793,0.7943282347242815,0.7
nan,0.0,0.0,0.0,0.0,0.0,0.0,0.0,0.0,0.0,0.560947168617341,False,False,72.0,1698764.7336721502,3632272.166249566,-8.16396762740243,505212.8264405012,8.868940383288782e-06,0.00037890481548443487,0.7943282347242815,0.7
nan,0.0,0.0,0.0,0.0,0.0,0.0,0.0,0.0,0.0,0.9956684462038712,False,False,74.0,1698764.7336721502,3646251.962269038,-8.25923167074633,505212.8264405012,8.868940383288782e-06,0.00037600548013529833,0.7943282347242815,0.7
nan,0.0,0.0,0.0,0.0,0.0,0.0,0.0,0.0,0.0,1.235208936747238,False,False,76.0,1698764.7336721502,3660228.389006486,-8.354253203666117,505212.8264405012,8.868940383288782e-06,0.0003731399807273852,0.7943282347242815,0.7
nan,0.0,0.0,0.0,0.0,0.0,0.0,0.0,0.0,0.0,1.7313143899391676,False,False,78.0,1698764.7336721502,3674201.416607036,-8.44903505168634,505212.8264405012,8.868940383288782e-06,0.0003703077964687993,0.7943282347242815,0.7
nan,0.0,0.0,0.0,0.0,0.0,0.0,0.0,0.0,0.0,1.0077549425359145,False,False,80.0,1698764.7336721502,3688171.0154152173,-8.543579996909177,505212.8264405012,8.868940383288782e-06,0.00036750841648673855,0.7943282347242815,0.7
nan,0.0,0.0,0.0,0.0,0.0,0.0,0.0,0.0,0.0,1.3049876508011773,False,False,82.0,1698764.7336721502,3702137.1559712663,-8.637890778840188,505212.8264405012,8.868940383288782e-06,0.0003647413396031381,0.7943282347242815,0.7
nan,0.0,0.0,0.0,0.0,0.0,0.0,0.0,0.0,0.0,1.2365108860989185,False,False,84.0,1698764.7336721502,3716099.809007506,-8.731970095195669,505212.8264405012,8.868940383288782e-06,0.0003620060741161714,0.7943282347242815,0.7
nan,0.0,0.0,0.0,0.0,0.0,0.0,0.0,0.0,0.0,1.0444689698393677,False,False,86.0,1698764.7336721502,3730058.945444812,-8.825820602691463,505212.8264405012,8.868940383288782e-06,0.0003593021375874347,0.7943282347242815,0.7
nan,0.0,0.0,0.0,0.0,0.0,0.0,0.0,0.0,0.0,0.8146025065375152,False,False,88.0,1698764.7336721502,3744014.5363891623,-8.91944491781445,505212.8264405012,8.868940383288782e-06,0.0003566290566346516,0.7943282347242815,0.7
nan,0.0,0.0,0.0,0.0,0.0,0.0,0.0,0.0,0.0,0.9517825460161071,False,False,90.0,1698764.7336721502,3757966.553128259,-9.012845617576499,505212.8264405012,8.868940383288782e-06,0.00035398636672973223,0.7943282347242815,0.7
nan,0.0,0.0,0.0,0.0,0.0,0.0,0.0,0.0,0.0,1.3889902873213338,False,False,92.0,1698764.7336721502,3771914.9671282265,-9.106025240251844,505212.8264405012,8.868940383288782e-06,0.0003513736120020344,0.7943282347242815,0.7
nan,0.0,0.0,0.0,0.0,0.0,0.0,0.0,0.0,0.0,1.5067479323573476,False,False,94.0,1698764.7336721502,3785859.7500303946,-9.198986286097954,505212.8264405012,8.868940383288782e-06,0.0003487903450466684,0.7943282347242815,0.7
nan,0.0,0.0,0.0,0.0,0.0,0.0,0.0,0.0,0.0,1.0175486681843129,False,False,96.0,1698764.7336721502,3799800.8736481424,-9.291731218060605,505212.8264405012,8.868940383288782e-06,0.000346236126737709,0.7943282347242815,0.7
nan,0.0,0.0,0.0,0.0,0.0,0.0,0.0,0.0,0.0,0.7448290796117691,False,False,98.0,1698764.7336721502,3813738.3099638177,-9.384262462463193,505212.8264405012,8.868940383288782e-06,0.00034371052604616355,0.7943282347242815,0.7
nan,0.0,0.0,0.0,0.0,0.0,0.0,0.0,0.0,0.0,1.1577064609807606,False,False,100.0,1698764.7336721502,3827672.0311257234,-9.476582409681175,505212.8264405012,8.868940383288782e-06,0.00034121311986256447,0.7943282347242815,0.7
nan,0.0,0.0,0.0,0.0,0.0,0.0,0.0,0.0,0.0,0.9076532406404645,False,False,102.0,1698764.7336721502,3841602.009445176,-9.568693414801606,505212.8264405012,8.868940383288782e-06,0.0003387434928240512,0.7943282347242815,0.7
nan,0.0,0.0,0.0,0.0,0.0,0.0,0.0,0.0,0.0,0.9395598171089585,False,False,104.0,1698764.7336721502,3855528.2173936223,-9.660597798268203,505212.8264405012,8.868940383288782e-06,0.0003363012371458141,0.7943282347242815,0.7
nan,0.0,0.0,0.0,0.0,0.0,0.0,0.0,0.0,0.0,1.2395092130217247,False,False,106.0,1698764.7336721502,3869450.627599825,-9.75229784651268,505212.8264405012,8.868940383288782e-06,0.000333885952456775,0.7943282347242815,0.7
nan,0.0,0.0,0.0,0.0,0.0,0.0,0.0,0.0,0.0,1.5018100398160543,False,False,108.0,1698764.7336721502,3883369.2128471085,-9.84379581257208,505212.8264405012,8.868940383288782e-06,0.000331497245639384,0.7943282347242815,0.7
nan,0.0,0.0,0.0,0.0,0.0,0.0,0.0,0.0,0.0,1.5462273642929016,False,False,110.0,1698764.7336721502,3897283.946070664,-9.935093916693024,505212.8264405012,8.868940383288782e-06,0.000329134730673416,0.7943282347242815,0.7
nan,0.0,0.0,0.0,0.0,0.0,0.0,0.0,0.0,0.0,1.6290484447655726,False,False,112.0,1698764.7336721502,3911194.80035492,-10.026194346922853,505212.8264405012,8.868940383288782e-06,0.0003267980284836546,0.7943282347242815,0.7
nan,0.0,0.0,0.0,0.0,0.0,0.0,0.0,0.0,0.0,1.1121703705488515,False,False,114.0,1698764.7336721502,3925101.748930955,-10.117099259688125,505212.8264405012,8.868940383288782e-06,0.0003244867667913537,0.7943282347242815,0.7
nan,0.0,0.0,0.0,0.0,0.0,0.0,0.0,0.0,0.0,1.0692110140636457,False,False,116.0,1698764.7336721502,3939004.7651739884,-10.207810780360772,505212.8264405012,8.868940383288782e-06,0.00032220057996936824,0.7943282347242815,0.7
nan,0.0,0.0,0.0,0.0,0.0,0.0,0.0,0.0,0.0,0.9604205715323999,False,False,118.0,1698764.7336721502,3952903.822600906,-10.298331003812157,505212.8264405012,8.868940383288782e-06,0.00031993910890085593,0.7943282347242815,0.7
nan,0.0,0.0,0.0,0.0,0.0,0.0,0.0,0.0,0.0,1.2775123482151187,False,False,120.0,1698764.7336721502,3966798.89486785,-10.388661994955477,505212.8264405012,8.868940383288782e-06,0.0003177020008414476,0.7943282347242815,0.7
nan,0.0,0.0,0.0,0.0,0.0,0.0,0.0,0.0,0.0,0.987543002657057,False,False,122.0,1698764.7336721502,3980689.955767855,-10.478805789276517,505212.8264405012,8.868940383288782e-06,0.0003154889092847891,0.7943282347242815,0.7
nan,0.0,0.0,0.0,0.0,0.0,0.0,0.0,0.0,0.0,0.8561284241354319,False,False,124.0,1698764.7336721502,3994576.9792285445,-10.568764393353494,505212.8264405012,8.868940383288782e-06,0.0003132994938313634,0.7943282347242815,0.7
nan,0.0,0.0,0.0,0.0,0.0,0.0,0.0,0.0,0.0,0.8770822775700367,False,False,126.0,1698764.7336721502,4008459.9393098606,-10.65853978536564,505212.8264405012,8.868940383288782e-06,0.00031113342006050163,0.7943282347242815,0.7
nan,0.0,0.0,0.0,0.0,0.0,0.0,0.0,0.0,0.0,0.8924070223942262,False,False,128.0,1698764.7336721502,4022338.810201858,-10.748133915591465,505212.8264405012,8.868940383288782e-06,0.0003089903594054945,0.7943282347242815,0.7
nan,0.0,0.0,0.0,0.0,0.0,0.0,0.0,0.0,0.0,0.7715599791710306,False,False,130.0,1698764.7336721502,4036213.566222536,-10.837548706896422,505212.8264405012,8.868940383288782e-06,0.0003068699890317196,0.7943282347242815,0.7
nan,0.0,0.0,0.0,0.0,0.0,0.0,0.0,0.0,0.0,0.8057352299431441,False,False,132.0,1698764.7336721502,4050084.181815716,-10.926786055210465,505212.8264405012,8.868940383288782e-06,0.00030477199171770363,0.7943282347242815,0.7
nan,0.0,0.0,0.0,0.0,0.0,0.0,0.0,0.0,0.0,1.132969883691339,False,False,134.0,1698764.7336721502,4063950.6315489723,-11.015847829995822,505212.8264405012,8.868940383288782e-06,0.00030269605573903516,0.7943282347242815,0.7
nan,0.0,0.0,0.0,0.0,0.0,0.0,0.0,0.0,0.0,1.218366925443838,False,False,136.0,1698764.7336721502,4077812.8901115963,-11.104735874704948,505212.8264405012,8.868940383288782e-06,0.0003006418747550562,0.7943282347242815,0.7
nan,0.0,0.0,0.0,0.0,0.0,0.0,0.0,0.0,0.0,0.6510806450334573,False,False,138.0,1698764.7336721502,4091670.9323126078,-11.193452007229164,505212.8264405012,8.868940383288782e-06,0.0002986091476982537,0.7943282347242815,0.7
nan,0.0,0.0,0.0,0.0,0.0,0.0,0.0,0.0,0.0,1.1465305418067513,False,False,140.0,1698764.7336721502,4105524.733078808,-11.281998020338037,505212.8264405012,8.868940383288782e-06,0.0002965975786662778,0.7943282347242815,0.7
nan,0.0,0.0,0.0,0.0,0.0,0.0,0.0,0.0,0.0,1.6936769723545784,False,False,142.0,1698764.7336721502,4119374.2674528756,-11.370375682109788,505212.8264405012,8.868940383288782e-06,0.0002946068768165193,0.7943282347242815,0.7
nan,0.0,0.0,0.0,0.0,0.0,0.0,0.0,0.0,0.0,1.2362993649369014,False,False,144.0,1698764.7336721502,4133219.510591497,-11.458586736352952,505212.8264405012,8.868940383288782e-06,0.0002926367562631731,0.7943282347242815,0.7
nan,0.0,0.0,0.0,0.0,0.0,0.0,0.0,0.0,0.0,1.6383549136343263,False,False,146.0,1698764.7336721502,4147060.437763541,-11.54663290301939,505212.8264405012,8.868940383288782e-06,0.00029068693597672675,0.7943282347242815,0.7
nan,0.0,0.0,0.0,0.0,0.0,0.0,0.0,0.0,0.0,0.8411005042953493,False,False,148.0,1698764.7336721502,4160897.02434826,-11.634515878609086,505212.8264405012,8.868940383288782e-06,0.000288757139685804,0.7943282347242815,0.7
nan,0.0,0.0,0.0,0.0,0.0,0.0,0.0,0.0,0.0,1.1766992161208187,False,False,150.0,1698764.7336721502,4174729.2458335506,-11.722237336566542,505212.8264405012,8.868940383288782e-06,0.00028684709578130364,0.7943282347242815,0.7
nan,0.0,0.0,0.0,0.0,0.0,0.0,0.0,0.0,0.0,1.0244882593432472,False,False,152.0,1698764.7336721502,4188557.077814223,-11.809798927669489,505212.8264405012,8.868940383288782e-06,0.00028495653722277397,0.7943282347242815,0.7
nan,0.0,0.0,0.0,0.0,0.0,0.0,0.0,0.0,0.0,1.0051447808791316,False,False,154.0,1698764.7336721502,4202380.495990324,-11.897202280409545,505212.8264405012,8.868940383288782e-06,0.00028308520144696027,0.7943282347242815,0.7
nan,0.0,0.0,0.0,0.0,0.0,0.0,0.0,0.0,0.0,1.2447556437794531,False,False,156.0,1698764.7336721502,4216199.476165492,-11.984449001365405,505212.8264405012,8.868940383288782e-06,0.00028123283027847083,0.7943282347242815,0.7
nan,0.0,0.0,0.0,0.0,0.0,0.0,0.0,0.0,0.0,0.8577615272172595,False,False,158.0,1698764.7336721502,4230013.994245336,-12.071540675568526,505212.8264405012,8.868940383288782e-06,0.00027939916984250627,0.7943282347242815,0.7
nan,0.0,0.0,0.0,0.0,0.0,0.0,0.0,0.0,0.0,0.7721514198036501,False,False,160.0,1698764.7336721502,4243824.026235858,-12.158478866861586,505212.8264405012,8.868940383288782e-06,0.00027758397047959553,0.7943282347242815,0.7
nan,0.0,0.0,0.0,0.0,0.0,0.0,0.0,0.0,0.0,1.1663094163800054,False,False,162.0,1698764.7336721502,4257629.548241903,-12.24526511824987,505212.8264405012,8.868940383288782e-06,0.00027578698666228825,0.7943282347242815,0.7
nan,0.0,0.0,0.0,0.0,0.0,0.0,0.0,0.0,0.0,0.9121497904589895,False,False,164.0,1698764.7336721502,4271430.536465635,-12.331900952245658,505212.8264405012,8.868940383288782e-06,0.00027400797691375377,0.7943282347242815,0.7
nan,0.0,0.0,0.0,0.0,0.0,0.0,0.0,0.0,0.0,0.9016212381770713,False,False,166.0,1698764.7336721502,4285226.967205061,-12.418387871205848,505212.8264405012,8.868940383288782e-06,0.0002722467037282321,0.7943282347242815,0.7
nan,0.0,0.0,0.0,0.0,0.0,0.0,0.0,0.0,0.0,0.9819349138375131,False,False,168.0,1698764.7336721502,4299018.816852558,-12.504727357663004,505212.8264405012,8.868940383288782e-06,0.0002705029334932979,0.7943282347242815,0.7
nan,0.0,0.0,0.0,0.0,0.0,0.0,0.0,0.0,0.0,0.9944619286218683,False,False,170.0,1698764.7336721502,4312806.061893459,-12.590920874649871,505212.8264405012,8.868940383288782e-06,0.00026877643641388043,0.7943282347242815,0.7
nan,0.0,0.0,0.0,0.0,0.0,0.0,0.0,0.0,0.0,0.6242528170029212,False,False,172.0,1698764.7336721502,4326588.678904639,-12.676969866017616,505212.8264405012,8.868940383288782e-06,0.0002670669864380033,0.7943282347242815,0.7
nan,0.0,0.0,0.0,0.0,0.0,0.0,0.0,0.0,0.0,1.087381745010741,False,False,174.0,1698764.7336721502,4340366.64455315,-12.762875756747897,505212.8264405012,8.868940383288782e-06,0.00026537436118419385,0.7943282347242815,0.7
nan,0.0,0.0,0.0,0.0,0.0,0.0,0.0,0.0,0.0,1.2659678226865987,False,False,176.0,1698764.7336721502,4354139.935594874,-12.848639953258756,505212.8264405012,8.868940383288782e-06,0.00026369834187052335,0.7943282347242815,0.7
nan,0.0,0.0,0.0,0.0,0.0,0.0,0.0,0.0,0.0,1.4420602062731869,False,False,178.0,1698764.7336721502,4367908.528873205,-12.934263843704805,505212.8264405012,8.868940383288782e-06,0.00026203871324523406,0.7943282347242815,0.7
nan,0.0,0.0,0.0,0.0,0.0,0.0,0.0,0.0,0.0,0.6956210940665798,False,False,180.0,1698764.7336721502,4381672.401317752,-13.019748798271502,505212.8264405012,8.868940383288782e-06,0.00026039526351891493,0.7943282347242815,0.7
nan,0.0,0.0,0.0,0.0,0.0,0.0,0.0,0.0,0.0,0.8934406046597648,False,False,182.0,1698764.7336721502,4395431.529943075,-13.105096169463815,505212.8264405012,8.868940383288782e-06,0.0002587677842981846,0.7943282347242815,0.7
nan,0.0,0.0,0.0,0.0,0.0,0.0,0.0,0.0,0.0,0.9464211567233156,False,False,184.0,1698764.7336721502,4409185.891847446,-13.190307292389283,505212.8264405012,8.868940383288782e-06,0.0002571560705208455,0.7943282347242815,0.7
nan,0.0,0.0,0.0,0.0,0.0,0.0,0.0,0.0,0.0,1.973665951763369,False,False,186.0,1698764.7336721502,4422935.4642116185,-13.275383485035897,505212.8264405012,8.868940383288782e-06,0.00025555992039247186,0.7943282347242815,0.7
nan,0.0,0.0,0.0,0.0,0.0,0.0,0.0,0.0,0.0,1.1506077008547908,False,False,188.0,1698764.7336721502,4436680.224297648,-13.36032604854447,505212.8264405012,8.868940383288782e-06,0.000253979135324394,0.7943282347242815,0.7
nan,0.0,0.0,0.0,0.0,0.0,0.0,0.0,0.0,0.0,1.5246568908173288,False,False,190.0,1698764.7336721502,4450420.149447708,-13.4451362674759,505212.8264405012,8.868940383288782e-06,0.00025241351987304625,0.7943282347242815,0.7
nan,0.0,0.0,0.0,0.0,0.0,0.0,0.0,0.0,0.0,1.5363534984137037,False,False,192.0,1698764.7336721502,4464155.217082951,-13.52981541007355,505212.8264405012,8.868940383288782e-06,0.00025086288168064296,0.7943282347242815,0.7
nan,0.0,0.0,0.0,0.0,0.0,0.0,0.0,0.0,0.0,1.1906038542164743,False,False,194.0,1698764.7336721502,4477885.404702371,-13.614364728520354,505212.8264405012,8.868940383288782e-06,0.00024932703141715103,0.7943282347242815,0.7
nan,0.0,0.0,0.0,0.0,0.0,0.0,0.0,0.0,0.0,1.1798547226494476,False,False,196.0,1698764.7336721502,4491610.68988171,-13.698785459191475,505212.8264405012,8.868940383288782e-06,0.00024780578272352416,0.7943282347242815,0.7
nan,0.0,0.0,0.0,0.0,0.0,0.0,0.0,0.0,0.0,0.7605584145551936,False,False,198.0,1698764.7336721502,4505331.050272367,-13.783078822901892,505212.8264405012,8.868940383288782e-06,0.0002462989521561715,0.7943282347242815,0.7
nan,0.0,0.0,0.0,0.0,0.0,0.0,0.0,0.0,0.0,1.2008855116448214,False,False,200.0,1698764.7336721502,4519046.463600339,-13.867246025149687,505212.8264405012,8.868940383288782e-06,0.00024480635913262715,0.7943282347242815,0.7
nan,0.0,0.0,0.0,0.0,0.0,0.0,0.0,0.0,0.0,0.9813341620723258,False,False,202.0,1698764.7336721502,4532756.9076651735,-13.951288256354426,505212.8264405012,8.868940383288782e-06,0.0002433278258783925,0.7943282347242815,0.7
nan,0.0,0.0,0.0,0.0,0.0,0.0,0.0,0.0,0.0,1.1364007069477673,False,False,204.0,1698764.7336721502,4546462.360338953,-14.03520669209153,505212.8264405012,8.868940383288782e-06,0.00024186317737492178,0.7943282347242815,0.7
nan,0.0,0.0,0.0,0.0,0.0,0.0,0.0,0.0,0.0,0.8265323126162063,False,False,206.0,1698764.7336721502,4560162.7995652845,-14.119002493321968,505212.8264405012,8.868940383288782e-06,0.00024041224130872454,0.7943282347242815,0.7
nan,0.0,0.0,0.0,0.0,0.0,0.0,0.0,0.0,0.0,0.5674445998725852,False,False,208.0,1698764.7336721502,4573858.203358319,-14.202676806617909,505212.8264405012,8.868940383288782e-06,0.00023897484802155595,0.7943282347242815,0.7
nan,0.0,0.0,0.0,0.0,0.0,0.0,0.0,0.0,0.0,0.9796723174952888,False,False,210.0,1698764.7336721502,4587548.549801788,-14.286230764384134,505212.8264405012,8.868940383288782e-06,0.0002375508304616694,0.7943282347242815,0.7
nan,0.0,0.0,0.0,0.0,0.0,0.0,0.0,0.0,0.0,1.257706013948181,False,False,212.0,1698764.7336721502,4601233.8170480495,-14.369665485075496,505212.8264405012,8.868940383288782e-06,0.00023614002413610685,0.7943282347242815,0.7
nan,0.0,0.0,0.0,0.0,0.0,0.0,0.0,0.0,0.0,1.4148684001780278,False,False,214.0,1698764.7336721502,4614913.983317165,-14.452982073410181,505212.8264405012,8.868940383288782e-06,0.0002347422670639988,0.7943282347242815,0.7
nan,0.0,0.0,0.0,0.0,0.0,0.0,0.0,0.0,0.0,1.4723571916514733,False,False,216.0,1698764.7336721502,4628589.026895982,-14.536181620579397,505212.8264405012,8.868940383288782e-06,0.0002333573997308534,0.7943282347242815,0.7
nan,0.0,0.0,0.0,0.0,0.0,0.0,0.0,0.0,0.0,1.3976358870304784,False,False,218.0,1698764.7336721502,4642258.926137246,-14.619265204452974,505212.8264405012,8.868940383288782e-06,0.00023198526504380774,0.7943282347242815,0.7
nan,0.0,0.0,0.0,0.0,0.0,0.0,0.0,0.0,0.0,1.6662527136132184,False,False,220.0,1698764.7336721502,4655923.659458713,-14.702233889781368,505212.8264405012,8.868940383288782e-06,0.00023062570828782098,0.7943282347242815,0.7
nan,0.0,0.0,0.0,0.0,0.0,0.0,0.0,0.0,0.0,1.251652745310103,False,False,222.0,1698764.7336721502,4669583.205342295,-14.785088728394003,505212.8264405012,8.868940383288782e-06,0.00022927857708278384,0.7943282347242815,0.7
nan,0.0,0.0,0.0,0.0,0.0,0.0,0.0,0.0,0.0,0.8960133482452155,False,False,224.0,1698764.7336721502,4683237.542333207,-14.867830759394069,505212.8264405012,8.868940383288782e-06,0.00022794372134152626,0.7943282347242815,0.7
nan,0.0,0.0,0.0,0.0,0.0,0.0,0.0,0.0,0.0,1.101064560900119,False,False,226.0,1698764.7336721502,4696886.649039145,-14.950461009349695,505212.8264405012,8.868940383288782e-06,0.00022662099322869877,0.7943282347242815,0.7
nan,0.0,0.0,0.0,0.0,0.0,0.0,0.0,0.0,0.0,1.2962069259058877,False,False,228.0,1698764.7336721502,4710530.504129463,-15.032980492481876,505212.8264405012,8.868940383288782e-06,0.0002253102471205082,0.7943282347242815,0.7
nan,0.0,0.0,0.0,0.0,0.0,0.0,0.0,0.0,0.0,1.0427717713633233,False,False,230.0,1698764.7336721502,4724169.086334381,-15.115390210848904,505212.8264405012,8.868940383288782e-06,0.00022401133956528814,0.7943282347242815,0.7
nan,0.0,0.0,0.0,0.0,0.0,0.0,0.0,0.0,0.0,0.752200498091211,False,False,232.0,1698764.7336721502,4737802.374444189,-15.197691154527533,505212.8264405012,8.868940383288782e-06,0.00022272412924488453,0.7943282347242815,0.7
nan,0.0,0.0,0.0,0.0,0.0,0.0,0.0,0.0,0.0,0.8433499009355484,False,False,234.0,1698764.7336721502,4751430.347308488,-15.279884301791075,505212.8264405012,8.868940383288782e-06,0.00022144847693683403,0.7943282347242815,0.7
nan,0.0,0.0,0.0,0.0,0.0,0.0,0.0,0.0,0.0,2.3697406476541656,False,False,236.0,1698764.7336721502,4765052.983835421,-15.361970619284103,505212.8264405012,8.868940383288782e-06,0.00022018424547732323,0.7943282347242815,0.7
nan,0.0,0.0,0.0,0.0,0.0,0.0,0.0,0.0,0.0,2.6792849963283043,False,False,238.0,1698764.7336721502,4778670.262990943,-15.44395106219424,505212.8264405012,8.868940383288782e-06,0.0002189312997249027,0.7943282347242815,0.7
nan,0.0,0.0,0.0,0.0,0.0,0.0,0.0,0.0,0.0,1.9468306260616148,False,False,240.0,1698764.7336721502,4792282.163798079,-15.52582657442087,505212.8264405012,8.868940383288782e-06,0.00021768950652494522,0.7943282347242815,0.7
nan,0.0,0.0,0.0,0.0,0.0,0.0,0.0,0.0,0.0,0.91745796191163,False,False,242.0,1698764.7336721502,4805888.665336219,-15.607598088740925,505212.8264405012,8.868940383288782e-06,0.00021645873467482553,0.7943282347242815,0.7
nan,0.0,0.0,0.0,0.0,0.0,0.0,0.0,0.0,0.0,1.0007915318216514,False,False,244.0,1698764.7336721502,4819489.7467404045,-15.689266526971716,505212.8264405012,8.868940383288782e-06,0.00021523885488980958,0.7943282347242815,0.7
nan,0.0,0.0,0.0,0.0,0.0,0.0,0.0,0.0,0.0,1.0761702980401322,False,False,246.0,1698764.7336721502,4833085.387200645,-15.770832800130897,505212.8264405012,8.868940383288782e-06,0.00021402973976963226,0.7943282347242815,0.7
nan,0.0,0.0,0.0,0.0,0.0,0.0,0.0,0.0,0.0,0.7323905649383313,False,False,248.0,1698764.7336721502,4846675.565961238,-15.852297808593798,505212.8264405012,8.868940383288782e-06,0.00021283126376575224,0.7943282347242815,0.7
nan,0.0,0.0,0.0,0.0,0.0,0.0,0.0,0.0,0.0,0.8554204092323026,False,False,250.0,1698764.7336721502,4860260.262320099,-15.933662442247789,505212.8264405012,8.868940383288782e-06,0.00021164330314926485,0.7943282347242815,0.7
nan,0.0,0.0,0.0,0.0,0.0,0.0,0.0,0.0,0.0,1.6812862250572167,False,False,252.0,1698764.7336721502,4873839.4556281185,-16.01492758064424,505212.8264405012,8.868940383288782e-06,0.00021046573597946022,0.7943282347242815,0.7
nan,0.0,0.0,0.0,0.0,0.0,0.0,0.0,0.0,0.0,3.0133224076564686,False,False,254.0,1698764.7336721502,4887413.125288503,-16.096094093147606,505212.8264405012,8.868940383288782e-06,0.0002092984420730109,0.7943282347242815,0.7
nan,0.0,0.0,0.0,0.0,0.0,0.0,0.0,0.0,0.0,1.657985552349665,False,False,256.0,1698764.7336721502,4900981.250756162,-16.177162839082158,505212.8264405012,8.868940383288782e-06,0.00020814130297377455,0.7943282347242815,0.7
nan,0.0,0.0,0.0,0.0,0.0,0.0,0.0,0.0,0.0,0.7426585811946204,False,False,258.0,1698764.7336721502,4914543.811537073,-16.258134667876003,505212.8264405012,8.868940383288782e-06,0.00020699420192319925,0.7943282347242815,0.7
nan,0.0,0.0,0.0,0.0,0.0,0.0,0.0,0.0,0.0,0.9855210620593157,False,False,260.0,1698764.7336721502,4928100.787187685,-16.339010419202864,505212.8264405012,8.868940383288782e-06,0.00020585702383131492,0.7943282347242815,0.7
nan,0.0,0.0,0.0,0.0,0.0,0.0,0.0,0.0,0.0,0.6671572760730446,False,False,262.0,1698764.7336721502,4941652.1573143145,-16.419790923121166,505212.8264405012,8.868940383288782e-06,0.00020472965524830097,0.7943282347242815,0.7
nan,0.0,0.0,0.0,0.0,0.0,0.0,0.0,0.0,0.0,1.2313393870675315,False,False,264.0,1698764.7336721502,4955197.901572556,-16.50047700021101,505212.8264405012,8.868940383288782e-06,0.00020361198433661482,0.7943282347242815,0.7
nan,0.0,0.0,0.0,0.0,0.0,0.0,0.0,0.0,0.0,1.0718787411865194,False,False,266.0,1698764.7336721502,4968737.999666714,-16.581069461708694,505212.8264405012,8.868940383288782e-06,0.00020250390084366934,0.7943282347242815,0.7
nan,0.0,0.0,0.0,0.0,0.0,0.0,0.0,0.0,0.0,0.5009576483859284,False,False,268.0,1698764.7336721502,4982272.431349228,-16.661569109638904,505212.8264405012,8.868940383288782e-06,0.00020140529607504782,0.7943282347242815,0.7
nan,0.0,0.0,0.0,0.0,0.0,0.0,0.0,0.0,0.0,1.2246365445712055,False,False,270.0,1698764.7336721502,4995801.17642012,-16.74197673694484,505212.8264405012,8.868940383288782e-06,0.00020031606286824316,0.7943282347242815,0.7
nan,0.0,0.0,0.0,0.0,0.0,0.0,0.0,0.0,0.0,1.1065910058917072,False,False,272.0,1698764.7336721502,5009324.214726442,-16.822293127616014,505212.8264405012,8.868940383288782e-06,0.0001992360955669105,0.7943282347242815,0.7
nan,0.0,0.0,0.0,0.0,0.0,0.0,0.0,0.0,0.0,1.0001987878208352,False,False,274.0,1698764.7336721502,5022841.526161749,-16.902519056813954,505212.8264405012,8.868940383288782e-06,0.00019816528999562103,0.7943282347242815,0.7
nan,0.0,0.0,0.0,0.0,0.0,0.0,0.0,0.0,0.0,0.9689839253166679,False,False,276.0,1698764.7336721502,5036353.090665566,-16.982655290995776,505212.8264405012,8.868940383288782e-06,0.00019710354343510726,0.7943282347242815,0.7
nan,0.0,0.0,0.0,0.0,0.0,0.0,0.0,0.0,0.0,0.6855544282957405,False,False,278.0,1698764.7336721502,5049858.888222861,-17.06270258803573,505212.8264405012,8.868940383288782e-06,0.00019605075459798807,0.7943282347242815,0.7
nan,0.0,0.0,0.0,0.0,0.0,0.0,0.0,0.0,0.0,0.563474716901176,False,False,280.0,1698764.7336721502,5063358.898863548,-17.142661697344707,505212.8264405012,8.868940383288782e-06,0.00019500682360496213,0.7943282347242815,0.7
nan,0.0,0.0,0.0,0.0,0.0,0.0,0.0,0.0,0.0,0.6776451828002795,False,False,282.0,1698764.7336721502,5076853.102661979,-17.222533359987736,505212.8264405012,8.868940383288782e-06,0.0001939716519614611,0.7943282347242815,0.7
nan,0.0,0.0,0.0,0.0,0.0,0.0,0.0,0.0,0.0,0.8280653110190349,False,False,284.0,1698764.7336721502,5090341.479736457,-17.302318308799588,505212.8264405012,8.868940383288782e-06,0.00019294514253475134,0.7943282347242815,0.7
nan,0.0,0.0,0.0,0.0,0.0,0.0,0.0,0.0,0.0,0.9456087534080404,False,False,286.0,1698764.7336721502,5103824.010248741,-17.382017268498387,505212.8264405012,8.868940383288782e-06,0.00019192719953147518,0.7943282347242815,0.7
nan,0.0,0.0,0.0,0.0,0.0,0.0,0.0,0.0,0.0,0.8419075303903725,False,False,288.0,1698764.7336721502,5117300.6744035855,-17.461630955797503,505212.8264405012,8.868940383288782e-06,0.00019091772847562105,0.7943282347242815,0.7
nan,0.0,0.0,0.0,0.0,0.0,0.0,0.0,0.0,0.0,0.7661729423226276,False,False,290.0,1698764.7336721502,5130771.452448263,-17.541160079515386,505212.8264405012,8.868940383288782e-06,0.00018991663618691428,0.7943282347242815,0.7
nan,0.0,0.0,0.0,0.0,0.0,0.0,0.0,0.0,0.0,0.7770601578467259,False,False,292.0,1698764.7336721502,5144236.32467211,-17.62060534068379,505212.8264405012,8.868940383288782e-06,0.00018892383075961897,0.7943282347242815,0.7
nan,0.0,0.0,0.0,0.0,0.0,0.0,0.0,0.0,0.0,1.0499582332152784,False,False,294.0,1698764.7336721502,5157695.271406071,-17.69996743265413,505212.8264405012,8.868940383288782e-06,0.00018793922154174193,0.7943282347242815,0.7
nan,0.0,0.0,0.0,0.0,0.0,0.0,0.0,0.0,0.0,1.1347909844243076,False,False,296.0,1698764.7336721502,5171148.273022262,-17.779247041202186,505212.8264405012,8.868940383288782e-06,0.00018696271911463008,0.7943282347242815,0.7
nan,0.0,0.0,0.0,0.0,0.0,0.0,0.0,0.0,0.0,0.9252251701748133,False,False,298.0,1698764.7336721502,5184595.309933525,-17.858444844630984,505212.8264405012,8.868940383288782e-06,0.00018599423527295344,0.7943282347242815,0.7
nan,0.0,0.0,0.0,0.0,0.0,0.0,0.0,0.0,0.0,0.7936721477120616,False,False,300.0,1698764.7336721502,5198036.362593007,-17.937561513872083,505212.8264405012,8.868940383288782e-06,0.00018503368300506413,0.7943282347242815,0.7
nan,0.0,0.0,0.0,0.0,0.0,0.0,0.0,0.0,0.0,1.0959915708409935,False,False,302.0,1698764.7336721502,5211471.411493741,-18.016597712585295,505212.8264405012,8.868940383288782e-06,0.00018408097647372467,0.7943282347242815,0.7
nan,0.0,0.0,0.0,0.0,0.0,0.0,0.0,0.0,0.0,1.161431493643127,False,False,304.0,1698764.7336721502,5224900.437168215,-18.095554097256635,505212.8264405012,8.868940383288782e-06,0.00018313603099719787,0.7943282347242815,0.7
nan,0.0,0.0,0.0,0.0,0.0,0.0,0.0,0.0,0.0,0.9822730755401002,False,False,306.0,1698764.7336721502,5238323.420187992,-18.17443131729483,505212.8264405012,8.868940383288782e-06,0.00018219876303068782,0.7943282347242815,0.7
nan,0.0,0.0,0.0,0.0,0.0,0.0,0.0,0.0,0.0,0.9659076651104516,False,False,308.0,1698764.7336721502,5251740.341163284,-18.253230015126206,505212.8264405012,8.868940383288782e-06,0.00018126909014812889,0.7943282347242815,0.7
nan,0.0,0.0,0.0,0.0,0.0,0.0,0.0,0.0,0.0,1.5505376324793483,False,False,310.0,1698764.7336721502,5265151.180742574,-18.331950826288097,505212.8264405012,8.868940383288782e-06,0.00018034693102431218,0.7943282347242815,0.7
nan,0.0,0.0,0.0,0.0,0.0,0.0,0.0,0.0,0.0,0.72938675660377,False,False,312.0,1698764.7336721502,5278555.919612224,-18.410594379520752,505212.8264405012,8.868940383288782e-06,0.00017943220541734257,0.7943282347242815,0.7
nan,0.0,0.0,0.0,0.0,0.0,0.0,0.0,0.0,0.0,0.6712239074976607,False,False,314.0,1698764.7336721502,5291954.538496094,-18.489161296857763,505212.8264405012,8.868940383288782e-06,0.0001785248341514218,0.7943282347242815,0.7
nan,0.0,0.0,0.0,0.0,0.0,0.0,0.0,0.0,0.0,0.9272578899389774,False,False,316.0,1698764.7336721502,5305347.0181551725,-18.567652193715084,505212.8264405012,8.868940383288782e-06,0.0001776247390999466,0.7943282347242815,0.7
nan,0.0,0.0,0.0,0.0,0.0,0.0,0.0,0.0,0.0,1.737144976909145,False,False,318.0,1698764.7336721502,5318733.339387203,-18.646067678978564,505212.8264405012,8.868940383288782e-06,0.00017673184316892033,0.7943282347242815,0.7
nan,0.0,0.0,0.0,0.0,0.0,0.0,0.0,0.0,0.0,1.428358160930607,False,False,320.0,1698764.7336721502,5332113.483026322,-18.72440835509029,505212.8264405012,8.868940383288782e-06,0.00017584607028066698,0.7943282347242815,0.7
nan,0.0,0.0,0.0,0.0,0.0,0.0,0.0,0.0,0.0,0.9184666356482059,False,False,322.0,1698764.7336721502,5345487.429942715,-18.80267481813331,505212.8264405012,8.868940383288782e-06,0.00017496734535784345,0.7943282347242815,0.7
nan,0.0,0.0,0.0,0.0,0.0,0.0,0.0,0.0,0.0,0.7683245920813303,False,False,324.0,1698764.7336721502,5358855.16104225,-18.880867657915214,505212.8264405012,8.868940383288782e-06,0.00017409559430774473,0.7943282347242815,0.7
nan,0.0,0.0,0.0,0.0,0.0,0.0,0.0,0.0,0.0,1.1603017648444782,False,False,326.0,1698764.7336721502,5372216.657266148,-18.958987458050334,505212.8264405012,8.868940383288782e-06,0.00017323074400689328,0.7943282347242815,0.7
nan,0.0,0.0,0.0,0.0,0.0,0.0,0.0,0.0,0.0,0.5739726177514306,False,False,328.0,1698764.7336721502,5385571.899590637,-19.03703479604068,505212.8264405012,8.868940383288782e-06,0.0001723727222859096,0.7943282347242815,0.7
nan,0.0,0.0,0.0,0.0,0.0,0.0,0.0,0.0,0.0,0.7822186766995098,False,False,330.0,1698764.7336721502,5398920.869026624,-19.115010243355574,505212.8264405012,8.868940383288782e-06,0.0001715214579146556,0.7943282347242815,0.7
nan,0.0,0.0,0.0,0.0,0.0,0.0,0.0,0.0,0.0,0.7229713879775002,False,False,332.0,1698764.7336721502,5412263.5466193585,-19.192914365510116,505212.8264405012,8.868940383288782e-06,0.00017067688058764802,0.7943282347242815,0.7
nan,0.0,0.0,0.0,0.0,0.0,0.0,0.0,0.0,0.0,0.7354796326020797,False,False,334.0,1698764.7336721502,5425599.913448129,-19.270747722142364,505212.8264405012,8.868940383288782e-06,0.00016983892090973222,0.7943282347242815,0.7
nan,0.0,0.0,0.0,0.0,0.0,0.0,0.0,0.0,0.0,0.8176197649175836,False,False,336.0,1698764.7336721502,5438929.950625928,-19.348510867089338,505212.8264405012,8.868940383288782e-06,0.0001690075103820164,0.7943282347242815,0.7
nan,0.0,0.0,0.0,0.0,0.0,0.0,0.0,0.0,0.0,1.300308091018996,False,False,338.0,1698764.7336721502,5452253.639299153,-19.426204348461905,505212.8264405012,8.868940383288782e-06,0.0001681825813880557,0.7943282347242815,0.7
nan,0.0,0.0,0.0,0.0,0.0,0.0,0.0,0.0,0.0,0.6173133487172167,False,False,340.0,1698764.7336721502,5465570.960647296,-19.503828708718416,505212.8264405012,8.868940383288782e-06,0.00016736406718028513,0.7943282347242815,0.7
nan,0.0,0.0,0.0,0.0,0.0,0.0,0.0,0.0,0.0,0.515266270950939,False,False,342.0,1698764.7336721502,5478881.895882642,-19.581384484737292,505212.8264405012,8.868940383288782e-06,0.00016655190186669303,0.7943282347242815,0.7
nan,0.0,0.0,0.0,0.0,0.0,0.0,0.0,0.0,0.0,0.506641491893938,False,False,344.0,1698764.7336721502,5492186.426249975,-19.658872207888436,505212.8264405012,8.868940383288782e-06,0.00016574602039773296,0.7943282347242815,0.7
nan,0.0,0.0,0.0,0.0,0.0,0.0,0.0,0.0,0.0,0.6401641899333786,False,False,346.0,1698764.7336721502,5505484.533026289,-19.736292404103654,505212.8264405012,8.868940383288782e-06,0.00016494635855346734,0.7943282347242815,0.7
nan,0.0,0.0,0.0,0.0,0.0,0.0,0.0,0.0,0.0,0.9828577412630332,False,False,348.0,1698764.7336721502,5518776.197520493,-19.813645593945825,505212.8264405012,8.868940383288782e-06,0.00016415285293093905,0.7943282347242815,0.7
nan,0.0,0.0,0.0,0.0,0.0,0.0,0.0,0.0,0.0,0.7123052079587752,False,False,350.0,1698764.7336721502,5532061.40107314,-19.89093229267726,505212.8264405012,8.868940383288782e-06,0.00016336544093176571,0.7943282347242815,0.7
nan,0.0,0.0,0.0,0.0,0.0,0.0,0.0,0.0,0.0,0.8893108723735046,False,False,352.0,1698764.7336721502,5545340.125056143,-19.968153010326766,505212.8264405012,8.868940383288782e-06,0.0001625840607499531,0.7943282347242815,0.7
nan,0.0,0.0,0.0,0.0,0.0,0.0,0.0,0.0,0.0,0.9638196771076912,False,False,354.0,1698764.7336721502,5558612.350872506,-20.045308251755912,505212.8264405012,8.868940383288782e-06,0.00016180865135992248,0.7943282347242815,0.7
nan,0.0,0.0,0.0,0.0,0.0,0.0,0.0,0.0,0.0,0.47994346255194187,False,False,356.0,1698764.7336721502,5571878.059956055,-20.12239851672415,505212.8264405012,8.868940383288782e-06,0.00016103915250474798,0.7943282347242815,0.7
nan,0.0,0.0,0.0,0.0,0.0,0.0,0.0,0.0,0.0,0.8023775468289067,False,False,358.0,1698764.7336721502,5585137.233771171,-20.19942429995307,505212.8264405012,8.868940383288782e-06,0.00016027550468459973,0.7943282347242815,0.7
nan,0.0,0.0,0.0,0.0,0.0,0.0,0.0,0.0,0.0,1.2275464980930724,False,False,360.0,1698764.7336721502,5598389.853812536,-20.276386091189536,505212.8264405012,8.868940383288782e-06,0.0001595176491453888,0.7943282347242815,0.7
nan,0.0,0.0,0.0,0.0,0.0,0.0,0.0,0.0,0.0,1.0075845797007241,False,False,362.0,1698764.7336721502,5611635.90160487,-20.353284375268075,505212.8264405012,8.868940383288782e-06,0.0001587655278676097,0.7943282347242815,0.7
nan,0.0,0.0,0.0,0.0,0.0,0.0,0.0,0.0,0.0,0.9927369549053354,False,False,364.0,1698764.7336721502,5624875.358702691,-20.430119632172143,505212.8264405012,8.868940383288782e-06,0.00015801908355537631,0.7943282347242815,0.7
nan,0.0,0.0,0.0,0.0,0.0,0.0,0.0,0.0,0.0,1.3386612187930824,False,False,366.0,1698764.7336721502,5638108.206690058,-20.506892337094612,505212.8264405012,8.868940383288782e-06,0.00015727825962564846,0.7943282347242815,0.7
nan,0.0,0.0,0.0,0.0,0.0,0.0,0.0,0.0,0.0,0.9996847092882631,False,False,368.0,1698764.7336721502,5651334.427180331,-20.58360296049731,505212.8264405012,8.868940383288782e-06,0.00015654300019764443,0.7943282347242815,0.7
nan,0.0,0.0,0.0,0.0,0.0,0.0,0.0,0.0,0.0,0.8693077195558606,False,False,370.0,1698764.7336721502,5664554.001815934,-20.660251968169625,505212.8264405012,8.868940383288782e-06,0.0001558132500824354,0.7943282347242815,0.7
nan,0.0,0.0,0.0,0.0,0.0,0.0,0.0,0.0,0.0,0.9546091022614124,False,False,372.0,1698764.7336721502,5677766.912268112,-20.736839821286342,505212.8264405012,8.868940383288782e-06,0.00015508895477272,0.7943282347242815,0.7
nan,0.0,0.0,0.0,0.0,0.0,0.0,0.0,0.0,0.0,0.9436120704442605,False,False,374.0,1698764.7336721502,5690973.140236715,-20.813366976464593,505212.8264405012,8.868940383288782e-06,0.00015437006043277296,0.7943282347242815,0.7
nan,0.0,0.0,0.0,0.0,0.0,0.0,0.0,0.0,0.0,0.9605179158772317,False,False,376.0,1698764.7336721502,5704172.667449949,-20.889833885819883,505212.8264405012,8.868940383288782e-06,0.00015365651388856715,0.7943282347242815,0.7
nan,0.0,0.0,0.0,0.0,0.0,0.0,0.0,0.0,0.0,1.119930901464503,False,False,378.0,1698764.7336721502,5717365.475664173,-20.966240997021405,505212.8264405012,8.868940383288782e-06,0.00015294826261806317,0.7943282347242815,0.7
nan,0.0,0.0,0.0,0.0,0.0,0.0,0.0,0.0,0.0,0.9690118517679566,False,False,380.0,1698764.7336721502,5730551.5466636615,-21.04258875334652,505212.8264405012,8.868940383288782e-06,0.0001522452547416654,0.7943282347242815,0.7
nan,0.0,0.0,0.0,0.0,0.0,0.0,0.0,0.0,0.0,1.200975730396888,False,False,382.0,1698764.7336721502,5743730.862260394,-21.11887759373435,505212.8264405012,8.868940383288782e-06,0.00015154743901283932,0.7943282347242815,0.7
nan,0.0,0.0,0.0,0.0,0.0,0.0,0.0,0.0,0.0,0.7458111800775159,False,False,384.0,1698764.7336721502,5756903.4042938445,-21.195107952838747,505212.8264405012,8.868940383288782e-06,0.00015085476480888825,0.7943282347242815,0.7
nan,0.0,0.0,0.0,0.0,0.0,0.0,0.0,0.0,0.0,1.4403335559900974,False,False,386.0,1698764.7336721502,5770069.154630768,-21.271280261080346,505212.8264405012,8.868940383288782e-06,0.00015016718212188635,0.7943282347242815,0.7
nan,0.0,0.0,0.0,0.0,0.0,0.0,0.0,0.0,0.0,0.8086538353885806,False,False,388.0,1698764.7336721502,5783228.09516499,-21.347394944697935,505212.8264405012,8.868940383288782e-06,0.00014948464154976456,0.7943282347242815,0.7
nan,0.0,0.0,0.0,0.0,0.0,0.0,0.0,0.0,0.0,0.9227892800404857,False,False,390.0,1698764.7336721502,5796380.207817209,-21.42345242579907,505212.8264405012,8.868940383288782e-06,0.0001488070942875461,0.7943282347242815,0.7
nan,0.0,0.0,0.0,0.0,0.0,0.0,0.0,0.0,0.0,0.6730585482935393,False,False,392.0,1698764.7336721502,5809525.474534794,-21.499453122409957,505212.8264405012,8.868940383288782e-06,0.0001481344921187297,0.7943282347242815,0.7
nan,0.0,0.0,0.0,0.0,0.0,0.0,0.0,0.0,0.0,1.0245102612803516,False,False,394.0,1698764.7336721502,5822663.877291585,-21.575397448524576,505212.8264405012,8.868940383288782e-06,0.0001474667874068172,0.7943282347242815,0.7
nan,0.0,0.0,0.0,0.0,0.0,0.0,0.0,0.0,0.0,0.8508824742653914,False,False,396.0,1698764.7336721502,5835795.398087702,-21.65128581415323,505212.8264405012,8.868940383288782e-06,0.00014680393308698247,0.7943282347242815,0.7
nan,0.0,0.0,0.0,0.0,0.0,0.0,0.0,0.0,0.0,0.9216942848572751,False,False,398.0,1698764.7336721502,5848920.018949353,-21.727118625370156,505212.8264405012,8.868940383288782e-06,0.00014614588265787927,0.7943282347242815,0.7
nan,0.0,0.0,0.0,0.0,0.0,0.0,0.0,0.0,0.0,1.65528211468619,False,False,400.0,1698764.7336721502,5862037.721928644,-21.802896284360756,505212.8264405012,8.868940383288782e-06,0.00014549259017358618,0.7943282347242815,0.7
nan,0.0,0.0,0.0,0.0,0.0,0.0,0.0,0.0,0.0,1.1312803239852371,False,False,402.0,1698764.7336721502,5875148.4891033955,-21.878619189467894,505212.8264405012,8.868940383288782e-06,0.00014484401023568406,0.7943282347242815,0.7
nan,0.0,0.0,0.0,0.0,0.0,0.0,0.0,0.0,0.0,1.215373051519804,False,False,404.0,1698764.7336721502,5888252.302576963,-21.95428773523766,505212.8264405012,8.868940383288782e-06,0.00014420009798546545,0.7943282347242815,0.7
nan,0.0,0.0,0.0,0.0,0.0,0.0,0.0,0.0,0.0,1.2835470728615581,False,False,406.0,1698764.7336721502,5901349.144478053,-22.029902312464476,505212.8264405012,8.868940383288782e-06,0.00014356080909627282,0.7943282347242815,0.7
nan,0.0,0.0,0.0,0.0,0.0,0.0,0.0,0.0,0.0,1.5727111488997119,False,False,408.0,1698764.7336721502,5914438.996960549,-22.105463308235564,505212.8264405012,8.868940383288782e-06,0.00014292609976596253,0.7943282347242815,0.7
nan,0.0,0.0,0.0,0.0,0.0,0.0,0.0,0.0,0.0,1.0549079571049202,False,False,410.0,1698764.7336721502,5927521.842203338,-22.18097110597469,505212.8264405012,8.868940383288782e-06,0.00014229592670949334,0.7943282347242815,0.7
nan,0.0,0.0,0.0,0.0,0.0,0.0,0.0,0.0,0.0,0.8653097121950772,False,False,412.0,1698764.7336721502,5940597.662410138,-22.25642608548548,505212.8264405012,8.868940383288782e-06,0.00014167024715163612,0.7943282347242815,0.7
nan,0.0,0.0,0.0,0.0,0.0,0.0,0.0,0.0,0.0,0.9946902377563372,False,False,414.0,1698764.7336721502,5953666.439809335,-22.331828622993935,505212.8264405012,8.868940383288782e-06,0.000141049018819803,0.7943282347242815,0.7
nan,0.0,0.0,0.0,0.0,0.0,0.0,0.0,0.0,0.0,0.6206486957133813,False,False,416.0,1698764.7336721502,5966728.1566538075,-22.40717909119045,505212.8264405012,8.868940383288782e-06,0.00014043219993699403,0.7943282347242815,0.7
nan,0.0,0.0,0.0,0.0,0.0,0.0,0.0,0.0,0.0,1.3185004530330946,False,False,418.0,1698764.7336721502,5979782.7952207755,-22.482477859271214,505212.8264405012,8.868940383288782e-06,0.00013981974921485802,0.7943282347242815,0.7
nan,0.0,0.0,0.0,0.0,0.0,0.0,0.0,0.0,0.0,1.2031368268102545,False,False,420.0,1698764.7336721502,5992830.33781163,-22.55772529297905,505212.8264405012,8.868940383288782e-06,0.00013921162584686717,0.7943282347242815,0.7
nan,0.0,0.0,0.0,0.0,0.0,0.0,0.0,0.0,0.0,1.1545098123878874,False,False,422.0,1698764.7336721502,6005870.766751778,-22.632921754643696,505212.8264405012,8.868940383288782e-06,0.0001386077895016016,0.7943282347242815,0.7
nan,0.0,0.0,0.0,0.0,0.0,0.0,0.0,0.0,0.0,1.5357073440218452,False,False,424.0,1698764.7336721502,6018904.064390494,-22.708067603221448,505212.8264405012,8.868940383288782e-06,0.00013800820031614275,0.7943282347242815,0.7
nan,0.0,0.0,0.0,0.0,0.0,0.0,0.0,0.0,0.0,1.6693965569881803,False,False,426.0,1698764.7336721502,6031930.213100755,-22.783163194334346,505212.8264405012,8.868940383288782e-06,0.00013741281888957413,0.7943282347242815,0.7
nan,0.0,0.0,0.0,0.0,0.0,0.0,0.0,0.0,0.0,1.4731719856247687,False,False,428.0,1698764.7336721502,6044949.195279099,-22.858208880308784,505212.8264405012,8.868940383288782e-06,0.00013682160627658592,0.7943282347242815,0.7
nan,0.0,0.0,0.0,0.0,0.0,0.0,0.0,0.0,0.0,0.941570919775531,False,False,430.0,1698764.7336721502,6057960.993345473,-22.933205010213545,505212.8264405012,8.868940383288782e-06,0.0001362345239811828,0.7943282347242815,0.7
nan,0.0,0.0,0.0,0.0,0.0,0.0,0.0,0.0,0.0,0.7535089024894351,False,False,432.0,1698764.7336721502,6070965.589743088,-23.00815192989738,505212.8264405012,8.868940383288782e-06,0.00013565153395049269,0.7943282347242815,0.7
nan,0.0,0.0,0.0,0.0,0.0,0.0,0.0,0.0,0.0,1.3821691858697476,False,False,434.0,1698764.7336721502,6083962.966938274,-23.083049982026022,505212.8264405012,8.868940383288782e-06,0.0001350725985686747,0.7943282347242815,0.7
nan,0.0,0.0,0.0,0.0,0.0,0.0,0.0,0.0,0.0,1.2197748335759155,False,False,436.0,1698764.7336721502,6096953.107420344,-23.15789950611871,505212.8264405012,8.868940383288782e-06,0.00013449768065092386,0.7943282347242815,0.7
nan,0.0,0.0,0.0,0.0,0.0,0.0,0.0,0.0,0.0,0.7312487844716569,False,False,438.0,1698764.7336721502,6109935.993701444,-23.232700838584197,505212.8264405012,8.868940383288782e-06,0.00013392674343757212,0.7943282347242815,0.7
nan,0.0,0.0,0.0,0.0,0.0,0.0,0.0,0.0,0.0,0.8443335338950128,False,False,440.0,1698764.7336721502,6122911.608316426,-23.30745431275631,505212.8264405012,8.868940383288782e-06,0.0001333597505882826,0.7943282347242815,0.7
nan,0.0,0.0,0.0,0.0,0.0,0.0,0.0,0.0,0.0,0.7501931116507169,False,False,442.0,1698764.7336721502,6135879.933822712,-23.382160258928923,505212.8264405012,8.868940383288782e-06,0.00013279666617633571,0.7943282347242815,0.7
nan,0.0,0.0,0.0,0.0,0.0,0.0,0.0,0.0,0.0,0.9615740823441621,False,False,444.0,1698764.7336721502,6148840.952800151,-23.456819004390635,505212.8264405012,8.868940383288782e-06,0.00013223745468300685,0.7943282347242815,0.7
nan,0.0,0.0,0.0,0.0,0.0,0.0,0.0,0.0,0.0,0.9209657179747894,False,False,446.0,1698764.7336721502,6161794.647850905,-23.53143087345874,505212.8264405012,8.868940383288782e-06,0.0001316820809920312,0.7943282347242815,0.7
nan,0.0,0.0,0.0,0.0,0.0,0.0,0.0,0.0,0.0,1.3148428116847986,False,False,448.0,1698764.7336721502,6174741.001599304,-23.605996187512925,505212.8264405012,8.868940383288782e-06,0.00013113051038415733,0.7943282347242815,0.7
nan,0.0,0.0,0.0,0.0,0.0,0.0,0.0,0.0,0.0,0.9160256115483228,False,False,450.0,1698764.7336721502,6187679.996691733,-23.680515265028497,505212.8264405012,8.868940383288782e-06,0.00013058270853178534,0.7943282347242815,0.7
nan,0.0,0.0,0.0,0.0,0.0,0.0,0.0,0.0,0.0,1.1141116306061303,False,False,452.0,1698764.7336721502,6200611.615796492,-23.75498842160898,505212.8264405012,8.868940383288782e-06,0.0001300386414936898,0.7943282347242815,0.7
nan,0.0,0.0,0.0,0.0,0.0,0.0,0.0,0.0,0.0,1.0249650996434545,False,False,454.0,1698764.7336721502,6213535.841603692,-23.829415970018545,505212.8264405012,8.868940383288782e-06,0.0001294982757098247,0.7943282347242815,0.7
nan,0.0,0.0,0.0,0.0,0.0,0.0,0.0,0.0,0.0,1.5554143881978781,False,False,456.0,1698764.7336721502,6226452.656825119,-23.90379822021381,505212.8264405012,8.868940383288782e-06,0.00012896157799621,0.7943282347242815,0.7
nan,0.0,0.0,0.0,0.0,0.0,0.0,0.0,0.0,0.0,2.063303064099037,False,False,458.0,1698764.7336721502,6239362.044194117,-23.978135479375215,505212.8264405012,8.868940383288782e-06,0.00012842851553989797,0.7943282347242815,0.7
nan,0.0,0.0,0.0,0.0,0.0,0.0,0.0,0.0,0.0,0.8263629415569363,False,False,460.0,1698764.7336721502,6252263.986465479,-24.052428051938136,505212.8264405012,8.868940383288782e-06,0.00012789905589401704,0.7943282347242815,0.7
nan,0.0,0.0,0.0,0.0,0.0,0.0,0.0,0.0,0.0,0.6192124104829486,False,False,462.0,1698764.7336721502,6265158.466415323,-24.126676239623407,505212.8264405012,8.868940383288782e-06,0.00012737316697289356,0.7943282347242815,0.7
nan,0.0,0.0,0.0,0.0,0.0,0.0,0.0,0.0,0.0,0.5488140576365509,False,False,464.0,1698764.7336721502,6278045.466840988,-24.20088034146754,505212.8264405012,8.868940383288782e-06,0.0001268508170472481,0.7943282347242815,0.7
nan,0.0,0.0,0.0,0.0,0.0,0.0,0.0,0.0,0.0,0.5455649538257981,False,False,466.0,1698764.7336721502,6290924.970560908,-24.275040653852482,505212.8264405012,8.868940383288782e-06,0.00012633197473946705,0.7943282347242815,0.7
nan,0.0,0.0,0.0,0.0,0.0,0.0,0.0,0.0,0.0,0.9195885186209992,False,False,468.0,1698764.7336721502,6303796.960414516,-24.349157470535076,505212.8264405012,8.868940383288782e-06,0.00012581660901894595,0.7943282347242815,0.7
nan,0.0,0.0,0.0,0.0,0.0,0.0,0.0,0.0,0.0,1.1404612366169784,False,False,470.0,1698764.7336721502,6316661.419262125,-24.423231082675954,505212.8264405012,8.868940383288782e-06,0.00012530468919750554,0.7943282347242815,0.7
nan,0.0,0.0,0.0,0.0,0.0,0.0,0.0,0.0,0.0,0.8979766981428349,False,False,472.0,1698764.7336721502,6329518.329984832,-24.497261778868285,505212.8264405012,8.868940383288782e-06,0.00012479618492487713,0.7943282347242815,0.7
nan,0.0,0.0,0.0,0.0,0.0,0.0,0.0,0.0,0.0,0.9314818711070793,False,False,474.0,1698764.7336721502,6342367.675484402,-24.571249845165905,505212.8264405012,8.868940383288782e-06,0.0001242910661842581,0.7943282347242815,0.7
nan,0.0,0.0,0.0,0.0,0.0,0.0,0.0,0.0,0.0,1.6224268078120738,False,False,476.0,1698764.7336721502,6355209.438683172,-24.645195565111287,505212.8264405012,8.868940383288782e-06,0.00012378930328793466,0.7943282347242815,0.7
nan,0.0,0.0,0.0,0.0,0.0,0.0,0.0,0.0,0.0,0.8460663866765922,False,False,478.0,1698764.7336721502,6368043.602523945,-24.71909921976295,505212.8264405012,8.868940383288782e-06,0.00012329086687297162,0.7943282347242815,0.7
nan,0.0,0.0,0.0,0.0,0.0,0.0,0.0,0.0,0.0,0.7762826084894224,False,False,480.0,1698764.7336721502,6380870.149969897,-24.79296108772271,505212.8264405012,8.868940383288782e-06,0.00012279572789696756,0.7943282347242815,0.7
nan,0.0,0.0,0.0,0.0,0.0,0.0,0.0,0.0,0.0,1.814504036663431,False,False,482.0,1698764.7336721502,6393689.064004465,-24.86678144516238,505212.8264405012,8.868940383288782e-06,0.00012230385763387493,0.7943282347242815,0.7
nan,0.0,0.0,0.0,0.0,0.0,0.0,0.0,0.0,0.0,0.9300972843659004,False,False,484.0,1698764.7336721502,6406500.327631266,-24.940560565850284,505212.8264405012,8.868940383288782e-06,0.0001218152276698828,0.7943282347242815,0.7
nan,0.0,0.0,0.0,0.0,0.0,0.0,0.0,0.0,0.0,0.5097553373698831,False,False,486.0,1698764.7336721502,6419303.923873986,-25.014298721177294,505212.8264405012,8.868940383288782e-06,0.0001213298098993626,0.7943282347242815,0.7
nan,0.0,0.0,0.0,0.0,0.0,0.0,0.0,0.0,0.0,0.769439386181812,False,False,488.0,1698764.7336721502,6432099.835776299,-25.087996180182678,505212.8264405012,8.868940383288782e-06,0.0001208475765208744,0.7943282347242815,0.7
nan,0.0,0.0,0.0,0.0,0.0,0.0,0.0,0.0,0.0,0.8491896870730478,False,False,490.0,1698764.7336721502,6444888.046401767,-25.16165320957945,505212.8264405012,8.868940383288782e-06,0.00012036850003323369,0.7943282347242815,0.7
nan,0.0,0.0,0.0,0.0,0.0,0.0,0.0,0.0,0.0,1.0684199973739876,False,False,492.0,1698764.7336721502,6457668.53883375,-25.235270073779446,505212.8264405012,8.868940383288782e-06,0.00011989255323163713,0.7943282347242815,0.7
nan,0.0,0.0,0.0,0.0,0.0,0.0,0.0,0.0,0.0,0.6905886228548301,False,False,494.0,1698764.7336721502,6470441.296175314,-25.30884703491824,505212.8264405012,8.868940383288782e-06,0.00011941970920384664,0.7943282347242815,0.7
nan,0.0,0.0,0.0,0.0,0.0,0.0,0.0,0.0,0.0,0.7346764397664473,False,False,496.0,1698764.7336721502,6483206.301549151,-25.38238435287944,505212.8264405012,8.868940383288782e-06,0.00011894994132642997,0.7943282347242815,0.7
nan,0.0,0.0,0.0,0.0,0.0,0.0,0.0,0.0,0.0,0.7067126938137186,False,False,498.0,1698764.7336721502,6495963.538097479,-25.45588228531893,505212.8264405012,8.868940383288782e-06,0.00011848322326105822,0.7943282347242815,0.7
nan,0.0,0.0,0.0,0.0,0.0,0.0,0.0,0.0,0.0,0.5944116961064677,False,False,500.0,1698764.7336721502,6508712.988981972,-25.529341087688667,505212.8264405012,8.868940383288782e-06,0.00011801952895085765,0.7943282347242815,0.7
nan,0.0,0.0,0.0,0.0,0.0,0.0,0.0,0.0,0.0,0.7382926466636537,False,False,502.0,1698764.7336721502,6521454.63738366,-25.60276101326022,505212.8264405012,8.868940383288782e-06,0.00011755883261681671,0.7943282347242815,0.7
nan,0.0,0.0,0.0,0.0,0.0,0.0,0.0,0.0,0.0,0.9416018630808484,False,False,504.0,1698764.7336721502,6534188.466502856,-25.676142313148013,505212.8264405012,8.868940383288782e-06,0.00011710110875424538,0.7943282347242815,0.7
nan,0.0,0.0,0.0,0.0,0.0,0.0,0.0,0.0,0.0,1.2266044386189832,False,False,506.0,1698764.7336721502,6546914.459559074,-25.749485236332212,505212.8264405012,8.868940383288782e-06,0.00011664633212928769,0.7943282347242815,0.7
nan,0.0,0.0,0.0,0.0,0.0,0.0,0.0,0.0,0.0,0.7640738221702803,False,False,508.0,1698764.7336721502,6559632.599790938,-25.82279002968141,505212.8264405012,8.868940383288782e-06,0.00011619447777548552,0.7943282347242815,0.7
nan,0.0,0.0,0.0,0.0,0.0,0.0,0.0,0.0,0.0,0.4449801988613219,False,False,510.0,1698764.7336721502,6572342.87045612,-25.896056937974993,505212.8264405012,8.868940383288782e-06,0.00011574552099039278,0.7943282347242815,0.7
nan,0.0,0.0,0.0,0.0,0.0,0.0,0.0,0.0,0.0,0.6641775747620908,False,False,512.0,1698764.7336721502,6585045.254831249,-25.969286203925158,505212.8264405012,8.868940383288782e-06,0.00011529943733223978,0.7943282347242815,0.7
nan,0.0,0.0,0.0,0.0,0.0,0.0,0.0,0.0,0.0,0.9872620898784358,False,False,514.0,1698764.7336721502,6597739.7362118345,-26.042478068198744,505212.8264405012,8.868940383288782e-06,0.00011485620261664669,0.7943282347242815,0.7
nan,0.0,0.0,0.0,0.0,0.0,0.0,0.0,0.0,0.0,0.6644518050924336,False,False,516.0,1698764.7336721502,6610426.297912202,-26.115632769438772,505212.8264405012,8.868940383288782e-06,0.00011441579291338459,0.7943282347242815,0.7
nan,0.0,0.0,0.0,0.0,0.0,0.0,0.0,0.0,0.0,0.798055747887847,False,False,518.0,1698764.7336721502,6623104.923265407,-26.188750544285625,505212.8264405012,8.868940383288782e-06,0.00011397818454318446,0.7943282347242815,0.7
nan,0.0,0.0,0.0,0.0,0.0,0.0,0.0,0.0,0.0,1.2800648855180803,False,False,520.0,1698764.7336721502,6635775.595623166,-26.26183162739811,505212.8264405012,8.868940383288782e-06,0.00011354335407459234,0.7943282347242815,0.7
nan,0.0,0.0,0.0,0.0,0.0,0.0,0.0,0.0,0.0,0.9566132151330484,False,False,522.0,1698764.7336721502,6648438.298355786,-26.334876251474107,505212.8264405012,8.868940383288782e-06,0.00011311127832087075,0.7943282347242815,0.7
nan,0.0,0.0,0.0,0.0,0.0,0.0,0.0,0.0,0.0,1.0826964373067762,False,False,524.0,1698764.7336721502,6661093.014852089,-26.4078846472711,505212.8264405012,8.868940383288782e-06,0.0001126819343369446,0.7943282347242815,0.7
nan,0.0,0.0,0.0,0.0,0.0,0.0,0.0,0.0,0.0,1.208494674337799,False,False,526.0,1698764.7336721502,6673739.72851935,-26.4808570436263,505212.8264405012,8.868940383288782e-06,0.00011225529941639157,0.7943282347242815,0.7
nan,0.0,0.0,0.0,0.0,0.0,0.0,0.0,0.0,0.0,1.330792971640933,False,False,528.0,1698764.7336721502,6686378.422783221,-26.553793667476683,505212.8264405012,8.868940383288782e-06,0.00011183135108847647,0.7943282347242815,0.7
nan,0.0,0.0,0.0,0.0,0.0,0.0,0.0,0.0,0.0,0.8135626111428411,False,False,530.0,1698764.7336721502,6699009.081087666,-26.62669474387863,505212.8264405012,8.868940383288782e-06,0.00011141006711522781,0.7943282347242815,0.7
nan,0.0,0.0,0.0,0.0,0.0,0.0,0.0,0.0,0.0,1.0648008464338412,False,False,532.0,1698764.7336721502,6711631.686894893,-26.699560496027424,505212.8264405012,8.868940383288782e-06,0.00011099142548855706,0.7943282347242815,0.7
nan,0.0,0.0,0.0,0.0,0.0,0.0,0.0,0.0,0.0,1.0232403916497077,False,False,534.0,1698764.7336721502,6724246.223685294,-26.77239114527648,505212.8264405012,8.868940383288782e-06,0.00011057540442741875,0.7943282347242815,0.7
nan,0.0,0.0,0.0,0.0,0.0,0.0,0.0,0.0,0.0,0.7335634851795558,False,False,536.0,1698764.7336721502,6736852.674957375,-26.845186911156283,505212.8264405012,8.868940383288782e-06,0.00011016198237501204,0.7943282347242815,0.7
nan,0.0,0.0,0.0,0.0,0.0,0.0,0.0,0.0,0.0,0.7738632028781885,False,False,538.0,1698764.7336721502,6749451.024227693,-26.917948011393175,505212.8264405012,8.868940383288782e-06,0.00010975113799602197,0.7943282347242815,0.7
nan,0.0,0.0,0.0,0.0,0.0,0.0,0.0,0.0,0.0,0.9604491154259316,False,False,540.0,1698764.7336721502,6762041.255030794,-26.9906746619279,505212.8264405012,8.868940383288782e-06,0.00010934285017390008,0.7943282347242815,0.7
nan,0.0,0.0,0.0,0.0,0.0,0.0,0.0,0.0,0.0,1.0554826213545976,False,False,542.0,1698764.7336721502,6774623.350919156,-27.06336707693382,505212.8264405012,8.868940383288782e-06,0.00010893709800818404,0.7943282347242815,0.7
nan,0.0,0.0,0.0,0.0,0.0,0.0,0.0,0.0,0.0,0.8082574974155601,False,False,544.0,1698764.7336721502,6787197.295463121,-27.136025468835044,505212.8264405012,8.868940383288782e-06,0.00010853386081185566,0.7943282347242815,0.7
nan,0.0,0.0,0.0,0.0,0.0,0.0,0.0,0.0,0.0,1.6222421219071914,False,False,546.0,1698764.7336721502,6799763.072250837,-27.208650048324277,505212.8264405012,8.868940383288782e-06,0.000108133118108736,0.7943282347242815,0.7
nan,0.0,0.0,0.0,0.0,0.0,0.0,0.0,0.0,0.0,1.0995125518304214,False,False,548.0,1698764.7336721502,6812320.664888214,-27.281241024380417,505212.8264405012,8.868940383288782e-06,0.00010773484963091721,0.7943282347242815,0.7
nan,0.0,0.0,0.0,0.0,0.0,0.0,0.0,0.0,0.0,1.3602909722016754,False,False,550.0,1698764.7336721502,6824870.056998839,-27.35379860428599,505212.8264405012,8.868940383288782e-06,0.00010733903531623221,0.7943282347242815,0.7
nan,0.0,0.0,0.0,0.0,0.0,0.0,0.0,0.0,0.0,1.0726934466869014,False,False,552.0,1698764.7336721502,6837411.232223943,-27.426322993644348,505212.8264405012,8.868940383288782e-06,0.0001069456553057579,0.7943282347242815,0.7
nan,0.0,0.0,0.0,0.0,0.0,0.0,0.0,0.0,0.0,0.9731935337949909,False,False,554.0,1698764.7336721502,6849944.174222332,-27.498814396396696,505212.8264405012,8.868940383288782e-06,0.00010655468994135578,0.7943282347242815,0.7
nan,0.0,0.0,0.0,0.0,0.0,0.0,0.0,0.0,0.0,1.2417032074079721,False,False,556.0,1698764.7336721502,6862468.866670343,-27.571273014838813,505212.8264405012,8.868940383288782e-06,0.00010616611976324514,0.7943282347242815,0.7
nan,0.0,0.0,0.0,0.0,0.0,0.0,0.0,0.0,0.0,0.7587840602004537,False,False,558.0,1698764.7336721502,6874985.29326178,-27.643699049637725,505212.8264405012,8.868940383288782e-06,0.00010577992550761208,0.7943282347242815,0.7
nan,0.0,0.0,0.0,0.0,0.0,0.0,0.0,0.0,0.0,0.6995774323110013,False,False,560.0,1698764.7336721502,6887493.437707862,-27.716092699848005,505212.8264405012,8.868940383288782e-06,0.00010539608810425121,0.7943282347242815,0.7
nan,0.0,0.0,0.0,0.0,0.0,0.0,0.0,0.0,0.0,0.8037975296602607,False,False,562.0,1698764.7336721502,6899993.283737176,-27.78845416292804,505212.8264405012,8.868940383288782e-06,0.00010501458867424,0.7943282347242815,0.7
nan,0.0,0.0,0.0,0.0,0.0,0.0,0.0,0.0,0.0,0.9302167346081054,False,False,564.0,1698764.7336721502,6912484.815095625,-27.860783634756004,505212.8264405012,8.868940383288782e-06,0.00010463540852764645,0.7943282347242815,0.7
nan,0.0,0.0,0.0,0.0,0.0,0.0,0.0,0.0,0.0,0.8371172999315659,False,False,566.0,1698764.7336721502,6924968.015546372,-27.933081309645633,505212.8264405012,8.868940383288782e-06,0.00010425852916126812,0.7943282347242815,0.7
nan,0.0,0.0,0.0,0.0,0.0,0.0,0.0,0.0,0.0,0.8447787986299602,False,False,568.0,1698764.7336721502,6937442.8688697945,-28.00534738036186,505212.8264405012,8.868940383288782e-06,0.00010388393225640287,0.7943282347242815,0.7
nan,0.0,0.0,0.0,0.0,0.0,0.0,0.0,0.0,0.0,1.133120220620128,False,False,570.0,1698764.7336721502,6949909.358863434,-28.07758203813629,505212.8264405012,8.868940383288782e-06,0.00010351159967665041,0.7943282347242815,0.7
nan,0.0,0.0,0.0,0.0,0.0,0.0,0.0,0.0,0.0,1.166778822525432,False,False,572.0,1698764.7336721502,6962367.46934195,-28.14978547268235,505212.8264405012,8.868940383288782e-06,0.00010314151346574419,0.7943282347242815,0.7
nan,0.0,0.0,0.0,0.0,0.0,0.0,0.0,0.0,0.0,1.340928966302716,False,False,574.0,1698764.7336721502,6974817.184137066,-28.22195787221044,505212.8264405012,8.868940383288782e-06,0.00010277365584541378,0.7943282347242815,0.7
nan,0.0,0.0,0.0,0.0,0.0,0.0,0.0,0.0,0.0,0.9226691607045087,False,False,576.0,1698764.7336721502,6987258.487097537,-28.29409942344279,505212.8264405012,8.868940383288782e-06,0.00010240800921327595,0.7943282347242815,0.7
nan,0.0,0.0,0.0,0.0,0.0,0.0,0.0,0.0,0.0,0.9980668159261619,False,False,578.0,1698764.7336721502,6999691.3620890835,-28.366210311628144,505212.8264405012,8.868940383288782e-06,0.00010204455614075568,0.7943282347242815,0.7
nan,0.0,0.0,0.0,0.0,0.0,0.0,0.0,0.0,0.0,2.053532481009187,False,False,580.0,1698764.7336721502,7012115.792994367,-28.43829072055636,505212.8264405012,8.868940383288782e-06,0.00010168327937103478,0.7943282347242815,0.7
nan,0.0,0.0,0.0,0.0,0.0,0.0,0.0,0.0,0.0,1.0389070781544856,False,False,582.0,1698764.7336721502,7024531.763712929,-28.51034083257269,505212.8264405012,8.868940383288782e-06,0.00010132416181702981,0.7943282347242815,0.7
nan,0.0,0.0,0.0,0.0,0.0,0.0,0.0,0.0,0.0,0.9604458392499484,False,False,584.0,1698764.7336721502,7036939.2581611555,-28.58236082859205,505212.8264405012,8.868940383288782e-06,0.0001009671865593965,0.7943282347242815,0.7
nan,0.0,0.0,0.0,0.0,0.0,0.0,0.0,0.0,0.0,1.2943945007425754,False,False,586.0,1698764.7336721502,7049338.260272237,-28.65435088811301,505212.8264405012,8.868940383288782e-06,0.0001006123368445623,0.7943282347242815,0.7
nan,0.0,0.0,0.0,0.0,0.0,0.0,0.0,0.0,0.0,1.4661905296974993,False,False,588.0,1698764.7336721502,7061728.753996119,-28.72631118923168,505212.8264405012,8.868940383288782e-06,0.00010025959608278533,0.7943282347242815,0.7
nan,0.0,0.0,0.0,0.0,0.0,0.0,0.0,0.0,0.0,1.3000308984308375,False,False,590.0,1698764.7336721502,7074110.723299464,-28.79824190865539,505212.8264405012,8.868940383288782e-06,9.990894784624e-05,0.7943282347242815,0.7
nan,0.0,0.0,0.0,0.0,0.0,0.0,0.0,0.0,0.0,1.1642607730586731,False,False,592.0,1698764.7336721502,7086484.152165611,-28.870143221716248,505212.8264405012,8.868940383288782e-06,9.956037586712847e-05,0.7943282347242815,0.7
nan,0.0,0.0,0.0,0.0,0.0,0.0,0.0,0.0,0.0,1.3032280962555653,False,False,594.0,1698764.7336721502,7098849.024594535,-28.94201530238453,505212.8264405012,8.868940383288782e-06,9.921386403581771e-05,0.7943282347242815,0.7
nan,0.0,0.0,0.0,0.0,0.0,0.0,0.0,0.0,0.0,0.6894119372918255,False,False,596.0,1698764.7336721502,7111205.324602805,-29.01385832328188,505212.8264405012,8.868940383288782e-06,9.886939639900206e-05,0.7943282347242815,0.7
nan,0.0,0.0,0.0,0.0,0.0,0.0,0.0,0.0,0.0,0.9345775633690198,False,False,598.0,1698764.7336721502,7123553.036223553,-29.085672455694432,505212.8264405012,8.868940383288782e-06,9.852695715789012e-05,0.7943282347242815,0.7
nan,0.0,0.0,0.0,0.0,0.0,0.0,0.0,0.0,0.0,0.991340079980052,False,False,600.0,1698764.7336721502,7135892.143506424,-29.157457869585684,505212.8264405012,8.868940383288782e-06,9.818653066641673e-05,0.7943282347242815,0.7
