time_s,i_zero_based,j_zero_based,label,kind,distance_km,elevation_deg,visible,eta,qber,key_rate_bps,cumulative_key_bits
-600.0,0,1,Ground A - Sat 1,ground,3858.3910459774447,-9.679468402040552,False,0.0,,0.0,0.0
-598.0,0,1,Ground A - Sat 1,ground,3844.465616633718,-9.587606216541339,False,0.0,,0.0,0.0
-596.0,0,1,Ground A - Sat 1,ground,3830.536411278565,-9.495537882247325,False,0.0,,0.0,0.0
-594.0,0,1,Ground A - Sat 1,ground,3816.6034574079663,-9.403261085758894,False,0.0,,0.0,0.0
-592.0,0,1,Ground A - Sat 1,ground,3802.6667826774483,-9.31077347916407,False,0.0,,0.0,0.0
-590.0,0,1,Ground A - Sat 1,ground,3788.726414904953,-9.218072679396277,False,0.0,,0.0,0.0
-588.0,0,1,Ground A - Sat 1,ground,3774.7823820737685,-9.125156267577747,False,0.0,,0.0,0.0
-586.0,0,1,Ground A - Sat 1,ground,3760.8347123355243,-9.032021788348258,False,0.0,,0.0,0.0
-584.0,0,1,Ground A - Sat 1,ground,3746.8834340132644,-8.938666749178868,False,0.0,,0.0,0.0
-582.0,0,1,Ground A - Sat 1,ground,3732.9285756045765,-8.845088619670149,False,0.0,,0.0,0.0
-580.0,0,1,Ground A - Sat 1,ground,3718.9701657848086,-8.751284830834493,False,0.0,,0.0,0.0
-578.0,0,1,Ground A - Sat 1,ground,3705.008233410347,-8.657252774362378,False,0.0,,0.0,0.0
-576.0,0,1,Ground A - Sat 1,ground,3691.042807521978,-8.562989801871606,False,0.0,,0.0,0.0
-574.0,0,1,Ground A - Sat 1,ground,3677.073917348325,-8.46849322413966,False,0.0,,0.0,0.0
-572.0,0,1,Ground A - Sat 1,ground,3663.101592309366,-8.373760310318367,False,0.0,,0.0,0.0
-570.0,0,1,Ground A - Sat 1,ground,3649.1258620200324,-8.278788287130443,False,0.0,,0.0,0.0
-568.0,0,1,Ground A - Sat 1,ground,3635.146756293895,-8.183574338047562,False,0.0,,0.0,0.0
-566.0,0,1,Ground A - Sat 1,ground,3621.164305146935,-8.088115602449356,False,0.0,,0.0,0.0
-564.0,0,1,Ground A - Sat 1,ground,3607.178538801406,-7.992409174762797,False,0.0,,0.0,0.0
-562.0,0,1,Ground A - Sat 1,ground,3593.1894876897827,-7.896452103581584,False,0.0,,0.0,0.0
-560.0,0,1,Ground A - Sat 1,ground,3579.197182458811,-7.800241390764734,False,0.0,,0.0,0.0
-558.0,0,1,Ground A - Sat 1,ground,3565.2016539736505,-7.7037739905141995,False,0.0,,0.0,0.0
-556.0,0,1,Ground A - Sat 1,ground,3551.2029333221176,-7.607046808430443,False,0.0,,0.0,0.0
-554.0,0,1,Ground A - Sat 1,ground,3537.20105181903,-7.510056700545887,False,0.0,,0.0,0.0
-552.0,0,1,Ground A - Sat 1,ground,3523.1960410106576,-7.412800472335127,False,0.0,,0.0,0.0
-550.0,0,1,Ground A - Sat 1,ground,3509.1879326792828,-7.315274877701696,False,0.0,,0.0,0.0
-548.0,0,1,Ground A - Sat 1,ground,3495.176758847868,-7.217476617940494,False,0.0,,0.0,0.0
-546.0,0,1,Ground A - Sat 1,ground,3481.1625517848406,-7.119402340675156,False,0.0,,0.0,0.0
-544.0,0,1,Ground A - Sat 1,ground,3467.1453440089945,-7.02104863876988,False,0.0,,0.0,0.0
-542.0,0,1,Ground A - Sat 1,ground,3453.125168294514,-6.922412049214868,False,0.0,,0.0,0.0
-540.0,0,1,Ground A - Sat 1,ground,3439.1020576761175,-6.823489051984498,False,0.0,,0.0,0.0
-538.0,0,1,Ground A - Sat 1,ground,3425.0760454543356,-6.724276068867813,False,0.0,,0.0,0.0
-536.0,0,1,Ground A - Sat 1,ground,3411.047165200915,-6.62476946227013,False,0.0,,0.0,0.0
-534.0,0,1,Ground A - Sat 1,ground,3397.0154507643647,-6.524965533985314,False,0.0,,0.0,0.0
-532.0,0,1,Ground A - Sat 1,ground,3382.9809362756323,-6.424860523937562,False,0.0,,0.0,0.0
-530.0,0,1,Ground A - Sat 1,ground,3368.9436561539296,-6.324450608892039,False,0.0,,0.0,0.0
-528.0,0,1,Ground A - Sat 1,ground,3354.9036451127085,-6.223731901133448,False,0.0,,0.0,0.0
-526.0,0,1,Ground A - Sat 1,ground,3340.8609381657825,-6.122700447111462,False,0.0,,0.0,0.0
-524.0,0,1,Ground A - Sat 1,ground,3326.8155706336065,-6.02135222605216,False,0.0,,0.0,0.0
-522.0,0,1,Ground A - Sat 1,ground,3312.7675781497214,-5.919683148534566,False,0.0,,0.0,0.0
-520.0,0,1,Ground A - Sat 1,ground,3298.7169966673614,-5.817689055031029,False,0.0,,0.0,0.0
-518.0,0,1,Ground A - Sat 1,ground,3284.6638624662287,-5.71536571441059,False,0.0,,0.0,0.0
-516.0,0,1,Ground A - Sat 1,ground,3270.6082121594573,-5.612708822404319,False,0.0,,0.0,0.0
-514.0,0,1,Ground A - Sat 1,ground,3256.5500827007377,-5.509714000030937,False,0.0,,0.0,0.0
-512.0,0,1,Ground A - Sat 1,ground,3242.489511391649,-5.406376791982506,False,0.0,,0.0,0.0
-510.0,0,1,Ground A - Sat 1,ground,3228.4265358891685,-5.302692664967995,False,0.0,,0.0,0.0
-508.0,0,1,Ground A - Sat 1,ground,3214.3611942133866,-5.198657006014175,False,0.0,,0.0,0.0
-506.0,0,1,Ground A - Sat 1,ground,3200.2935247554265,-5.09426512072218,False,0.0,,0.0,0.0
-504.0,0,1,Ground A - Sat 1,ground,3186.223566285571,-4.989512231478566,False,0.0,,0.0,0.0
-502.0,0,1,Ground A - Sat 1,ground,3172.151357961611,-4.884393475619379,False,0.0,,0.0,0.0
-500.0,0,1,Ground A - Sat 1,ground,3158.0769393374107,-4.778903903545924,False,0.0,,0.0,0.0
-498.0,0,1,Ground A - Sat 1,ground,3144.0003503717126,-4.673038476790641,False,0.0,,0.0,0.0
-496.0,0,1,Ground A - Sat 1,ground,3129.9216314371724,-4.566792066031679,False,0.0,,0.0,0.0
-494.0,0,1,Ground A - Sat 1,ground,3115.8408233296486,-4.460159449054378,False,0.0,,0.0,0.0
-492.0,0,1,Ground A - Sat 1,ground,3101.7579672777388,-4.35313530865831,False,0.0,,0.0,0.0
-490.0,0,1,Ground A - Sat 1,ground,3087.673104952571,-4.245714230507936,False,0.0,,0.0,0.0
-488.0,0,1,Ground A - Sat 1,ground,3073.5862784778883,-4.137890700925257,False,0.0,,0.0,0.0
-486.0,0,1,Ground A - Sat 1,ground,3059.49753044038,-4.029659104622628,False,0.0,,0.0,0.0
-484.0,0,1,Ground A - Sat 1,ground,3045.4069039003284,-3.9210137223737336,False,0.0,,0.0,0.0
-482.0,0,1,Ground A - Sat 1,ground,3031.314442402532,-3.8119487286209663,False,0.0,,0.0,0.0
-480.0,0,1,Ground A - Sat 1,ground,3017.2201899875463,-3.70245818901707,False,0.0,,0.0,0.0
-478.0,0,1,Ground A - Sat 1,ground,3003.124191203238,-3.592536057898994,False,0.0,,0.0,0.0
-476.0,0,1,Ground A - Sat 1,ground,2989.026491116659,-3.482176175691663,False,0.0,,0.0,0.0
-474.0,0,1,Ground A - Sat 1,ground,2974.9271353262734,-3.3713722662397463,False,0.0,,0.0,0.0
-472.0,0,1,Ground A - Sat 1,ground,2960.826169974512,-3.2601179340646773,False,0.0,,0.0,0.0
-470.0,0,1,Ground A - Sat 1,ground,2946.7236417607037,-3.1484066615448403,False,0.0,,0.0,0.0
-468.0,0,1,Ground A - Sat 1,ground,2932.619597954369,-3.0362318060162456,False,0.0,,0.0,0.0
-466.0,0,1,Ground A - Sat 1,ground,2918.514086408902,-2.923586596791169,False,0.0,,0.0,0.0
-464.0,0,1,Ground A - Sat 1,ground,2904.407155575647,-2.810464132092129,False,0.0,,0.0,0.0
-462.0,0,1,Ground A - Sat 1,ground,2890.2988545183857,-2.6968573758981367,False,0.0,,0.0,0.0
-460.0,0,1,Ground A - Sat 1,ground,2876.1892329282523,-2.582759154700791,False,0.0,,0.0,0.0
-458.0,0,1,Ground A - Sat 1,ground,2862.078341139081,-2.4681621541668184,False,0.0,,0.0,0.0
-456.0,0,1,Ground A - Sat 1,ground,2847.9662301432118,-2.353058915703926,False,0.0,,0.0,0.0
-454.0,0,1,Ground A - Sat 1,ground,2833.8529516077647,-2.237441832927262,False,0.0,,0.0,0.0
-452.0,0,1,Ground A - Sat 1,ground,2819.738557891397,-2.1213031480224256,False,0.0,,0.0,0.0
-450.0,0,1,Ground A - Sat 1,ground,2805.623102061565,-2.0046349480020393,False,0.0,,0.0,0.0
-448.0,0,1,Ground A - Sat 1,ground,2791.5066379123077,-1.8874291608520453,False,0.0,,0.0,0.0
-446.0,0,1,Ground A - Sat 1,ground,2777.3892199825586,-1.7696775515641225,False,0.0,,0.0,0.0
-444.0,0,1,Ground A - Sat 1,ground,2763.270903575028,-1.6513717180501517,False,0.0,,0.0,0.0
-442.0,0,1,Ground A - Sat 1,ground,2749.15174477565,-1.5325030869347518,False,0.0,,0.0,0.0
-440.0,0,1,Ground A - Sat 1,ground,2735.0318004736314,-1.413062909221933,False,0.0,,0.0,0.0
-438.0,0,1,Ground A - Sat 1,ground,2720.91112838212,-1.2930422558308061,False,0.0,,0.0,0.0
-436.0,0,1,Ground A - Sat 1,ground,2706.7897870595057,-1.1724320129969044,False,0.0,,0.0,0.0
-434.0,0,1,Ground A - Sat 1,ground,2692.6678359313955,-1.0512228775331642,False,0.0,,0.0,0.0
-432.0,0,1,Ground A - Sat 1,ground,2678.545335313266,-0.9294053519465119,False,0.0,,0.0,0.0
-430.0,0,1,Ground A - Sat 1,ground,2664.42234643383,-0.8069697394048703,False,0.0,,0.0,0.0
-428.0,0,1,Ground A - Sat 1,ground,2650.298931459147,-0.683906138548912,False,0.0,,0.0,0.0
-426.0,0,1,Ground A - Sat 1,ground,2636.175153517488,-0.5602044381431525,False,0.0,,0.0,0.0
-424.0,0,1,Ground A - Sat 1,ground,2622.0510767250025,-0.4358543115610328,False,0.0,,0.0,0.0
-422.0,0,1,Ground A - Sat 1,ground,2607.9267662122033,-0.31084521109762775,False,0.0,,0.0,0.0
-420.0,0,1,Ground A - Sat 1,ground,2593.802288151306,-0.18516636210375728,False,0.0,,0.0,0.0
-418.0,0,1,Ground A - Sat 1,ground,2579.6777097844492,-0.05880675693529462,False,0.0,,0.0,0.0
-416.0,0,1,Ground A - Sat 1,ground,2565.5530994528394,0.06824485128912706,False,0.0,,0.0,0.0
-414.0,0,1,Ground A - Sat 1,ground,2551.4285266268407,0.19599995512920232,False,0.0,,0.0,0.0
-412.0,0,1,Ground A - Sat 1,ground,2537.3040619370604,0.3244702994699026,False,0.0,,0.0,0.0
-410.0,0,1,Ground A - Sat 1,ground,2523.179777206454,0.4536678883819241,False,0.0,,0.0,0.0
-408.0,0,1,Ground A - Sat 1,ground,2509.0557454835025,0.5836049922036038,False,0.0,,0.0,0.0
-406.0,0,1,Ground A - Sat 1,ground,2494.9320410764863,0.7142941548525918,False,0.0,,0.0,0.0
-404.0,0,1,Ground A - Sat 1,ground,2480.808739588922,0.8457482013754544,False,0.0,,0.0,0.0
-402.0,0,1,Ground A - Sat 1,ground,2466.6859179561807,0.9779802457448807,False,0.0,,0.0,0.0
-400.0,0,1,Ground A - Sat 1,ground,2452.56365448335,1.1110036989130552,False,0.0,,0.0,0.0
-398.0,0,1,Ground A - Sat 1,ground,2438.442028884389,1.2448322771312772,False,0.0,,0.0,0.0
-396.0,0,1,Ground A - Sat 1,ground,2424.321122322621,1.3794800105460563,False,0.0,,0.0,0.0
-394.0,0,1,Ground A - Sat 1,ground,2410.2010174526163,1.514961252081943,False,0.0,,0.0,0.0
-392.0,0,1,Ground A - Sat 1,ground,2396.0817984635255,1.651290686622225,False,0.0,,0.0,0.0
-390.0,0,1,Ground A - Sat 1,ground,2381.9635511239208,1.7884833404990688,False,0.0,,0.0,0.0
-388.0,0,1,Ground A - Sat 1,ground,2367.846362828203,1.926554591304901,False,0.0,,0.0,0.0
-386.0,0,1,Ground A - Sat 1,ground,2353.7303226446356,2.0655201780377443,False,0.0,,0.0,0.0
-384.0,0,1,Ground A - Sat 1,ground,2339.615521365082,2.205396211593312,False,0.0,,0.0,0.0
-382.0,0,1,Ground A - Sat 1,ground,2325.5020515565025,2.3461991856175675,False,0.0,,0.0,0.0
-380.0,0,1,Ground A - Sat 1,ground,2311.3900076142945,2.487945987734147,False,0.0,,0.0,0.0
-378.0,0,1,Ground A - Sat 1,ground,2297.2794858175425,2.6306539111610316,False,0.0,,0.0,0.0
-376.0,0,1,Ground A - Sat 1,ground,2283.170584386267,2.7743406667325683,False,0.0,,0.0,0.0
-374.0,0,1,Ground A - Sat 1,ground,2269.0634035407456,2.9190243953424333,False,0.0,,0.0,0.0
-372.0,0,1,Ground A - Sat 1,ground,2254.958045563002,3.0647236808248275,False,0.0,,0.0,0.0
-370.0,0,1,Ground A - Sat 1,ground,2240.8546148605474,3.2114575632913955,False,0.0,,0.0,0.0
-368.0,0,1,Ground A - Sat 1,ground,2226.7532180324733,3.3592455529424274,False,0.0,,0.0,0.0
-366.0,0,1,Ground A - Sat 1,ground,2212.6539639380007,3.508107644371536,False,0.0,,0.0,0.0
-364.0,0,1,Ground A - Sat 1,ground,2198.5569637675767,3.6580643313840673,False,0.0,,0.0,0.0
-362.0,0,1,Ground A - Sat 1,ground,2184.4623311166397,3.809136622350253,False,0.0,,0.0,0.0
-360.0,0,1,Ground A - Sat 1,ground,2170.370182062174,3.9613460561150675,False,0.0,,0.0,0.0
-358.0,0,1,Ground A - Sat 1,ground,2156.2806352421576,4.114714718488334,False,0.0,,0.0,0.0
-356.0,0,1,Ground A - Sat 1,ground,2142.1938119380407,4.269265259338381,False,0.0,,0.0,0.0
-354.0,0,1,Ground A - Sat 1,ground,2128.109836160394,4.425020910315171,False,0.0,,0.0,0.0
-352.0,0,1,Ground A - Sat 1,ground,2114.0288347378523,4.582005503229164,False,0.0,,0.0,0.0
-350.0,0,1,Ground A - Sat 1,ground,2099.950937409511,4.740243489113153,False,0.0,,0.0,0.0
-348.0,0,1,Ground A - Sat 1,ground,2085.876276920929,4.899759957996662,False,0.0,,0.0,0.0
-346.0,0,1,Ground A - Sat 1,ground,2071.8049891238884,5.060580659422534,False,0.0,,0.0,0.0
-344.0,0,1,Ground A - Sat 1,ground,2057.7372130801054,5.2227320237378345,False,0.0,,0.0,0.0
-342.0,0,1,Ground A - Sat 1,ground,2043.6730911690427,5.386241184192239,False,0.0,,0.0,0.0
-340.0,0,1,Ground A - Sat 1,ground,2029.612769200028,5.551135999878335,False,0.0,,0.0,0.0
-338.0,0,1,Ground A - Sat 1,ground,2015.5563965288804,5.717445079550773,False,0.0,,0.0,0.0
-336.0,0,1,Ground A - Sat 1,ground,2001.5041261792362,5.885197806361998,False,0.0,,0.0,0.0
-334.0,0,1,Ground A - Sat 1,ground,1987.4561149688102,6.05442436355471,False,0.0,,0.0,0.0
-332.0,0,1,Ground A - Sat 1,ground,1973.412523640807,6.22515576115318,False,0.0,,0.0,0.0
-330.0,0,1,Ground A - Sat 1,ground,1959.3735170007371,6.397423863696699,False,0.0,,0.0,0.0
-328.0,0,1,Ground A - Sat 1,ground,1945.3392640588875,6.571261419062019,False,0.0,,0.0,0.0
-326.0,0,1,Ground A - Sat 1,ground,1931.309938178713,6.746702088422346,False,0.0,,0.0,0.0
-324.0,0,1,Ground A - Sat 1,ground,1917.2857172314361,6.9237804773938425,False,0.0,,0.0,0.0
-322.0,0,1,Ground A - Sat 1,ground,1903.266783757148,7.102532168422684,False,0.0,,0.0,0.0
-320.0,0,1,Ground A - Sat 1,ground,1889.2533251327325,7.282993754467965,False,0.0,,0.0,0.0
-318.0,0,1,Ground A - Sat 1,ground,1875.245533746933,7.465202874039389,False,0.0,,0.0,0.0
-316.0,0,1,Ground A - Sat 1,ground,1861.2436071829216,7.649198247650218,False,0.0,,0.0,0.0
-314.0,0,1,Ground A - Sat 1,ground,1847.2477484087308,7.835019715750449,False,0.0,,0.0,0.0
-312.0,0,1,Ground A - Sat 1,ground,1833.2581659759433,8.022708278206828,False,0.0,,0.0,0.0
-310.0,0,1,Ground A - Sat 1,ground,1819.2750742270396,8.212306135400953,False,0.0,,0.0,0.0
-308.0,0,1,Ground A - Sat 1,ground,1805.298693511847,8.403856731018909,False,0.0,,0.0,0.0
-306.0,0,1,Ground A - Sat 1,ground,1791.3292504135377,8.59740479661135,False,0.0,,0.0,0.0
-304.0,0,1,Ground A - Sat 1,ground,1777.3669779846593,8.792996398003945,False,0.0,,0.0,0.0
-302.0,0,1,Ground A - Sat 1,ground,1763.412115993714,8.990678983645592,False,0.0,,0.0,0.0
-300.0,0,1,Ground A - Sat 1,ground,1749.4649111828091,9.190501434982943,False,0.0,,0.0,0.0
-298.0,0,1,Ground A - Sat 1,ground,1735.5256175369639,9.392514118956102,False,0.0,,0.0,0.0
-296.0,0,1,Ground A - Sat 1,ground,1721.5944965656645,9.596768942714219,False,0.0,,0.0,0.0
-294.0,0,1,Ground A - Sat 1,ground,1707.6718175972974,9.803319410655105,False,0.0,,0.0,0.0
-292.0,0,1,Ground A - Sat 1,ground,1693.7578580871425,10.012220683897036,True,3.86530526622243e-05,0.06048286442095342,50.33718222020856,50.33718222020856
-290.0,0,1,Ground A - Sat 1,ground,1679.8529039396315,10.223529642297867,True,4.119297483765593e-05,0.05792662292566258,68.55421995653903,169.22858439695614
-288.0,0,1,Ground A - Sat 1,ground,1665.9572498456205,10.437304949140408,True,4.385422548188909e-05,0.055539377433432215,87.8537826747006,325.6365870281958
-286.0,0,1,Ground A - Sat 1,ground,1652.071199635477,10.653607118610669,True,4.664095533521002e-05,0.05330850253754893,108.26690253779003,521.7572722406865
-284.0,0,1,Ground A - Sat 1,ground,1638.1950666488171,10.872498586199823,True,4.9557471472421264e-05,0.05122235528436941,129.82588283837103,759.8500576168475
-282.0,0,1,Ground A - Sat 1,ground,1624.3291741217888,11.094043782168882,True,5.260824676947016e-05,0.04927020617508327,152.56439092519776,1042.2403313804161
-280.0,0,1,Ground A - Sat 1,ground,1610.4738555928427,11.318309208220525,True,5.579792975127001e-05,0.04744217243635168,176.5175517713289,1371.322274076943
-278.0,0,1,Ground A - Sat 1,ground,1596.6294553279865,11.54536351752984,True,5.913135484068343e-05,0.04572915421152375,201.72204264982685,1749.5618684980986
-276.0,0,1,Ground A - Sat 1,ground,1582.796328766589,11.775277598293645,True,6.261355303022633e-05,0.04412277408736632,228.21618936401043,2179.5001005119357
-274.0,0,1,Ground A - Sat 1,ground,1568.9748429888489,12.008124660964373,True,6.624976299962441e-05,0.04261532019048982,256.0400644624544,2663.7563543384003
-272.0,0,1,Ground A - Sat 1,ground,1555.165377206116,12.243980329343147,True,7.004544270406234e-05,0.0411996929516708,285.2355878558163,3205.032006656671
-270.0,0,1,Ground A - Sat 1,ground,1541.3683232753363,12.482922735715226,True,7.400628145929075e-05,0.039869355535995375,315.8466302390633,3806.114224751551
-268.0,0,1,Ground A - Sat 1,ground,1527.584086238938,12.725032620217819,True,7.813821255139728e-05,0.038618287864233034,347.9191197139959,4469.8799747046105
-266.0,0,1,Ground A - Sat 1,ground,1513.8130848915946,12.970393434641268,True,8.244742640047183e-05,0.03744094410019033,381.50115199886403,5199.300246417471
-264.0,0,1,Ground A - Sat 1,ground,1500.0557523753546,13.21909145087116,True,8.694038430863325e-05,0.03633221344493853,416.64310460440595,5997.444503020741
-262.0,0,1,Ground A - Sat 1,ground,1486.3125368047329,13.47121587419011,True,9.16238328244979e-05,0.03528738405763913,453.3977553529878,6867.485362978135
-260.0,0,1,Ground A - Sat 1,ground,1472.5839019234581,13.726858961666334,True,9.650481875714477e-05,0.03430210991135228,491.82040561160807,7812.7035239427305
-258.0,0,1,Ground A - Sat 1,ground,1458.8703277946702,13.986116145866688,True,0.00010159070487409524,0.033372380387892156,531.9690086089963,8836.492938163336
-256.0,0,1,Ground A - Sat 1,ground,1445.172311526462,14.249086164140122,True,0.00010688918631891667,0.03249449241680361,573.9043032049693,9942.366249977302
-254.0,0,1,Ground A - Sat 1,ground,1431.4903680347961,14.51587119373019,True,0.0001124083077848319,0.031665024968294396,617.689953476891,11133.960506659161
-252.0,0,1,Ground A - Sat 1,ground,1417.8250308459299,14.786576992982171,True,0.00011815648148210695,0.0308808157171564,663.3926944906872,12415.04315462674
-250.0,0,1,Ground A - Sat 1,ground,1404.1768529406284,15.061313048923298,True,0.0001241425059371986,0.030138939703775673,711.0824846181871,13789.518333735614
-248.0,0,1,Ground A - Sat 1,ground,1390.546407642578,15.34019273150327,True,0.00013037558566283,0.029436689828217812,760.8326647654073,15261.433483119208
-246.0,0,1,Ground A - Sat 1,ground,1376.9342895535603,15.623333454791817,True,0.0001368653517378352,0.028771559023965575,812.7201248680175,16834.986272752634
-244.0,0,1,Ground A - Sat 1,ground,1363.3411155381066,15.910856845441401,True,0.00014362188333640635,0.028141223968429004,866.8254780113903,18514.53187563204
-242.0,0,1,Ground A - Sat 1,ground,1349.7675257605188,16.202888918730366,True,0.0001506557302457352,0.027543530197922595,923.2332425229656,20304.590596166396
-240.0,0,1,Ground A - Sat 1,ground,1336.2141847773132,16.499560262512972,True,0.00015797793641044518,0.026976478505000116,982.0320323757962,22209.855871065156
-238.0,0,1,Ground A - Sat 1,ground,1322.6817826883455,16.801006229408646,True,0.00016560006454153196,0.02643821250577766,1043.3147562330971,24235.20265967405
-236.0,0,1,Ground A - Sat 1,ground,1309.1710363500488,17.107367137571615,True,0.00017353422182545954,0.025927007274175084,1107.178825443725,26385.696241350874
-234.0,0,1,Ground A - Sat 1,ground,1295.682690654457,17.418788480387235,True,0.0001817930867673347,0.025441258948659885,1173.7263712817303,28666.60143807633
-232.0,0,1,Ground A - Sat 1,ground,1282.2175198778718,17.7354211454465,True,0.00019038993719861451,0.02497947522522703,1243.0644716925572,31083.39228105062
-230.0,0,1,Ground A - Sat 1,ground,1268.7763291032943,18.057421643152413,True,0.0001993386794765363,0.024540266657839014,1315.3053877797313,33641.76214052291
-228.0,0,1,Ground A - Sat 1,ground,1255.3599557209743,18.38495234531283,True,0.00020865387889693854,0.024122338694544814,1390.566810219152,36347.63433852179
-226.0,0,1,Ground A - Sat 1,ground,1241.9692710116817,18.718181734073262,True,0.00021835079133659642,0.023724484383866776,1468.9721157412612,39207.173264482204
-224.0,0,1,Ground A - Sat 1,ground,1228.6051818175918,19.057284661535885,True,0.00022844539613338111,0.023345577691938783,1550.6506337563133,42226.79601397978
-222.0,0,1,Ground A - Sat 1,ground,1215.26863230595,19.402442620404813,True,0.00023895443020345737,0.022984567376253845,1635.7379231226348,45413.18457085873
-220.0,0,1,Ground A - Sat 1,ground,1201.960605830978,19.753844025981774,True,0.0002498954233834174,0.02264047136680036,1724.3760589644407,48773.2985529458
-218.0,0,1,Ground A - Sat 1,ground,1188.6821268998008,20.111684509820737,True,0.00026128673497280777,0.02231237160981967,1816.7139293433586,52314.388541253604
-216.0,0,1,Ground A - Sat 1,ground,1175.4342632484893,20.476167225321767,True,0.00027314759143498633,0.021999409333553474,1912.9075414442732,56044.01001204124
-214.0,0,1,Ground A - Sat 1,ground,1162.21812803465,20.847503165516024,True,0.00028549812519728453,0.02170078069899921,2013.1203367969456,59970.03789028246
-212.0,0,1,Ground A - Sat 1,ground,1149.0348821533441,21.225911493251424,True,0.00029835941446768966,0.02141573280211452,2117.5235148605693,64100.681741939974
-210.0,0,1,Ground A - Sat 1,ground,1135.8857366834568,21.611619883938143,True,0.00031175352395959046,0.021143559996954987,2226.2963640884695,68444.50162088902
-208.0,0,1,Ground A - Sat 1,ground,1122.7719554720259,22.004864880953672,True,0.000325703546385402,0.02088360051201119,2339.626599339071,73010.42458431656
-206.0,0,1,Ground A - Sat 1,ground,1109.6948578643783,22.405892263730323,True,0.0003402336445436348,0.020635233334540343,2457.710704203138,77807.76188785877
-204.0,0,1,Ground A - Sat 1,ground,1096.6558215883144,22.814957428458797,True,0.000355369093782286,0.020397875339970322,2580.7542764768605,82846.22686853877
-202.0,0,1,Ground A - Sat 1,ground,1083.6562858009436,23.232325781234824,True,0.0003711363245722778,0.020170978645536547,2708.972374609075,88135.9535196247
-200.0,0,1,Ground A - Sat 1,ground,1070.6977543071334,23.658273143346968,True,0.0003875629648687675,0.01995402816918293,2842.5898624945085,93687.51575672829
-198.0,0,1,Ground A - Sat 1,ground,1057.781798958895,24.093086168253564,True,0.0004046778818720706,0.019746539376476562,2981.841749445568,99511.94736866836
-196.0,0,1,Ground A - Sat 1,ground,1044.9100632453612,24.537062769618693,True,0.0004225112227257345,0.019548056199816553,3126.9735215694327,105620.76263968337
-194.0,0,1,Ground A - Sat 1,ground,1032.0842660833166,24.990512559570213,True,0.0004410944536014843,0.01935814911563732,3278.2414600605184,112025.97762131332
-192.0,0,1,Ground A - Sat 1,ground,1019.3062058185278,25.4537572960991,True,0.00046046039652271873,0.019176413366561947,3435.9129411179924,118740.13202249183
-190.0,0,1,Ground A - Sat 1,ground,1006.5777644483228,25.92713133823811,True,0.00048064326316368084,0.019002467316627306,3600.2667112631602,125776.31167487298
-188.0,0,1,Ground A - Sat 1,ground,993.9009120760663,26.410982107331943,True,0.0005016786847325983,0.018835950928740717,3771.5931307797955,133148.17151691593
-186.0,0,1,Ground A - Sat 1,ground,981.2777116082331,26.905670552331475,True,0.0005236037368992375,0.018676524354482773,3950.1943767937028,140869.95902448942
-184.0,0,1,Ground A - Sat 1,ground,968.7103237047816,27.411571616612,True,0.0005464569585602897,0.018523866627231357,4136.384596144372,148956.53799742748
-182.0,0,1,Ground A - Sat 1,ground,956.2010119934138,27.92907470331589,True,0.0005702783630466984,0.018377674450366695,4330.489996656131,157423.412590228
-180.0,0,1,Ground A - Sat 1,ground,943.7521485579883,28.45858413564684,True,0.0005951094401641586,0.01823766107302686,4532.848863678274,166286.75145056238
-178.0,0,1,Ground A - Sat 1,ground,931.36621971094,29.000519607893228,True,0.0006209931472183149,0.018103555246532694,4743.8114868068105,175563.41180104748
-176.0,0,1,Ground A - Sat 1,ground,919.0458320588435,29.555316622212143,True,0.0006479738869084681,0.017975100255188746,4963.739979514442,185270.96326736873
-174.0,0,1,Ground A - Sat 1,ground,906.7937188693465,30.12342690536375,True,0.0006760974696755951,0.01785205301570139,5193.0079719823525,195427.71121886553
-172.0,0,1,Ground A - Sat 1,ground,894.6127467464521,30.70531879863248,True,0.000705411057759932,0.017734183239944103,5432.0001547280535,206052.71934557593
-170.0,0,1,Ground A - Sat 1,ground,882.5059226195164,31.301477613093688,True,0.0007359630878590031,0.017621272656244892,5681.111647648142,217165.83114795212
-168.0,0,1,Ground A - Sat 1,ground,870.476401049309,31.91240594117716,True,0.0007678031688794601,0.017513114284771973,5940.747165848262,228787.68996144852
-166.0,0,1,Ground A - Sat 1,ground,858.5274918519381,32.53862391412602,True,0.0008009819508420187,0.017409511762967858,6211.319950087403,240939.7570773842
-164.0,0,1,Ground A - Sat 1,ground,846.6626680383357,33.18066939344046,True,0.0008355509605332468,0.017310278717315854,6493.250425860915,253644.32745333252
-162.0,0,1,Ground A - Sat 1,ground,834.8855740632105,33.839098082725386,True,0.0008715623990012602,0.01721523817803089,6786.964551089149,266924.54243028257
-160.0,0,1,Ground A - Sat 1,ground,823.2000343728108,34.514483544513546,True,0.0009090688954693072,0.017124222033549023,7092.891808105003,280804.3987894767
-158.0,0,1,Ground A - Sat 1,ground,811.6100622353872,35.20741710461215,True,0.0009481232117004057,0.017037070521946196,7411.462791214454,295308.7533887962
-156.0,0,1,Ground A - Sat 1,ground,800.1198688317849,35.918507624314806,True,0.0009887778902972653,0.016953631756651842,7743.106336617769,310463.3225166284
-154.0,0,1,Ground A - Sat 1,ground,788.7338725759705,36.6483811184338,True,0.0010310848398789514,0.016873761284039997,8088.246137042037,326294.6749902882
-152.0,0,1,Ground A - Sat 1,ground,777.4567086264234,37.397680194553494,True,0.001075094849561611,0.016797321670675002,8447.296779231297,342830.21790656156
-150.0,0,1,Ground A - Sat 1,ground,766.2932385389566,38.16706328619352,True,0.0011208570247059197,0.01672418211817407,8820.659138638748,360098.1738244316
-148.0,0,1,Ground A - Sat 1,ground,755.2485599996246,38.9572036497358,True,0.0011684181355190889,0.01665421810381046,9208.715062595891,378127.54802566627
-146.0,0,1,Ground A - Sat 1,ground,744.3280165627058,39.76878809204802,True,0.0012178218698473385,0.01658731104513863,9611.821271166162,396948.0843594283
-144.0,0,1,Ground A - Sat 1,ground,733.5372073031682,40.6025153927879,True,0.0012691079814269662,0.016523347987057912,10030.302404324468,416590.20803491893
-142.0,0,1,Ground A - Sat 1,ground,722.881996275488,41.45909438247653,True,0.001322311325030842,0.01646222130986466,10464.443145468631,437084.95358471206
-140.0,0,1,Ground A - Sat 1,ground,712.3685216509655,42.33924163468498,True,0.0013774607704359577,0.01640382845695828,10914.479355244148,458463.87608542485
-138.0,0,1,Ground A - Sat 1,ground,702.0032043838169,43.24367872821948,True,0.0014345779880275738,0.016348071680976857,11380.588156914335,480758.94359758333
-136.0,0,1,Ground A - Sat 1,ground,691.7927562322475,44.17312903317976,True,0.0014936761002489459,0.01629485780723802,11862.876925868499,504002.4086803662
-134.0,0,1,Ground A - Sat 1,ground,681.7441869345225,45.12831397340329,True,0.0015547581951124486,0.016244098013453945,12361.37115223021,528226.6567584649
-132.0,0,1,Ground A - Sat 1,ground,671.8648103118685,46.109948717332884,True,0.0016178157007348476,0.016195707624771367,12876.001167940965,553464.0290786361
-130.0,0,1,Ground A - Sat 1,ground,662.1622490403018,47.118737250053,True,0.0016828266234633642,0.01614960592326818,13406.587759107213,579746.6180056842
-128.0,0,1,Ground A - Sat 1,ground,652.644437802407,48.15536678143839,True,0.0017497536567603958,0.016105715971106344,13952.826721958281,607106.0324867497
-126.0,0,1,Ground A - Sat 1,ground,643.319624498629,49.220501449442416,True,0.0018185421737182987,0.016063964446607227,14514.27246732921,635573.1316760372
-124.0,0,1,Ground A - Sat 1,ground,634.1963691664334,50.3147752839081,True,0.0018891181229897397,0.016024281492572585,15090.32083504104,665177.7249784075
-122.0,0,1,Ground A - Sat 1,ground,625.2835402260537,51.438784405358945,True,0.001961385856094121,0.015986600576227698,15680.191346316087,695948.2371597646
-120.0,0,1,Ground A - Sat 1,ground,616.5903076448395,52.593078445450196,True,0.002035225923506692,0.015950858360209434,16282.909199523467,727911.3377056041
-118.0,0,1,Ground A - Sat 1,ground,608.1261325903178,53.77815119157391,True,0.002110492887570825,0.0159169945840633,16897.287401422665,761091.5343065503
-116.0,0,1,Ground A - Sat 1,ground,599.9007531269956,54.99443047787619,True,0.0021870132119141765,0.01588495195574889,17521.909521182442,795510.7312291554
-114.0,0,1,Ground A - Sat 1,ground,591.9241655061832,56.24226736895893,True,0.002264583299372227,0.01585467605268297,18155.11365515613,831187.754405494
-112.0,0,1,Ground A - Sat 1,ground,584.2066006044117,57.52192471093871,True,0.0023429677629454135,0.015826115231873644,18794.97829275394,868137.846353404
-110.0,0,1,Ground A - Sat 1,ground,576.7584950872476,58.83356515725332,True,0.0024218980263654806,0.015799220548717623,19439.310872269376,906372.1355184274
-108.0,0,1,Ground A - Sat 1,ground,569.5904569145904,60.17723881330511,True,0.002501071361551669,0.01577394568404606,20085.63990307559,945897.0862937723
-106.0,0,1,Ground A - Sat 1,ground,562.713224863781,61.55287068402003,True,0.0025801504785275316,0.015750246879011914,20731.211598461585,986713.9377953095
-104.0,0,1,Ground A - Sat 1,ground,556.137621830696,62.960248150577996,True,0.0026587637879991275,0.01572808287741419,21372.99200135005,1028818.1413951211
-102.0,0,1,Ground A - Sat 1,ground,549.8745017786472,64.39900874537783,True,0.0027365064563929,0.015707414875053123,22007.67558201123,1072198.8089784824
-100.0,0,1,Ground A - Sat 1,ground,543.9346903413889,65.86862853566832,True,0.0028129423663266783,0.015688206475702376,22631.701231292893,1116838.1857917865
-98.0,0,1,Ground A - Sat 1,ground,538.3289192499337,67.36841146367631,True,0.002887607080916978,0.015670423653275357,23241.27645400549,1162711.1634770848
-96.0,0,1,Ground A - Sat 1,ground,533.067754941409,68.89748002152483,True,0.0029600118869689386,0.015654034719748626,23832.410376408927,1209784.8503074993
-94.0,0,1,Ground A - Sat 1,ground,528.1615219181981,70.45476765949945,True,0.0030296489593329744,0.01563901029839143,24400.955914172362,1258018.2165980805
-92.0,0,1,Ground A - Sat 1,ground,523.6202216514246,72.03901333293878,True,0.0030959976465908543,0.01562532330183382,24942.661103080434,1307361.8336153333
-90.0,0,1,Ground A - Sat 1,ground,519.4534480560754,73.64875858298282,True,0.003158531827608786,0.01561294891449301,25453.22918111391,1357757.7238995277
-88.0,0,1,Ground A - Sat 1,ground,515.6703007956252,75.28234751691566,True,0.0032167282312336744,0.01560186457886456,25928.38654258898,1409139.3396232305
-86.0,0,1,Ground A - Sat 1,ground,512.2792978894419,76.93793000301098,True,0.0032700755503726055,0.015592049985178075,26363.95718617589,1461431.6833519954
-84.0,0,1,Ground A - Sat 1,ground,509.2882892830548,78.61346832198788,True,0.0033180841207513774,0.015583487063916213,26755.941780435474,1514551.5823186068
-82.0,0,1,Ground A - Sat 1,ground,506.704373185484,80.3067474232814,True,0.0033602958784364058,0.015576159980701233,27100.599010948834,1568408.1231099912
-80.0,0,1,Ground A - Sat 1,ground,504.5338170656905,82.01538882194866,True,0.0033962942637680575,0.015570055133069522,27394.526493397643,1622903.2486143378
-78.0,0,1,Ground A - Sat 1,ground,502.7819852203696,83.73686804560816,True,0.0034257137077081993,0.015565161148679355,27634.738278099954,1677932.5133858353
-76.0,0,1,Ground A - Sat 1,ground,501.45327476904765,85.46853540646569,True,0.0034482483240884914,0.015561468884534364,27818.735868997443,1733385.9875329328
-74.0,0,1,Ground A - Sat 1,ground,500.55106179565774,87.20763973870454,True,0.0034636594410092036,0.015558971426851247,27944.569759702852,1789149.293161633
-72.0,0,1,Ground A - Sat 1,ground,500.0776591390778,88.95135461460082,True,0.003471781638028207,0.015557664091259152,28010.88876198096,1845104.7516833167
-70.0,0,1,Ground A - Sat 1,ground,500.0342870450927,89.3031935579091,True,0.003472527012085075,0.015557544423084033,28016.97486215245,1901132.61530745
-68.0,0,1,Ground A - Sat 1,ground,500.42105754053654,87.55889624008674,True,0.0034658874713403764,0.015558612197546465,27962.761963978235,1957112.3521335807
-66.0,0,1,Ground A - Sat 1,ground,501.23697299381024,85.81863300981699,True,0.003451934947268872,0.015560869419781556,27848.837621671963,2012923.951719231
-64.0,0,1,Ground A - Sat 1,ground,502.47993890474544,84.08524211346187,True,0.003430819514810676,0.01556432032467216,27676.427679699947,2068449.217020603
-62.0,0,1,Ground A - Sat 1,ground,504.1467905432496,82.36149206953526,True,0.0034027655106208636,0.015568971376570697,27447.36455534595,2123573.0092556486
-60.0,0,1,Ground A - Sat 1,ground,506.23333265292894,80.65005502203054,True,0.0033680658328672643,0.015574831269065205,27164.04066350955,2178184.414474504
-58.0,0,1,Ground A - Sat 1,ground,508.73439107363765,78.95348246029697,True,0.003327074685734115,0.015581910925021434,26829.349134671284,2232177.8042726847
-56.0,0,1,Ground A - Sat 1,ground,511.6438748333438,77.27418381598233,True,0.0032801990924176067,0.015590223497201579,26446.61447241871,2285453.767879775
-54.0,0,1,Ground A - Sat 1,ground,514.9548470275118,75.61440832325835,True,0.0032278895385470874,0.015599784369819254,26019.516108591222,2337919.898460785
-52.0,0,1,Ground A - Sat 1,ground,518.6596026510883,73.97623039467105,True,0.0031706301224372897,0.015610611161440593,25552.007932203865,2389491.42250158
-50.0,0,1,Ground A - Sat 1,ground,522.7497514758654,72.36153862988976,True,0.0031089285803580675,0.01562272372967911,25048.23680092867,2440091.6672347123
-48.0,0,1,Ground A - Sat 1,ground,527.2163040712883,70.77202844606506,True,0.0030433065268947166,0.015636144178159925,24512.46281392298,2489652.366849564
-46.0,0,1,Ground A - Sat 1,ground,532.0497591418882,69.20919820287752,True,0.002974290206630394,0.015650896866246444,23948.983766277295,2538113.8134297645
-44.0,0,1,Ground A - Sat 1,ground,537.2401904883246,67.67434859746167,True,0.002902401998725873,0.01566700842203049,23362.06575849105,2585424.8629545327
-42.0,0,1,Ground A - Sat 1,ground,542.7773320783039,66.16858502720805,True,0.0028281528555907363,0.015684507759086898,22755.881440791483,2631542.8101538154
-40.0,0,1,Ground A - Sat 1,ground,548.6506599244892,64.69282256319782,True,0.002752035795483173,0.015703426097487566,22134.45687061138,2676433.1484652185
-38.0,0,1,Ground A - Sat 1,ground,554.8494696949911,63.24779314334091,True,0.0026745205105877007,0.01572379698955834,21501.62748519448,2720069.2328210245
-36.0,0,1,Ground A - Sat 1,ground,561.3629492156941,61.8340545805225,True,0.0025960490999738066,0.015745656350849183,20861.003265208983,2762431.8635714278
-34.0,0,1,Ground A - Sat 1,ground,568.1802452516695,60.45200098464662,True,0.002517032892906706,0.015769042496771534,20215.942806345804,2803508.8096429827
-32.0,0,1,Ground A - Sat 1,ground,575.2905241686801,59.10187421526925,True,0.0024378502933008485,0.01579399618534285,19569.535732621178,2843294.28818195
-30.0,0,1,Ground A - Sat 1,ground,582.6830262690161,57.78377601018995,True,0.0023588455508872564,0.015820560666464065,18924.592679184578,2881788.4165937556
-28.0,0,1,Ground A - Sat 1,ground,590.3471137645372,56.497680471619766,True,0.0022803283483979913,0.015848781738144847,18283.64193968008,2918996.65121262
-26.0,0,1,Ground A - Sat 1,ground,598.2723124917857,55.243446632332855,True,0.0022025740857824112,0.01587870781008442,17648.93180565538,2954929.2249579555
-24.0,0,1,Ground A - Sat 1,ground,606.448347589,54.02083086690624,True,0.002125824740885615,0.01591038997501236,17022.437612731792,2989600.594376343
-22.0,0,1,Ground A - Sat 1,ground,614.8651734437876,52.829498955599625,True,0.002050290189748047,0.015943882088195364,16405.872538859767,3023028.9045279343
-20.0,0,1,Ground A - Sat 1,ground,623.5129982850012,51.66903764895938,True,0.001976149877342095,0.015979240855522575,15800.701262669216,3055235.4783294634
-18.0,0,1,Ground A - Sat 1,ground,632.382303835652,50.53896561866156,True,0.0019035547398713443,0.01601652593059446,15208.155674259164,3086244.3352663917
-16.0,0,1,Ground A - Sat 1,ground,641.46386046829,49.43874371366576,True,0.0018326292916142997,0.0160558000212576,14629.251927714091,3116081.742868365
-14.0,0,1,Ground A - Sat 1,ground,650.7487383133896,48.36778447003743,True,0.0017634738017817868,0.016097129006050658,14064.808226709787,3144775.803022789
-12.0,0,1,Ground A - Sat 1,ground,660.2283147676776,47.32546084768584,True,0.001696166499264798,0.016140582061055793,13515.462835972385,3172356.074085471
-10.0,0,1,Ground A - Sat 1,ground,669.8942788359824,46.31111418787141,True,0.0016307657549583477,0.016186231797683772,12981.69190784407,3198853.2288292875
-8.0,0,1,Ground A - Sat 1,ground,679.738632719438,45.324061401913646,True,0.0015673122022024164,0.016234154411961334,12463.826801895055,3224298.7475390267
-6.0,0,1,Ground A - Sat 1,ground,689.7536910370056,44.36360141444689,True,0.0015058307655757511,0.016284429845934624,11962.070654712079,3248724.644995634
-4.0,0,1,Ground A - Sat 1,ground,699.9320780380854,43.42902089424374,True,0.0014463325767129168,0.01633714196185347,11476.514025880831,3272163.229676227
-2.0,0,1,Ground A - Sat 1,ground,710.266723133035,42.51959931249612,True,0.0013888167629763654,0.01639237872986034,11007.149504659727,3294646.8932067677
0.0,0,1,Ground A - Sat 1,ground,720.7508550368633,41.63461337294813,True,0.0013332721007623051,0.0164502324299673,10553.885210397828,3316207.927921825
2.0,0,1,Ground A - Sat 1,ground,731.3779947902156,40.77334086082664,True,0.0012796785300259598,0.016510799869178392,10116.557158989312,3336878.370291212
4.0,0,1,Ground A - Sat 1,ground,742.1419478916772,39.93506395849268,True,0.0012280085304130866,0.01657418261468763,9694.940498681504,3356689.8679488827
6.0,0,1,Ground A - Sat 1,ground,753.0367957469172,39.11907207547709,True,0.0011782283622907906,0.016640487244166943,9288.759642267876,3375673.568089832
8.0,0,1,Ground A - Sat 1,ground,764.0568866135775,38.324664239360175,True,0.001130299178116814,0.016709825614249635,8897.69734020333,3393860.025072303
10.0,0,1,Ground A - Sat 1,ground,775.1968261963093,37.55115109205689,True,0.0010841780110952208,0.016782315148412476,8521.40275148243,3411279.1251639887
12.0,0,1,Ground A - Sat 1,ground,786.4514680240366,36.79785653368696,True,0.001039818649049023,0.016858079145567625,8159.498577127238,3427960.0264925985
14.0,0,1,Ground A - Sat 1,ground,797.8159037213903,36.064119053511114,True,0.0009971724020021208,0.01693724711079099,7811.587325704242,3443931.11239543
16.0,0,1,Ground A - Sat 1,ground,809.285453268268,35.34929278453975,True,0.0009561887721901244,0.017019955109742496,7477.256782130707,3459219.956503265
18.0,0,1,Ground A - Sat 1,ground,820.8556553255125,34.65274831547581,True,0.000916816035194506,0.017106346148468097,7156.084750813243,3473853.298036209
20.0,0,1,Ground A - Sat 1,ground,832.5222576906722,33.97387329072178,True,0.0008790017406739819,0.01719657058042825,6847.643142349903,3487857.025929372
22.0,0,1,Ground A - Sat 1,ground,844.2812079355385,33.3120728263244,True,0.0008426931408149717,0.017290786542755596,6551.501470142888,3501256.170541865
24.0,0,1,Ground A - Sat 1,ground,856.1286442665004,32.666769766991344,True,0.0008078375541722296,0.01738916042392676,6267.22981958071,3514074.9018315882
26.0,0,1,Ground A - Sat 1,ground,868.0608866395984,32.03740480672706,True,0.00077438267206494,0.017491867365224716,5994.401348311989,3526336.532999481
28.0,0,1,Ground A - Sat 1,ground,880.0744281542751,31.42343649321159,True,0.000742276814154116,0.01759909179858211,5732.594371722857,3538063.528719516
30.0,0,1,Ground A - Sat 1,ground,892.1659267431655,30.824341133806207,True,0.0007114691392796762,0.01771102802362256,5481.394083255457,3549277.5171744945
32.0,0,1,Ground A - Sat 1,ground,904.3321971695954,30.239612619005964,True,0.0006819098170895094,0.017827880826976845,5240.393954742683,3559999.3052124926
34.0,0,1,Ground A - Sat 1,ground,916.5702033397409,29.668762177279863,True,0.0006535501654682615,0.0179498661472194,5009.196857648427,3570248.8960248837
36.0,0,1,Ground A - Sat 1,ground,928.8770509324621,29.111318073531432,True,0.0006263427582695318,0.018077211789077494,4787.415941984863,3580045.508824517
38.0,0,1,Ground A - Sat 1,ground,941.249980346577,28.5668252618728,True,0.0006002415073831468,0.018210158190894492,4574.675305822605,3589407.6000723243
40.0,0,1,Ground A - Sat 1,ground,953.6863599627101,28.034845002022312,True,0.0005752017227292708,0.01834895924969144,4370.610484716606,3598352.8858628636
42.0,0,1,Ground A - Sat 1,ground,966.1836797147091,27.514954447398274,True,0.0005511801533656561,0.01849388320856861,4174.868787059376,3606898.3651346397
44.0,0,1,Ground A - Sat 1,ground,978.7395449639507,27.006746211880127,True,0.0005281350125233884,0.018645213611624852,3987.10949834368,3615060.3434200427
46.0,0,1,Ground A - Sat 1,ground,991.3516706685355,26.509827921230716,True,0.0005060259890496489,0.018803250332049302,3807.0039745665995,3622854.456892953
48.0,0,1,Ground A - Sat 1,ground,1004.0178758383889,26.023821754308223,True,0.00048481424743091546,0.018968310679568934,3634.2356425154003,3630295.6965100346
50.0,0,1,Ground A - Sat 1,ground,1016.73607826655,25.5483639784341,True,0.00046446241829689784,0.019140730594008837,3468.499922445877,3637398.4320749957
52.0,0,1,Ground A - Sat 1,ground,1029.5042895264419,25.08310448261386,True,0.00044493458105995245,0.019320865932361063,3309.504086658903,3644176.4360841005
54.0,0,1,Ground A - Sat 1,ground,1042.3206102245879,24.6277063117186,True,0.0004261962401270143,0.019509093857451722,3156.9670657037414,3650642.907236463
56.0,0,1,Ground A - Sat 1,ground,1055.183225498097,24.181845204224647,True,0.00040821429592686434,0.01970581433706745,3010.6192123510527,3656810.493514518
58.0,0,1,Ground A - Sat 1,ground,1068.0904007461907,23.74520913565958,True,0.00039095701182395863,0.01991145176325015,2870.202032077876,3662691.3147589467
60.0,0,1,Ground A - Sat 1,ground,1081.040477585117,23.317497869514828,True,0.00037439397783948505,0.020126456702393644,2735.467887577827,3668296.9846786023
62.0,0,1,Ground A - Sat 1,ground,1094.0318700159544,22.898422517049408,True,0.0003584960719666246,0.020351307787808345,2606.179683718496,3673638.6322498987
64.0,0,1,Ground A - Sat 1,ground,1107.0630607950154,22.487705107118614,True,0.0003432354197505011,0.020586513767550878,2482.110538417227,3678726.9224720346
66.0,0,1,Ground A - Sat 1,ground,1120.1325979968221,22.085078166910417,True,0.00032858535270153936,0.020832615721559096,2363.043444075731,3683572.0764545277
68.0,0,1,Ground A - Sat 1,ground,1133.2390917599444,21.69028431425964,True,0.00031452036602182043,0.021090189463508723,2248.7709234865824,3688183.89082209
70.0,0,1,Ground A - Sat 1,ground,1146.3812112062963,21.303075862024723,True,0.00030101607604641334,0.02135984814432741,2139.094683491064,3692571.756429068
72.0,0,1,Ground A - Sat 1,ground,1159.5576815248698,20.92321443485796,True,0.00028804917773468723,0.021642245075970876,2033.8252691211842,3696744.67638168
74.0,0,1,Ground A - Sat 1,ground,1172.7672812112116,20.5504705985658,True,0.000275597402488458,0.021938076795909093,1932.7817204839623,3700711.2833712855
76.0,0,1,Ground A - Sat 1,ground,1186.0088394543475,20.184623502146536,True,0.00026363947652338117,0.022248086394808544,1835.7912342342515,3704479.8563260036
78.0,0,1,Ground A - Sat 1,ground,1199.2812336632144,19.825460532498248,True,0.00025215507997681076,0.022573067132140526,1742.6888311296775,3708058.3363913675
80.0,0,1,Ground A - Sat 1,ground,1212.583387125027,19.47277698171191,True,0.00024112480689844002,0.022913866366913307,1653.3170308598155,3711454.342253357
82.0,0,1,Ground A - Sat 1,ground,1225.914266788383,19.126375726802255,True,0.0002305301262378736,0.023271389833462372,1567.525535078947,3714675.184819296
84.0,0,1,Ground A - Sat 1,ground,1239.2728811642503,18.78606692167456,True,0.00022035334391650726,0.023646606295229584,1485.1709193528006,3717727.881273728
86.0,0,1,Ground A - Sat 1,ground,1252.6582783383456,18.451667701085455,True,0.00021057756604776434,0.02404055261277873,1406.1163345388773,3720619.1685276194
88.0,0,1,Ground A - Sat 1,ground,1266.0695440887291,18.123001896320403,True,0.00020118666335033807,0.024454339265934887,1330.2312179610497,3723355.516080119
90.0,0,1,Ground A - Sat 1,ground,1279.505800102787,17.799899762286124,True,0.00019216523678280484,0.024889156373930653,1257.3910146055778,3725943.138312686
92.0,0,1,Ground A - Sat 1,ground,1292.966202288063,17.482197715695126,True,0.00018349858441356112,0.02534628026186795,1187.4769084472691,3728388.0062357388
94.0,0,1,Ground A - Sat 1,ground,1306.4499391717293,17.169738084006752,True,0.0001751726695294502,0.025827080626588266,1120.3755639271533,3730695.858708113
96.0,0,1,Ground A - Sat 1,ground,1319.956230383739,16.862368864777928,True,0.00016717408997611518,0.026333028360360434,1055.9788775176837,3732872.213149558
98.0,0,1,Ground A - Sat 1,ground,1333.4843252190035,16.559943495071828,True,0.00015949004871548472,0.026865704096565534,994.1837392479538,3734922.3757663234
100.0,0,1,Ground A - Sat 1,ground,1347.033501274195,16.26232063057043,True,0.00015210832557982978,0.027426807547827493,934.8918040111645,3736851.4513095827
102.0,0,1,Ground A - Sat 1,ground,1360.6030631549993,15.969363934035696,True,0.00014501725019629708,0.028018167713900633,878.0092724298001,3738664.352386024
104.0,0,1,Ground A - Sat 1,ground,1374.1923412499189,15.680941872768845,True,0.0001382056760516399,0.028641754044056392,823.4466810178503,3740365.8083394715
106.0,0,1,Ground A - Sat 1,ground,1387.8006905669088,15.396927524718404,True,0.0001316629556644556,0.029299688646648142,771.1187013574063,3741960.373721847
108.0,0,1,Ground A - Sat 1,ground,1401.4274896293698,15.117198392896556,True,0.0001253789168290333,0.029994259647177227,720.9439479783076,3743452.4363711826
110.0,0,1,Ground A - Sat 1,ground,1415.0721394282075,14.841636227768317,True,0.00011934383989381135,0.030727935805282346,672.8447946174792,3744846.2251137784
112.0,0,1,Ground A - Sat 1,ground,1428.7340624268572,14.570126857286288,True,0.00011354843603604118,0.031503382510766585,626.7471985197674,3746145.8171069156
114.0,0,1,Ground A - Sat 1,ground,1442.4127016163598,14.302560024253536,True,0.00010798382649360808,0.03232347928890346,582.5805324329766,3747355.1448378684
116.0,0,1,Ground A - Sat 1,ground,1456.1075196177317,14.03882923070465,True,0.00010264152271479642,0.03319133895571126,540.2774239440063,3748478.0027942453
118.0,0,1,Ground A - Sat 1,ground,1469.8179978290395,13.77883158900647,True,9.751340738669152e-05,0.034110328574530495,499.77360179721995,3749518.0538199865
120.0,0,1,Ground A - Sat 1,ground,1483.5436356147393,13.522467679388612,True,9.259171630315267e-05,0.0350840923758077,461.0077488324796,3750478.8351706164
122.0,0,1,Ground A - Sat 1,ground,1497.2839495349697,13.269641413624164,True,8.786902103429134e-05,0.03611657681202549,423.92136118178536,3751363.7642806307
124.0,0,1,Ground A - Sat 1,ground,1511.0384726126433,13.020259904592015,True,8.333821235936319e-05,0.037212057929075296,388.45861335609607,3752176.1442551687
126.0,0,1,Ground A - Sat 1,ground,1524.8067536362778,12.774233341461136,True,7.899248442669066e-05,0.03837517124290404,354.56622885925384,3752919.169097384
128.0,0,1,Ground A - Sat 1,ground,1538.5883564966575,12.531474870247846,True,7.482531960452213e-05,0.039610944315730694,322.19335595901634,3753595.9286822025
130.0,0,1,Ground A - Sat 1,ground,1552.382859555495,12.291900479507488,True,7.083047398840558e-05,0.040924832227853904,291.2914482479788,3754209.4134864095
132.0,0,1,Ground A - Sat 1,ground,1566.1898550443937,12.055428890929926,True,6.700196353144458e-05,0.04232275613811813,261.814149621631,3754762.519084279
134.0,0,1,Ground A - Sat 1,ground,1580.0089484924913,11.821981454620245,True,6.333405076536308e-05,0.04381114511622884,233.71718329978458,3755258.0504172
136.0,0,1,Ground A - Sat 1,ground,1593.8397581812683,11.591482048853207,True,5.982123208145536e-05,0.045396981411247164,206.95824451170776,3755698.725845012
138.0,0,1,Ground A - Sat 1,ground,1607.68191462509,11.363856984100691,True,5.645822554198858e-05,0.04708784928953343,181.49689646018896,3756087.180985984
140.0,0,1,Ground A - Sat 1,ground,1621.5350600761185,11.139034911138033,True,5.323995919393355e-05,0.0488919875285303,157.2944691712188,3756425.9723516153
142.0,0,1,Ground A - Sat 1,ground,1635.398848052341,10.916946733046858,True,5.016155985859126e-05,0.05081834558507485,134.31396082812566,3756717.580781615
144.0,0,1,Ground A - Sat 1,ground,1649.2729428874861,10.697525520936466,True,4.7218342371886485e-05,0.052876643362909446,112.5199411750959,3756964.414683618
146.0,0,1,Ground A - Sat 1,ground,1663.157019301717,10.480706433216705,True,4.440579925195791e-05,0.05507743437585139,91.87845656353366,3757168.8130813567
148.0,0,1,Ground A - Sat 1,ground,1677.0507619920113,10.266426638261535,True,4.17195907721367e-05,0.0574321719322522,72.35693619764166,3757333.0484741176
150.0,0,1,Ground A - Sat 1,ground,1690.9538652412336,10.054625240309692,True,3.91555354189651e-05,0.059953277741947766,53.92409911666946,3757459.329509432
152.0,0,1,Ground A - Sat 1,ground,1704.8660325449277,9.845243208456436,False,0.0,,0.0,3757513.2536085485
154.0,0,1,Ground A - Sat 1,ground,1718.7869762549492,9.638223308596928,False,0.0,,0.0,3757513.2536085485
156.0,0,1,Ground A - Sat 1,ground,1732.7164172390635,9.433510038187919,False,0.0,,0.0,3757513.2536085485
158.0,0,1,Ground A - Sat 1,ground,1746.654084555727,9.231049563701053,False,0.0,,0.0,3757513.2536085485
160.0,0,1,Ground A - Sat 1,ground,1760.5997151432766,9.030789660646843,False,0.0,,0.0,3757513.2536085485
162.0,0,1,Ground A - Sat 1,ground,1774.5530535228138,8.832679656053601,False,0.0,,0.0,3757513.2536085485
164.0,0,1,Ground A - Sat 1,ground,1788.5138515141082,8.636670373292032,False,0.0,,0.0,3757513.2536085485
166.0,0,1,Ground A - Sat 1,ground,1802.481867963873,8.442714079139929,False,0.0,,0.0,3757513.2536085485
168.0,0,1,Ground A - Sat 1,ground,1816.4568684858075,8.250764432987731,False,0.0,,0.0,3757513.2536085485
170.0,0,1,Ground A - Sat 1,ground,1830.4386252118318,8.06077643808941,False,0.0,,0.0,3757513.2536085485
172.0,0,1,Ground A - Sat 1,ground,1844.4269165539724,7.872706394767995,False,0.0,,0.0,3757513.2536085485
174.0,0,1,Ground A - Sat 1,ground,1858.4215269763788,7.686511855489572,False,0.0,,0.0,3757513.2536085485
176.0,0,1,Ground A - Sat 1,ground,1872.42224677699,7.502151581722846,False,0.0,,0.0,3757513.2536085485
178.0,0,1,Ground A - Sat 1,ground,1886.4288718783844,7.319585502506175,False,0.0,,0.0,3757513.2536085485
180.0,0,1,Ground A - Sat 1,ground,1900.441203627381,7.138774674647141,False,0.0,,0.0,3757513.2536085485
182.0,0,1,Ground A - Sat 1,ground,1914.4590486029726,6.959681244483001,False,0.0,,0.0,3757513.2536085485
184.0,0,1,Ground A - Sat 1,ground,1928.482218432204,6.782268411134655,False,0.0,,0.0,3757513.2536085485
186.0,0,1,Ground A - Sat 1,ground,1942.5105296136194,6.606500391188745,False,0.0,,0.0,3757513.2536085485
188.0,0,1,Ground A - Sat 1,ground,1956.543803347925,6.4323423847461285,False,0.0,,0.0,3757513.2536085485
190.0,0,1,Ground A - Sat 1,ground,1970.5818653755418,6.25976054277843,False,0.0,,0.0,3757513.2536085485
192.0,0,1,Ground A - Sat 1,ground,1984.624545820716,6.08872193573562,False,0.0,,0.0,3757513.2536085485
194.0,0,1,Ground A - Sat 1,ground,1998.6716790419007,5.91919452335176,False,0.0,,0.0,3757513.2536085485
196.0,0,1,Ground A - Sat 1,ground,2012.7231034881145,5.751147125597636,False,0.0,,0.0,3757513.2536085485
198.0,0,1,Ground A - Sat 1,ground,2026.7786615610041,5.58454939473116,False,0.0,,0.0,3757513.2536085485
200.0,0,1,Ground A - Sat 1,ground,2040.838199482366,5.419371788399808,False,0.0,,0.0,3757513.2536085485
202.0,0,1,Ground A - Sat 1,ground,2054.9015671668644,5.255585543750231,False,0.0,,0.0,3757513.2536085485
204.0,0,1,Ground A - Sat 1,ground,2068.9686180997264,5.093162652502771,False,0.0,,0.0,3757513.2536085485
206.0,0,1,Ground A - Sat 1,ground,2083.03920921919,4.932075836950832,False,0.0,,0.0,3757513.2536085485
208.0,0,1,Ground A - Sat 1,ground,2097.1132008034906,4.772298526846238,False,0.0,,0.0,3757513.2536085485
210.0,0,1,Ground A - Sat 1,ground,2111.1904563621933,4.613804837134045,False,0.0,,0.0,3757513.2536085485
212.0,0,1,Ground A - Sat 1,ground,2125.270842531674,4.456569546501538,False,0.0,,0.0,3757513.2536085485
214.0,0,1,Ground A - Sat 1,ground,2139.3542289745747,4.30056807670816,False,0.0,,0.0,3757513.2536085485
216.0,0,1,Ground A - Sat 1,ground,2153.4404882830586,4.145776472664034,False,0.0,,0.0,3757513.2536085485
218.0,0,1,Ground A - Sat 1,ground,2167.5294958856953,3.9921713832266077,False,0.0,,0.0,3757513.2536085485
220.0,0,1,Ground A - Sat 1,ground,2181.621129957837,3.8397300426866483,False,0.0,,0.0,3757513.2536085485
222.0,0,1,Ground A - Sat 1,ground,2195.715271335316,3.688430252915005,False,0.0,,0.0,3757513.2536085485
224.0,0,1,Ground A - Sat 1,ground,2209.8118034313397,3.538250366143889,False,0.0,,0.0,3757513.2536085485
226.0,0,1,Ground A - Sat 1,ground,2223.910612156436,3.389169268357465,False,0.0,,0.0,3757513.2536085485
228.0,0,1,Ground A - Sat 1,ground,2238.0115858413333,3.241166363266557,False,0.0,,0.0,3757513.2536085485
230.0,0,1,Ground A - Sat 1,ground,2252.1146151626403,3.094221556845272,False,0.0,,0.0,3757513.2536085485
232.0,0,1,Ground A - Sat 1,ground,2266.2195930712164,2.9483152424063794,False,0.0,,0.0,3757513.2536085485
234.0,0,1,Ground A - Sat 1,ground,2280.3264147231207,2.803428286194872,False,0.0,,0.0,3757513.2536085485
236.0,0,1,Ground A - Sat 1,ground,2294.4349774130333,2.659542013478701,False,0.0,,0.0,3757513.2536085485
238.0,0,1,Ground A - Sat 1,ground,2308.5451805100456,2.5166381951178245,False,0.0,,0.0,3757513.2536085485
240.0,0,1,Ground A - Sat 1,ground,2322.656925395724,2.3746990345926404,False,0.0,,0.0,3757513.2536085485
242.0,0,1,Ground A - Sat 1,ground,2336.7701154043625,2.2337071554739136,False,0.0,,0.0,3757513.2536085485
244.0,0,1,Ground A - Sat 1,ground,2350.884655765319,2.093645589317356,False,0.0,,0.0,3757513.2536085485
246.0,0,1,Ground A - Sat 1,ground,2365.0004535473713,1.954497763966416,False,0.0,,0.0,3757513.2536085485
248.0,0,1,Ground A - Sat 1,ground,2379.117417604996,1.816247492247706,False,0.0,,0.0,3757513.2536085485
250.0,0,1,Ground A - Sat 1,ground,2393.2354585265075,1.6788789610438775,False,0.0,,0.0,3757513.2536085485
252.0,0,1,Ground A - Sat 1,ground,2407.354488583973,1.5423767207301124,False,0.0,,0.0,3757513.2536085485
254.0,0,1,Ground A - Sat 1,ground,2421.4744216848367,1.4067256749598147,False,0.0,,0.0,3757513.2536085485
256.0,0,1,Ground A - Sat 1,ground,2435.595173325192,1.2719110707870935,False,0.0,,0.0,3757513.2536085485
258.0,0,1,Ground A - Sat 1,ground,2449.7166605446305,1.1379184891127243,False,0.0,,0.0,3757513.2536085485
260.0,0,1,Ground A - Sat 1,ground,2463.8388018826085,1.0047338354419413,False,0.0,,0.0,3757513.2536085485
262.0,0,1,Ground A - Sat 1,ground,2477.961517336276,0.8723433309426523,False,0.0,,0.0,3757513.2536085485
264.0,0,1,Ground A - Sat 1,ground,2492.084728319707,0.7407335037921942,False,0.0,,0.0,3757513.2536085485
266.0,0,1,Ground A - Sat 1,ground,2506.208357624482,0.6098911808030434,False,0.0,,0.0,3757513.2536085485
268.0,0,1,Ground A - Sat 1,ground,2520.3323293815693,0.47980347931628603,False,0.0,,0.0,3757513.2536085485
270.0,0,1,Ground A - Sat 1,ground,2534.4565690244535,0.3504577993537379,False,0.0,,0.0,3757513.2536085485
272.0,0,1,Ground A - Sat 1,ground,2548.5810032534723,0.22184181601902128,False,0.0,,0.0,3757513.2536085485
274.0,0,1,Ground A - Sat 1,ground,2562.7055600013086,0.09394347213877705,False,0.0,,0.0,3757513.2536085485
276.0,0,1,Ground A - Sat 1,ground,2576.8301683995924,-0.033249028865070494,False,0.0,,0.0,3757513.2536085485
278.0,0,1,Ground A - Sat 1,ground,2590.954758746587,-0.15974722987959503,False,0.0,,0.0,3757513.2536085485
280.0,0,1,Ground A - Sat 1,ground,2605.0792624758997,-0.28556242679041977,False,0.0,,0.0,3757513.2536085485
282.0,0,1,Ground A - Sat 1,ground,2619.203612126193,-0.4107056749635521,False,0.0,,0.0,3757513.2536085485
284.0,0,1,Ground A - Sat 1,ground,2633.327741311855,-0.5351877955272039,False,0.0,,0.0,3757513.2536085485
286.0,0,1,Ground A - Sat 1,ground,2647.4515846945915,-0.6590193814607114,False,0.0,,0.0,3757513.2536085485
288.0,0,1,Ground A - Sat 1,ground,2661.575077955915,-0.7822108034969762,False,0.0,,0.0,3757513.2536085485
290.0,0,1,Ground A - Sat 1,ground,2675.6981577704873,-0.9047722158452602,False,0.0,,0.0,3757513.2536085485
292.0,0,1,Ground A - Sat 1,ground,2689.820761780293,-1.026713561740552,False,0.0,,0.0,3757513.2536085485
294.0,0,1,Ground A - Sat 1,ground,2703.942828569613,-1.1480445788252565,False,0.0,,0.0,3757513.2536085485
296.0,0,1,Ground A - Sat 1,ground,2718.064297640765,-1.268774804369479,False,0.0,,0.0,3757513.2536085485
298.0,0,1,Ground A - Sat 1,ground,2732.1851093905902,-1.3889135803348585,False,0.0,,0.0,3757513.2536085485
300.0,0,1,Ground A - Sat 1,ground,2746.3052050876545,-1.5084700582878743,False,0.0,,0.0,3757513.2536085485
302.0,0,1,Ground A - Sat 1,ground,2760.424526850144,-1.6274532041672305,False,0.0,,0.0,3757513.2536085485
304.0,0,1,Ground A - Sat 1,ground,2774.5430176244276,-1.7458718029107851,False,0.0,,0.0,3757513.2536085485
306.0,0,1,Ground A - Sat 1,ground,2788.6606211642647,-1.8637344629463795,False,0.0,,0.0,3757513.2536085485
308.0,0,1,Ground A - Sat 1,ground,2802.7772820106297,-1.9810496205512917,False,0.0,,0.0,3757513.2536085485
310.0,0,1,Ground A - Sat 1,ground,2816.8929454721465,-2.09782554408466,False,0.0,,0.0,3757513.2536085485
312.0,0,1,Ground A - Sat 1,ground,2831.0075576060985,-2.2140703380974407,False,0.0,,0.0,3757513.2536085485
314.0,0,1,Ground A - Sat 1,ground,2845.121065199996,-2.329791947323181,False,0.0,,0.0,3757513.2536085485
316.0,0,1,Ground A - Sat 1,ground,2859.2334157536925,-2.444998160554645,False,0.0,,0.0,3757513.2536085485
318.0,0,1,Ground A - Sat 1,ground,2873.3445574620177,-2.55969661440904,False,0.0,,0.0,3757513.2536085485
320.0,0,1,Ground A - Sat 1,ground,2887.454439197921,-2.673894796986154,False,0.0,,0.0,3757513.2536085485
322.0,0,1,Ground A - Sat 1,ground,2901.5630104960987,-2.7876000514225443,False,0.0,,0.0,3757513.2536085485
324.0,0,1,Ground A - Sat 1,ground,2915.6702215370974,-2.9008195793454954,False,0.0,,0.0,3757513.2536085485
326.0,0,1,Ground A - Sat 1,ground,2929.7760231318734,-3.013560444229552,False,0.0,,0.0,3757513.2536085485
328.0,0,1,Ground A - Sat 1,ground,2943.8803667067946,-3.1258295746592575,False,0.0,,0.0,3757513.2536085485
330.0,0,1,Ground A - Sat 1,ground,2957.9832042890644,-3.23763376750066,False,0.0,,0.0,3757513.2536085485
332.0,0,1,Ground A - Sat 1,ground,2972.0844884925664,-3.3489796909848843,False,0.0,,0.0,3757513.2536085485
334.0,0,1,Ground A - Sat 1,ground,2986.1841725041027,-3.4598738877063435,False,0.0,,0.0,3757513.2536085485
336.0,0,1,Ground A - Sat 1,ground,3000.2822100700228,-3.5703227775383204,False,0.0,,0.0,3757513.2536085485
338.0,0,1,Ground A - Sat 1,ground,3014.378555483223,-3.6803326604687525,False,0.0,,0.0,3757513.2536085485
340.0,0,1,Ground A - Sat 1,ground,3028.4731635705084,-3.7899097193582905,False,0.0,,0.0,3757513.2536085485
342.0,0,1,Ground A - Sat 1,ground,3042.565989680313,-3.8990600226236007,False,0.0,,0.0,3757513.2536085485
344.0,0,1,Ground A - Sat 1,ground,3056.656989670746,-4.007789526847852,False,0.0,,0.0,3757513.2536085485
346.0,0,1,Ground A - Sat 1,ground,3070.746119897978,-4.11610407932077,False,0.0,,0.0,3757513.2536085485
348.0,0,1,Ground A - Sat 1,ground,3084.8333372049387,-4.224009420510586,False,0.0,,0.0,3757513.2536085485
350.0,0,1,Ground A - Sat 1,ground,3098.9185989103225,-4.331511186469665,False,0.0,,0.0,3757513.2536085485
352.0,0,1,Ground A - Sat 1,ground,3113.001862797904,-4.438614911176232,False,0.0,,0.0,3757513.2536085485
354.0,0,1,Ground A - Sat 1,ground,3127.083087106121,-4.545326028813873,False,0.0,,0.0,3757513.2536085485
356.0,0,1,Ground A - Sat 1,ground,3141.1622305179612,-4.651649875990746,False,0.0,,0.0,3757513.2536085485
358.0,0,1,Ground A - Sat 1,ground,3155.2392521511006,-4.757591693900565,False,0.0,,0.0,3757513.2536085485
360.0,0,1,Ground A - Sat 1,ground,3169.314111548321,-4.8631566304267135,False,0.0,,0.0,3757513.2536085485
362.0,0,1,Ground A - Sat 1,ground,3183.3867686681683,-4.968349742191623,False,0.0,,0.0,3757513.2536085485
364.0,0,1,Ground A - Sat 1,ground,3197.45718387587,-5.073175996552833,False,0.0,,0.0,3757513.2536085485
366.0,0,1,Ground A - Sat 1,ground,3211.525317934484,-5.177640273547174,False,0.0,,0.0,3757513.2536085485
368.0,0,1,Ground A - Sat 1,ground,3225.591131996285,-5.2817473677851305,False,0.0,,0.0,3757513.2536085485
370.0,0,1,Ground A - Sat 1,ground,3239.654587594372,-5.38550199029629,False,0.0,,0.0,3757513.2536085485
372.0,0,1,Ground A - Sat 1,ground,3253.715646634496,-5.488908770327652,False,0.0,,0.0,3757513.2536085485
374.0,0,1,Ground A - Sat 1,ground,3267.7742713871025,-5.591972257096124,False,0.0,,0.0,3757513.2536085485
376.0,0,1,Ground A - Sat 1,ground,3281.830424479577,-5.694696921496511,False,0.0,,0.0,3757513.2536085485
378.0,0,1,Ground A - Sat 1,ground,3295.8840688886876,-5.7970871577663425,False,0.0,,0.0,3757513.2536085485
380.0,0,1,Ground A - Sat 1,ground,3309.9351679332253,-5.899147285108746,False,0.0,,0.0,3757513.2536085485
382.0,0,1,Ground A - Sat 1,ground,3323.9836852668323,-6.000881549274635,False,0.0,,0.0,3757513.2536085485
384.0,0,1,Ground A - Sat 1,ground,3338.0295848710093,-6.102294124105278,False,0.0,,0.0,3757513.2536085485
386.0,0,1,Ground A - Sat 1,ground,3352.0728310483023,-6.203389113036657,False,0.0,,0.0,3757513.2536085485
388.0,0,1,Ground A - Sat 1,ground,3366.1133884156607,-6.304170550566291,False,0.0,,0.0,3757513.2536085485
390.0,0,1,Ground A - Sat 1,ground,3380.1512218979624,-6.404642403684037,False,0.0,,0.0,3757513.2536085485
392.0,0,1,Ground A - Sat 1,ground,3394.1862967217016,-6.504808573267559,False,0.0,,0.0,3757513.2536085485
394.0,0,1,Ground A - Sat 1,ground,3408.2185784088306,-6.604672895443612,False,0.0,,0.0,3757513.2536085485
396.0,0,1,Ground A - Sat 1,ground,3422.248032770761,-6.704239142916152,False,0.0,,0.0,3757513.2536085485
398.0,0,1,Ground A - Sat 1,ground,3436.2746259025075,-6.803511026262097,False,0.0,,0.0,3757513.2536085485
400.0,0,1,Ground A - Sat 1,ground,3450.2983241769775,-6.9024921951957126,False,0.0,,0.0,3757513.2536085485
402.0,0,1,Ground A - Sat 1,ground,3464.3190942394012,-7.001186239802436,False,0.0,,0.0,3757513.2536085485
404.0,0,1,Ground A - Sat 1,ground,3478.3369030019,-7.099596691743048,False,0.0,,0.0,3757513.2536085485
406.0,0,1,Ground A - Sat 1,ground,3492.3517176381865,-7.19772702542908,False,0.0,,0.0,3757513.2536085485
408.0,0,1,Ground A - Sat 1,ground,3506.363505578387,-7.295580659170061,False,0.0,,0.0,3757513.2536085485
410.0,0,1,Ground A - Sat 1,ground,3520.3722345039964,-7.393160956293458,False,0.0,,0.0,3757513.2536085485
412.0,0,1,Ground A - Sat 1,ground,3534.3778723429564,-7.4904712262382995,False,0.0,,0.0,3757513.2536085485
414.0,0,1,Ground A - Sat 1,ground,3548.3803872648427,-7.587514725622722,False,0.0,,0.0,3757513.2536085485
416.0,0,1,Ground A - Sat 1,ground,3562.379747676176,-7.684294659286578,False,0.0,,0.0,3757513.2536085485
418.0,0,1,Ground A - Sat 1,ground,3576.375922215838,-7.78081418130961,False,0.0,,0.0,3757513.2536085485
420.0,0,1,Ground A - Sat 1,ground,3590.3688797506015,-7.877076396005795,False,0.0,,0.0,3757513.2536085485
422.0,0,1,Ground A - Sat 1,ground,3604.3585893707636,-7.973084358894608,False,0.0,,0.0,3757513.2536085485
424.0,0,1,Ground A - Sat 1,ground,3618.3450203858847,-8.068841077649823,False,0.0,,0.0,3757513.2536085485
426.0,0,1,Ground A - Sat 1,ground,3632.3281423206186,-8.164349513026323,False,0.0,,0.0,3757513.2536085485
428.0,0,1,Ground A - Sat 1,ground,3646.3079249106527,-8.259612579765626,False,0.0,,0.0,3757513.2536085485
430.0,0,1,Ground A - Sat 1,ground,3660.284338098735,-8.354633147480738,False,0.0,,0.0,3757513.2536085485
432.0,0,1,Ground A - Sat 1,ground,3674.2573520307965,-8.44941404152073,False,0.0,,0.0,3757513.2536085485
434.0,0,1,Ground A - Sat 1,ground,3688.2269370521553,-8.543958043815552,False,0.0,,0.0,3757513.2536085485
436.0,0,1,Ground A - Sat 1,ground,3702.193063703826,-8.638267893701896,False,0.0,,0.0,3757513.2536085485
438.0,0,1,Ground A - Sat 1,ground,3716.155702718893,-8.732346288730339,False,0.0,,0.0,3757513.2536085485
440.0,0,1,Ground A - Sat 1,ground,3730.1148250189794,-8.826195885454176,False,0.0,,0.0,3757513.2536085485
442.0,0,1,Ground A - Sat 1,ground,3744.0704017107983,-8.919819300200658,False,0.0,,0.0,3757513.2536085485
444.0,0,1,Ground A - Sat 1,ground,3758.02240408277,-9.0132191098252,False,0.0,,0.0,3757513.2536085485
446.0,0,1,Ground A - Sat 1,ground,3771.97080360173,-9.106397852448346,False,0.0,,0.0,3757513.2536085485
448.0,0,1,Ground A - Sat 1,ground,3785.9155719097025,-9.19935802817684,False,0.0,,0.0,3757513.2536085485
450.0,0,1,Ground A - Sat 1,ground,3799.856680820749,-9.292102099808423,False,0.0,,0.0,3757513.2536085485
452.0,0,1,Ground A - Sat 1,ground,3813.794102317886,-9.384632493521265,False,0.0,,0.0,3757513.2536085485
454.0,0,1,Ground A - Sat 1,ground,3827.727808550077,-9.476951599548242,False,0.0,,0.0,3757513.2536085485
456.0,0,1,Ground A - Sat 1,ground,3841.657771829284,-9.5690617728364,False,0.0,,0.0,3757513.2536085485
458.0,0,1,Ground A - Sat 1,ground,3855.58396462759,-9.66096533369209,False,0.0,,0.0,3757513.2536085485
460.0,0,1,Ground A - Sat 1,ground,3869.506359574381,-9.752664568412035,False,0.0,,0.0,3757513.2536085485
462.0,0,1,Ground A - Sat 1,ground,3883.4249294535957,-9.844161729900874,False,0.0,,0.0,3757513.2536085485
464.0,0,1,Ground A - Sat 1,ground,3897.339647201028,-9.935459038275104,False,0.0,,0.0,3757513.2536085485
466.0,0,1,Ground A - Sat 1,ground,3911.2504859016967,-10.02655868145431,False,0.0,,0.0,3757513.2536085485
468.0,0,1,Ground A - Sat 1,ground,3925.1574187872657,-10.117462815739644,False,0.0,,0.0,3757513.2536085485
470.0,0,1,Ground A - Sat 1,ground,3939.060419233524,-10.208173566379793,False,0.0,,0.0,3757513.2536085485
472.0,0,1,Ground A - Sat 1,ground,3952.95946075792,-10.298693028125138,False,0.0,,0.0,3757513.2536085485
474.0,0,1,Ground A - Sat 1,ground,3966.8545170171496,-10.389023265769982,False,0.0,,0.0,3757513.2536085485
476.0,0,1,Ground A - Sat 1,ground,3980.745561804791,-10.479166314683384,False,0.0,,0.0,3757513.2536085485
478.0,0,1,Ground A - Sat 1,ground,3994.6325690490007,-10.56912418132881,False,0.0,,0.0,3757513.2536085485
480.0,0,1,Ground A - Sat 1,ground,4008.5155128102456,-10.658898843772816,False,0.0,,0.0,3757513.2536085485
482.0,0,1,Ground A - Sat 1,ground,4022.3943672790992,-10.748492252183214,False,0.0,,0.0,3757513.2536085485
484.0,0,1,Ground A - Sat 1,ground,4036.2691067740657,-10.837906329316644,False,0.0,,0.0,3757513.2536085485
486.0,0,1,Ground A - Sat 1,ground,4050.1397057394693,-10.927142970996197,False,0.0,,0.0,3757513.2536085485
488.0,0,1,Ground A - Sat 1,ground,4064.006138743375,-11.016204046579048,False,0.0,,0.0,3757513.2536085485
490.0,0,1,Ground A - Sat 1,ground,4077.8683804755547,-11.105091399414446,False,0.0,,0.0,3757513.2536085485
492.0,0,1,Ground A - Sat 1,ground,4091.726405745507,-11.193806847292239,False,0.0,,0.0,3757513.2536085485
494.0,0,1,Ground A - Sat 1,ground,4105.580189480497,-11.28235218288229,False,0.0,,0.0,3757513.2536085485
496.0,0,1,Ground A - Sat 1,ground,4119.4297067236685,-11.370729174164834,False,0.0,,0.0,3757513.2536085485
498.0,0,1,Ground A - Sat 1,ground,4133.274932632156,-11.458939564852054,False,0.0,,0.0,3757513.2536085485
500.0,0,1,Ground A - Sat 1,ground,4147.115842475276,-11.546985074801157,False,0.0,,0.0,3757513.2536085485
502.0,0,1,Ground A - Sat 1,ground,4160.95241163272,-11.634867400418972,False,0.0,,0.0,3757513.2536085485
504.0,0,1,Ground A - Sat 1,ground,4174.784615592815,-11.722588215058552,False,0.0,,0.0,3757513.2536085485
506.0,0,1,Ground A - Sat 1,ground,4188.612429950795,-11.810149169407616,False,0.0,,0.0,3757513.2536085485
508.0,0,1,Ground A - Sat 1,ground,4202.4358304071275,-11.897551891869321,False,0.0,,0.0,3757513.2536085485
510.0,0,1,Ground A - Sat 1,ground,4216.254792765861,-11.984797988935355,False,0.0,,0.0,3757513.2536085485
512.0,0,1,Ground A - Sat 1,ground,4230.069292933006,-12.071889045551648,False,0.0,,0.0,3757513.2536085485
514.0,0,1,Ground A - Sat 1,ground,4243.879306914968,-12.158826625476765,False,0.0,,0.0,3757513.2536085485
516.0,0,1,Ground A - Sat 1,ground,4257.684810816983,-12.245612271633266,False,0.0,,0.0,3757513.2536085485
518.0,0,1,Ground A - Sat 1,ground,4271.485780841604,-12.332247506452028,False,0.0,,0.0,3757513.2536085485
520.0,0,1,Ground A - Sat 1,ground,4285.282193287216,-12.418733832209988,False,0.0,,0.0,3757513.2536085485
522.0,0,1,Ground A - Sat 1,ground,4299.074024546571,-12.505072731360928,False,0.0,,0.0,3757513.2536085485
524.0,0,1,Ground A - Sat 1,ground,4312.861251105371,-12.591265666860211,False,0.0,,0.0,3757513.2536085485
526.0,0,1,Ground A - Sat 1,ground,4326.643849540856,-12.67731408248285,False,0.0,,0.0,3757513.2536085485
528.0,0,1,Ground A - Sat 1,ground,4340.421796520435,-12.76321940313553,False,0.0,,0.0,3757513.2536085485
530.0,0,1,Ground A - Sat 1,ground,4354.195068800344,-12.848983035162629,False,0.0,,0.0,3757513.2536085485
532.0,0,1,Ground A - Sat 1,ground,4367.963643224325,-12.934606366646218,False,0.0,,0.0,3757513.2536085485
534.0,0,1,Ground A - Sat 1,ground,4381.727496722328,-13.020090767700381,False,0.0,,0.0,3757513.2536085485
536.0,0,1,Ground A - Sat 1,ground,4395.486606309254,-13.105437590759868,False,0.0,,0.0,3757513.2536085485
538.0,0,1,Ground A - Sat 1,ground,4409.2409490837035,-13.190648170863176,False,0.0,,0.0,3757513.2536085485
540.0,0,1,Ground A - Sat 1,ground,4422.990502226761,-13.275723825930266,False,0.0,,0.0,3757513.2536085485
542.0,0,1,Ground A - Sat 1,ground,4436.735243000803,-13.360665857035043,False,0.0,,0.0,3757513.2536085485
544.0,0,1,Ground A - Sat 1,ground,4450.475148748324,-13.445475548672583,False,0.0,,0.0,3757513.2536085485
546.0,0,1,Ground A - Sat 1,ground,4464.2101968907855,-13.530154169021401,False,0.0,,0.0,3757513.2536085485
548.0,0,1,Ground A - Sat 1,ground,4477.940364927496,-13.614702970200677,False,0.0,,0.0,3757513.2536085485
550.0,0,1,Ground A - Sat 1,ground,4491.6656304345015,-13.699123188522758,False,0.0,,0.0,3757513.2536085485
552.0,0,1,Ground A - Sat 1,ground,4505.385971063501,-13.783416044740877,False,0.0,,0.0,3757513.2536085485
554.0,0,1,Ground A - Sat 1,ground,4519.1013645407875,-13.867582744292188,False,0.0,,0.0,3757513.2536085485
556.0,0,1,Ground A - Sat 1,ground,4532.811788666201,-13.95162447753643,False,0.0,,0.0,3757513.2536085485
558.0,0,1,Ground A - Sat 1,ground,4546.517221312113,-14.035542419990042,False,0.0,,0.0,3757513.2536085485
560.0,0,1,Ground A - Sat 1,ground,4560.217640422414,-14.119337732555914,False,0.0,,0.0,3757513.2536085485
562.0,0,1,Ground A - Sat 1,ground,4573.913024011536,-14.203011561749086,False,0.0,,0.0,3757513.2536085485
564.0,0,1,Ground A - Sat 1,ground,4587.603350163487,-14.286565039918049,False,0.0,,0.0,3757513.2536085485
566.0,0,1,Ground A - Sat 1,ground,4601.2885970309,-14.369999285462221,False,0.0,,0.0,3757513.2536085485
568.0,0,1,Ground A - Sat 1,ground,4614.968742834103,-14.453315403045254,False,0.0,,0.0,3757513.2536085485
570.0,0,1,Ground A - Sat 1,ground,4628.643765860211,-14.536514483804586,False,0.0,,0.0,3757513.2536085485
572.0,0,1,Ground A - Sat 1,ground,4642.313644462229,-14.61959760555712,False,0.0,,0.0,3757513.2536085485
574.0,0,1,Ground A - Sat 1,ground,4655.978357058172,-14.702565833001193,False,0.0,,0.0,3757513.2536085485
576.0,0,1,Ground A - Sat 1,ground,4669.63788213021,-14.785420217914918,False,0.0,,0.0,3757513.2536085485
578.0,0,1,Ground A - Sat 1,ground,4683.292198223808,-14.868161799350883,False,0.0,,0.0,3757513.2536085485
580.0,0,1,Ground A - Sat 1,ground,4696.94128394691,-14.950791603827428,False,0.0,,0.0,3757513.2536085485
582.0,0,1,Ground A - Sat 1,ground,4710.585117969116,-15.033310645516504,False,0.0,,0.0,3757513.2536085485
584.0,0,1,Ground A - Sat 1,ground,4724.223679020887,-15.115719926428032,False,0.0,,0.0,3757513.2536085485
586.0,0,1,Ground A - Sat 1,ground,4737.856945892753,-15.19802043659121,False,0.0,,0.0,3757513.2536085485
588.0,0,1,Ground A - Sat 1,ground,4751.4848974345505,-15.280213154232415,False,0.0,,0.0,3757513.2536085485
590.0,0,1,Ground A - Sat 1,ground,4765.107512554655,-15.362299045949994,False,0.0,,0.0,3757513.2536085485
592.0,0,1,Ground A - Sat 1,ground,4778.724770219253,-15.444279066886075,False,0.0,,0.0,3757513.2536085485
594.0,0,1,Ground A - Sat 1,ground,4792.336649451596,-15.52615416089519,False,0.0,,0.0,3757513.2536085485
596.0,0,1,Ground A - Sat 1,ground,4805.9431293312955,-15.607925260710052,False,0.0,,0.0,3757513.2536085485
598.0,0,1,Ground A - Sat 1,ground,4819.544188993618,-15.689593288104405,False,0.0,,0.0,3757513.2536085485
600.0,0,1,Ground A - Sat 1,ground,4833.1398076287915,-15.771159154053008,False,0.0,,0.0,3757513.2536085485
-600.0,1,2,Sat 1 - Ground B,ground,4833.1398076287915,-15.771159154053008,False,0.0,,0.0,0.0
-598.0,1,2,Sat 1 - Ground B,ground,4819.544188993618,-15.689593288104405,False,0.0,,0.0,0.0
-596.0,1,2,Sat 1 - Ground B,ground,4805.9431293312955,-15.607925260710052,False,0.0,,0.0,0.0
-594.0,1,2,Sat 1 - Ground B,ground,4792.336649451596,-15.52615416089519,False,0.0,,0.0,0.0
-592.0,1,2,Sat 1 - Ground B,ground,4778.724770219253,-15.444279066886075,False,0.0,,0.0,0.0
-590.0,1,2,Sat 1 - Ground B,ground,4765.107512554655,-15.362299045949994,False,0.0,,0.0,0.0
-588.0,1,2,Sat 1 - Ground B,ground,4751.4848974345505,-15.280213154232415,False,0.0,,0.0,0.0
-586.0,1,2,Sat 1 - Ground B,ground,4737.856945892753,-15.19802043659121,False,0.0,,0.0,0.0
-584.0,1,2,Sat 1 - Ground B,ground,4724.223679020887,-15.115719926428032,False,0.0,,0.0,0.0
-582.0,1,2,Sat 1 - Ground B,ground,4710.585117969116,-15.033310645516504,False,0.0,,0.0,0.0
-580.0,1,2,Sat 1 - Ground B,ground,4696.94128394691,-14.950791603827428,False,0.0,,0.0,0.0
-578.0,1,2,Sat 1 - Ground B,ground,4683.292198223808,-14.868161799350883,False,0.0,,0.0,0.0
-576.0,1,2,Sat 1 - Ground B,ground,4669.63788213021,-14.785420217914918,False,0.0,,0.0,0.0
-574.0,1,2,Sat 1 - Ground B,ground,4655.978357058172,-14.702565833001193,False,0.0,,0.0,0.0
-572.0,1,2,Sat 1 - Ground B,ground,4642.313644462229,-14.61959760555712,False,0.0,,0.0,0.0
-570.0,1,2,Sat 1 - Ground B,ground,4628.643765860211,-14.536514483804586,False,0.0,,0.0,0.0
-568.0,1,2,Sat 1 - Ground B,ground,4614.968742834103,-14.453315403045254,False,0.0,,0.0,0.0
-566.0,1,2,Sat 1 - Ground B,ground,4601.2885970309,-14.369999285462221,False,0.0,,0.0,0.0
-564.0,1,2,Sat 1 - Ground B,ground,4587.603350163487,-14.286565039918049,False,0.0,,0.0,0.0
-562.0,1,2,Sat 1 - Ground B,ground,4573.913024011536,-14.203011561749086,False,0.0,,0.0,0.0
-560.0,1,2,Sat 1 - Ground B,ground,4560.217640422414,-14.119337732555914,False,0.0,,0.0,0.0
-558.0,1,2,Sat 1 - Ground B,ground,4546.517221312113,-14.035542419990042,False,0.0,,0.0,0.0
-556.0,1,2,Sat 1 - Ground B,ground,4532.811788666201,-13.95162447753643,False,0.0,,0.0,0.0
-554.0,1,2,Sat 1 - Ground B,ground,4519.1013645407875,-13.867582744292188,False,0.0,,0.0,0.0
-552.0,1,2,Sat 1 - Ground B,ground,4505.385971063501,-13.783416044740877,False,0.0,,0.0,0.0
-550.0,1,2,Sat 1 - Ground B,ground,4491.6656304345015,-13.699123188522758,False,0.0,,0.0,0.0
-548.0,1,2,Sat 1 - Ground B,ground,4477.940364927496,-13.614702970200677,False,0.0,,0.0,0.0
-546.0,1,2,Sat 1 - Ground B,ground,4464.2101968907855,-13.530154169021401,False,0.0,,0.0,0.0
-544.0,1,2,Sat 1 - Ground B,ground,4450.475148748324,-13.445475548672583,False,0.0,,0.0,0.0
-542.0,1,2,Sat 1 - Ground B,ground,4436.735243000803,-13.360665857035043,False,0.0,,0.0,0.0
-540.0,1,2,Sat 1 - Ground B,ground,4422.990502226761,-13.275723825930266,False,0.0,,0.0,0.0
-538.0,1,2,Sat 1 - Ground B,ground,4409.2409490837035,-13.190648170863176,False,0.0,,0.0,0.0
-536.0,1,2,Sat 1 - Ground B,ground,4395.486606309254,-13.105437590759868,False,0.0,,0.0,0.0
-534.0,1,2,Sat 1 - Ground B,ground,4381.727496722328,-13.020090767700381,False,0.0,,0.0,0.0
-532.0,1,2,Sat 1 - Ground B,ground,4367.963643224325,-12.934606366646218,False,0.0,,0.0,0.0
-530.0,1,2,Sat 1 - Ground B,ground,4354.195068800344,-12.848983035162629,False,0.0,,0.0,0.0
-528.0,1,2,Sat 1 - Ground B,ground,4340.421796520435,-12.76321940313553,False,0.0,,0.0,0.0
-526.0,1,2,Sat 1 - Ground B,ground,4326.643849540856,-12.67731408248285,False,0.0,,0.0,0.0
-524.0,1,2,Sat 1 - Ground B,ground,4312.861251105371,-12.591265666860211,False,0.0,,0.0,0.0
-522.0,1,2,Sat 1 - Ground B,ground,4299.074024546571,-12.505072731360928,False,0.0,,0.0,0.0
-520.0,1,2,Sat 1 - Ground B,ground,4285.282193287216,-12.418733832209988,False,0.0,,0.0,0.0
-518.0,1,2,Sat 1 - Ground B,ground,4271.485780841604,-12.332247506452028,False,0.0,,0.0,0.0
-516.0,1,2,Sat 1 - Ground B,ground,4257.684810816983,-12.245612271633266,False,0.0,,0.0,0.0
-514.0,1,2,Sat 1 - Ground B,ground,4243.879306914968,-12.158826625476765,False,0.0,,0.0,0.0
-512.0,1,2,Sat 1 - Ground B,ground,4230.069292933006,-12.071889045551648,False,0.0,,0.0,0.0
-510.0,1,2,Sat 1 - Ground B,ground,4216.254792765861,-11.984797988935355,False,0.0,,0.0,0.0
-508.0,1,2,Sat 1 - Ground B,ground,4202.4358304071275,-11.897551891869321,False,0.0,,0.0,0.0
-506.0,1,2,Sat 1 - Ground B,ground,4188.612429950795,-11.810149169407616,False,0.0,,0.0,0.0
-504.0,1,2,Sat 1 - Ground B,ground,4174.784615592815,-11.722588215058552,False,0.0,,0.0,0.0
-502.0,1,2,Sat 1 - Ground B,ground,4160.95241163272,-11.634867400418972,False,0.0,,0.0,0.0
-500.0,1,2,Sat 1 - Ground B,ground,4147.115842475276,-11.546985074801157,False,0.0,,0.0,0.0
-498.0,1,2,Sat 1 - Ground B,ground,4133.274932632156,-11.458939564852054,False,0.0,,0.0,0.0
-496.0,1,2,Sat 1 - Ground B,ground,4119.4297067236685,-11.370729174164834,False,0.0,,0.0,0.0
-494.0,1,2,Sat 1 - Ground B,ground,4105.580189480497,-11.28235218288229,False,0.0,,0.0,0.0
-492.0,1,2,Sat 1 - Ground B,ground,4091.726405745507,-11.193806847292239,False,0.0,,0.0,0.0
-490.0,1,2,Sat 1 - Ground B,ground,4077.8683804755547,-11.105091399414446,False,0.0,,0.0,0.0
-488.0,1,2,Sat 1 - Ground B,ground,4064.006138743375,-11.016204046579048,False,0.0,,0.0,0.0
-486.0,1,2,Sat 1 - Ground B,ground,4050.1397057394693,-10.927142970996197,False,0.0,,0.0,0.0
-484.0,1,2,Sat 1 - Ground B,ground,4036.2691067740657,-10.837906329316644,False,0.0,,0.0,0.0
-482.0,1,2,Sat 1 - Ground B,ground,4022.3943672790992,-10.748492252183214,False,0.0,,0.0,0.0
-480.0,1,2,Sat 1 - Ground B,ground,4008.5155128102456,-10.658898843772816,False,0.0,,0.0,0.0
-478.0,1,2,Sat 1 - Ground B,ground,3994.6325690490007,-10.56912418132881,False,0.0,,0.0,0.0
-476.0,1,2,Sat 1 - Ground B,ground,3980.745561804791,-10.479166314683384,False,0.0,,0.0,0.0
-474.0,1,2,Sat 1 - Ground B,ground,3966.8545170171496,-10.389023265769982,False,0.0,,0.0,0.0
-472.0,1,2,Sat 1 - Ground B,ground,3952.95946075792,-10.298693028125138,False,0.0,,0.0,0.0
-470.0,1,2,Sat 1 - Ground B,ground,3939.060419233524,-10.208173566379793,False,0.0,,0.0,0.0
-468.0,1,2,Sat 1 - Ground B,ground,3925.1574187872657,-10.117462815739644,False,0.0,,0.0,0.0
-466.0,1,2,Sat 1 - Ground B,ground,3911.2504859016967,-10.02655868145431,False,0.0,,0.0,0.0
-464.0,1,2,Sat 1 - Ground B,ground,3897.339647201028,-9.935459038275104,False,0.0,,0.0,0.0
-462.0,1,2,Sat 1 - Ground B,ground,3883.4249294535957,-9.844161729900874,False,0.0,,0.0,0.0
-460.0,1,2,Sat 1 - Ground B,ground,3869.506359574381,-9.752664568412035,False,0.0,,0.0,0.0
-458.0,1,2,Sat 1 - Ground B,ground,3855.58396462759,-9.66096533369209,False,0.0,,0.0,0.0
-456.0,1,2,Sat 1 - Ground B,ground,3841.657771829284,-9.5690617728364,False,0.0,,0.0,0.0
-454.0,1,2,Sat 1 - Ground B,ground,3827.727808550077,-9.476951599548242,False,0.0,,0.0,0.0
-452.0,1,2,Sat 1 - Ground B,ground,3813.794102317886,-9.384632493521265,False,0.0,,0.0,0.0
-450.0,1,2,Sat 1 - Ground B,ground,3799.856680820749,-9.292102099808423,False,0.0,,0.0,0.0
-448.0,1,2,Sat 1 - Ground B,ground,3785.9155719097025,-9.19935802817684,False,0.0,,0.0,0.0
-446.0,1,2,Sat 1 - Ground B,ground,3771.97080360173,-9.106397852448346,False,0.0,,0.0,0.0
-444.0,1,2,Sat 1 - Ground B,ground,3758.02240408277,-9.0132191098252,False,0.0,,0.0,0.0
-442.0,1,2,Sat 1 - Ground B,ground,3744.0704017107983,-8.919819300200658,False,0.0,,0.0,0.0
-440.0,1,2,Sat 1 - Ground B,ground,3730.1148250189794,-8.826195885454176,False,0.0,,0.0,0.0
-438.0,1,2,Sat 1 - Ground B,ground,3716.155702718893,-8.732346288730339,False,0.0,,0.0,0.0
-436.0,1,2,Sat 1 - Ground B,ground,3702.193063703826,-8.638267893701896,False,0.0,,0.0,0.0
-434.0,1,2,Sat 1 - Ground B,ground,3688.2269370521553,-8.543958043815552,False,0.0,,0.0,0.0
-432.0,1,2,Sat 1 - Ground B,ground,3674.2573520307965,-8.44941404152073,False,0.0,,0.0,0.0
-430.0,1,2,Sat 1 - Ground B,ground,3660.284338098735,-8.354633147480738,False,0.0,,0.0,0.0
-428.0,1,2,Sat 1 - Ground B,ground,3646.3079249106527,-8.259612579765626,False,0.0,,0.0,0.0
-426.0,1,2,Sat 1 - Ground B,ground,3632.3281423206186,-8.164349513026323,False,0.0,,0.0,0.0
-424.0,1,2,Sat 1 - Ground B,ground,3618.3450203858847,-8.068841077649823,False,0.0,,0.0,0.0
-422.0,1,2,Sat 1 - Ground B,ground,3604.3585893707636,-7.973084358894608,False,0.0,,0.0,0.0
-420.0,1,2,Sat 1 - Ground B,ground,3590.3688797506015,-7.877076396005795,False,0.0,,0.0,0.0
-418.0,1,2,Sat 1 - Ground B,ground,3576.375922215838,-7.78081418130961,False,0.0,,0.0,0.0
-416.0,1,2,Sat 1 - Ground B,ground,3562.379747676176,-7.684294659286578,False,0.0,,0.0,0.0
-414.0,1,2,Sat 1 - Ground B,ground,3548.3803872648427,-7.587514725622722,False,0.0,,0.0,0.0
-412.0,1,2,Sat 1 - Ground B,ground,3534.3778723429564,-7.4904712262382995,False,0.0,,0.0,0.0
-410.0,1,2,Sat 1 - Ground B,ground,3520.3722345039964,-7.393160956293458,False,0.0,,0.0,0.0
-408.0,1,2,Sat 1 - Ground B,ground,3506.363505578387,-7.295580659170061,False,0.0,,0.0,0.0
-406.0,1,2,Sat 1 - Ground B,ground,3492.3517176381865,-7.19772702542908,False,0.0,,0.0,0.0
-404.0,1,2,Sat 1 - Ground B,ground,3478.3369030019,-7.099596691743048,False,0.0,,0.0,0.0
-402.0,1,2,Sat 1 - Ground B,ground,3464.3190942394012,-7.001186239802436,False,0.0,,0.0,0.0
-400.0,1,2,Sat 1 - Ground B,ground,3450.2983241769775,-6.9024921951957126,False,0.0,,0.0,0.0
-398.0,1,2,Sat 1 - Ground B,ground,3436.2746259025075,-6.803511026262097,False,0.0,,0.0,0.0
-396.0,1,2,Sat 1 - Ground B,ground,3422.248032770761,-6.704239142916152,False,0.0,,0.0,0.0
-394.0,1,2,Sat 1 - Ground B,ground,3408.2185784088306,-6.604672895443612,False,0.0,,0.0,0.0
-392.0,1,2,Sat 1 - Ground B,ground,3394.1862967217016,-6.504808573267559,False,0.0,,0.0,0.0
-390.0,1,2,Sat 1 - Ground B,ground,3380.1512218979624,-6.404642403684037,False,0.0,,0.0,0.0
-388.0,1,2,Sat 1 - Ground B,ground,3366.1133884156607,-6.304170550566291,False,0.0,,0.0,0.0
-386.0,1,2,Sat 1 - Ground B,ground,3352.0728310483023,-6.203389113036657,False,0.0,,0.0,0.0
-384.0,1,2,Sat 1 - Ground B,ground,3338.0295848710093,-6.102294124105278,False,0.0,,0.0,0.0
-382.0,1,2,Sat 1 - Ground B,ground,3323.9836852668323,-6.000881549274635,False,0.0,,0.0,0.0
-380.0,1,2,Sat 1 - Ground B,ground,3309.9351679332253,-5.899147285108746,False,0.0,,0.0,0.0
-378.0,1,2,Sat 1 - Ground B,ground,3295.8840688886876,-5.7970871577663425,False,0.0,,0.0,0.0
-376.0,1,2,Sat 1 - Ground B,ground,3281.830424479577,-5.694696921496511,False,0.0,,0.0,0.0
-374.0,1,2,Sat 1 - Ground B,ground,3267.7742713871025,-5.591972257096124,False,0.0,,0.0,0.0
-372.0,1,2,Sat 1 - Ground B,ground,3253.715646634496,-5.488908770327652,False,0.0,,0.0,0.0
-370.0,1,2,Sat 1 - Ground B,ground,3239.654587594372,-5.38550199029629,False,0.0,,0.0,0.0
-368.0,1,2,Sat 1 - Ground B,ground,3225.591131996285,-5.2817473677851305,False,0.0,,0.0,0.0
-366.0,1,2,Sat 1 - Ground B,ground,3211.525317934484,-5.177640273547174,False,0.0,,0.0,0.0
-364.0,1,2,Sat 1 - Ground B,ground,3197.45718387587,-5.073175996552833,False,0.0,,0.0,0.0
-362.0,1,2,Sat 1 - Ground B,ground,3183.3867686681683,-4.968349742191623,False,0.0,,0.0,0.0
-360.0,1,2,Sat 1 - Ground B,ground,3169.314111548321,-4.8631566304267135,False,0.0,,0.0,0.0
-358.0,1,2,Sat 1 - Ground B,ground,3155.2392521511006,-4.757591693900565,False,0.0,,0.0,0.0
-356.0,1,2,Sat 1 - Ground B,ground,3141.1622305179612,-4.651649875990746,False,0.0,,0.0,0.0
-354.0,1,2,Sat 1 - Ground B,ground,3127.083087106121,-4.545326028813873,False,0.0,,0.0,0.0
-352.0,1,2,Sat 1 - Ground B,ground,3113.001862797904,-4.438614911176232,False,0.0,,0.0,0.0
-350.0,1,2,Sat 1 - Ground B,ground,3098.9185989103225,-4.331511186469665,False,0.0,,0.0,0.0
-348.0,1,2,Sat 1 - Ground B,ground,3084.8333372049387,-4.224009420510586,False,0.0,,0.0,0.0
-346.0,1,2,Sat 1 - Ground B,ground,3070.746119897978,-4.11610407932077,False,0.0,,0.0,0.0
-344.0,1,2,Sat 1 - Ground B,ground,3056.656989670746,-4.007789526847852,False,0.0,,0.0,0.0
-342.0,1,2,Sat 1 - Ground B,ground,3042.565989680313,-3.8990600226236007,False,0.0,,0.0,0.0
-340.0,1,2,Sat 1 - Ground B,ground,3028.4731635705084,-3.7899097193582905,False,0.0,,0.0,0.0
-338.0,1,2,Sat 1 - Ground B,ground,3014.378555483223,-3.6803326604687525,False,0.0,,0.0,0.0
-336.0,1,2,Sat 1 - Ground B,ground,3000.2822100700228,-3.5703227775383204,False,0.0,,0.0,0.0
-334.0,1,2,Sat 1 - Ground B,ground,2986.1841725041027,-3.4598738877063435,False,0.0,,0.0,0.0
-332.0,1,2,Sat 1 - Ground B,ground,2972.0844884925664,-3.3489796909848843,False,0.0,,0.0,0.0
-330.0,1,2,Sat 1 - Ground B,ground,2957.9832042890644,-3.23763376750066,False,0.0,,0.0,0.0
-328.0,1,2,Sat 1 - Ground B,ground,2943.8803667067946,-3.1258295746592575,False,0.0,,0.0,0.0
-326.0,1,2,Sat 1 - Ground B,ground,2929.7760231318734,-3.013560444229552,False,0.0,,0.0,0.0
-324.0,1,2,Sat 1 - Ground B,ground,2915.6702215370974,-2.9008195793454954,False,0.0,,0.0,0.0
-322.0,1,2,Sat 1 - Ground B,ground,2901.5630104960987,-2.7876000514225443,False,0.0,,0.0,0.0
-320.0,1,2,Sat 1 - Ground B,ground,2887.454439197921,-2.673894796986154,False,0.0,,0.0,0.0
-318.0,1,2,Sat 1 - Ground B,ground,2873.3445574620177,-2.55969661440904,False,0.0,,0.0,0.0
-316.0,1,2,Sat 1 - Ground B,ground,2859.2334157536925,-2.444998160554645,False,0.0,,0.0,0.0
-314.0,1,2,Sat 1 - Ground B,ground,2845.121065199996,-2.329791947323181,False,0.0,,0.0,0.0
-312.0,1,2,Sat 1 - Ground B,ground,2831.0075576060985,-2.2140703380974407,False,0.0,,0.0,0.0
-310.0,1,2,Sat 1 - Ground B,ground,2816.8929454721465,-2.09782554408466,False,0.0,,0.0,0.0
-308.0,1,2,Sat 1 - Ground B,ground,2802.7772820106297,-1.9810496205512917,False,0.0,,0.0,0.0
-306.0,1,2,Sat 1 - Ground B,ground,2788.6606211642647,-1.8637344629463795,False,0.0,,0.0,0.0
-304.0,1,2,Sat 1 - Ground B,ground,2774.5430176244276,-1.7458718029107851,False,0.0,,0.0,0.0
-302.0,1,2,Sat 1 - Ground B,ground,2760.424526850144,-1.6274532041672305,False,0.0,,0.0,0.0
-300.0,1,2,Sat 1 - Ground B,ground,2746.3052050876545,-1.5084700582878743,False,0.0,,0.0,0.0
-298.0,1,2,Sat 1 - Ground B,ground,2732.1851093905902,-1.3889135803348585,False,0.0,,0.0,0.0
-296.0,1,2,Sat 1 - Ground B,ground,2718.064297640765,-1.268774804369479,False,0.0,,0.0,0.0
-294.0,1,2,Sat 1 - Ground B,ground,2703.942828569613,-1.1480445788252565,False,0.0,,0.0,0.0
-292.0,1,2,Sat 1 - Ground B,ground,2689.820761780293,-1.026713561740552,False,0.0,,0.0,0.0
-290.0,1,2,Sat 1 - Ground B,ground,2675.6981577704873,-0.9047722158452602,False,0.0,,0.0,0.0
-288.0,1,2,Sat 1 - Ground B,ground,2661.575077955915,-0.7822108034969762,False,0.0,,0.0,0.0
-286.0,1,2,Sat 1 - Ground B,ground,2647.4515846945915,-0.6590193814607114,False,0.0,,0.0,0.0
-284.0,1,2,Sat 1 - Ground B,ground,2633.327741311855,-0.5351877955272039,False,0.0,,0.0,0.0
-282.0,1,2,Sat 1 - Ground B,ground,2619.203612126193,-0.4107056749635521,False,0.0,,0.0,0.0
-280.0,1,2,Sat 1 - Ground B,ground,2605.0792624758997,-0.28556242679041977,False,0.0,,0.0,0.0
-278.0,1,2,Sat 1 - Ground B,ground,2590.954758746587,-0.15974722987959503,False,0.0,,0.0,0.0
-276.0,1,2,Sat 1 - Ground B,ground,2576.8301683995924,-0.033249028865070494,False,0.0,,0.0,0.0
-274.0,1,2,Sat 1 - Ground B,ground,2562.7055600013086,0.09394347213877705,False,0.0,,0.0,0.0
-272.0,1,2,Sat 1 - Ground B,ground,2548.5810032534723,0.22184181601902128,False,0.0,,0.0,0.0
-270.0,1,2,Sat 1 - Ground B,ground,2534.4565690244535,0.3504577993537379,False,0.0,,0.0,0.0
-268.0,1,2,Sat 1 - Ground B,ground,2520.3323293815693,0.47980347931628603,False,0.0,,0.0,0.0
-266.0,1,2,Sat 1 - Ground B,ground,2506.208357624482,0.6098911808030434,False,0.0,,0.0,0.0
-264.0,1,2,Sat 1 - Ground B,ground,2492.084728319707,0.7407335037921942,False,0.0,,0.0,0.0
-262.0,1,2,Sat 1 - Ground B,ground,2477.961517336276,0.8723433309426523,False,0.0,,0.0,0.0
-260.0,1,2,Sat 1 - Ground B,ground,2463.8388018826085,1.0047338354419413,False,0.0,,0.0,0.0
-258.0,1,2,Sat 1 - Ground B,ground,2449.7166605446305,1.1379184891127243,False,0.0,,0.0,0.0
-256.0,1,2,Sat 1 - Ground B,ground,2435.595173325192,1.2719110707870935,False,0.0,,0.0,0.0
-254.0,1,2,Sat 1 - Ground B,ground,2421.4744216848367,1.4067256749598147,False,0.0,,0.0,0.0
-252.0,1,2,Sat 1 - Ground B,ground,2407.354488583973,1.5423767207301124,False,0.0,,0.0,0.0
-250.0,1,2,Sat 1 - Ground B,ground,2393.2354585265075,1.6788789610438775,False,0.0,,0.0,0.0
-248.0,1,2,Sat 1 - Ground B,ground,2379.117417604996,1.816247492247706,False,0.0,,0.0,0.0
-246.0,1,2,Sat 1 - Ground B,ground,2365.0004535473713,1.954497763966416,False,0.0,,0.0,0.0
-244.0,1,2,Sat 1 - Ground B,ground,2350.884655765319,2.093645589317356,False,0.0,,0.0,0.0
-242.0,1,2,Sat 1 - Ground B,ground,2336.7701154043625,2.2337071554739136,False,0.0,,0.0,0.0
-240.0,1,2,Sat 1 - Ground B,ground,2322.656925395724,2.3746990345926404,False,0.0,,0.0,0.0
-238.0,1,2,Sat 1 - Ground B,ground,2308.5451805100456,2.5166381951178245,False,0.0,,0.0,0.0
-236.0,1,2,Sat 1 - Ground B,ground,2294.4349774130333,2.659542013478701,False,0.0,,0.0,0.0
-234.0,1,2,Sat 1 - Ground B,ground,2280.3264147231207,2.803428286194872,False,0.0,,0.0,0.0
-232.0,1,2,Sat 1 - Ground B,ground,2266.2195930712164,2.9483152424063794,False,0.0,,0.0,0.0
-230.0,1,2,Sat 1 - Ground B,ground,2252.1146151626403,3.094221556845272,False,0.0,,0.0,0.0
-228.0,1,2,Sat 1 - Ground B,ground,2238.0115858413333,3.241166363266557,False,0.0,,0.0,0.0
-226.0,1,2,Sat 1 - Ground B,ground,2223.910612156436,3.389169268357465,False,0.0,,0.0,0.0
-224.0,1,2,Sat 1 - Ground B,ground,2209.8118034313397,3.538250366143889,False,0.0,,0.0,0.0
-222.0,1,2,Sat 1 - Ground B,ground,2195.715271335316,3.688430252915005,False,0.0,,0.0,0.0
-220.0,1,2,Sat 1 - Ground B,ground,2181.621129957837,3.8397300426866483,False,0.0,,0.0,0.0
-218.0,1,2,Sat 1 - Ground B,ground,2167.5294958856953,3.9921713832266077,False,0.0,,0.0,0.0
-216.0,1,2,Sat 1 - Ground B,ground,2153.4404882830586,4.145776472664034,False,0.0,,0.0,0.0
-214.0,1,2,Sat 1 - Ground B,ground,2139.3542289745747,4.30056807670816,False,0.0,,0.0,0.0
-212.0,1,2,Sat 1 - Ground B,ground,2125.270842531674,4.456569546501538,False,0.0,,0.0,0.0
-210.0,1,2,Sat 1 - Ground B,ground,2111.1904563621933,4.613804837134045,False,0.0,,0.0,0.0
-208.0,1,2,Sat 1 - Ground B,ground,2097.1132008034906,4.772298526846238,False,0.0,,0.0,0.0
-206.0,1,2,Sat 1 - Ground B,ground,2083.03920921919,4.932075836950832,False,0.0,,0.0,0.0
-204.0,1,2,Sat 1 - Ground B,ground,2068.9686180997264,5.093162652502771,False,0.0,,0.0,0.0
-202.0,1,2,Sat 1 - Ground B,ground,2054.9015671668644,5.255585543750231,False,0.0,,0.0,0.0
-200.0,1,2,Sat 1 - Ground B,ground,2040.838199482366,5.419371788399808,False,0.0,,0.0,0.0
-198.0,1,2,Sat 1 - Ground B,ground,2026.7786615610041,5.58454939473116,False,0.0,,0.0,0.0
-196.0,1,2,Sat 1 - Ground B,ground,2012.7231034881145,5.751147125597636,False,0.0,,0.0,0.0
-194.0,1,2,Sat 1 - Ground B,ground,1998.6716790419007,5.91919452335176,False,0.0,,0.0,0.0
-192.0,1,2,Sat 1 - Ground B,ground,1984.624545820716,6.08872193573562,False,0.0,,0.0,0.0
-190.0,1,2,Sat 1 - Ground B,ground,1970.5818653755418,6.25976054277843,False,0.0,,0.0,0.0
-188.0,1,2,Sat 1 - Ground B,ground,1956.543803347925,6.4323423847461285,False,0.0,,0.0,0.0
-186.0,1,2,Sat 1 - Ground B,ground,1942.5105296136194,6.606500391188745,False,0.0,,0.0,0.0
-184.0,1,2,Sat 1 - Ground B,ground,1928.482218432204,6.782268411134655,False,0.0,,0.0,0.0
-182.0,1,2,Sat 1 - Ground B,ground,1914.4590486029726,6.959681244483001,False,0.0,,0.0,0.0
-180.0,1,2,Sat 1 - Ground B,ground,1900.441203627381,7.138774674647141,False,0.0,,0.0,0.0
-178.0,1,2,Sat 1 - Ground B,ground,1886.4288718783844,7.319585502506175,False,0.0,,0.0,0.0
-176.0,1,2,Sat 1 - Ground B,ground,1872.42224677699,7.502151581722846,False,0.0,,0.0,0.0
-174.0,1,2,Sat 1 - Ground B,ground,1858.4215269763788,7.686511855489572,False,0.0,,0.0,0.0
-172.0,1,2,Sat 1 - Ground B,ground,1844.4269165539724,7.872706394767995,False,0.0,,0.0,0.0
-170.0,1,2,Sat 1 - Ground B,ground,1830.4386252118318,8.06077643808941,False,0.0,,0.0,0.0
-168.0,1,2,Sat 1 - Ground B,ground,1816.4568684858075,8.250764432987731,False,0.0,,0.0,0.0
-166.0,1,2,Sat 1 - Ground B,ground,1802.481867963873,8.442714079139929,False,0.0,,0.0,0.0
-164.0,1,2,Sat 1 - Ground B,ground,1788.5138515141082,8.636670373292032,False,0.0,,0.0,0.0
-162.0,1,2,Sat 1 - Ground B,ground,1774.5530535228138,8.832679656053601,False,0.0,,0.0,0.0
-160.0,1,2,Sat 1 - Ground B,ground,1760.5997151432766,9.030789660646843,False,0.0,,0.0,0.0
-158.0,1,2,Sat 1 - Ground B,ground,1746.654084555727,9.231049563701053,False,0.0,,0.0,0.0
-156.0,1,2,Sat 1 - Ground B,ground,1732.7164172390635,9.433510038187919,False,0.0,,0.0,0.0
-154.0,1,2,Sat 1 - Ground B,ground,1718.7869762549492,9.638223308596928,False,0.0,,0.0,0.0
-152.0,1,2,Sat 1 - Ground B,ground,1704.8660325449277,9.845243208456436,False,0.0,,0.0,0.0
-150.0,1,2,Sat 1 - Ground B,ground,1690.9538652412336,10.054625240309692,True,3.91555354189651e-05,0.059953277741947766,53.92409911666946,53.92409911666946
-148.0,1,2,Sat 1 - Ground B,ground,1677.0507619920113,10.266426638261535,True,4.17195907721367e-05,0.0574321719322522,72.35693619764166,180.20513443098056
-146.0,1,2,Sat 1 - Ground B,ground,1663.157019301717,10.480706433216705,True,4.440579925195791e-05,0.05507743437585139,91.87845656353366,344.44052719215586
-144.0,1,2,Sat 1 - Ground B,ground,1649.2729428874861,10.697525520936466,True,4.7218342371886485e-05,0.052876643362909446,112.5199411750959,548.8389249307854
-142.0,1,2,Sat 1 - Ground B,ground,1635.398848052341,10.916946733046858,True,5.016155985859126e-05,0.05081834558507485,134.31396082812566,795.6728269340069
-140.0,1,2,Sat 1 - Ground B,ground,1621.5350600761185,11.139034911138033,True,5.323995919393355e-05,0.0488919875285303,157.2944691712188,1087.2812569333514
-138.0,1,2,Sat 1 - Ground B,ground,1607.68191462509,11.363856984100691,True,5.645822554198858e-05,0.04708784928953343,181.49689646018896,1426.072622564759
-136.0,1,2,Sat 1 - Ground B,ground,1593.8397581812683,11.591482048853207,True,5.982123208145536e-05,0.045396981411247164,206.95824451170776,1814.5277635366558
-134.0,1,2,Sat 1 - Ground B,ground,1580.0089484924913,11.821981454620245,True,6.333405076536308e-05,0.04381114511622884,233.71718329978458,2255.2031913481483
-132.0,1,2,Sat 1 - Ground B,ground,1566.1898550443937,12.055428890929926,True,6.700196353144458e-05,0.04232275613811813,261.814149621631,2750.7345242695637
-130.0,1,2,Sat 1 - Ground B,ground,1552.382859555495,12.291900479507488,True,7.083047398840558e-05,0.040924832227853904,291.2914482479788,3303.840122139173
-128.0,1,2,Sat 1 - Ground B,ground,1538.5883564966575,12.531474870247846,True,7.482531960452213e-05,0.039610944315730694,322.19335595901634,3917.3249263461685
-126.0,1,2,Sat 1 - Ground B,ground,1524.8067536362778,12.774233341461136,True,7.899248442669066e-05,0.03837517124290404,354.56622885925384,4594.0845111644385
-124.0,1,2,Sat 1 - Ground B,ground,1511.0384726126433,13.020259904592015,True,8.333821235936319e-05,0.037212057929075296,388.45861335609607,5337.109353379788
-122.0,1,2,Sat 1 - Ground B,ground,1497.2839495349697,13.269641413624164,True,8.786902103429134e-05,0.03611657681202549,423.92136118178536,6149.48932791767
-120.0,1,2,Sat 1 - Ground B,ground,1483.5436356147393,13.522467679388612,True,9.259171630315267e-05,0.0350840923758077,461.0077488324796,7034.418437931936
-118.0,1,2,Sat 1 - Ground B,ground,1469.8179978290395,13.77883158900647,True,9.751340738669152e-05,0.034110328574530495,499.77360179721995,7995.199788561636
-116.0,1,2,Sat 1 - Ground B,ground,1456.1075196177317,14.03882923070465,True,0.00010264152271479642,0.03319133895571126,540.2774239440063,9035.25081430286
-114.0,1,2,Sat 1 - Ground B,ground,1442.4127016163598,14.302560024253536,True,0.00010798382649360808,0.03232347928890346,582.5805324329766,10158.108770679844
-112.0,1,2,Sat 1 - Ground B,ground,1428.7340624268572,14.570126857286288,True,0.00011354843603604118,0.031503382510766585,626.7471985197674,11367.436501632588
-110.0,1,2,Sat 1 - Ground B,ground,1415.0721394282075,14.841636227768317,True,0.00011934383989381135,0.030727935805282346,672.8447946174792,12667.028494769835
-108.0,1,2,Sat 1 - Ground B,ground,1401.4274896293698,15.117198392896556,True,0.0001253789168290333,0.029994259647177227,720.9439479783076,14060.817237365622
-106.0,1,2,Sat 1 - Ground B,ground,1387.8006905669088,15.396927524718404,True,0.0001316629556644556,0.029299688646648142,771.1187013574063,15552.879886701336
-104.0,1,2,Sat 1 - Ground B,ground,1374.1923412499189,15.680941872768845,True,0.0001382056760516399,0.028641754044056392,823.4466810178503,17147.445269076594
-102.0,1,2,Sat 1 - Ground B,ground,1360.6030631549993,15.969363934035696,True,0.00014501725019629708,0.028018167713900633,878.0092724298001,18848.901222524244
-100.0,1,2,Sat 1 - Ground B,ground,1347.033501274195,16.26232063057043,True,0.00015210832557982978,0.027426807547827493,934.8918040111645,20661.80229896521
-98.0,1,2,Sat 1 - Ground B,ground,1333.4843252190035,16.559943495071828,True,0.00015949004871548472,0.026865704096565534,994.1837392479538,22590.877842224327
-96.0,1,2,Sat 1 - Ground B,ground,1319.956230383739,16.862368864777928,True,0.00016717408997611518,0.026333028360360434,1055.9788775176837,24641.040458989963
-94.0,1,2,Sat 1 - Ground B,ground,1306.4499391717293,17.169738084006752,True,0.0001751726695294502,0.025827080626588266,1120.3755639271533,26817.3949004348
-92.0,1,2,Sat 1 - Ground B,ground,1292.966202288063,17.482197715695126,True,0.00018349858441356112,0.02534628026186795,1187.4769084472691,29125.247372809223
-90.0,1,2,Sat 1 - Ground B,ground,1279.505800102787,17.799899762286124,True,0.00019216523678280484,0.024889156373930653,1257.3910146055778,31570.11529586207
-88.0,1,2,Sat 1 - Ground B,ground,1266.0695440887291,18.123001896320403,True,0.00020118666335033807,0.024454339265934887,1330.2312179610497,34157.7375284287
-86.0,1,2,Sat 1 - Ground B,ground,1252.6582783383456,18.451667701085455,True,0.00021057756604776434,0.02404055261277873,1406.1163345388773,36894.08508092862
-84.0,1,2,Sat 1 - Ground B,ground,1239.2728811642503,18.78606692167456,True,0.00022035334391650726,0.023646606295229584,1485.1709193528006,39785.3723348203
-82.0,1,2,Sat 1 - Ground B,ground,1225.914266788383,19.126375726802255,True,0.0002305301262378736,0.023271389833462372,1567.525535078947,42838.068789252044
-80.0,1,2,Sat 1 - Ground B,ground,1212.583387125027,19.47277698171191,True,0.00024112480689844002,0.022913866366913307,1653.3170308598155,46058.91135519081
-78.0,1,2,Sat 1 - Ground B,ground,1199.2812336632144,19.825460532498248,True,0.00025215507997681076,0.022573067132140526,1742.6888311296775,49454.9172171803
-76.0,1,2,Sat 1 - Ground B,ground,1186.0088394543475,20.184623502146536,True,0.00026363947652338117,0.022248086394808544,1835.7912342342515,53033.39728254423
-74.0,1,2,Sat 1 - Ground B,ground,1172.7672812112116,20.5504705985658,True,0.000275597402488458,0.021938076795909093,1932.7817204839623,56801.970237262445
-72.0,1,2,Sat 1 - Ground B,ground,1159.5576815248698,20.92321443485796,True,0.00028804917773468723,0.021642245075970876,2033.8252691211842,60768.577226867594
-70.0,1,2,Sat 1 - Ground B,ground,1146.3812112062963,21.303075862024723,True,0.00030101607604641334,0.02135984814432741,2139.094683491064,64941.49717947984
-68.0,1,2,Sat 1 - Ground B,ground,1133.2390917599444,21.69028431425964,True,0.00031452036602182043,0.021090189463508723,2248.7709234865824,69329.36278645748
-66.0,1,2,Sat 1 - Ground B,ground,1120.1325979968221,22.085078166910417,True,0.00032858535270153936,0.020832615721559096,2363.043444075731,73941.1771540198
-64.0,1,2,Sat 1 - Ground B,ground,1107.0630607950154,22.487705107118614,True,0.0003432354197505011,0.020586513767550878,2482.110538417227,78786.33113651276
-62.0,1,2,Sat 1 - Ground B,ground,1094.0318700159544,22.898422517049408,True,0.0003584960719666246,0.020351307787808345,2606.179683718496,83874.62135864848
-60.0,1,2,Sat 1 - Ground B,ground,1081.040477585117,23.317497869514828,True,0.00037439397783948505,0.020126456702393644,2735.467887577827,89216.26892994481
-58.0,1,2,Sat 1 - Ground B,ground,1068.0904007461907,23.74520913565958,True,0.00039095701182395863,0.01991145176325015,2870.202032077876,94821.93884960051
-56.0,1,2,Sat 1 - Ground B,ground,1055.183225498097,24.181845204224647,True,0.00040821429592686434,0.01970581433706745,3010.6192123510527,100702.76009402944
-54.0,1,2,Sat 1 - Ground B,ground,1042.3206102245879,24.6277063117186,True,0.0004261962401270143,0.019509093857451722,3156.9670657037414,106870.34637208423
-52.0,1,2,Sat 1 - Ground B,ground,1029.5042895264419,25.08310448261386,True,0.00044493458105995245,0.019320865932361063,3309.504086658903,113336.81752444687
-50.0,1,2,Sat 1 - Ground B,ground,1016.73607826655,25.5483639784341,True,0.00046446241829689784,0.019140730594008837,3468.499922445877,120114.82153355166
-48.0,1,2,Sat 1 - Ground B,ground,1004.0178758383889,26.023821754308223,True,0.00048481424743091546,0.018968310679568934,3634.2356425154003,127217.55709851293
-46.0,1,2,Sat 1 - Ground B,ground,991.3516706685355,26.509827921230716,True,0.0005060259890496489,0.018803250332049302,3807.0039745665995,134658.79671559494
-44.0,1,2,Sat 1 - Ground B,ground,978.7395449639507,27.006746211880127,True,0.0005281350125233884,0.018645213611624852,3987.10949834368,142452.91018850522
-42.0,1,2,Sat 1 - Ground B,ground,966.1836797147091,27.514954447398274,True,0.0005511801533656561,0.01849388320856861,4174.868787059376,150614.88847390827
-40.0,1,2,Sat 1 - Ground B,ground,953.6863599627101,28.034845002022312,True,0.0005752017227292708,0.01834895924969144,4370.610484716606,159160.36774568426
-38.0,1,2,Sat 1 - Ground B,ground,941.249980346577,28.5668252618728,True,0.0006002415073831468,0.018210158190894492,4574.675305822605,168105.65353622346
-36.0,1,2,Sat 1 - Ground B,ground,928.8770509324621,29.111318073531432,True,0.0006263427582695318,0.018077211789077494,4787.415941984863,177467.74478403092
-34.0,1,2,Sat 1 - Ground B,ground,916.5702033397409,29.668762177279863,True,0.0006535501654682615,0.0179498661472194,5009.196857648427,187264.3575836642
-32.0,1,2,Sat 1 - Ground B,ground,904.3321971695954,30.239612619005964,True,0.0006819098170895094,0.017827880826976845,5240.393954742683,197513.94839605532
-30.0,1,2,Sat 1 - Ground B,ground,892.1659267431655,30.824341133806207,True,0.0007114691392796762,0.01771102802362256,5481.394083255457,208235.73643405346
-28.0,1,2,Sat 1 - Ground B,ground,880.0744281542751,31.42343649321159,True,0.000742276814154116,0.01759909179858211,5732.594371722857,219449.72488903176
-26.0,1,2,Sat 1 - Ground B,ground,868.0608866395984,32.03740480672706,True,0.00077438267206494,0.017491867365224716,5994.401348311989,231176.7206090666
-24.0,1,2,Sat 1 - Ground B,ground,856.1286442665004,32.666769766991344,True,0.0008078375541722296,0.01738916042392676,6267.22981958071,243438.3517769593
-22.0,1,2,Sat 1 - Ground B,ground,844.2812079355385,33.3120728263244,True,0.0008426931408149717,0.017290786542755596,6551.501470142888,256257.08306668288
-20.0,1,2,Sat 1 - Ground B,ground,832.5222576906722,33.97387329072178,True,0.0008790017406739819,0.01719657058042825,6847.643142349903,269656.2276791757
-18.0,1,2,Sat 1 - Ground B,ground,820.8556553255125,34.65274831547581,True,0.000916816035194506,0.017106346148468097,7156.084750813243,283659.95557233883
-16.0,1,2,Sat 1 - Ground B,ground,809.285453268268,35.34929278453975,True,0.0009561887721901244,0.017019955109742496,7477.256782130707,298293.2971052828
-14.0,1,2,Sat 1 - Ground B,ground,797.8159037213903,36.064119053511114,True,0.0009971724020021208,0.01693724711079099,7811.587325704242,313582.14121311775
-12.0,1,2,Sat 1 - Ground B,ground,786.4514680240366,36.79785653368696,True,0.001039818649049023,0.016858079145567625,8159.498577127238,329553.2271159492
-10.0,1,2,Sat 1 - Ground B,ground,775.1968261963093,37.55115109205689,True,0.0010841780110952208,0.016782315148412476,8521.40275148243,346234.1284445589
-8.0,1,2,Sat 1 - Ground B,ground,764.0568866135775,38.324664239360175,True,0.001130299178116814,0.016709825614249635,8897.69734020333,363653.22853624466
-6.0,1,2,Sat 1 - Ground B,ground,753.0367957469172,39.11907207547709,True,0.0011782283622907906,0.016640487244166943,9288.759642267876,381839.6855187159
-4.0,1,2,Sat 1 - Ground B,ground,742.1419478916772,39.93506395849268,True,0.0012280085304130866,0.01657418261468763,9694.940498681504,400823.3856596653
-2.0,1,2,Sat 1 - Ground B,ground,731.3779947902156,40.77334086082664,True,0.0012796785300259598,0.016510799869178392,10116.557158989312,420634.8833173361
0.0,1,2,Sat 1 - Ground B,ground,720.7508550368633,41.63461337294813,True,0.0013332721007623051,0.0164502324299673,10553.885210397828,441305.3256867232
2.0,1,2,Sat 1 - Ground B,ground,710.266723133035,42.51959931249612,True,0.0013888167629763654,0.01639237872986034,11007.149504659727,462866.3604017808
4.0,1,2,Sat 1 - Ground B,ground,699.9320780380854,43.42902089424374,True,0.0014463325767129168,0.01633714196185347,11476.514025880831,485350.02393232135
6.0,1,2,Sat 1 - Ground B,ground,689.7536910370056,44.36360141444689,True,0.0015058307655757511,0.016284429845934624,11962.070654712079,508788.6086129143
8.0,1,2,Sat 1 - Ground B,ground,679.738632719438,45.324061401913646,True,0.0015673122022024164,0.016234154411961334,12463.826801895055,533214.5060695214
10.0,1,2,Sat 1 - Ground B,ground,669.8942788359824,46.31111418787141,True,0.0016307657549583477,0.016186231797683772,12981.69190784407,558660.0247792605
12.0,1,2,Sat 1 - Ground B,ground,660.2283147676776,47.32546084768584,True,0.001696166499264798,0.016140582061055793,13515.462835972385,585157.179523077
14.0,1,2,Sat 1 - Ground B,ground,650.7487383133896,48.36778447003743,True,0.0017634738017817868,0.016097129006050658,14064.808226709787,612737.4505857591
16.0,1,2,Sat 1 - Ground B,ground,641.46386046829,49.43874371366576,True,0.0018326292916142997,0.0160558000212576,14629.251927714091,641431.5107401831
18.0,1,2,Sat 1 - Ground B,ground,632.382303835652,50.53896561866156,True,0.0019035547398713443,0.01601652593059446,15208.155674259164,671268.9183421563
20.0,1,2,Sat 1 - Ground B,ground,623.5129982850012,51.66903764895938,True,0.001976149877342095,0.015979240855522575,15800.701262669216,702277.7752790847
22.0,1,2,Sat 1 - Ground B,ground,614.8651734437876,52.829498955599625,True,0.002050290189748047,0.015943882088195364,16405.872538859767,734484.3490806137
24.0,1,2,Sat 1 - Ground B,ground,606.448347589,54.02083086690624,True,0.002125824740885615,0.01591038997501236,17022.437612731792,767912.6592322052
26.0,1,2,Sat 1 - Ground B,ground,598.2723124917857,55.243446632332855,True,0.0022025740857824112,0.01587870781008442,17648.93180565538,802584.0286505924
28.0,1,2,Sat 1 - Ground B,ground,590.3471137645372,56.497680471619766,True,0.0022803283483979913,0.015848781738144847,18283.64193968008,838516.6023959279
30.0,1,2,Sat 1 - Ground B,ground,582.6830262690161,57.78377601018995,True,0.0023588455508872564,0.015820560666464065,18924.592679184578,875724.8370147925
32.0,1,2,Sat 1 - Ground B,ground,575.2905241686801,59.10187421526925,True,0.0024378502933008485,0.01579399618534285,19569.535732621178,914218.9654265982
34.0,1,2,Sat 1 - Ground B,ground,568.1802452516695,60.45200098464662,True,0.002517032892906706,0.015769042496771534,20215.942806345804,954004.4439655652
36.0,1,2,Sat 1 - Ground B,ground,561.3629492156941,61.8340545805225,True,0.0025960490999738066,0.015745656350849183,20861.003265208983,995081.39003712
38.0,1,2,Sat 1 - Ground B,ground,554.8494696949911,63.24779314334091,True,0.0026745205105877007,0.01572379698955834,21501.62748519448,1037444.0207875235
40.0,1,2,Sat 1 - Ground B,ground,548.6506599244892,64.69282256319782,True,0.002752035795483173,0.015703426097487566,22134.45687061138,1081080.1051433294
42.0,1,2,Sat 1 - Ground B,ground,542.7773320783039,66.16858502720805,True,0.0028281528555907363,0.015684507759086898,22755.881440791483,1125970.4434547322
44.0,1,2,Sat 1 - Ground B,ground,537.2401904883246,67.67434859746167,True,0.002902401998725873,0.01566700842203049,23362.06575849105,1172088.3906540147
46.0,1,2,Sat 1 - Ground B,ground,532.0497591418882,69.20919820287752,True,0.002974290206630394,0.015650896866246444,23948.983766277295,1219399.440178783
48.0,1,2,Sat 1 - Ground B,ground,527.2163040712883,70.77202844606506,True,0.0030433065268947166,0.015636144178159925,24512.46281392298,1267860.8867589831
50.0,1,2,Sat 1 - Ground B,ground,522.7497514758654,72.36153862988976,True,0.0031089285803580675,0.01562272372967911,25048.23680092867,1317421.5863738349
52.0,1,2,Sat 1 - Ground B,ground,518.6596026510883,73.97623039467105,True,0.0031706301224372897,0.015610611161440593,25552.007932203865,1368021.8311069673
54.0,1,2,Sat 1 - Ground B,ground,514.9548470275118,75.61440832325835,True,0.0032278895385470874,0.015599784369819254,26019.516108591222,1419593.3551477625
56.0,1,2,Sat 1 - Ground B,ground,511.6438748333438,77.27418381598233,True,0.0032801990924176067,0.015590223497201579,26446.61447241871,1472059.4857287724
58.0,1,2,Sat 1 - Ground B,ground,508.73439107363765,78.95348246029697,True,0.003327074685734115,0.015581910925021434,26829.349134671284,1525335.4493358624
60.0,1,2,Sat 1 - Ground B,ground,506.23333265292894,80.65005502203054,True,0.0033680658328672643,0.015574831269065205,27164.04066350955,1579328.8391340433
62.0,1,2,Sat 1 - Ground B,ground,504.1467905432496,82.36149206953526,True,0.0034027655106208636,0.015568971376570697,27447.36455534595,1633940.2443528988
64.0,1,2,Sat 1 - Ground B,ground,502.47993890474544,84.08524211346187,True,0.003430819514810676,0.01556432032467216,27676.427679699947,1689064.0365879447
66.0,1,2,Sat 1 - Ground B,ground,501.23697299381024,85.81863300981699,True,0.003451934947268872,0.015560869419781556,27848.837621671963,1744589.3018893166
68.0,1,2,Sat 1 - Ground B,ground,500.42105754053654,87.55889624008674,True,0.0034658874713403764,0.015558612197546465,27962.761963978235,1800400.901474967
70.0,1,2,Sat 1 - Ground B,ground,500.0342870450927,89.3031935579091,True,0.003472527012085075,0.015557544423084033,28016.97486215245,1856380.6383010976
72.0,1,2,Sat 1 - Ground B,ground,500.0776591390778,88.95135461460082,True,0.003471781638028207,0.015557664091259152,28010.88876198096,1912408.501925231
74.0,1,2,Sat 1 - Ground B,ground,500.55106179565774,87.20763973870454,True,0.0034636594410092036,0.015558971426851247,27944.569759702852,1968363.9604469147
76.0,1,2,Sat 1 - Ground B,ground,501.45327476904765,85.46853540646569,True,0.0034482483240884914,0.015561468884534364,27818.735868997443,2024127.2660756148
78.0,1,2,Sat 1 - Ground B,ground,502.7819852203696,83.73686804560816,True,0.0034257137077081993,0.015565161148679355,27634.738278099954,2079580.7402227123
80.0,1,2,Sat 1 - Ground B,ground,504.5338170656905,82.01538882194866,True,0.0033962942637680575,0.015570055133069522,27394.526493397643,2134610.00499421
82.0,1,2,Sat 1 - Ground B,ground,506.704373185484,80.3067474232814,True,0.0033602958784364058,0.015576159980701233,27100.599010948834,2189105.1304985564
84.0,1,2,Sat 1 - Ground B,ground,509.2882892830548,78.61346832198788,True,0.0033180841207513774,0.015583487063916213,26755.941780435474,2242961.671289941
86.0,1,2,Sat 1 - Ground B,ground,512.2792978894419,76.93793000301098,True,0.0032700755503726055,0.015592049985178075,26363.95718617589,2296081.570256552
88.0,1,2,Sat 1 - Ground B,ground,515.6703007956252,75.28234751691566,True,0.0032167282312336744,0.01560186457886456,25928.38654258898,2348373.913985317
90.0,1,2,Sat 1 - Ground B,ground,519.4534480560754,73.64875858298282,True,0.003158531827608786,0.01561294891449301,25453.22918111391,2399755.52970902
92.0,1,2,Sat 1 - Ground B,ground,523.6202216514246,72.03901333293878,True,0.0030959976465908543,0.01562532330183382,24942.661103080434,2450151.4199932143
94.0,1,2,Sat 1 - Ground B,ground,528.1615219181981,70.45476765949945,True,0.0030296489593329744,0.01563901029839143,24400.955914172362,2499495.037010467
96.0,1,2,Sat 1 - Ground B,ground,533.067754941409,68.89748002152483,True,0.0029600118869689386,0.015654034719748626,23832.410376408927,2547728.4033010486
98.0,1,2,Sat 1 - Ground B,ground,538.3289192499337,67.36841146367631,True,0.002887607080916978,0.015670423653275357,23241.27645400549,2594802.090131463
100.0,1,2,Sat 1 - Ground B,ground,543.9346903413889,65.86862853566832,True,0.0028129423663266783,0.015688206475702376,22631.701231292893,2640675.0678167613
102.0,1,2,Sat 1 - Ground B,ground,549.8745017786472,64.39900874537783,True,0.0027365064563929,0.015707414875053123,22007.67558201123,2685314.4446300655
104.0,1,2,Sat 1 - Ground B,ground,556.137621830696,62.960248150577996,True,0.0026587637879991275,0.01572808287741419,21372.99200135005,2728695.1122134267
106.0,1,2,Sat 1 - Ground B,ground,562.713224863781,61.55287068402003,True,0.0025801504785275316,0.015750246879011914,20731.211598461585,2770799.3158132383
108.0,1,2,Sat 1 - Ground B,ground,569.5904569145904,60.17723881330511,True,0.002501071361551669,0.01577394568404606,20085.63990307559,2811616.1673147753
110.0,1,2,Sat 1 - Ground B,ground,576.7584950872476,58.83356515725332,True,0.0024218980263654806,0.015799220548717623,19439.310872269376,2851141.11809012
112.0,1,2,Sat 1 - Ground B,ground,584.2066006044117,57.52192471093871,True,0.0023429677629454135,0.015826115231873644,18794.97829275394,2889375.4072551434
114.0,1,2,Sat 1 - Ground B,ground,591.9241655061832,56.24226736895893,True,0.002264583299372227,0.01585467605268297,18155.11365515613,2926325.4992030533
116.0,1,2,Sat 1 - Ground B,ground,599.9007531269956,54.99443047787619,True,0.0021870132119141765,0.01588495195574889,17521.909521182442,2962002.522379392
118.0,1,2,Sat 1 - Ground B,ground,608.1261325903178,53.77815119157391,True,0.002110492887570825,0.0159169945840633,16897.287401422665,2996421.7193019968
120.0,1,2,Sat 1 - Ground B,ground,616.5903076448395,52.593078445450196,True,0.002035225923506692,0.015950858360209434,16282.909199523467,3029601.915902943
122.0,1,2,Sat 1 - Ground B,ground,625.2835402260537,51.438784405358945,True,0.001961385856094121,0.015986600576227698,15680.191346316087,3061565.0164487823
124.0,1,2,Sat 1 - Ground B,ground,634.1963691664334,50.3147752839081,True,0.0018891181229897397,0.016024281492572585,15090.32083504104,3092335.5286301393
126.0,1,2,Sat 1 - Ground B,ground,643.319624498629,49.220501449442416,True,0.0018185421737182987,0.016063964446607227,14514.27246732921,3121940.1219325094
128.0,1,2,Sat 1 - Ground B,ground,652.644437802407,48.15536678143839,True,0.0017497536567603958,0.016105715971106344,13952.826721958281,3150407.221121797
130.0,1,2,Sat 1 - Ground B,ground,662.1622490403018,47.118737250053,True,0.0016828266234633642,0.01614960592326818,13406.587759107213,3177766.6356028626
132.0,1,2,Sat 1 - Ground B,ground,671.8648103118685,46.109948717332884,True,0.0016178157007348476,0.016195707624771367,12876.001167940965,3204049.224529911
134.0,1,2,Sat 1 - Ground B,ground,681.7441869345225,45.12831397340329,True,0.0015547581951124486,0.016244098013453945,12361.37115223021,3229286.596850082
136.0,1,2,Sat 1 - Ground B,ground,691.7927562322475,44.17312903317976,True,0.0014936761002489459,0.01629485780723802,11862.876925868499,3253510.8449281803
138.0,1,2,Sat 1 - Ground B,ground,702.0032043838169,43.24367872821948,True,0.0014345779880275738,0.016348071680976857,11380.588156914335,3276754.310010963
140.0,1,2,Sat 1 - Ground B,ground,712.3685216509655,42.33924163468498,True,0.0013774607704359577,0.01640382845695828,10914.479355244148,3299049.3775231214
142.0,1,2,Sat 1 - Ground B,ground,722.881996275488,41.45909438247653,True,0.001322311325030842,0.01646222130986466,10464.443145468631,3320428.300023834
144.0,1,2,Sat 1 - Ground B,ground,733.5372073031682,40.6025153927879,True,0.0012691079814269662,0.016523347987057912,10030.302404324468,3340923.045573627
146.0,1,2,Sat 1 - Ground B,ground,744.3280165627058,39.76878809204802,True,0.0012178218698473385,0.01658731104513863,9611.821271166162,3360565.169249118
148.0,1,2,Sat 1 - Ground B,ground,755.2485599996246,38.9572036497358,True,0.0011684181355190889,0.01665421810381046,9208.715062595891,3379385.70558288
150.0,1,2,Sat 1 - Ground B,ground,766.2932385389566,38.16706328619352,True,0.0011208570247059197,0.01672418211817407,8820.659138638748,3397415.0797841144
152.0,1,2,Sat 1 - Ground B,ground,777.4567086264234,37.397680194553494,True,0.001075094849561611,0.016797321670675002,8447.296779231297,3414683.0357019845
154.0,1,2,Sat 1 - Ground B,ground,788.7338725759705,36.6483811184338,True,0.0010310848398789514,0.016873761284039997,8088.246137042037,3431218.578618258
156.0,1,2,Sat 1 - Ground B,ground,800.1198688317849,35.918507624314806,True,0.0009887778902972653,0.016953631756651842,7743.106336617769,3447049.9310919177
158.0,1,2,Sat 1 - Ground B,ground,811.6100622353872,35.20741710461215,True,0.0009481232117004057,0.017037070521946196,7411.462791214454,3462204.5002197498
160.0,1,2,Sat 1 - Ground B,ground,823.2000343728108,34.514483544513546,True,0.0009090688954693072,0.017124222033549023,7092.891808105003,3476708.854819069
162.0,1,2,Sat 1 - Ground B,ground,834.8855740632105,33.839098082725386,True,0.0008715623990012602,0.01721523817803089,6786.964551089149,3490588.711178263
164.0,1,2,Sat 1 - Ground B,ground,846.6626680383357,33.18066939344046,True,0.0008355509605332468,0.017310278717315854,6493.250425860915,3503868.9261552133
166.0,1,2,Sat 1 - Ground B,ground,858.5274918519381,32.53862391412602,True,0.0008009819508420187,0.017409511762967858,6211.319950087403,3516573.4965311615
168.0,1,2,Sat 1 - Ground B,ground,870.476401049309,31.91240594117716,True,0.0007678031688794601,0.017513114284771973,5940.747165848262,3528725.563647097
170.0,1,2,Sat 1 - Ground B,ground,882.5059226195164,31.301477613093688,True,0.0007359630878590031,0.017621272656244892,5681.111647648142,3540347.4224605933
172.0,1,2,Sat 1 - Ground B,ground,894.6127467464521,30.70531879863248,True,0.000705411057759932,0.017734183239944103,5432.0001547280535,3551460.5342629696
174.0,1,2,Sat 1 - Ground B,ground,906.7937188693465,30.12342690536375,True,0.0006760974696755951,0.01785205301570139,5193.0079719823525,3562085.54238968
176.0,1,2,Sat 1 - Ground B,ground,919.0458320588435,29.555316622212143,True,0.0006479738869084681,0.017975100255188746,4963.739979514442,3572242.290341177
178.0,1,2,Sat 1 - Ground B,ground,931.36621971094,29.000519607893228,True,0.0006209931472183149,0.018103555246532694,4743.8114868068105,3581949.841807498
180.0,1,2,Sat 1 - Ground B,ground,943.7521485579883,28.45858413564684,True,0.0005951094401641586,0.01823766107302686,4532.848863678274,3591226.5021579834
182.0,1,2,Sat 1 - Ground B,ground,956.2010119934138,27.92907470331589,True,0.0005702783630466984,0.018377674450366695,4330.489996656131,3600089.8410183177
184.0,1,2,Sat 1 - Ground B,ground,968.7103237047816,27.411571616612,True,0.0005464569585602897,0.018523866627231357,4136.384596144372,3608556.7156111184
186.0,1,2,Sat 1 - Ground B,ground,981.2777116082331,26.905670552331475,True,0.0005236037368992375,0.018676524354482773,3950.1943767937028,3616643.2945840564
188.0,1,2,Sat 1 - Ground B,ground,993.9009120760663,26.410982107331943,True,0.0005016786847325983,0.018835950928740717,3771.5931307797955,3624365.08209163
190.0,1,2,Sat 1 - Ground B,ground,1006.5777644483228,25.92713133823811,True,0.00048064326316368084,0.019002467316627306,3600.2667112631602,3631736.941933673
192.0,1,2,Sat 1 - Ground B,ground,1019.3062058185278,25.4537572960991,True,0.00046046039652271873,0.019176413366561947,3435.9129411179924,3638773.121586054
194.0,1,2,Sat 1 - Ground B,ground,1032.0842660833166,24.990512559570213,True,0.0004410944536014843,0.01935814911563732,3278.2414600605184,3645487.2759872326
196.0,1,2,Sat 1 - Ground B,ground,1044.9100632453612,24.537062769618693,True,0.0004225112227257345,0.019548056199816553,3126.9735215694327,3651892.4909688625
198.0,1,2,Sat 1 - Ground B,ground,1057.781798958895,24.093086168253564,True,0.0004046778818720706,0.019746539376476562,2981.841749445568,3658001.3062398774
200.0,1,2,Sat 1 - Ground B,ground,1070.6977543071334,23.658273143346968,True,0.0003875629648687675,0.01995402816918293,2842.5898624945085,3663825.7378518176
202.0,1,2,Sat 1 - Ground B,ground,1083.6562858009436,23.232325781234824,True,0.0003711363245722778,0.020170978645536547,2708.972374609075,3669377.300088921
204.0,1,2,Sat 1 - Ground B,ground,1096.6558215883144,22.814957428458797,True,0.000355369093782286,0.020397875339970322,2580.7542764768605,3674667.026740007
206.0,1,2,Sat 1 - Ground B,ground,1109.6948578643783,22.405892263730323,True,0.0003402336445436348,0.020635233334540343,2457.710704203138,3679705.491720687
208.0,1,2,Sat 1 - Ground B,ground,1122.7719554720259,22.004864880953672,True,0.000325703546385402,0.02088360051201119,2339.626599339071,3684502.829024229
210.0,1,2,Sat 1 - Ground B,ground,1135.8857366834568,21.611619883938143,True,0.00031175352395959046,0.021143559996954987,2226.2963640884695,3689068.7519876566
212.0,1,2,Sat 1 - Ground B,ground,1149.0348821533441,21.225911493251424,True,0.00029835941446768966,0.02141573280211452,2117.5235148605693,3693412.5718666054
214.0,1,2,Sat 1 - Ground B,ground,1162.21812803465,20.847503165516024,True,0.00028549812519728453,0.02170078069899921,2013.1203367969456,3697543.215718263
216.0,1,2,Sat 1 - Ground B,ground,1175.4342632484893,20.476167225321767,True,0.00027314759143498633,0.021999409333553474,1912.9075414442732,3701469.243596504
218.0,1,2,Sat 1 - Ground B,ground,1188.6821268998008,20.111684509820737,True,0.00026128673497280777,0.02231237160981967,1816.7139293433586,3705198.8650672915
220.0,1,2,Sat 1 - Ground B,ground,1201.960605830978,19.753844025981774,True,0.0002498954233834174,0.02264047136680036,1724.3760589644407,3708739.9550555996
222.0,1,2,Sat 1 - Ground B,ground,1215.26863230595,19.402442620404813,True,0.00023895443020345737,0.022984567376253845,1635.7379231226348,3712100.0690376866
224.0,1,2,Sat 1 - Ground B,ground,1228.6051818175918,19.057284661535885,True,0.00022844539613338111,0.023345577691938783,1550.6506337563133,3715286.4575945656
226.0,1,2,Sat 1 - Ground B,ground,1241.9692710116817,18.718181734073262,True,0.00021835079133659642,0.023724484383866776,1468.9721157412612,3718306.080344063
228.0,1,2,Sat 1 - Ground B,ground,1255.3599557209743,18.38495234531283,True,0.00020865387889693854,0.024122338694544814,1390.566810219152,3721165.6192700234
230.0,1,2,Sat 1 - Ground B,ground,1268.7763291032943,18.057421643152413,True,0.0001993386794765363,0.024540266657839014,1315.3053877797313,3723871.491468022
232.0,1,2,Sat 1 - Ground B,ground,1282.2175198778718,17.7354211454465,True,0.00019038993719861451,0.02497947522522703,1243.0644716925572,3726429.8613274945
234.0,1,2,Sat 1 - Ground B,ground,1295.682690654457,17.418788480387235,True,0.0001817930867673347,0.025441258948659885,1173.7263712817303,3728846.6521704686
236.0,1,2,Sat 1 - Ground B,ground,1309.1710363500488,17.107367137571615,True,0.00017353422182545954,0.025927007274175084,1107.178825443725,3731127.557367194
238.0,1,2,Sat 1 - Ground B,ground,1322.6817826883455,16.801006229408646,True,0.00016560006454153196,0.02643821250577766,1043.3147562330971,3733278.050948871
240.0,1,2,Sat 1 - Ground B,ground,1336.2141847773132,16.499560262512972,True,0.00015797793641044518,0.026976478505000116,982.0320323757962,3735303.39773748
242.0,1,2,Sat 1 - Ground B,ground,1349.7675257605188,16.202888918730366,True,0.0001506557302457352,0.027543530197922595,923.2332425229656,3737208.6630123784
244.0,1,2,Sat 1 - Ground B,ground,1363.3411155381066,15.910856845441401,True,0.00014362188333640635,0.028141223968429004,866.8254780113903,3738998.7217329126
246.0,1,2,Sat 1 - Ground B,ground,1376.9342895535603,15.623333454791817,True,0.0001368653517378352,0.028771559023965575,812.7201248680175,3740678.267335792
248.0,1,2,Sat 1 - Ground B,ground,1390.546407642578,15.34019273150327,True,0.00013037558566283,0.029436689828217812,760.8326647654073,3742251.8201254257
250.0,1,2,Sat 1 - Ground B,ground,1404.1768529406284,15.061313048923298,True,0.0001241425059371986,0.030138939703775673,711.0824846181871,3743723.7352748094
252.0,1,2,Sat 1 - Ground B,ground,1417.8250308459299,14.786576992982171,True,0.00011815648148210695,0.0308808157171564,663.3926944906872,3745098.210453918
254.0,1,2,Sat 1 - Ground B,ground,1431.4903680347961,14.51587119373019,True,0.0001124083077848319,0.031665024968294396,617.689953476891,3746379.293101886
256.0,1,2,Sat 1 - Ground B,ground,1445.172311526462,14.249086164140122,True,0.00010688918631891667,0.03249449241680361,573.9043032049693,3747570.8873585677
258.0,1,2,Sat 1 - Ground B,ground,1458.8703277946702,13.986116145866688,True,0.00010159070487409524,0.033372380387892156,531.9690086089963,3748676.7606703816
260.0,1,2,Sat 1 - Ground B,ground,1472.5839019234581,13.726858961666334,True,9.650481875714477e-05,0.03430210991135228,491.82040561160807,3749700.550084602
262.0,1,2,Sat 1 - Ground B,ground,1486.3125368047329,13.47121587419011,True,9.16238328244979e-05,0.03528738405763913,453.3977553529878,3750645.7682455666
264.0,1,2,Sat 1 - Ground B,ground,1500.0557523753546,13.21909145087116,True,8.694038430863325e-05,0.03633221344493853,416.64310460440595,3751515.809105524
266.0,1,2,Sat 1 - Ground B,ground,1513.8130848915946,12.970393434641268,True,8.244742640047183e-05,0.03744094410019033,381.50115199886403,3752313.9533621273
268.0,1,2,Sat 1 - Ground B,ground,1527.584086238938,12.725032620217819,True,7.813821255139728e-05,0.038618287864233034,347.9191197139959,3753043.37363384
270.0,1,2,Sat 1 - Ground B,ground,1541.3683232753363,12.482922735715226,True,7.400628145929075e-05,0.039869355535995375,315.8466302390633,3753707.1393837933
272.0,1,2,Sat 1 - Ground B,ground,1555.165377206116,12.243980329343147,True,7.004544270406234e-05,0.0411996929516708,285.2355878558163,3754308.221601888
274.0,1,2,Sat 1 - Ground B,ground,1568.9748429888489,12.008124660964373,True,6.624976299962441e-05,0.04261532019048982,256.0400644624544,3754849.4972542063
276.0,1,2,Sat 1 - Ground B,ground,1582.796328766589,11.775277598293645,True,6.261355303022633e-05,0.04412277408736632,228.21618936401043,3755333.7535080328
278.0,1,2,Sat 1 - Ground B,ground,1596.6294553279865,11.54536351752984,True,5.913135484068343e-05,0.04572915421152375,201.72204264982685,3755763.6917400467
280.0,1,2,Sat 1 - Ground B,ground,1610.4738555928427,11.318309208220525,True,5.579792975127001e-05,0.04744217243635168,176.5175517713289,3756141.931334468
282.0,1,2,Sat 1 - Ground B,ground,1624.3291741217888,11.094043782168882,True,5.260824676947016e-05,0.04927020617508327,152.56439092519776,3756471.0132771647
284.0,1,2,Sat 1 - Ground B,ground,1638.1950666488171,10.872498586199823,True,4.9557471472421264e-05,0.05122235528436941,129.82588283837103,3756753.4035509285
286.0,1,2,Sat 1 - Ground B,ground,1652.071199635477,10.653607118610669,True,4.664095533521002e-05,0.05330850253754893,108.26690253779003,3756991.4963363046
288.0,1,2,Sat 1 - Ground B,ground,1665.9572498456205,10.437304949140408,True,4.385422548188909e-05,0.055539377433432215,87.8537826747006,3757187.617021517
290.0,1,2,Sat 1 - Ground B,ground,1679.8529039396315,10.223529642297867,True,4.119297483765593e-05,0.05792662292566258,68.55421995653903,3757344.025024148
292.0,1,2,Sat 1 - Ground B,ground,1693.7578580871425,10.012220683897036,True,3.86530526622243e-05,0.06048286442095342,50.33718222020856,3757462.9164263248
294.0,1,2,Sat 1 - Ground B,ground,1707.6718175972974,9.803319410655105,False,0.0,,0.0,3757513.253608545
296.0,1,2,Sat 1 - Ground B,ground,1721.5944965656645,9.596768942714219,False,0.0,,0.0,3757513.253608545
298.0,1,2,Sat 1 - Ground B,ground,1735.5256175369639,9.392514118956102,False,0.0,,0.0,3757513.253608545
300.0,1,2,Sat 1 - Ground B,ground,1749.4649111828091,9.190501434982943,False,0.0,,0.0,3757513.253608545
302.0,1,2,Sat 1 - Ground B,ground,1763.412115993714,8.990678983645592,False,0.0,,0.0,3757513.253608545
304.0,1,2,Sat 1 - Ground B,ground,1777.3669779846593,8.792996398003945,False,0.0,,0.0,3757513.253608545
306.0,1,2,Sat 1 - Ground B,ground,1791.3292504135377,8.59740479661135,False,0.0,,0.0,3757513.253608545
308.0,1,2,Sat 1 - Ground B,ground,1805.298693511847,8.403856731018909,False,0.0,,0.0,3757513.253608545
310.0,1,2,Sat 1 - Ground B,ground,1819.2750742270396,8.212306135400953,False,0.0,,0.0,3757513.253608545
312.0,1,2,Sat 1 - Ground B,ground,1833.2581659759433,8.022708278206828,False,0.0,,0.0,3757513.253608545
314.0,1,2,Sat 1 - Ground B,ground,1847.2477484087308,7.835019715750449,False,0.0,,0.0,3757513.253608545
316.0,1,2,Sat 1 - Ground B,ground,1861.2436071829216,7.649198247650218,False,0.0,,0.0,3757513.253608545
318.0,1,2,Sat 1 - Ground B,ground,1875.245533746933,7.465202874039389,False,0.0,,0.0,3757513.253608545
320.0,1,2,Sat 1 - Ground B,ground,1889.2533251327325,7.282993754467965,False,0.0,,0.0,3757513.253608545
322.0,1,2,Sat 1 - Ground B,ground,1903.266783757148,7.102532168422684,False,0.0,,0.0,3757513.253608545
324.0,1,2,Sat 1 - Ground B,ground,1917.2857172314361,6.9237804773938425,False,0.0,,0.0,3757513.253608545
326.0,1,2,Sat 1 - Ground B,ground,1931.309938178713,6.746702088422346,False,0.0,,0.0,3757513.253608545
328.0,1,2,Sat 1 - Ground B,ground,1945.3392640588875,6.571261419062019,False,0.0,,0.0,3757513.253608545
330.0,1,2,Sat 1 - Ground B,ground,1959.3735170007371,6.397423863696699,False,0.0,,0.0,3757513.253608545
332.0,1,2,Sat 1 - Ground B,ground,1973.412523640807,6.22515576115318,False,0.0,,0.0,3757513.253608545
334.0,1,2,Sat 1 - Ground B,ground,1987.4561149688102,6.05442436355471,False,0.0,,0.0,3757513.253608545
336.0,1,2,Sat 1 - Ground B,ground,2001.5041261792362,5.885197806361998,False,0.0,,0.0,3757513.253608545
338.0,1,2,Sat 1 - Ground B,ground,2015.5563965288804,5.717445079550773,False,0.0,,0.0,3757513.253608545
340.0,1,2,Sat 1 - Ground B,ground,2029.612769200028,5.551135999878335,False,0.0,,0.0,3757513.253608545
342.0,1,2,Sat 1 - Ground B,ground,2043.6730911690427,5.386241184192239,False,0.0,,0.0,3757513.253608545
344.0,1,2,Sat 1 - Ground B,ground,2057.7372130801054,5.2227320237378345,False,0.0,,0.0,3757513.253608545
346.0,1,2,Sat 1 - Ground B,ground,2071.8049891238884,5.060580659422534,False,0.0,,0.0,3757513.253608545
348.0,1,2,Sat 1 - Ground B,ground,2085.876276920929,4.899759957996662,False,0.0,,0.0,3757513.253608545
350.0,1,2,Sat 1 - Ground B,ground,2099.950937409511,4.740243489113153,False,0.0,,0.0,3757513.253608545
352.0,1,2,Sat 1 - Ground B,ground,2114.0288347378523,4.582005503229164,False,0.0,,0.0,3757513.253608545
354.0,1,2,Sat 1 - Ground B,ground,2128.109836160394,4.425020910315171,False,0.0,,0.0,3757513.253608545
356.0,1,2,Sat 1 - Ground B,ground,2142.1938119380407,4.269265259338381,False,0.0,,0.0,3757513.253608545
358.0,1,2,Sat 1 - Ground B,ground,2156.2806352421576,4.114714718488334,False,0.0,,0.0,3757513.253608545
360.0,1,2,Sat 1 - Ground B,ground,2170.370182062174,3.9613460561150675,False,0.0,,0.0,3757513.253608545
362.0,1,2,Sat 1 - Ground B,ground,2184.4623311166397,3.809136622350253,False,0.0,,0.0,3757513.253608545
364.0,1,2,Sat 1 - Ground B,ground,2198.5569637675767,3.6580643313840673,False,0.0,,0.0,3757513.253608545
366.0,1,2,Sat 1 - Ground B,ground,2212.6539639380007,3.508107644371536,False,0.0,,0.0,3757513.253608545
368.0,1,2,Sat 1 - Ground B,ground,2226.7532180324733,3.3592455529424274,False,0.0,,0.0,3757513.253608545
370.0,1,2,Sat 1 - Ground B,ground,2240.8546148605474,3.2114575632913955,False,0.0,,0.0,3757513.253608545
372.0,1,2,Sat 1 - Ground B,ground,2254.958045563002,3.0647236808248275,False,0.0,,0.0,3757513.253608545
374.0,1,2,Sat 1 - Ground B,ground,2269.0634035407456,2.9190243953424333,False,0.0,,0.0,3757513.253608545
376.0,1,2,Sat 1 - Ground B,ground,2283.170584386267,2.7743406667325683,False,0.0,,0.0,3757513.253608545
378.0,1,2,Sat 1 - Ground B,ground,2297.2794858175425,2.6306539111610316,False,0.0,,0.0,3757513.253608545
380.0,1,2,Sat 1 - Ground B,ground,2311.3900076142945,2.487945987734147,False,0.0,,0.0,3757513.253608545
382.0,1,2,Sat 1 - Ground B,ground,2325.5020515565025,2.3461991856175675,False,0.0,,0.0,3757513.253608545
384.0,1,2,Sat 1 - Ground B,ground,2339.615521365082,2.205396211593312,False,0.0,,0.0,3757513.253608545
386.0,1,2,Sat 1 - Ground B,ground,2353.7303226446356,2.0655201780377443,False,0.0,,0.0,3757513.253608545
388.0,1,2,Sat 1 - Ground B,ground,2367.846362828203,1.926554591304901,False,0.0,,0.0,3757513.253608545
390.0,1,2,Sat 1 - Ground B,ground,2381.9635511239208,1.7884833404990688,False,0.0,,0.0,3757513.253608545
392.0,1,2,Sat 1 - Ground B,ground,2396.0817984635255,1.651290686622225,False,0.0,,0.0,3757513.253608545
394.0,1,2,Sat 1 - Ground B,ground,2410.2010174526163,1.514961252081943,False,0.0,,0.0,3757513.253608545
396.0,1,2,Sat 1 - Ground B,ground,2424.321122322621,1.3794800105460563,False,0.0,,0.0,3757513.253608545
398.0,1,2,Sat 1 - Ground B,ground,2438.442028884389,1.2448322771312772,False,0.0,,0.0,3757513.253608545
400.0,1,2,Sat 1 - Ground B,ground,2452.56365448335,1.1110036989130552,False,0.0,,0.0,3757513.253608545
402.0,1,2,Sat 1 - Ground B,ground,2466.6859179561807,0.9779802457448807,False,0.0,,0.0,3757513.253608545
404.0,1,2,Sat 1 - Ground B,ground,2480.808739588922,0.8457482013754544,False,0.0,,0.0,3757513.253608545
406.0,1,2,Sat 1 - Ground B,ground,2494.9320410764863,0.7142941548525918,False,0.0,,0.0,3757513.253608545
408.0,1,2,Sat 1 - Ground B,ground,2509.0557454835025,0.5836049922036038,False,0.0,,0.0,3757513.253608545
410.0,1,2,Sat 1 - Ground B,ground,2523.179777206454,0.4536678883819241,False,0.0,,0.0,3757513.253608545
412.0,1,2,Sat 1 - Ground B,ground,2537.3040619370604,0.3244702994699026,False,0.0,,0.0,3757513.253608545
414.0,1,2,Sat 1 - Ground B,ground,2551.4285266268407,0.19599995512920232,False,0.0,,0.0,3757513.253608545
416.0,1,2,Sat 1 - Ground B,ground,2565.5530994528394,0.06824485128912706,False,0.0,,0.0,3757513.253608545
418.0,1,2,Sat 1 - Ground B,ground,2579.6777097844492,-0.05880675693529462,False,0.0,,0.0,3757513.253608545
420.0,1,2,Sat 1 - Ground B,ground,2593.802288151306,-0.18516636210375728,False,0.0,,0.0,3757513.253608545
422.0,1,2,Sat 1 - Ground B,ground,2607.9267662122033,-0.31084521109762775,False,0.0,,0.0,3757513.253608545
424.0,1,2,Sat 1 - Ground B,ground,2622.0510767250025,-0.4358543115610328,False,0.0,,0.0,3757513.253608545
426.0,1,2,Sat 1 - Ground B,ground,2636.175153517488,-0.5602044381431525,False,0.0,,0.0,3757513.253608545
428.0,1,2,Sat 1 - Ground B,ground,2650.298931459147,-0.683906138548912,False,0.0,,0.0,3757513.253608545
430.0,1,2,Sat 1 - Ground B,ground,2664.42234643383,-0.8069697394048703,False,0.0,,0.0,3757513.253608545
432.0,1,2,Sat 1 - Ground B,ground,2678.545335313266,-0.9294053519465119,False,0.0,,0.0,3757513.253608545
434.0,1,2,Sat 1 - Ground B,ground,2692.6678359313955,-1.0512228775331642,False,0.0,,0.0,3757513.253608545
436.0,1,2,Sat 1 - Ground B,ground,2706.7897870595057,-1.1724320129969044,False,0.0,,0.0,3757513.253608545
438.0,1,2,Sat 1 - Ground B,ground,2720.91112838212,-1.2930422558308061,False,0.0,,0.0,3757513.253608545
440.0,1,2,Sat 1 - Ground B,ground,2735.0318004736314,-1.413062909221933,False,0.0,,0.0,3757513.253608545
442.0,1,2,Sat 1 - Ground B,ground,2749.15174477565,-1.5325030869347518,False,0.0,,0.0,3757513.253608545
444.0,1,2,Sat 1 - Ground B,ground,2763.270903575028,-1.6513717180501517,False,0.0,,0.0,3757513.253608545
446.0,1,2,Sat 1 - Ground B,ground,2777.3892199825586,-1.7696775515641225,False,0.0,,0.0,3757513.253608545
448.0,1,2,Sat 1 - Ground B,ground,2791.5066379123077,-1.8874291608520453,False,0.0,,0.0,3757513.253608545
450.0,1,2,Sat 1 - Ground B,ground,2805.623102061565,-2.0046349480020393,False,0.0,,0.0,3757513.253608545
452.0,1,2,Sat 1 - Ground B,ground,2819.738557891397,-2.1213031480224256,False,0.0,,0.0,3757513.253608545
454.0,1,2,Sat 1 - Ground B,ground,2833.8529516077647,-2.237441832927262,False,0.0,,0.0,3757513.253608545
456.0,1,2,Sat 1 - Ground B,ground,2847.9662301432118,-2.353058915703926,False,0.0,,0.0,3757513.253608545
458.0,1,2,Sat 1 - Ground B,ground,2862.078341139081,-2.4681621541668184,False,0.0,,0.0,3757513.253608545
460.0,1,2,Sat 1 - Ground B,ground,2876.1892329282523,-2.582759154700791,False,0.0,,0.0,3757513.253608545
462.0,1,2,Sat 1 - Ground B,ground,2890.2988545183857,-2.6968573758981367,False,0.0,,0.0,3757513.253608545
464.0,1,2,Sat 1 - Ground B,ground,2904.407155575647,-2.810464132092129,False,0.0,,0.0,3757513.253608545
466.0,1,2,Sat 1 - Ground B,ground,2918.514086408902,-2.923586596791169,False,0.0,,0.0,3757513.253608545
468.0,1,2,Sat 1 - Ground B,ground,2932.619597954369,-3.0362318060162456,False,0.0,,0.0,3757513.253608545
470.0,1,2,Sat 1 - Ground B,ground,2946.7236417607037,-3.1484066615448403,False,0.0,,0.0,3757513.253608545
472.0,1,2,Sat 1 - Ground B,ground,2960.826169974512,-3.2601179340646773,False,0.0,,0.0,3757513.253608545
474.0,1,2,Sat 1 - Ground B,ground,2974.9271353262734,-3.3713722662397463,False,0.0,,0.0,3757513.253608545
476.0,1,2,Sat 1 - Ground B,ground,2989.026491116659,-3.482176175691663,False,0.0,,0.0,3757513.253608545
478.0,1,2,Sat 1 - Ground B,ground,3003.124191203238,-3.592536057898994,False,0.0,,0.0,3757513.253608545
480.0,1,2,Sat 1 - Ground B,ground,3017.2201899875463,-3.70245818901707,False,0.0,,0.0,3757513.253608545
482.0,1,2,Sat 1 - Ground B,ground,3031.314442402532,-3.8119487286209663,False,0.0,,0.0,3757513.253608545
484.0,1,2,Sat 1 - Ground B,ground,3045.4069039003284,-3.9210137223737336,False,0.0,,0.0,3757513.253608545
486.0,1,2,Sat 1 - Ground B,ground,3059.49753044038,-4.029659104622628,False,0.0,,0.0,3757513.253608545
488.0,1,2,Sat 1 - Ground B,ground,3073.5862784778883,-4.137890700925257,False,0.0,,0.0,3757513.253608545
490.0,1,2,Sat 1 - Ground B,ground,3087.673104952571,-4.245714230507936,False,0.0,,0.0,3757513.253608545
492.0,1,2,Sat 1 - Ground B,ground,3101.7579672777388,-4.35313530865831,False,0.0,,0.0,3757513.253608545
494.0,1,2,Sat 1 - Ground B,ground,3115.8408233296486,-4.460159449054378,False,0.0,,0.0,3757513.253608545
496.0,1,2,Sat 1 - Ground B,ground,3129.9216314371724,-4.566792066031679,False,0.0,,0.0,3757513.253608545
498.0,1,2,Sat 1 - Ground B,ground,3144.0003503717126,-4.673038476790641,False,0.0,,0.0,3757513.253608545
500.0,1,2,Sat 1 - Ground B,ground,3158.0769393374107,-4.778903903545924,False,0.0,,0.0,3757513.253608545
502.0,1,2,Sat 1 - Ground B,ground,3172.151357961611,-4.884393475619379,False,0.0,,0.0,3757513.253608545
504.0,1,2,Sat 1 - Ground B,ground,3186.223566285571,-4.989512231478566,False,0.0,,0.0,3757513.253608545
506.0,1,2,Sat 1 - Ground B,ground,3200.2935247554265,-5.09426512072218,False,0.0,,0.0,3757513.253608545
508.0,1,2,Sat 1 - Ground B,ground,3214.3611942133866,-5.198657006014175,False,0.0,,0.0,3757513.253608545
510.0,1,2,Sat 1 - Ground B,ground,3228.4265358891685,-5.302692664967995,False,0.0,,0.0,3757513.253608545
512.0,1,2,Sat 1 - Ground B,ground,3242.489511391649,-5.406376791982506,False,0.0,,0.0,3757513.253608545
514.0,1,2,Sat 1 - Ground B,ground,3256.5500827007377,-5.509714000030937,False,0.0,,0.0,3757513.253608545
516.0,1,2,Sat 1 - Ground B,ground,3270.6082121594573,-5.612708822404319,False,0.0,,0.0,3757513.253608545
518.0,1,2,Sat 1 - Ground B,ground,3284.6638624662287,-5.71536571441059,False,0.0,,0.0,3757513.253608545
520.0,1,2,Sat 1 - Ground B,ground,3298.7169966673614,-5.817689055031029,False,0.0,,0.0,3757513.253608545
522.0,1,2,Sat 1 - Ground B,ground,3312.7675781497214,-5.919683148534566,False,0.0,,0.0,3757513.253608545
524.0,1,2,Sat 1 - Ground B,ground,3326.8155706336065,-6.02135222605216,False,0.0,,0.0,3757513.253608545
526.0,1,2,Sat 1 - Ground B,ground,3340.8609381657825,-6.122700447111462,False,0.0,,0.0,3757513.253608545
528.0,1,2,Sat 1 - Ground B,ground,3354.9036451127085,-6.223731901133448,False,0.0,,0.0,3757513.253608545
530.0,1,2,Sat 1 - Ground B,ground,3368.9436561539296,-6.324450608892039,False,0.0,,0.0,3757513.253608545
532.0,1,2,Sat 1 - Ground B,ground,3382.9809362756323,-6.424860523937562,False,0.0,,0.0,3757513.253608545
534.0,1,2,Sat 1 - Ground B,ground,3397.0154507643647,-6.524965533985314,False,0.0,,0.0,3757513.253608545
536.0,1,2,Sat 1 - Ground B,ground,3411.047165200915,-6.62476946227013,False,0.0,,0.0,3757513.253608545
538.0,1,2,Sat 1 - Ground B,ground,3425.0760454543356,-6.724276068867813,False,0.0,,0.0,3757513.253608545
540.0,1,2,Sat 1 - Ground B,ground,3439.1020576761175,-6.823489051984498,False,0.0,,0.0,3757513.253608545
542.0,1,2,Sat 1 - Ground B,ground,3453.125168294514,-6.922412049214868,False,0.0,,0.0,3757513.253608545
544.0,1,2,Sat 1 - Ground B,ground,3467.1453440089945,-7.02104863876988,False,0.0,,0.0,3757513.253608545
546.0,1,2,Sat 1 - Ground B,ground,3481.1625517848406,-7.119402340675156,False,0.0,,0.0,3757513.253608545
548.0,1,2,Sat 1 - Ground B,ground,3495.176758847868,-7.217476617940494,False,0.0,,0.0,3757513.253608545
550.0,1,2,Sat 1 - Ground B,ground,3509.1879326792828,-7.315274877701696,False,0.0,,0.0,3757513.253608545
552.0,1,2,Sat 1 - Ground B,ground,3523.1960410106576,-7.412800472335127,False,0.0,,0.0,3757513.253608545
554.0,1,2,Sat 1 - Ground B,ground,3537.20105181903,-7.510056700545887,False,0.0,,0.0,3757513.253608545
556.0,1,2,Sat 1 - Ground B,ground,3551.2029333221176,-7.607046808430443,False,0.0,,0.0,3757513.253608545
558.0,1,2,Sat 1 - Ground B,ground,3565.2016539736505,-7.7037739905141995,False,0.0,,0.0,3757513.253608545
560.0,1,2,Sat 1 - Ground B,ground,3579.197182458811,-7.800241390764734,False,0.0,,0.0,3757513.253608545
562.0,1,2,Sat 1 - Ground B,ground,3593.1894876897827,-7.896452103581584,False,0.0,,0.0,3757513.253608545
564.0,1,2,Sat 1 - Ground B,ground,3607.178538801406,-7.992409174762797,False,0.0,,0.0,3757513.253608545
566.0,1,2,Sat 1 - Ground B,ground,3621.164305146935,-8.088115602449356,False,0.0,,0.0,3757513.253608545
568.0,1,2,Sat 1 - Ground B,ground,3635.146756293895,-8.183574338047562,False,0.0,,0.0,3757513.253608545
570.0,1,2,Sat 1 - Ground B,ground,3649.1258620200324,-8.278788287130443,False,0.0,,0.0,3757513.253608545
572.0,1,2,Sat 1 - Ground B,ground,3663.101592309366,-8.373760310318367,False,0.0,,0.0,3757513.253608545
574.0,1,2,Sat 1 - Ground B,ground,3677.073917348325,-8.46849322413966,False,0.0,,0.0,3757513.253608545
576.0,1,2,Sat 1 - Ground B,ground,3691.042807521978,-8.562989801871606,False,0.0,,0.0,3757513.253608545
578.0,1,2,Sat 1 - Ground B,ground,3705.008233410347,-8.657252774362378,False,0.0,,0.0,3757513.253608545
580.0,1,2,Sat 1 - Ground B,ground,3718.9701657848086,-8.751284830834493,False,0.0,,0.0,3757513.253608545
582.0,1,2,Sat 1 - Ground B,ground,3732.9285756045765,-8.845088619670149,False,0.0,,0.0,3757513.253608545
584.0,1,2,Sat 1 - Ground B,ground,3746.8834340132644,-8.938666749178868,False,0.0,,0.0,3757513.253608545
586.0,1,2,Sat 1 - Ground B,ground,3760.8347123355243,-9.032021788348258,False,0.0,,0.0,3757513.253608545
588.0,1,2,Sat 1 - Ground B,ground,3774.7823820737685,-9.125156267577747,False,0.0,,0.0,3757513.253608545
590.0,1,2,Sat 1 - Ground B,ground,3788.726414904953,-9.218072679396277,False,0.0,,0.0,3757513.253608545
592.0,1,2,Sat 1 - Ground B,ground,3802.6667826774483,-9.31077347916407,False,0.0,,0.0,3757513.253608545
594.0,1,2,Sat 1 - Ground B,ground,3816.6034574079663,-9.403261085758894,False,0.0,,0.0,3757513.253608545
596.0,1,2,Sat 1 - Ground B,ground,3830.536411278565,-9.495537882247325,False,0.0,,0.0,3757513.253608545
598.0,1,2,Sat 1 - Ground B,ground,3844.465616633718,-9.587606216541339,False,0.0,,0.0,3757513.253608545
600.0,1,2,Sat 1 - Ground B,ground,3858.3910459774447,-9.679468402040552,False,0.0,,0.0,3757513.253608545
