time_s,bbm92_visible_a,bbm92_visible_b,bbm92_common_visibility,bbm92_eta_a,bbm92_eta_b,bbm92_singles_a_hz,bbm92_singles_b_hz,bbm92_true_coincidence_hz,bbm92_accepted_true_hz,bbm92_accidental_coincidence_hz,bbm92_coincidence_hz,bbm92_qber,bbm92_sifted_rate_bps,bbm92_key_rate_bps,bbm92_cumulative_key_bits,trusted_detection_a_hz,trusted_detection_b_hz,trusted_qber_a,trusted_qber_b,trusted_simultaneous_rate_bps,trusted_simultaneous_bits,trusted_generated_a_bits,trusted_generated_b_bits,trusted_delivered_bits,trusted_delivered_step_bits,trusted_pool_a_bits,trusted_pool_b_bits,link_a_elevation_deg,link_a_distance_km,link_a_key_rate_bps,link_b_elevation_deg,link_b_distance_km,link_b_key_rate_bps
-600.0,False,False,False,0.0,0.0,0.0,0.0,0.0,0.0,0.0,0.0,,0.0,0.0,0.0,0.0,0.0,,,0.0,0.0,0.0,0.0,0.0,0.0,0.0,0.0,-9.679468402040552,3858.3910459774447,0.0,-15.771159154053008,4833.1398076287915,0.0
-598.0,False,False,False,0.0,0.0,0.0,0.0,0.0,0.0,0.0,0.0,,0.0,0.0,0.0,0.0,0.0,,,0.0,0.0,0.0,0.0,0.0,0.0,0.0,0.0,-9.587606216541339,3844.465616633718,0.0,-15.689593288104405,4819.544188993618,0.0
-596.0,False,False,False,0.0,0.0,0.0,0.0,0.0,0.0,0.0,0.0,,0.0,0.0,0.0,0.0,0.0,,,0.0,0.0,0.0,0.0,0.0,0.0,0.0,0.0,-9.495537882247325,3830.536411278565,0.0,-15.607925260710052,4805.9431293312955,0.0
-594.0,False,False,False,0.0,0.0,0.0,0.0,0.0,0.0,0.0,0.0,,0.0,0.0,0.0,0.0,0.0,,,0.0,0.0,0.0,0.0,0.0,0.0,0.0,0.0,-9.403261085758894,3816.6034574079663,0.0,-15.52615416089519,4792.336649451596,0.0
-592.0,False,False,False,0.0,0.0,0.0,0.0,0.0,0.0,0.0,0.0,,0.0,0.0,0.0,0.0,0.0,,,0.0,0.0,0.0,0.0,0.0,0.0,0.0,0.0,-9.31077347916407,3802.6667826774483,0.0,-15.444279066886075,4778.724770219253,0.0
-590.0,False,False,False,0.0,0.0,0.0,0.0,0.0,0.0,0.0,0.0,,0.0,0.0,0.0,0.0,0.0,,,0.0,0.0,0.0,0.0,0.0,0.0,0.0,0.0,-9.218072679396277,3788.726414904953,0.0,-15.362299045949994,4765.107512554655,0.0
-588.0,False,False,False,0.0,0.0,0.0,0.0,0.0,0.0,0.0,0.0,,0.0,0.0,0.0,0.0,0.0,,,0.0,0.0,0.0,0.0,0.0,0.0,0.0,0.0,-9.125156267577747,3774.7823820737685,0.0,-15.280213154232415,4751.4848974345505,0.0
-586.0,False,False,False,0.0,0.0,0.0,0.0,0.0,0.0,0.0,0.0,,0.0,0.0,0.0,0.0,0.0,,,0.0,0.0,0.0,0.0,0.0,0.0,0.0,0.0,-9.032021788348258,3760.8347123355243,0.0,-15.19802043659121,4737.856945892753,0.0
-584.0,False,False,False,0.0,0.0,0.0,0.0,0.0,0.0,0.0,0.0,,0.0,0.0,0.0,0.0,0.0,,,0.0,0.0,0.0,0.0,0.0,0.0,0.0,0.0,-8.938666749178868,3746.8834340132644,0.0,-15.115719926428032,4724.223679020887,0.0
-582.0,False,False,False,0.0,0.0,0.0,0.0,0.0,0.0,0.0,0.0,,0.0,0.0,0.0,0.0,0.0,,,0.0,0.0,0.0,0.0,0.0,0.0,0.0,0.0,-8.845088619670149,3732.9285756045765,0.0,-15.033310645516504,4710.585117969116,0.0
-580.0,False,False,False,0.0,0.0,0.0,0.0,0.0,0.0,0.0,0.0,,0.0,0.0,0.0,0.0,0.0,,,0.0,0.0,0.0,0.0,0.0,0.0,0.0,0.0,-8.751284830834493,3718.9701657848086,0.0,-14.950791603827428,4696.94128394691,0.0
-578.0,False,False,False,0.0,0.0,0.0,0.0,0.0,0.0,0.0,0.0,,0.0,0.0,0.0,0.0,0.0,,,0.0,0.0,0.0,0.0,0.0,0.0,0.0,0.0,-8.657252774362378,3705.008233410347,0.0,-14.868161799350883,4683.292198223808,0.0
-576.0,False,False,False,0.0,0.0,0.0,0.0,0.0,0.0,0.0,0.0,,0.0,0.0,0.0,0.0,0.0,,,0.0,0.0,0.0,0.0,0.0,0.0,0.0,0.0,-8.562989801871606,3691.042807521978,0.0,-14.785420217914918,4669.63788213021,0.0
-574.0,False,False,False,0.0,0.0,0.0,0.0,0.0,0.0,0.0,0.0,,0.0,0.0,0.0,0.0,0.0,,,0.0,0.0,0.0,0.0,0.0,0.0,0.0,0.0,-8.46849322413966,3677.073917348325,0.0,-14.702565833001193,4655.978357058172,0.0
-572.0,False,False,False,0.0,0.0,0.0,0.0,0.0,0.0,0.0,0.0,,0.0,0.0,0.0,0.0,0.0,,,0.0,0.0,0.0,0.0,0.0,0.0,0.0,0.0,-8.373760310318367,3663.101592309366,0.0,-14.61959760555712,4642.313644462229,0.0
-570.0,False,False,False,0.0,0.0,0.0,0.0,0.0,0.0,0.0,0.0,,0.0,0.0,0.0,0.0,0.0,,,0.0,0.0,0.0,0.0,0.0,0.0,0.0,0.0,-8.278788287130443,3649.1258620200324,0.0,-14.536514483804586,4628.643765860211,0.0
-568.0,False,False,False,0.0,0.0,0.0,0.0,0.0,0.0,0.0,0.0,,0.0,0.0,0.0,0.0,0.0,,,0.0,0.0,0.0,0.0,0.0,0.0,0.0,0.0,-8.183574338047562,3635.146756293895,0.0,-14.453315403045254,4614.968742834103,0.0
-566.0,False,False,False,0.0,0.0,0.0,0.0,0.0,0.0,0.0,0.0,,0.0,0.0,0.0,0.0,0.0,,,0.0,0.0,0.0,0.0,0.0,0.0,0.0,0.0,-8.088115602449356,3621.164305146935,0.0,-14.369999285462221,4601.2885970309,0.0
-564.0,False,False,False,0.0,0.0,0.0,0.0,0.0,0.0,0.0,0.0,,0.0,0.0,0.0,0.0,0.0,,,0.0,0.0,0.0,0.0,0.0,0.0,0.0,0.0,-7.992409174762797,3607.178538801406,0.0,-14.286565039918049,4587.603350163487,0.0
-562.0,False,False,False,0.0,0.0,0.0,0.0,0.0,0.0,0.0,0.0,,0.0,0.0,0.0,0.0,0.0,,,0.0,0.0,0.0,0.0,0.0,0.0,0.0,0.0,-7.896452103581584,3593.1894876897827,0.0,-14.203011561749086,4573.913024011536,0.0
-560.0,False,False,False,0.0,0.0,0.0,0.0,0.0,0.0,0.0,0.0,,0.0,0.0,0.0,0.0,0.0,,,0.0,0.0,0.0,0.0,0.0,0.0,0.0,0.0,-7.800241390764734,3579.197182458811,0.0,-14.119337732555914,4560.217640422414,0.0
-558.0,False,False,False,0.0,0.0,0.0,0.0,0.0,0.0,0.0,0.0,,0.0,0.0,0.0,0.0,0.0,,,0.0,0.0,0.0,0.0,0.0,0.0,0.0,0.0,-7.7037739905141995,3565.2016539736505,0.0,-14.035542419990042,4546.517221312113,0.0
-556.0,False,False,False,0.0,0.0,0.0,0.0,0.0,0.0,0.0,0.0,,0.0,0.0,0.0,0.0,0.0,,,0.0,0.0,0.0,0.0,0.0,0.0,0.0,0.0,-7.607046808430443,3551.2029333221176,0.0,-13.95162447753643,4532.811788666201,0.0
-554.0,False,False,False,0.0,0.0,0.0,0.0,0.0,0.0,0.0,0.0,,0.0,0.0,0.0,0.0,0.0,,,0.0,0.0,0.0,0.0,0.0,0.0,0.0,0.0,-7.510056700545887,3537.20105181903,0.0,-13.867582744292188,4519.1013645407875,0.0
-552.0,False,False,False,0.0,0.0,0.0,0.0,0.0,0.0,0.0,0.0,,0.0,0.0,0.0,0.0,0.0,,,0.0,0.0,0.0,0.0,0.0,0.0,0.0,0.0,-7.412800472335127,3523.1960410106576,0.0,-13.783416044740877,4505.385971063501,0.0
-550.0,False,False,False,0.0,0.0,0.0,0.0,0.0,0.0,0.0,0.0,,0.0,0.0,0.0,0.0,0.0,,,0.0,0.0,0.0,0.0,0.0,0.0,0.0,0.0,-7.315274877701696,3509.1879326792828,0.0,-13.699123188522758,4491.6656304345015,0.0
-548.0,False,False,False,0.0,0.0,0.0,0.0,0.0,0.0,0.0,0.0,,0.0,0.0,0.0,0.0,0.0,,,0.0,0.0,0.0,0.0,0.0,0.0,0.0,0.0,-7.217476617940494,3495.176758847868,0.0,-13.614702970200677,4477.940364927496,0.0
-546.0,False,False,False,0.0,0.0,0.0,0.0,0.0,0.0,0.0,0.0,,0.0,0.0,0.0,0.0,0.0,,,0.0,0.0,0.0,0.0,0.0,0.0,0.0,0.0,-7.119402340675156,3481.1625517848406,0.0,-13.530154169021401,4464.2101968907855,0.0
-544.0,False,False,False,0.0,0.0,0.0,0.0,0.0,0.0,0.0,0.0,,0.0,0.0,0.0,0.0,0.0,,,0.0,0.0,0.0,0.0,0.0,0.0,0.0,0.0,-7.02104863876988,3467.1453440089945,0.0,-13.445475548672583,4450.475148748324,0.0
-542.0,False,False,False,0.0,0.0,0.0,0.0,0.0,0.0,0.0,0.0,,0.0,0.0,0.0,0.0,0.0,,,0.0,0.0,0.0,0.0,0.0,0.0,0.0,0.0,-6.922412049214868,3453.125168294514,0.0,-13.360665857035043,4436.735243000803,0.0
-540.0,False,False,False,0.0,0.0,0.0,0.0,0.0,0.0,0.0,0.0,,0.0,0.0,0.0,0.0,0.0,,,0.0,0.0,0.0,0.0,0.0,0.0,0.0,0.0,-6.823489051984498,3439.1020576761175,0.0,-13.275723825930266,4422.990502226761,0.0
-538.0,False,False,False,0.0,0.0,0.0,0.0,0.0,0.0,0.0,0.0,,0.0,0.0,0.0,0.0,0.0,,,0.0,0.0,0.0,0.0,0.0,0.0,0.0,0.0,-6.724276068867813,3425.0760454543356,0.0,-13.190648170863176,4409.2409490837035,0.0
-536.0,False,False,False,0.0,0.0,0.0,0.0,0.0,0.0,0.0,0.0,,0.0,0.0,0.0,0.0,0.0,,,0.0,0.0,0.0,0.0,0.0,0.0,0.0,0.0,-6.62476946227013,3411.047165200915,0.0,-13.105437590759868,4395.486606309254,0.0
-534.0,False,False,False,0.0,0.0,0.0,0.0,0.0,0.0,0.0,0.0,,0.0,0.0,0.0,0.0,0.0,,,0.0,0.0,0.0,0.0,0.0,0.0,0.0,0.0,-6.524965533985314,3397.0154507643647,0.0,-13.020090767700381,4381.727496722328,0.0
-532.0,False,False,False,0.0,0.0,0.0,0.0,0.0,0.0,0.0,0.0,,0.0,0.0,0.0,0.0,0.0,,,0.0,0.0,0.0,0.0,0.0,0.0,0.0,0.0,-6.424860523937562,3382.9809362756323,0.0,-12.934606366646218,4367.963643224325,0.0
-530.0,False,False,False,0.0,0.0,0.0,0.0,0.0,0.0,0.0,0.0,,0.0,0.0,0.0,0.0,0.0,,,0.0,0.0,0.0,0.0,0.0,0.0,0.0,0.0,-6.324450608892039,3368.9436561539296,0.0,-12.848983035162629,4354.195068800344,0.0
-528.0,False,False,False,0.0,0.0,0.0,0.0,0.0,0.0,0.0,0.0,,0.0,0.0,0.0,0.0,0.0,,,0.0,0.0,0.0,0.0,0.0,0.0,0.0,0.0,-6.223731901133448,3354.9036451127085,0.0,-12.76321940313553,4340.421796520435,0.0
-526.0,False,False,False,0.0,0.0,0.0,0.0,0.0,0.0,0.0,0.0,,0.0,0.0,0.0,0.0,0.0,,,0.0,0.0,0.0,0.0,0.0,0.0,0.0,0.0,-6.122700447111462,3340.8609381657825,0.0,-12.67731408248285,4326.643849540856,0.0
-524.0,False,False,False,0.0,0.0,0.0,0.0,0.0,0.0,0.0,0.0,,0.0,0.0,0.0,0.0,0.0,,,0.0,0.0,0.0,0.0,0.0,0.0,0.0,0.0,-6.02135222605216,3326.8155706336065,0.0,-12.591265666860211,4312.861251105371,0.0
-522.0,False,False,False,0.0,0.0,0.0,0.0,0.0,0.0,0.0,0.0,,0.0,0.0,0.0,0.0,0.0,,,0.0,0.0,0.0,0.0,0.0,0.0,0.0,0.0,-5.919683148534566,3312.7675781497214,0.0,-12.505072731360928,4299.074024546571,0.0
-520.0,False,False,False,0.0,0.0,0.0,0.0,0.0,0.0,0.0,0.0,,0.0,0.0,0.0,0.0,0.0,,,0.0,0.0,0.0,0.0,0.0,0.0,0.0,0.0,-5.817689055031029,3298.7169966673614,0.0,-12.418733832209988,4285.282193287216,0.0
-518.0,False,False,False,0.0,0.0,0.0,0.0,0.0,0.0,0.0,0.0,,0.0,0.0,0.0,0.0,0.0,,,0.0,0.0,0.0,0.0,0.0,0.0,0.0,0.0,-5.71536571441059,3284.6638624662287,0.0,-12.332247506452028,4271.485780841604,0.0
-516.0,False,False,False,0.0,0.0,0.0,0.0,0.0,0.0,0.0,0.0,,0.0,0.0,0.0,0.0,0.0,,,0.0,0.0,0.0,0.0,0.0,0.0,0.0,0.0,-5.612708822404319,3270.6082121594573,0.0,-12.245612271633266,4257.684810816983,0.0
-514.0,False,False,False,0.0,0.0,0.0,0.0,0.0,0.0,0.0,0.0,,0.0,0.0,0.0,0.0,0.0,,,0.0,0.0,0.0,0.0,0.0,0.0,0.0,0.0,-5.509714000030937,3256.5500827007377,0.0,-12.158826625476765,4243.879306914968,0.0
-512.0,False,False,False,0.0,0.0,0.0,0.0,0.0,0.0,0.0,0.0,,0.0,0.0,0.0,0.0,0.0,,,0.0,0.0,0.0,0.0,0.0,0.0,0.0,0.0,-5.406376791982506,3242.489511391649,0.0,-12.071889045551648,4230.069292933006,0.0
-510.0,False,False,False,0.0,0.0,0.0,0.0,0.0,0.0,0.0,0.0,,0.0,0.0,0.0,0.0,0.0,,,0.0,0.0,0.0,0.0,0.0,0.0,0.0,0.0,-5.302692664967995,3228.4265358891685,0.0,-11.984797988935355,4216.254792765861,0.0
-508.0,False,False,False,0.0,0.0,0.0,0.0,0.0,0.0,0.0,0.0,,0.0,0.0,0.0,0.0,0.0,,,0.0,0.0,0.0,0.0,0.0,0.0,0.0,0.0,-5.198657006014175,3214.3611942133866,0.0,-11.897551891869321,4202.4358304071275,0.0
-506.0,False,False,False,0.0,0.0,0.0,0.0,0.0,0.0,0.0,0.0,,0.0,0.0,0.0,0.0,0.0,,,0.0,0.0,0.0,0.0,0.0,0.0,0.0,0.0,-5.09426512072218,3200.2935247554265,0.0,-11.810149169407616,4188.612429950795,0.0
-504.0,False,False,False,0.0,0.0,0.0,0.0,0.0,0.0,0.0,0.0,,0.0,0.0,0.0,0.0,0.0,,,0.0,0.0,0.0,0.0,0.0,0.0,0.0,0.0,-4.989512231478566,3186.223566285571,0.0,-11.722588215058552,4174.784615592815,0.0
-502.0,False,False,False,0.0,0.0,0.0,0.0,0.0,0.0,0.0,0.0,,0.0,0.0,0.0,0.0,0.0,,,0.0,0.0,0.0,0.0,0.0,0.0,0.0,0.0,-4.884393475619379,3172.151357961611,0.0,-11.634867400418972,4160.95241163272,0.0
-500.0,False,False,False,0.0,0.0,0.0,0.0,0.0,0.0,0.0,0.0,,0.0,0.0,0.0,0.0,0.0,,,0.0,0.0,0.0,0.0,0.0,0.0,0.0,0.0,-4.778903903545924,3158.0769393374107,0.0,-11.546985074801157,4147.115842475276,0.0
-498.0,False,False,False,0.0,0.0,0.0,0.0,0.0,0.0,0.0,0.0,,0.0,0.0,0.0,0.0,0.0,,,0.0,0.0,0.0,0.0,0.0,0.0,0.0,0.0,-4.673038476790641,3144.0003503717126,0.0,-11.458939564852054,4133.274932632156,0.0
-496.0,False,False,False,0.0,0.0,0.0,0.0,0.0,0.0,0.0,0.0,,0.0,0.0,0.0,0.0,0.0,,,0.0,0.0,0.0,0.0,0.0,0.0,0.0,0.0,-4.566792066031679,3129.9216314371724,0.0,-11.370729174164834,4119.4297067236685,0.0
-494.0,False,False,False,0.0,0.0,0.0,0.0,0.0,0.0,0.0,0.0,,0.0,0.0,0.0,0.0,0.0,,,0.0,0.0,0.0,0.0,0.0,0.0,0.0,0.0,-4.460159449054378,3115.8408233296486,0.0,-11.28235218288229,4105.580189480497,0.0
-492.0,False,False,False,0.0,0.0,0.0,0.0,0.0,0.0,0.0,0.0,,0.0,0.0,0.0,0.0,0.0,,,0.0,0.0,0.0,0.0,0.0,0.0,0.0,0.0,-4.35313530865831,3101.7579672777388,0.0,-11.193806847292239,4091.726405745507,0.0
-490.0,False,False,False,0.0,0.0,0.0,0.0,0.0,0.0,0.0,0.0,,0.0,0.0,0.0,0.0,0.0,,,0.0,0.0,0.0,0.0,0.0,0.0,0.0,0.0,-4.245714230507936,3087.673104952571,0.0,-11.105091399414446,4077.8683804755547,0.0
-488.0,False,False,False,0.0,0.0,0.0,0.0,0.0,0.0,0.0,0.0,,0.0,0.0,0.0,0.0,0.0,,,0.0,0.0,0.0,0.0,0.0,0.0,0.0,0.0,-4.137890700925257,3073.5862784778883,0.0,-11.016204046579048,4064.006138743375,0.0
-486.0,False,False,False,0.0,0.0,0.0,0.0,0.0,0.0,0.0,0.0,,0.0,0.0,0.0,0.0,0.0,,,0.0,0.0,0.0,0.0,0.0,0.0,0.0,0.0,-4.029659104622628,3059.49753044038,0.0,-10.927142970996197,4050.1397057394693,0.0
-484.0,False,False,False,0.0,0.0,0.0,0.0,0.0,0.0,0.0,0.0,,0.0,0.0,0.0,0.0,0.0,,,0.0,0.0,0.0,0.0,0.0,0.0,0.0,0.0,-3.9210137223737336,3045.4069039003284,0.0,-10.837906329316644,4036.2691067740657,0.0
-482.0,False,False,False,0.0,0.0,0.0,0.0,0.0,0.0,0.0,0.0,,0.0,0.0,0.0,0.0,0.0,,,0.0,0.0,0.0,0.0,0.0,0.0,0.0,0.0,-3.8119487286209663,3031.314442402532,0.0,-10.748492252183214,4022.3943672790992,0.0
-480.0,False,False,False,0.0,0.0,0.0,0.0,0.0,0.0,0.0,0.0,,0.0,0.0,0.0,0.0,0.0,,,0.0,0.0,0.0,0.0,0.0,0.0,0.0,0.0,-3.70245818901707,3017.2201899875463,0.0,-10.658898843772816,4008.5155128102456,0.0
-478.0,False,False,False,0.0,0.0,0.0,0.0,0.0,0.0,0.0,0.0,,0.0,0.0,0.0,0.0,0.0,,,0.0,0.0,0.0,0.0,0.0,0.0,0.0,0.0,-3.592536057898994,3003.124191203238,0.0,-10.56912418132881,3994.6325690490007,0.0
-476.0,False,False,False,0.0,0.0,0.0,0.0,0.0,0.0,0.0,0.0,,0.0,0.0,0.0,0.0,0.0,,,0.0,0.0,0.0,0.0,0.0,0.0,0.0,0.0,-3.482176175691663,2989.026491116659,0.0,-10.479166314683384,3980.745561804791,0.0
-474.0,False,False,False,0.0,0.0,0.0,0.0,0.0,0.0,0.0,0.0,,0.0,0.0,0.0,0.0,0.0,,,0.0,0.0,0.0,0.0,0.0,0.0,0.0,0.0,-3.3713722662397463,2974.9271353262734,0.0,-10.389023265769982,3966.8545170171496,0.0
-472.0,False,False,False,0.0,0.0,0.0,0.0,0.0,0.0,0.0,0.0,,0.0,0.0,0.0,0.0,0.0,,,0.0,0.0,0.0,0.0,0.0,0.0,0.0,0.0,-3.2601179340646773,2960.826169974512,0.0,-10.298693028125138,3952.95946075792,0.0
-470.0,False,False,False,0.0,0.0,0.0,0.0,0.0,0.0,0.0,0.0,,0.0,0.0,0.0,0.0,0.0,,,0.0,0.0,0.0,0.0,0.0,0.0,0.0,0.0,-3.1484066615448403,2946.7236417607037,0.0,-10.208173566379793,3939.060419233524,0.0
-468.0,False,False,False,0.0,0.0,0.0,0.0,0.0,0.0,0.0,0.0,,0.0,0.0,0.0,0.0,0.0,,,0.0,0.0,0.0,0.0,0.0,0.0,0.0,0.0,-3.0362318060162456,2932.619597954369,0.0,-10.117462815739644,3925.1574187872657,0.0
-466.0,False,False,False,0.0,0.0,0.0,0.0,0.0,0.0,0.0,0.0,,0.0,0.0,0.0,0.0,0.0,,,0.0,0.0,0.0,0.0,0.0,0.0,0.0,0.0,-2.923586596791169,2918.514086408902,0.0,-10.02655868145431,3911.2504859016967,0.0
-464.0,False,False,False,0.0,0.0,0.0,0.0,0.0,0.0,0.0,0.0,,0.0,0.0,0.0,0.0,0.0,,,0.0,0.0,0.0,0.0,0.0,0.0,0.0,0.0,-2.810464132092129,2904.407155575647,0.0,-9.935459038275104,3897.339647201028,0.0
-462.0,False,False,False,0.0,0.0,0.0,0.0,0.0,0.0,0.0,0.0,,0.0,0.0,0.0,0.0,0.0,,,0.0,0.0,0.0,0.0,0.0,0.0,0.0,0.0,-2.6968573758981367,2890.2988545183857,0.0,-9.844161729900874,3883.4249294535957,0.0
-460.0,False,False,False,0.0,0.0,0.0,0.0,0.0,0.0,0.0,0.0,,0.0,0.0,0.0,0.0,0.0,,,0.0,0.0,0.0,0.0,0.0,0.0,0.0,0.0,-2.582759154700791,2876.1892329282523,0.0,-9.752664568412035,3869.506359574381,0.0
-458.0,False,False,False,0.0,0.0,0.0,0.0,0.0,0.0,0.0,0.0,,0.0,0.0,0.0,0.0,0.0,,,0.0,0.0,0.0,0.0,0.0,0.0,0.0,0.0,-2.4681621541668184,2862.078341139081,0.0,-9.66096533369209,3855.58396462759,0.0
-456.0,False,False,False,0.0,0.0,0.0,0.0,0.0,0.0,0.0,0.0,,0.0,0.0,0.0,0.0,0.0,,,0.0,0.0,0.0,0.0,0.0,0.0,0.0,0.0,-2.353058915703926,2847.9662301432118,0.0,-9.5690617728364,3841.657771829284,0.0
-454.0,False,False,False,0.0,0.0,0.0,0.0,0.0,0.0,0.0,0.0,,0.0,0.0,0.0,0.0,0.0,,,0.0,0.0,0.0,0.0,0.0,0.0,0.0,0.0,-2.237441832927262,2833.8529516077647,0.0,-9.476951599548242,3827.727808550077,0.0
-452.0,False,False,False,0.0,0.0,0.0,0.0,0.0,0.0,0.0,0.0,,0.0,0.0,0.0,0.0,0.0,,,0.0,0.0,0.0,0.0,0.0,0.0,0.0,0.0,-2.1213031480224256,2819.738557891397,0.0,-9.384632493521265,3813.794102317886,0.0
-450.0,False,False,False,0.0,0.0,0.0,0.0,0.0,0.0,0.0,0.0,,0.0,0.0,0.0,0.0,0.0,,,0.0,0.0,0.0,0.0,0.0,0.0,0.0,0.0,-2.0046349480020393,2805.623102061565,0.0,-9.292102099808423,3799.856680820749,0.0
-448.0,False,False,False,0.0,0.0,0.0,0.0,0.0,0.0,0.0,0.0,,0.0,0.0,0.0,0.0,0.0,,,0.0,0.0,0.0,0.0,0.0,0.0,0.0,0.0,-1.8874291608520453,2791.5066379123077,0.0,-9.19935802817684,3785.9155719097025,0.0
-446.0,False,False,False,0.0,0.0,0.0,0.0,0.0,0.0,0.0,0.0,,0.0,0.0,0.0,0.0,0.0,,,0.0,0.0,0.0,0.0,0.0,0.0,0.0,0.0,-1.7696775515641225,2777.3892199825586,0.0,-9.106397852448346,3771.97080360173,0.0
-444.0,False,False,False,0.0,0.0,0.0,0.0,0.0,0.0,0.0,0.0,,0.0,0.0,0.0,0.0,0.0,,,0.0,0.0,0.0,0.0,0.0,0.0,0.0,0.0,-1.6513717180501517,2763.270903575028,0.0,-9.0132191098252,3758.02240408277,0.0
-442.0,False,False,False,0.0,0.0,0.0,0.0,0.0,0.0,0.0,0.0,,0.0,0.0,0.0,0.0,0.0,,,0.0,0.0,0.0,0.0,0.0,0.0,0.0,0.0,-1.5325030869347518,2749.15174477565,0.0,-8.919819300200658,3744.0704017107983,0.0
-440.0,False,False,False,0.0,0.0,0.0,0.0,0.0,0.0,0.0,0.0,,0.0,0.0,0.0,0.0,0.0,,,0.0,0.0,0.0,0.0,0.0,0.0,0.0,0.0,-1.413062909221933,2735.0318004736314,0.0,-8.826195885454176,3730.1148250189794,0.0
-438.0,False,False,False,0.0,0.0,0.0,0.0,0.0,0.0,0.0,0.0,,0.0,0.0,0.0,0.0,0.0,,,0.0,0.0,0.0,0.0,0.0,0.0,0.0,0.0,-1.2930422558308061,2720.91112838212,0.0,-8.732346288730339,3716.155702718893,0.0
-436.0,False,False,False,0.0,0.0,0.0,0.0,0.0,0.0,0.0,0.0,,0.0,0.0,0.0,0.0,0.0,,,0.0,0.0,0.0,0.0,0.0,0.0,0.0,0.0,-1.1724320129969044,2706.7897870595057,0.0,-8.638267893701896,3702.193063703826,0.0
-434.0,False,False,False,0.0,0.0,0.0,0.0,0.0,0.0,0.0,0.0,,0.0,0.0,0.0,0.0,0.0,,,0.0,0.0,0.0,0.0,0.0,0.0,0.0,0.0,-1.0512228775331642,2692.6678359313955,0.0,-8.543958043815552,3688.2269370521553,0.0
-432.0,False,False,False,0.0,0.0,0.0,0.0,0.0,0.0,0.0,0.0,,0.0,0.0,0.0,0.0,0.0,,,0.0,0.0,0.0,0.0,0.0,0.0,0.0,0.0,-0.9294053519465119,2678.545335313266,0.0,-8.44941404152073,3674.2573520307965,0.0
-430.0,False,False,False,0.0,0.0,0.0,0.0,0.0,0.0,0.0,0.0,,0.0,0.0,0.0,0.0,0.0,,,0.0,0.0,0.0,0.0,0.0,0.0,0.0,0.0,-0.8069697394048703,2664.42234643383,0.0,-8.354633147480738,3660.284338098735,0.0
-428.0,False,False,False,0.0,0.0,0.0,0.0,0.0,0.0,0.0,0.0,,0.0,0.0,0.0,0.0,0.0,,,0.0,0.0,0.0,0.0,0.0,0.0,0.0,0.0,-0.683906138548912,2650.298931459147,0.0,-8.259612579765626,3646.3079249106527,0.0
-426.0,False,False,False,0.0,0.0,0.0,0.0,0.0,0.0,0.0,0.0,,0.0,0.0,0.0,0.0,0.0,,,0.0,0.0,0.0,0.0,0.0,0.0,0.0,0.0,-0.5602044381431525,2636.175153517488,0.0,-8.164349513026323,3632.3281423206186,0.0
-424.0,False,False,False,0.0,0.0,0.0,0.0,0.0,0.0,0.0,0.0,,0.0,0.0,0.0,0.0,0.0,,,0.0,0.0,0.0,0.0,0.0,0.0,0.0,0.0,-0.4358543115610328,2622.0510767250025,0.0,-8.068841077649823,3618.3450203858847,0.0
-422.0,False,False,False,0.0,0.0,0.0,0.0,0.0,0.0,0.0,0.0,,0.0,0.0,0.0,0.0,0.0,,,0.0,0.0,0.0,0.0,0.0,0.0,0.0,0.0,-0.31084521109762775,2607.9267662122033,0.0,-7.973084358894608,3604.3585893707636,0.0
-420.0,False,False,False,0.0,0.0,0.0,0.0,0.0,0.0,0.0,0.0,,0.0,0.0,0.0,0.0,0.0,,,0.0,0.0,0.0,0.0,0.0,0.0,0.0,0.0,-0.18516636210375728,2593.802288151306,0.0,-7.877076396005795,3590.3688797506015,0.0
-418.0,False,False,False,0.0,0.0,0.0,0.0,0.0,0.0,0.0,0.0,,0.0,0.0,0.0,0.0,0.0,,,0.0,0.0,0.0,0.0,0.0,0.0,0.0,0.0,-0.05880675693529462,2579.6777097844492,0.0,-7.78081418130961,3576.375922215838,0.0
-416.0,False,False,False,0.0,0.0,0.0,0.0,0.0,0.0,0.0,0.0,,0.0,0.0,0.0,0.0,0.0,,,0.0,0.0,0.0,0.0,0.0,0.0,0.0,0.0,0.06824485128912706,2565.5530994528394,0.0,-7.684294659286578,3562.379747676176,0.0
-414.0,False,False,False,0.0,0.0,0.0,0.0,0.0,0.0,0.0,0.0,,0.0,0.0,0.0,0.0,0.0,,,0.0,0.0,0.0,0.0,0.0,0.0,0.0,0.0,0.19599995512920232,2551.4285266268407,0.0,-7.587514725622722,3548.3803872648427,0.0
-412.0,False,False,False,0.0,0.0,0.0,0.0,0.0,0.0,0.0,0.0,,0.0,0.0,0.0,0.0,0.0,,,0.0,0.0,0.0,0.0,0.0,0.0,0.0,0.0,0.3244702994699026,2537.3040619370604,0.0,-7.4904712262382995,3534.3778723429564,0.0
-410.0,False,False,False,0.0,0.0,0.0,0.0,0.0,0.0,0.0,0.0,,0.0,0.0,0.0,0.0,0.0,,,0.0,0.0,0.0,0.0,0.0,0.0,0.0,0.0,0.4536678883819241,2523.179777206454,0.0,-7.393160956293458,3520.3722345039964,0.0
-408.0,False,False,False,0.0,0.0,0.0,0.0,0.0,0.0,0.0,0.0,,0.0,0.0,0.0,0.0,0.0,,,0.0,0.0,0.0,0.0,0.0,0.0,0.0,0.0,0.5836049922036038,2509.0557454835025,0.0,-7.295580659170061,3506.363505578387,0.0
-406.0,False,False,False,0.0,0.0,0.0,0.0,0.0,0.0,0.0,0.0,,0.0,0.0,0.0,0.0,0.0,,,0.0,0.0,0.0,0.0,0.0,0.0,0.0,0.0,0.7142941548525918,2494.9320410764863,0.0,-7.19772702542908,3492.3517176381865,0.0
-404.0,False,False,False,0.0,0.0,0.0,0.0,0.0,0.0,0.0,0.0,,0.0,0.0,0.0,0.0,0.0,,,0.0,0.0,0.0,0.0,0.0,0.0,0.0,0.0,0.8457482013754544,2480.808739588922,0.0,-7.099596691743048,3478.3369030019,0.0
-402.0,False,False,False,0.0,0.0,0.0,0.0,0.0,0.0,0.0,0.0,,0.0,0.0,0.0,0.0,0.0,,,0.0,0.0,0.0,0.0,0.0,0.0,0.0,0.0,0.9779802457448807,2466.6859179561807,0.0,-7.001186239802436,3464.3190942394012,0.0
-400.0,False,False,False,0.0,0.0,0.0,0.0,0.0,0.0,0.0,0.0,,0.0,0.0,0.0,0.0,0.0,,,0.0,0.0,0.0,0.0,0.0,0.0,0.0,0.0,1.1110036989130552,2452.56365448335,0.0,-6.9024921951957126,3450.2983241769775,0.0
-398.0,False,False,False,0.0,0.0,0.0,0.0,0.0,0.0,0.0,0.0,,0.0,0.0,0.0,0.0,0.0,,,0.0,0.0,0.0,0.0,0.0,0.0,0.0,0.0,1.2448322771312772,2438.442028884389,0.0,-6.803511026262097,3436.2746259025075,0.0
-396.0,False,False,False,0.0,0.0,0.0,0.0,0.0,0.0,0.0,0.0,,0.0,0.0,0.0,0.0,0.0,,,0.0,0.0,0.0,0.0,0.0,0.0,0.0,0.0,1.3794800105460563,2424.321122322621,0.0,-6.704239142916152,3422.248032770761,0.0
-394.0,False,False,False,0.0,0.0,0.0,0.0,0.0,0.0,0.0,0.0,,0.0,0.0,0.0,0.0,0.0,,,0.0,0.0,0.0,0.0,0.0,0.0,0.0,0.0,1.514961252081943,2410.2010174526163,0.0,-6.604672895443612,3408.2185784088306,0.0
-392.0,False,False,False,0.0,0.0,0.0,0.0,0.0,0.0,0.0,0.0,,0.0,0.0,0.0,0.0,0.0,,,0.0,0.0,0.0,0.0,0.0,0.0,0.0,0.0,1.651290686622225,2396.0817984635255,0.0,-6.504808573267559,3394.1862967217016,0.0
-390.0,False,False,False,0.0,0.0,0.0,0.0,0.0,0.0,0.0,0.0,,0.0,0.0,0.0,0.0,0.0,,,0.0,0.0,0.0,0.0,0.0,0.0,0.0,0.0,1.7884833404990688,2381.9635511239208,0.0,-6.404642403684037,3380.1512218979624,0.0
-388.0,False,False,False,0.0,0.0,0.0,0.0,0.0,0.0,0.0,0.0,,0.0,0.0,0.0,0.0,0.0,,,0.0,0.0,0.0,0.0,0.0,0.0,0.0,0.0,1.926554591304901,2367.846362828203,0.0,-6.304170550566291,3366.1133884156607,0.0
-386.0,False,False,False,0.0,0.0,0.0,0.0,0.0,0.0,0.0,0.0,,0.0,0.0,0.0,0.0,0.0,,,0.0,0.0,0.0,0.0,0.0,0.0,0.0,0.0,2.0655201780377443,2353.7303226446356,0.0,-6.203389113036657,3352.0728310483023,0.0
-384.0,False,False,False,0.0,0.0,0.0,0.0,0.0,0.0,0.0,0.0,,0.0,0.0,0.0,0.0,0.0,,,0.0,0.0,0.0,0.0,0.0,0.0,0.0,0.0,2.205396211593312,2339.615521365082,0.0,-6.102294124105278,3338.0295848710093,0.0
-382.0,False,False,False,0.0,0.0,0.0,0.0,0.0,0.0,0.0,0.0,,0.0,0.0,0.0,0.0,0.0,,,0.0,0.0,0.0,0.0,0.0,0.0,0.0,0.0,2.3461991856175675,2325.5020515565025,0.0,-6.000881549274635,3323.9836852668323,0.0
-380.0,False,False,False,0.0,0.0,0.0,0.0,0.0,0.0,0.0,0.0,,0.0,0.0,0.0,0.0,0.0,,,0.0,0.0,0.0,0.0,0.0,0.0,0.0,0.0,2.487945987734147,2311.3900076142945,0.0,-5.899147285108746,3309.9351679332253,0.0
-378.0,False,False,False,0.0,0.0,0.0,0.0,0.0,0.0,0.0,0.0,,0.0,0.0,0.0,0.0,0.0,,,0.0,0.0,0.0,0.0,0.0,0.0,0.0,0.0,2.6306539111610316,2297.2794858175425,0.0,-5.7970871577663425,3295.8840688886876,0.0
-376.0,False,False,False,0.0,0.0,0.0,0.0,0.0,0.0,0.0,0.0,,0.0,0.0,0.0,0.0,0.0,,,0.0,0.0,0.0,0.0,0.0,0.0,0.0,0.0,2.7743406667325683,2283.170584386267,0.0,-5.694696921496511,3281.830424479577,0.0
-374.0,False,False,False,0.0,0.0,0.0,0.0,0.0,0.0,0.0,0.0,,0.0,0.0,0.0,0.0,0.0,,,0.0,0.0,0.0,0.0,0.0,0.0,0.0,0.0,2.9190243953424333,2269.0634035407456,0.0,-5.591972257096124,3267.7742713871025,0.0
-372.0,False,False,False,0.0,0.0,0.0,0.0,0.0,0.0,0.0,0.0,,0.0,0.0,0.0,0.0,0.0,,,0.0,0.0,0.0,0.0,0.0,0.0,0.0,0.0,3.0647236808248275,2254.958045563002,0.0,-5.488908770327652,3253.715646634496,0.0
-370.0,False,False,False,0.0,0.0,0.0,0.0,0.0,0.0,0.0,0.0,,0.0,0.0,0.0,0.0,0.0,,,0.0,0.0,0.0,0.0,0.0,0.0,0.0,0.0,3.2114575632913955,2240.8546148605474,0.0,-5.38550199029629,3239.654587594372,0.0
-368.0,False,False,False,0.0,0.0,0.0,0.0,0.0,0.0,0.0,0.0,,0.0,0.0,0.0,0.0,0.0,,,0.0,0.0,0.0,0.0,0.0,0.0,0.0,0.0,3.3592455529424274,2226.7532180324733,0.0,-5.2817473677851305,3225.591131996285,0.0
-366.0,False,False,False,0.0,0.0,0.0,0.0,0.0,0.0,0.0,0.0,,0.0,0.0,0.0,0.0,0.0,,,0.0,0.0,0.0,0.0,0.0,0.0,0.0,0.0,3.508107644371536,2212.6539639380007,0.0,-5.177640273547174,3211.525317934484,0.0
-364.0,False,False,False,0.0,0.0,0.0,0.0,0.0,0.0,0.0,0.0,,0.0,0.0,0.0,0.0,0.0,,,0.0,0.0,0.0,0.0,0.0,0.0,0.0,0.0,3.6580643313840673,2198.5569637675767,0.0,-5.073175996552833,3197.45718387587,0.0
-362.0,False,False,False,0.0,0.0,0.0,0.0,0.0,0.0,0.0,0.0,,0.0,0.0,0.0,0.0,0.0,,,0.0,0.0,0.0,0.0,0.0,0.0,0.0,0.0,3.809136622350253,2184.4623311166397,0.0,-4.968349742191623,3183.3867686681683,0.0
-360.0,False,False,False,0.0,0.0,0.0,0.0,0.0,0.0,0.0,0.0,,0.0,0.0,0.0,0.0,0.0,,,0.0,0.0,0.0,0.0,0.0,0.0,0.0,0.0,3.9613460561150675,2170.370182062174,0.0,-4.8631566304267135,3169.314111548321,0.0
-358.0,False,False,False,0.0,0.0,0.0,0.0,0.0,0.0,0.0,0.0,,0.0,0.0,0.0,0.0,0.0,,,0.0,0.0,0.0,0.0,0.0,0.0,0.0,0.0,4.114714718488334,2156.2806352421576,0.0,-4.757591693900565,3155.2392521511006,0.0
-356.0,False,False,False,0.0,0.0,0.0,0.0,0.0,0.0,0.0,0.0,,0.0,0.0,0.0,0.0,0.0,,,0.0,0.0,0.0,0.0,0.0,0.0,0.0,0.0,4.269265259338381,2142.1938119380407,0.0,-4.651649875990746,3141.1622305179612,0.0
-354.0,False,False,False,0.0,0.0,0.0,0.0,0.0,0.0,0.0,0.0,,0.0,0.0,0.0,0.0,0.0,,,0.0,0.0,0.0,0.0,0.0,0.0,0.0,0.0,4.425020910315171,2128.109836160394,0.0,-4.545326028813873,3127.083087106121,0.0
-352.0,False,False,False,0.0,0.0,0.0,0.0,0.0,0.0,0.0,0.0,,0.0,0.0,0.0,0.0,0.0,,,0.0,0.0,0.0,0.0,0.0,0.0,0.0,0.0,4.582005503229164,2114.0288347378523,0.0,-4.438614911176232,3113.001862797904,0.0
-350.0,False,False,False,0.0,0.0,0.0,0.0,0.0,0.0,0.0,0.0,,0.0,0.0,0.0,0.0,0.0,,,0.0,0.0,0.0,0.0,0.0,0.0,0.0,0.0,4.740243489113153,2099.950937409511,0.0,-4.331511186469665,3098.9185989103225,0.0
-348.0,False,False,False,0.0,0.0,0.0,0.0,0.0,0.0,0.0,0.0,,0.0,0.0,0.0,0.0,0.0,,,0.0,0.0,0.0,0.0,0.0,0.0,0.0,0.0,4.899759957996662,2085.876276920929,0.0,-4.224009420510586,3084.8333372049387,0.0
-346.0,False,False,False,0.0,0.0,0.0,0.0,0.0,0.0,0.0,0.0,,0.0,0.0,0.0,0.0,0.0,,,0.0,0.0,0.0,0.0,0.0,0.0,0.0,0.0,5.060580659422534,2071.8049891238884,0.0,-4.11610407932077,3070.746119897978,0.0
-344.0,False,False,False,0.0,0.0,0.0,0.0,0.0,0.0,0.0,0.0,,0.0,0.0,0.0,0.0,0.0,,,0.0,0.0,0.0,0.0,0.0,0.0,0.0,0.0,5.2227320237378345,2057.7372130801054,0.0,-4.007789526847852,3056.656989670746,0.0
-342.0,False,False,False,0.0,0.0,0.0,0.0,0.0,0.0,0.0,0.0,,0.0,0.0,0.0,0.0,0.0,,,0.0,0.0,0.0,0.0,0.0,0.0,0.0,0.0,5.386241184192239,2043.6730911690427,0.0,-3.8990600226236007,3042.565989680313,0.0
-340.0,False,False,False,0.0,0.0,0.0,0.0,0.0,0.0,0.0,0.0,,0.0,0.0,0.0,0.0,0.0,,,0.0,0.0,0.0,0.0,0.0,0.0,0.0,0.0,5.551135999878335,2029.612769200028,0.0,-3.7899097193582905,3028.4731635705084,0.0
-338.0,False,False,False,0.0,0.0,0.0,0.0,0.0,0.0,0.0,0.0,,0.0,0.0,0.0,0.0,0.0,,,0.0,0.0,0.0,0.0,0.0,0.0,0.0,0.0,5.717445079550773,2015.5563965288804,0.0,-3.6803326604687525,3014.378555483223,0.0
-336.0,False,False,False,0.0,0.0,0.0,0.0,0.0,0.0,0.0,0.0,,0.0,0.0,0.0,0.0,0.0,,,0.0,0.0,0.0,0.0,0.0,0.0,0.0,0.0,5.885197806361998,2001.5041261792362,0.0,-3.5703227775383204,3000.2822100700228,0.0
-334.0,False,False,False,0.0,0.0,0.0,0.0,0.0,0.0,0.0,0.0,,0.0,0.0,0.0,0.0,0.0,,,0.0,0.0,0.0,0.0,0.0,0.0,0.0,0.0,6.05442436355471,1987.4561149688102,0.0,-3.4598738877063435,2986.1841725041027,0.0
-332.0,False,False,False,0.0,0.0,0.0,0.0,0.0,0.0,0.0,0.0,,0.0,0.0,0.0,0.0,0.0,,,0.0,0.0,0.0,0.0,0.0,0.0,0.0,0.0,6.22515576115318,1973.412523640807,0.0,-3.3489796909848843,2972.0844884925664,0.0
-330.0,False,False,False,0.0,0.0,0.0,0.0,0.0,0.0,0.0,0.0,,0.0,0.0,0.0,0.0,0.0,,,0.0,0.0,0.0,0.0,0.0,0.0,0.0,0.0,6.397423863696699,1959.3735170007371,0.0,-3.23763376750066,2957.9832042890644,0.0
-328.0,False,False,False,0.0,0.0,0.0,0.0,0.0,0.0,0.0,0.0,,0.0,0.0,0.0,0.0,0.0,,,0.0,0.0,0.0,0.0,0.0,0.0,0.0,0.0,6.571261419062019,1945.3392640588875,0.0,-3.1258295746592575,2943.8803667067946,0.0
-326.0,False,False,False,0.0,0.0,0.0,0.0,0.0,0.0,0.0,0.0,,0.0,0.0,0.0,0.0,0.0,,,0.0,0.0,0.0,0.0,0.0,0.0,0.0,0.0,6.746702088422346,1931.309938178713,0.0,-3.013560444229552,2929.7760231318734,0.0
-324.0,False,False,False,0.0,0.0,0.0,0.0,0.0,0.0,0.0,0.0,,0.0,0.0,0.0,0.0,0.0,,,0.0,0.0,0.0,0.0,0.0,0.0,0.0,0.0,6.9237804773938425,1917.2857172314361,0.0,-2.9008195793454954,2915.6702215370974,0.0
-322.0,False,False,False,0.0,0.0,0.0,0.0,0.0,0.0,0.0,0.0,,0.0,0.0,0.0,0.0,0.0,,,0.0,0.0,0.0,0.0,0.0,0.0,0.0,0.0,7.102532168422684,1903.266783757148,0.0,-2.7876000514225443,2901.5630104960987,0.0
-320.0,False,False,False,0.0,0.0,0.0,0.0,0.0,0.0,0.0,0.0,,0.0,0.0,0.0,0.0,0.0,,,0.0,0.0,0.0,0.0,0.0,0.0,0.0,0.0,7.282993754467965,1889.2533251327325,0.0,-2.673894796986154,2887.454439197921,0.0
-318.0,False,False,False,0.0,0.0,0.0,0.0,0.0,0.0,0.0,0.0,,0.0,0.0,0.0,0.0,0.0,,,0.0,0.0,0.0,0.0,0.0,0.0,0.0,0.0,7.465202874039389,1875.245533746933,0.0,-2.55969661440904,2873.3445574620177,0.0
-316.0,False,False,False,0.0,0.0,0.0,0.0,0.0,0.0,0.0,0.0,,0.0,0.0,0.0,0.0,0.0,,,0.0,0.0,0.0,0.0,0.0,0.0,0.0,0.0,7.649198247650218,1861.2436071829216,0.0,-2.444998160554645,2859.2334157536925,0.0
-314.0,False,False,False,0.0,0.0,0.0,0.0,0.0,0.0,0.0,0.0,,0.0,0.0,0.0,0.0,0.0,,,0.0,0.0,0.0,0.0,0.0,0.0,0.0,0.0,7.835019715750449,1847.2477484087308,0.0,-2.329791947323181,2845.121065199996,0.0
-312.0,False,False,False,0.0,0.0,0.0,0.0,0.0,0.0,0.0,0.0,,0.0,0.0,0.0,0.0,0.0,,,0.0,0.0,0.0,0.0,0.0,0.0,0.0,0.0,8.022708278206828,1833.2581659759433,0.0,-2.2140703380974407,2831.0075576060985,0.0
-310.0,False,False,False,0.0,0.0,0.0,0.0,0.0,0.0,0.0,0.0,,0.0,0.0,0.0,0.0,0.0,,,0.0,0.0,0.0,0.0,0.0,0.0,0.0,0.0,8.212306135400953,1819.2750742270396,0.0,-2.09782554408466,2816.8929454721465,0.0
-308.0,False,False,False,0.0,0.0,0.0,0.0,0.0,0.0,0.0,0.0,,0.0,0.0,0.0,0.0,0.0,,,0.0,0.0,0.0,0.0,0.0,0.0,0.0,0.0,8.403856731018909,1805.298693511847,0.0,-1.9810496205512917,2802.7772820106297,0.0
-306.0,False,False,False,0.0,0.0,0.0,0.0,0.0,0.0,0.0,0.0,,0.0,0.0,0.0,0.0,0.0,,,0.0,0.0,0.0,0.0,0.0,0.0,0.0,0.0,8.59740479661135,1791.3292504135377,0.0,-1.8637344629463795,2788.6606211642647,0.0
-304.0,False,False,False,0.0,0.0,0.0,0.0,0.0,0.0,0.0,0.0,,0.0,0.0,0.0,0.0,0.0,,,0.0,0.0,0.0,0.0,0.0,0.0,0.0,0.0,8.792996398003945,1777.3669779846593,0.0,-1.7458718029107851,2774.5430176244276,0.0
-302.0,False,False,False,0.0,0.0,0.0,0.0,0.0,0.0,0.0,0.0,,0.0,0.0,0.0,0.0,0.0,,,0.0,0.0,0.0,0.0,0.0,0.0,0.0,0.0,8.990678983645592,1763.412115993714,0.0,-1.6274532041672305,2760.424526850144,0.0
-300.0,False,False,False,0.0,0.0,0.0,0.0,0.0,0.0,0.0,0.0,,0.0,0.0,0.0,0.0,0.0,,,0.0,0.0,0.0,0.0,0.0,0.0,0.0,0.0,9.190501434982943,1749.4649111828091,0.0,-1.5084700582878743,2746.3052050876545,0.0
-298.0,False,False,False,0.0,0.0,0.0,0.0,0.0,0.0,0.0,0.0,,0.0,0.0,0.0,0.0,0.0,,,0.0,0.0,0.0,0.0,0.0,0.0,0.0,0.0,9.392514118956102,1735.5256175369639,0.0,-1.3889135803348585,2732.1851093905902,0.0
-296.0,False,False,False,0.0,0.0,0.0,0.0,0.0,0.0,0.0,0.0,,0.0,0.0,0.0,0.0,0.0,,,0.0,0.0,0.0,0.0,0.0,0.0,0.0,0.0,9.596768942714219,1721.5944965656645,0.0,-1.268774804369479,2718.064297640765,0.0
-294.0,False,False,False,0.0,0.0,0.0,0.0,0.0,0.0,0.0,0.0,,0.0,0.0,0.0,0.0,0.0,,,0.0,0.0,0.0,0.0,0.0,0.0,0.0,0.0,9.803319410655105,1707.6718175972974,0.0,-1.1480445788252565,2703.942828569613,0.0
-292.0,True,False,False,3.86530526622243e-05,0.0,586.5305266222431,0.0,0.0,0.0,0.0,0.0,,0.0,0.0,0.0,1706.1040737860885,0.0,0.06048286442095342,,0.0,0.0,50.33718222020856,0.0,0.0,0.0,50.33718222020856,0.0,10.012220683897036,1693.7578580871425,50.33718222020856,-1.026713561740552,2689.820761780293,0.0
-290.0,True,False,False,4.119297483765593e-05,0.0,611.9297483765592,0.0,0.0,0.0,0.0,0.0,,0.0,0.0,0.0,1807.6987296069253,0.0,0.05792662292566258,,0.0,0.0,169.22858439695614,0.0,0.0,0.0,169.22858439695614,0.0,10.223529642297867,1679.8529039396315,68.55421995653903,-0.9047722158452602,2675.6981577704873,0.0
-288.0,True,False,False,4.385422548188909e-05,0.0,638.5422548188909,0.0,0.0,0.0,0.0,0.0,,0.0,0.0,0.0,1914.1462791856293,0.0,0.055539377433432215,,0.0,0.0,325.6365870281958,0.0,0.0,0.0,325.6365870281958,0.0,10.437304949140408,1665.9572498456205,87.8537826747006,-0.7822108034969762,2661.575077955915,0.0
-286.0,True,False,False,4.664095533521002e-05,0.0,666.4095533521001,0.0,0.0,0.0,0.0,0.0,,0.0,0.0,0.0,2025.6127285574375,0.0,0.05330850253754893,,0.0,0.0,521.7572722406865,0.0,0.0,0.0,521.7572722406865,0.0,10.653607118610669,1652.071199635477,108.26690253779003,-0.6590193814607114,2647.4515846945915,0.0
-284.0,True,False,False,4.9557471472421264e-05,0.0,695.5747147242126,0.0,0.0,0.0,0.0,0.0,,0.0,0.0,0.0,2142.270335121313,0.0,0.05122235528436941,,0.0,0.0,759.8500576168475,0.0,0.0,0.0,759.8500576168475,0.0,10.872498586199823,1638.1950666488171,129.82588283837103,-0.5351877955272039,2633.327741311855,0.0
-282.0,True,False,False,5.260824676947016e-05,0.0,726.0824676947017,0.0,0.0,0.0,0.0,0.0,,0.0,0.0,0.0,2264.297986140801,0.0,0.04927020617508327,,0.0,0.0,1042.2403313804161,0.0,0.0,0.0,1042.2403313804161,0.0,11.094043782168882,1624.3291741217888,152.56439092519776,-0.4107056749635521,2619.203612126193,0.0
-280.0,True,False,False,5.579792975127001e-05,0.0,757.9792975127001,0.0,0.0,0.0,0.0,0.0,,0.0,0.0,0.0,2391.8815924785767,0.0,0.04744217243635168,,0.0,0.0,1371.322274076943,0.0,0.0,0.0,1371.322274076943,0.0,11.318309208220525,1610.4738555928427,176.5175517713289,-0.28556242679041977,2605.0792624758997,0.0
-278.0,True,False,False,5.913135484068343e-05,0.0,791.3135484068342,0.0,0.0,0.0,0.0,0.0,,0.0,0.0,0.0,2525.2144983622143,0.0,0.04572915421152375,,0.0,0.0,1749.5618684980986,0.0,0.0,0.0,1749.5618684980986,0.0,11.54536351752984,1596.6294553279865,201.72204264982685,-0.15974722987959503,2590.954758746587,0.0
-276.0,True,False,False,6.261355303022633e-05,0.0,826.1355303022633,0.0,0.0,0.0,0.0,0.0,,0.0,0.0,0.0,2664.497908042108,0.0,0.04412277408736632,,0.0,0.0,2179.5001005119357,0.0,0.0,0.0,2179.5001005119357,0.0,11.775277598293645,1582.796328766589,228.21618936401043,-0.033249028865070494,2576.8301683995924,0.0
-274.0,True,False,False,6.624976299962441e-05,0.0,862.4976299962442,0.0,0.0,0.0,0.0,0.0,,0.0,0.0,0.0,2809.9413302653575,0.0,0.04261532019048982,,0.0,0.0,2663.7563543384003,0.0,0.0,0.0,2663.7563543384003,0.0,12.008124660964373,1568.9748429888489,256.0400644624544,0.09394347213877705,2562.7055600013086,0.0
-272.0,True,False,False,7.004544270406234e-05,0.0,900.4544270406234,0.0,0.0,0.0,0.0,0.0,,0.0,0.0,0.0,2961.7630415575436,0.0,0.0411996929516708,,0.0,0.0,3205.032006656671,0.0,0.0,0.0,3205.032006656671,0.0,12.243980329343147,1555.165377206116,285.2355878558163,0.22184181601902128,2548.5810032534723,0.0
-270.0,True,False,False,7.400628145929075e-05,0.0,940.0628145929076,0.0,0.0,0.0,0.0,0.0,,0.0,0.0,0.0,3120.1905693572353,0.0,0.039869355535995375,,0.0,0.0,3806.114224751551,0.0,0.0,0.0,3806.114224751551,0.0,12.482922735715226,1541.3683232753363,315.8466302390633,0.3504577993537379,2534.4565690244535,0.0
-268.0,True,False,False,7.813821255139728e-05,0.0,981.3821255139727,0.0,0.0,0.0,0.0,0.0,,0.0,0.0,0.0,3285.4611961135133,0.0,0.038618287864233034,,0.0,0.0,4469.8799747046105,0.0,0.0,0.0,4469.8799747046105,0.0,12.725032620217819,1527.584086238938,347.9191197139959,0.47980347931628603,2520.3323293815693,0.0
-266.0,True,False,False,8.244742640047183e-05,0.0,1024.4742640047184,0.0,0.0,0.0,0.0,0.0,,0.0,0.0,0.0,3457.8224855135722,0.0,0.03744094410019033,,0.0,0.0,5199.300246417471,0.0,0.0,0.0,5199.300246417471,0.0,12.970393434641268,1513.8130848915946,381.50115199886403,0.6098911808030434,2506.208357624482,0.0
-264.0,True,False,False,8.694038430863325e-05,0.0,1069.4038430863325,0.0,0.0,0.0,0.0,0.0,,0.0,0.0,0.0,3637.5328320567564,0.0,0.03633221344493853,,0.0,0.0,5997.444503020741,0.0,0.0,0.0,5997.444503020741,0.0,13.21909145087116,1500.0557523753546,416.64310460440595,0.7407335037921942,2492.084728319707,0.0
-262.0,True,False,False,9.16238328244979e-05,0.0,1116.2383282449791,0.0,0.0,0.0,0.0,0.0,,0.0,0.0,0.0,3824.8620352557155,0.0,0.03528738405763913,,0.0,0.0,6867.485362978135,0.0,0.0,0.0,6867.485362978135,0.0,13.47121587419011,1486.3125368047329,453.3977553529878,0.8723433309426523,2477.961517336276,0.0
-260.0,True,False,False,9.650481875714477e-05,0.0,1165.0481875714477,0.0,0.0,0.0,0.0,0.0,,0.0,0.0,0.0,4020.091899784044,0.0,0.03430210991135228,,0.0,0.0,7812.7035239427305,0.0,0.0,0.0,7812.7035239427305,0.0,13.726858961666334,1472.5839019234581,491.82040561160807,1.0047338354419413,2463.8388018826085,0.0
-258.0,True,False,False,0.00010159070487409524,0.0,1215.9070487409524,0.0,0.0,0.0,0.0,0.0,,0.0,0.0,0.0,4223.516862948112,0.0,0.033372380387892156,,0.0,0.0,8836.492938163336,0.0,0.0,0.0,8836.492938163336,0.0,13.986116145866688,1458.8703277946702,531.9690086089963,1.1379184891127243,2449.7166605446305,0.0
-256.0,True,False,False,0.00010688918631891667,0.0,1268.8918631891668,0.0,0.0,0.0,0.0,0.0,,0.0,0.0,0.0,4435.444650904118,0.0,0.03249449241680361,,0.0,0.0,9942.366249977302,0.0,0.0,0.0,9942.366249977302,0.0,14.249086164140122,1445.172311526462,573.9043032049693,1.2719110707870935,2435.595173325192,0.0
-254.0,True,False,False,0.0001124083077848319,0.0,1324.083077848319,0.0,0.0,0.0,0.0,0.0,,0.0,0.0,0.0,4656.196965071987,0.0,0.031665024968294396,,0.0,0.0,11133.960506659161,0.0,0.0,0.0,11133.960506659161,0.0,14.51587119373019,1431.4903680347961,617.689953476891,1.4067256749598147,2421.4744216848367,0.0
-252.0,True,False,False,0.00011815648148210695,0.0,1381.5648148210696,0.0,0.0,0.0,0.0,0.0,,0.0,0.0,0.0,4886.110200253065,0.0,0.0308808157171564,,0.0,0.0,12415.04315462674,0.0,0.0,0.0,12415.04315462674,0.0,14.786576992982171,1417.8250308459299,663.3926944906872,1.5423767207301124,2407.354488583973,0.0
-250.0,True,False,False,0.0001241425059371986,0.0,1441.425059371986,0.0,0.0,0.0,0.0,0.0,,0.0,0.0,0.0,5125.5361959665115,0.0,0.030138939703775673,,0.0,0.0,13789.518333735614,0.0,0.0,0.0,13789.518333735614,0.0,15.061313048923298,1404.1768529406284,711.0824846181871,1.6788789610438775,2393.2354585265075,0.0
-248.0,True,False,False,0.00013037558566283,0.0,1503.7558566283,0.0,0.0,0.0,0.0,0.0,,0.0,0.0,0.0,5374.843022566362,0.0,0.029436689828217812,,0.0,0.0,15261.433483119208,0.0,0.0,0.0,15261.433483119208,0.0,15.34019273150327,1390.546407642578,760.8326647654073,1.816247492247706,2379.117417604996,0.0
-246.0,True,False,False,0.0001368653517378352,0.0,1568.653517378352,0.0,0.0,0.0,0.0,0.0,,0.0,0.0,0.0,5634.415803687733,0.0,0.028771559023965575,,0.0,0.0,16834.986272752634,0.0,0.0,0.0,16834.986272752634,0.0,15.623333454791817,1376.9342895535603,812.7201248680175,1.954497763966416,2365.0004535473713,0.0
-244.0,True,False,False,0.00014362188333640635,0.0,1636.2188333640636,0.0,0.0,0.0,0.0,0.0,,0.0,0.0,0.0,5904.657576601843,0.0,0.028141223968429004,,0.0,0.0,18514.53187563204,0.0,0.0,0.0,18514.53187563204,0.0,15.910856845441401,1363.3411155381066,866.8254780113903,2.093645589317356,2350.884655765319,0.0
-242.0,True,False,False,0.0001506557302457352,0.0,1706.5573024573519,0.0,0.0,0.0,0.0,0.0,,0.0,0.0,0.0,6185.990192033347,0.0,0.027543530197922595,,0.0,0.0,20304.590596166396,0.0,0.0,0.0,20304.590596166396,0.0,16.202888918730366,1349.7675257605188,923.2332425229656,2.2337071554739136,2336.7701154043625,0.0
-240.0,True,False,False,0.00015797793641044518,0.0,1779.7793641044518,0.0,0.0,0.0,0.0,0.0,,0.0,0.0,0.0,6478.855254969068,0.0,0.026976478505000116,,0.0,0.0,22209.855871065156,0.0,0.0,0.0,22209.855871065156,0.0,16.499560262512972,1336.2141847773132,982.0320323757962,2.3746990345926404,2322.656925395724,0.0
-238.0,True,False,False,0.00016560006454153196,0.0,1856.0006454153197,0.0,0.0,0.0,0.0,0.0,,0.0,0.0,0.0,6783.715107959506,0.0,0.02643821250577766,,0.0,0.0,24235.20265967405,0.0,0.0,0.0,24235.20265967405,0.0,16.801006229408646,1322.6817826883455,1043.3147562330971,2.5166381951178245,2308.5451805100456,0.0
-236.0,True,False,False,0.00017353422182545954,0.0,1935.3422182545953,0.0,0.0,0.0,0.0,0.0,,0.0,0.0,0.0,7101.053858330986,0.0,0.025927007274175084,,0.0,0.0,26385.696241350874,0.0,0.0,0.0,26385.696241350874,0.0,17.107367137571615,1309.1710363500488,1107.178825443725,2.659542013478701,2294.4349774130333,0.0
-234.0,True,False,False,0.0001817930867673347,0.0,2017.930867673347,0.0,0.0,0.0,0.0,0.0,,0.0,0.0,0.0,7431.378450656593,0.0,0.025441258948659885,,0.0,0.0,28666.60143807633,0.0,0.0,0.0,28666.60143807633,0.0,17.418788480387235,1295.682690654457,1173.7263712817303,2.803428286194872,2280.3264147231207,0.0
-232.0,True,False,False,0.00019038993719861451,0.0,2103.899371986145,0.0,0.0,0.0,0.0,0.0,,0.0,0.0,0.0,7775.219785694605,0.0,0.02497947522522703,,0.0,0.0,31083.39228105062,0.0,0.0,0.0,31083.39228105062,0.0,17.7354211454465,1282.2175198778718,1243.0644716925572,2.9483152424063794,2266.2195930712164,0.0
-230.0,True,False,False,0.0001993386794765363,0.0,2193.386794765363,0.0,0.0,0.0,0.0,0.0,,0.0,0.0,0.0,8133.133886871609,0.0,0.024540266657839014,,0.0,0.0,33641.76214052291,0.0,0.0,0.0,33641.76214052291,0.0,18.057421643152413,1268.7763291032943,1315.3053877797313,3.094221556845272,2252.1146151626403,0.0
-228.0,True,False,False,0.00020865387889693854,0.0,2286.538788969385,0.0,0.0,0.0,0.0,0.0,,0.0,0.0,0.0,8505.703115165827,0.0,0.024122338694544814,,0.0,0.0,36347.63433852179,0.0,0.0,0.0,36347.63433852179,0.0,18.38495234531283,1255.3599557209743,1390.566810219152,3.241166363266557,2238.0115858413333,0.0
-226.0,True,False,False,0.00021835079133659642,0.0,2383.507913365964,0.0,0.0,0.0,0.0,0.0,,0.0,0.0,0.0,8893.537433023354,0.0,0.023724484383866776,,0.0,0.0,39207.173264482204,0.0,0.0,0.0,39207.173264482204,0.0,18.718181734073262,1241.9692710116817,1468.9721157412612,3.389169268357465,2223.910612156436,0.0
-224.0,True,False,False,0.00022844539613338111,0.0,2484.453961333811,0.0,0.0,0.0,0.0,0.0,,0.0,0.0,0.0,9297.275717626462,0.0,0.023345577691938783,,0.0,0.0,42226.79601397978,0.0,0.0,0.0,42226.79601397978,0.0,19.057284661535885,1228.6051818175918,1550.6506337563133,3.538250366143889,2209.8118034313397,0.0
-222.0,True,False,False,0.00023895443020345737,0.0,2589.544302034574,0.0,0.0,0.0,0.0,0.0,,0.0,0.0,0.0,9717.587123468185,0.0,0.022984567376253845,,0.0,0.0,45413.18457085873,0.0,0.0,0.0,45413.18457085873,0.0,19.402442620404813,1215.26863230595,1635.7379231226348,3.688430252915005,2195.715271335316,0.0
-220.0,True,False,False,0.0002498954233834174,0.0,2698.954233834174,0.0,0.0,0.0,0.0,0.0,,0.0,0.0,0.0,10155.172493733635,0.0,0.02264047136680036,,0.0,0.0,48773.2985529458,0.0,0.0,0.0,48773.2985529458,0.0,19.753844025981774,1201.960605830978,1724.3760589644407,3.8397300426866483,2181.621129957837,0.0
-218.0,True,False,False,0.00026128673497280777,0.0,2812.867349728078,0.0,0.0,0.0,0.0,0.0,,0.0,0.0,0.0,10610.765819489578,0.0,0.02231237160981967,,0.0,0.0,52314.388541253604,0.0,0.0,0.0,52314.388541253604,0.0,20.111684509820737,1188.6821268998008,1816.7139293433586,3.9921713832266077,2167.5294958856953,0.0
-216.0,True,False,False,0.00027314759143498633,0.0,2931.475914349863,0.0,0.0,0.0,0.0,0.0,,0.0,0.0,0.0,11085.135744981759,0.0,0.021999409333553474,,0.0,0.0,56044.01001204124,0.0,0.0,0.0,56044.01001204124,0.0,20.476167225321767,1175.4342632484893,1912.9075414442732,4.145776472664034,2153.4404882830586,0.0
-214.0,True,False,False,0.00028549812519728453,0.0,3054.9812519728453,0.0,0.0,0.0,0.0,0.0,,0.0,0.0,0.0,11579.087116659706,0.0,0.02170078069899921,,0.0,0.0,59970.03789028246,0.0,0.0,0.0,59970.03789028246,0.0,20.847503165516024,1162.21812803465,2013.1203367969456,4.30056807670816,2139.3542289745747,0.0
-212.0,True,False,False,0.00029835941446768966,0.0,3183.5941446768966,0.0,0.0,0.0,0.0,0.0,,0.0,0.0,0.0,12093.462572596807,0.0,0.02141573280211452,,0.0,0.0,64100.681741939974,0.0,0.0,0.0,64100.681741939974,0.0,21.225911493251424,1149.0348821533441,2117.5235148605693,4.456569546501538,2125.270842531674,0.0
-210.0,True,False,False,0.00031175352395959046,0.0,3317.5352395959044,0.0,0.0,0.0,0.0,0.0,,0.0,0.0,0.0,12629.144167945436,0.0,0.021143559996954987,,0.0,0.0,68444.50162088902,0.0,0.0,0.0,68444.50162088902,0.0,21.611619883938143,1135.8857366834568,2226.2963640884695,4.613804837134045,2111.1904563621933,0.0
-208.0,True,False,False,0.000325703546385402,0.0,3457.03546385402,0.0,0.0,0.0,0.0,0.0,,0.0,0.0,0.0,13187.055030836193,0.0,0.02088360051201119,,0.0,0.0,73010.42458431656,0.0,0.0,0.0,73010.42458431656,0.0,22.004864880953672,1122.7719554720259,2339.626599339071,4.772298526846238,2097.1132008034906,0.0
-206.0,True,False,False,0.0003402336445436348,0.0,3602.3364454363477,0.0,0.0,0.0,0.0,0.0,,0.0,0.0,0.0,13768.161041679094,0.0,0.020635233334540343,,0.0,0.0,77807.76188785877,0.0,0.0,0.0,77807.76188785877,0.0,22.405892263730323,1109.6948578643783,2457.710704203138,4.932075836950832,2083.03920921919,0.0
-204.0,True,False,False,0.000355369093782286,0.0,3753.6909378228597,0.0,0.0,0.0,0.0,0.0,,0.0,0.0,0.0,14373.472527155662,0.0,0.020397875339970322,,0.0,0.0,82846.22686853877,0.0,0.0,0.0,82846.22686853877,0.0,22.814957428458797,1096.6558215883144,2580.7542764768605,5.093162652502771,2068.9686180997264,0.0
-202.0,True,False,False,0.0003711363245722778,0.0,3911.3632457227777,0.0,0.0,0.0,0.0,0.0,,0.0,0.0,0.0,15004.045958223567,0.0,0.020170978645536547,,0.0,0.0,88135.9535196247,0.0,0.0,0.0,88135.9535196247,0.0,23.232325781234824,1083.6562858009436,2708.972374609075,5.255585543750231,2054.9015671668644,0.0
-200.0,True,False,False,0.0003875629648687675,0.0,4075.629648687675,0.0,0.0,0.0,0.0,0.0,,0.0,0.0,0.0,15660.98563921853,0.0,0.01995402816918293,,0.0,0.0,93687.51575672829,0.0,0.0,0.0,93687.51575672829,0.0,23.658273143346968,1070.6977543071334,2842.5898624945085,5.419371788399808,2040.838199482366,0.0
-198.0,True,False,False,0.0004046778818720706,0.0,4246.778818720706,0.0,0.0,0.0,0.0,0.0,,0.0,0.0,0.0,16345.445372493892,0.0,0.019746539376476562,,0.0,0.0,99511.94736866836,0.0,0.0,0.0,99511.94736866836,0.0,24.093086168253564,1057.781798958895,2981.841749445568,5.58454939473116,2026.7786615610041,0.0
-196.0,True,False,False,0.0004225112227257345,0.0,4425.112227257345,0.0,0.0,0.0,0.0,0.0,,0.0,0.0,0.0,17058.630080069863,0.0,0.019548056199816553,,0.0,0.0,105620.76263968337,0.0,0.0,0.0,105620.76263968337,0.0,24.537062769618693,1044.9100632453612,3126.9735215694327,5.751147125597636,2012.7231034881145,0.0
-194.0,True,False,False,0.0004410944536014843,0.0,4610.944536014843,0.0,0.0,0.0,0.0,0.0,,0.0,0.0,0.0,17801.79736025162,0.0,0.01935814911563732,,0.0,0.0,112025.97762131332,0.0,0.0,0.0,112025.97762131332,0.0,24.990512559570213,1032.0842660833166,3278.2414600605184,5.91919452335176,1998.6716790419007,0.0
-192.0,True,False,False,0.00046046039652271873,0.0,4804.6039652271875,0.0,0.0,0.0,0.0,0.0,,0.0,0.0,0.0,18576.258953254408,0.0,0.019176413366561947,,0.0,0.0,118740.13202249183,0.0,0.0,0.0,118740.13202249183,0.0,25.4537572960991,1019.3062058185278,3435.9129411179924,6.08872193573562,1984.624545820716,0.0
-190.0,True,False,False,0.00048064326316368084,0.0,5006.432631636809,0.0,0.0,0.0,0.0,0.0,,0.0,0.0,0.0,19383.382085292837,0.0,0.019002467316627306,,0.0,0.0,125776.31167487298,0.0,0.0,0.0,125776.31167487298,0.0,25.92713133823811,1006.5777644483228,3600.2667112631602,6.25976054277843,1970.5818653755418,0.0
-188.0,True,False,False,0.0005016786847325983,0.0,5216.786847325983,0.0,0.0,0.0,0.0,0.0,,0.0,0.0,0.0,20224.590655440756,0.0,0.018835950928740717,,0.0,0.0,133148.17151691593,0.0,0.0,0.0,133148.17151691593,0.0,26.410982107331943,993.9009120760663,3771.5931307797955,6.4323423847461285,1956.543803347925,0.0
-186.0,True,False,False,0.0005236037368992375,0.0,5436.0373689923745,0.0,0.0,0.0,0.0,0.0,,0.0,0.0,0.0,21101.366223657442,0.0,0.018676524354482773,,0.0,0.0,140869.95902448942,0.0,0.0,0.0,140869.95902448942,0.0,26.905670552331475,981.2777116082331,3950.1943767937028,6.606500391188745,1942.5105296136194,0.0
-184.0,True,False,False,0.0005464569585602897,0.0,5664.569585602897,0.0,0.0,0.0,0.0,0.0,,0.0,0.0,0.0,22015.24875169976,0.0,0.018523866627231357,,0.0,0.0,148956.53799742748,0.0,0.0,0.0,148956.53799742748,0.0,27.411571616612,968.7103237047816,4136.384596144372,6.782268411134655,1928.482218432204,0.0
-182.0,True,False,False,0.0005702783630466984,0.0,5902.7836304669845,0.0,0.0,0.0,0.0,0.0,,0.0,0.0,0.0,22967.83704107442,0.0,0.018377674450366695,,0.0,0.0,157423.412590228,0.0,0.0,0.0,157423.412590228,0.0,27.92907470331589,956.2010119934138,4330.489996656131,6.959681244483001,1914.4590486029726,0.0
-180.0,True,False,False,0.0005951094401641586,0.0,6151.094401641586,0.0,0.0,0.0,0.0,0.0,,0.0,0.0,0.0,23960.788803678228,0.0,0.01823766107302686,,0.0,0.0,166286.75145056238,0.0,0.0,0.0,166286.75145056238,0.0,28.45858413564684,943.7521485579883,4532.848863678274,7.138774674647141,1900.441203627381,0.0
-178.0,True,False,False,0.0006209931472183149,0.0,6409.93147218315,0.0,0.0,0.0,0.0,0.0,,0.0,0.0,0.0,24995.820291197997,0.0,0.018103555246532694,,0.0,0.0,175563.41180104748,0.0,0.0,0.0,175563.41180104748,0.0,29.000519607893228,931.36621971094,4743.8114868068105,7.319585502506175,1886.4288718783844,0.0
-176.0,True,False,False,0.0006479738869084681,0.0,6679.738869084681,0.0,0.0,0.0,0.0,0.0,,0.0,0.0,0.0,26074.70539864789,0.0,0.017975100255188746,,0.0,0.0,185270.96326736873,0.0,0.0,0.0,185270.96326736873,0.0,29.555316622212143,919.0458320588435,4963.739979514442,7.502151581722846,1872.42224677699,0.0
-174.0,True,False,False,0.0006760974696755951,0.0,6960.974696755951,0.0,0.0,0.0,0.0,0.0,,0.0,0.0,0.0,27199.27414552118,0.0,0.01785205301570139,,0.0,0.0,195427.71121886553,0.0,0.0,0.0,195427.71121886553,0.0,30.12342690536375,906.7937188693465,5193.0079719823525,7.686511855489572,1858.4215269763788,0.0
-172.0,True,False,False,0.000705411057759932,0.0,7254.11057759932,0.0,0.0,0.0,0.0,0.0,,0.0,0.0,0.0,28371.410424834405,0.0,0.017734183239944103,,0.0,0.0,206052.71934557593,0.0,0.0,0.0,206052.71934557593,0.0,30.70531879863248,894.6127467464521,5432.0001547280535,7.872706394767995,1844.4269165539724,0.0
-170.0,True,False,False,0.0007359630878590031,0.0,7559.630878590031,0.0,0.0,0.0,0.0,0.0,,0.0,0.0,0.0,29593.04889579703,0.0,0.017621272656244892,,0.0,0.0,217165.83114795212,0.0,0.0,0.0,217165.83114795212,0.0,31.301477613093688,882.5059226195164,5681.111647648142,8.06077643808941,1830.4386252118318,0.0
-168.0,True,False,False,0.0007678031688794601,0.0,7878.031688794601,0.0,0.0,0.0,0.0,0.0,,0.0,0.0,0.0,30866.170879974397,0.0,0.017513114284771973,,0.0,0.0,228787.68996144852,0.0,0.0,0.0,228787.68996144852,0.0,31.91240594117716,870.476401049309,5940.747165848262,8.250764432987731,1816.4568684858075,0.0
-166.0,True,False,False,0.0008009819508420187,0.0,8209.819508420187,0.0,0.0,0.0,0.0,0.0,,0.0,0.0,0.0,32192.799103492347,0.0,0.017409511762967858,,0.0,0.0,240939.7570773842,0.0,0.0,0.0,240939.7570773842,0.0,32.53862391412602,858.5274918519381,6211.319950087403,8.442714079139929,1802.481867963873,0.0
-164.0,True,False,False,0.0008355509605332468,0.0,8555.509605332469,0.0,0.0,0.0,0.0,0.0,,0.0,0.0,0.0,33574.99110926276,0.0,0.017310278717315854,,0.0,0.0,253644.32745333252,0.0,0.0,0.0,253644.32745333252,0.0,33.18066939344046,846.6626680383357,6493.250425860915,8.636670373292032,1788.5138515141082,0.0
-162.0,True,False,False,0.0008715623990012602,0.0,8915.623990012602,0.0,0.0,0.0,0.0,0.0,,0.0,0.0,0.0,35014.8311434035,0.0,0.01721523817803089,,0.0,0.0,266924.54243028257,0.0,0.0,0.0,266924.54243028257,0.0,33.839098082725386,834.8855740632105,6786.964551089149,8.832679656053601,1774.5530535228138,0.0
-160.0,True,False,False,0.0009090688954693072,0.0,9290.688954693072,0.0,0.0,0.0,0.0,0.0,,0.0,0.0,0.0,36514.420299177276,0.0,0.017124222033549023,,0.0,0.0,280804.3987894767,0.0,0.0,0.0,280804.3987894767,0.0,34.514483544513546,823.2000343728108,7092.891808105003,9.030789660646843,1760.5997151432766,0.0
-158.0,True,False,False,0.0009481232117004057,0.0,9681.232117004058,0.0,0.0,0.0,0.0,0.0,,0.0,0.0,0.0,38075.86468022726,0.0,0.017037070521946196,,0.0,0.0,295308.7533887962,0.0,0.0,0.0,295308.7533887962,0.0,35.20741710461215,811.6100622353872,7411.462791214454,9.231049563701053,1746.654084555727,0.0
-156.0,True,False,False,0.0009887778902972653,0.0,10087.778902972654,0.0,0.0,0.0,0.0,0.0,,0.0,0.0,0.0,39701.261323030725,0.0,0.016953631756651842,,0.0,0.0,310463.3225166284,0.0,0.0,0.0,310463.3225166284,0.0,35.918507624314806,800.1198688317849,7743.106336617769,9.433510038187919,1732.7164172390635,0.0
-154.0,True,False,False,0.0010310848398789514,0.0,10510.848398789514,0.0,0.0,0.0,0.0,0.0,,0.0,0.0,0.0,41392.681596896466,0.0,0.016873761284039997,,0.0,0.0,326294.6749902882,0.0,0.0,0.0,326294.6749902882,0.0,36.6483811184338,788.7338725759705,8088.246137042037,9.638223308596928,1718.7869762549492,0.0
-152.0,True,False,False,0.001075094849561611,0.0,10950.948495616109,0.0,0.0,0.0,0.0,0.0,,0.0,0.0,0.0,43152.15177939797,0.0,0.016797321670675002,,0.0,0.0,342830.21790656156,0.0,0.0,0.0,342830.21790656156,0.0,37.397680194553494,777.4567086264234,8447.296779231297,9.845243208456436,1704.8660325449277,0.0
-150.0,True,True,True,0.0011208570247059197,3.91555354189651e-05,11408.570247059197,591.555354189651,0.43887756930468474,0.43074443161810083,0.0067487603202260864,0.4374931919383269,0.036807151313792176,0.21874659596916346,0.11127506790103608,0.11127506790103608,44981.63048669545,1726.2029528869462,0.01672418211817407,0.059953277741947766,53.92409911666946,53.92409911666946,360098.1738244316,53.92409911666946,53.92409911666946,53.92409911666946,360044.24972531496,0.0,38.16706328619352,766.2932385389566,8820.659138638748,10.054625240309692,1690.9538652412336,53.92409911666946
-148.0,True,True,True,0.0011684181355190889,4.17195907721367e-05,11884.181355190889,617.195907721367,0.4874592646459935,0.4784258266367375,0.007334822251252316,0.4857606488879898,0.03665363660786638,0.2428803244439949,0.12393131226251926,0.3464814480645914,46882.982623371645,1828.762888231497,0.01665421810381046,0.0574321719322522,72.35693619764166,180.20513443098056,378127.54802566627,180.20513443098056,180.20513443098056,126.28103531431111,377947.3428912353,0.0,38.9572036497358,755.2485599996246,9208.715062595891,10.266426638261535,1677.0507619920113,72.35693619764166
-146.0,True,True,True,0.0012178218698473385,4.440579925195791e-05,12378.218698473385,644.0579925195791,0.5407835347708493,0.5307619085713216,0.007972238777439525,0.5387341473487611,0.036511763517875606,0.26936707367438056,0.1378358841294384,0.6082486444565491,48857.94950650738,1936.2086990496784,0.01658731104513863,0.05507743437585139,91.87845656353366,344.44052719215586,396948.0843594283,344.44052719215586,344.44052719215586,164.2353927611753,396603.6438322362,0.0,39.76878809204802,744.3280165627058,9611.821271166162,10.480706433216705,1663.157019301717,91.87845656353366
-144.0,True,True,True,0.0012691079814269662,4.7218342371886485e-05,12891.079814269662,672.1834237188648,0.5992517517391225,0.5881466113840516,0.008665111401256373,0.5968117227853079,0.03638046512507514,0.29840586139265396,0.15309494631142567,0.8991794748974132,50908.11481620346,2048.7076219095575,0.016523347987057912,0.052876643362909446,112.5199411750959,548.8389249307854,416590.20803491893,548.8389249307854,548.8389249307854,204.39839773862957,416041.36910998815,0.0,40.6025153927879,733.5372073031682,10030.302404324468,10.697525520936466,1649.2729428874861,112.5199411750959
-142.0,True,True,True,0.001322311325030842,5.016155985859126e-05,13423.113250308419,701.6155985859126,0.663291986822277,0.651000073467534,0.009417799125908167,0.6604178725934421,0.03625878815163594,0.33020893629672105,0.16982175739463828,1.2220961786034772,53034.866031701764,2166.4332198586685,0.01646222130986466,0.05081834558507485,134.31396082812566,795.6728269340069,437084.95358471206,795.6728269340069,795.6728269340069,246.8339020032215,436289.28075777803,0.0,41.45909438247653,722.881996275488,10464.443145468631,10.916946733046858,1635.398848052341,134.31396082812566
-140.0,True,True,True,0.0013774607704359577,5.323995919393355e-05,13974.607704359578,732.3995919393356,0.7333595520925467,0.719769169197404,0.010234921717457851,0.7300040909148618,0.03614587936821522,0.3650020454574309,0.18813681985240757,1.5800547558505231,55239.35103201103,2289.565763936258,0.01640382845695828,0.0488919875285303,157.2944691712188,1087.2812569333514,458463.87608542485,1087.2812569333514,1087.2812569333514,291.6084299993445,457376.5948284915,0.0,42.33924163468498,712.3685216509655,10914.479355244148,11.139034911138033,1621.5350600761185,157.2944691712188
-138.0,True,True,True,0.0014345779880275738,5.645822554198858e-05,14545.779880275739,764.5822554198859,0.8099372760563296,0.7949277794577698,0.011121360051449956,0.8060491395092197,0.0360409737877647,0.4030245697546099,0.20816795823666492,1.9763595339395956,57522.42957573075,2418.292630072872,0.016348071680976857,0.04708784928953343,181.49689646018896,1426.072622564759,480758.94359758333,1426.072622564759,1426.072622564759,338.79136563140764,479332.8709750186,0.0,43.24367872821948,702.0032043838169,11380.588156914335,11.363856984100691,1607.68191462509,181.49689646018896
-136.0,True,True,True,0.0014936761002489459,5.982123208145536e-05,15136.761002489458,798.2123208145536,0.8935354464751537,0.8769767355218024,0.012082252863955974,0.8890589883857584,0.035943384391927194,0.4445294941928792,0.23005030975864954,2.41457780193491,59884.61943067431,2552.8087121899307,0.01629485780723802,0.045396981411247164,206.95824451170776,1814.5277635366558,504002.4086803662,1814.5277635366558,1814.5277635366558,388.45514097189675,502187.8809168295,0.0,44.17312903317976,691.7927562322475,11862.876925868499,11.591482048853207,1593.8397581812683,206.95824451170776
-134.0,True,True,True,0.0015547581951124486,6.333405076536308e-05,15747.581951124486,833.3405076536308,0.9846913445711609,0.9664433618891733,0.013122989141519532,0.9795663510306929,0.03585249317479303,0.48978317551534645,0.253926207188083,2.8985543188816427,62326.03700429724,2693.316852374228,0.016244098013453945,0.04381114511622884,233.71718329978458,2255.2031913481483,528226.6567584649,2255.2031913481483,2255.2031913481483,440.67542781149245,525971.4535671168,0.0,45.12831397340329,681.7441869345225,12361.37115223021,11.821981454620245,1580.0089484924913,233.71718329978458
-132.0,True,True,True,0.0016178157007348476,6.700196353144458e-05,16378.157007348476,870.0196353144457,1.0839682858123472,1.0638805348471532,0.014249195299967099,1.0781297301471202,0.03576774332107025,0.5390648650735601,0.27994493160284817,3.432425457672574,64846.332435884164,2840.0282890606254,0.016195707624771367,0.04232275613811813,261.814149621631,2750.7345242695637,553464.0290786361,2750.7345242695637,2750.7345242695637,495.53133292141547,550713.2945543665,0.0,46.109948717332884,671.8648103118685,12876.001167940965,12.055428890929926,1566.1898550443937,261.814149621631
-130.0,True,True,True,0.0016828266234633642,7.083047398840558e-05,17028.26623463364,908.3047398840558,1.191954073802182,1.1698651650122511,0.015466716222564127,1.1853318812348153,0.03568863236288322,0.5926659406174076,0.3082623102080976,4.02063269948352,67444.61925558651,2993.1631242304384,0.01614960592326818,0.040924832227853904,291.2914482479788,3303.840122139173,579746.6180056842,3303.840122139173,3303.840122139173,553.1055978696095,576442.777883545,0.0,47.118737250053,662.1622490403018,13406.587759107213,12.291900479507488,1552.382859555495,291.2914482479788
-128.0,True,True,True,0.0017497536567603958,7.482531960452213e-05,17697.53656760396,948.2531960452213,1.3092587659627792,1.2849960044190245,0.016781589158856285,1.3017775935778808,0.035614706182325005,0.6508887967889404,0.3390401323476099,4.667935142039227,70119.39889931229,3152.95081068097,0.016105715971106344,0.039610944315730694,322.19335595901634,3917.3249263461685,607106.0324867497,3917.3249263461685,3917.3249263461685,613.4848042069952,603188.7075604035,0.0,48.15536678143839,652.644437802407,13952.826721958281,12.531474870247846,1538.5883564966575,322.19335595901634
-126.0,True,True,True,0.0018185421737182987,7.899248442669066e-05,18385.421737182987,989.9248442669066,1.436511643367229,1.4098906725065021,0.018200009433620018,1.4280906819401222,0.03554555374621899,0.7140453409700611,0.3724453551273479,5.379420629514185,72868.48059631405,3319.6306604891975,0.016063964446607227,0.03837517124290404,354.56622885925384,4594.0845111644385,635573.1316760372,4594.0845111644385,4594.0845111644385,676.75958481827,630979.0471648728,0.0,49.220501449442416,643.319624498629,14514.27246732921,12.774233341461136,1524.8067536362778,354.56622885925384
-124.0,True,True,True,0.0018891181229897397,8.333821235936319e-05,19091.181229897396,1033.3821235936318,1.574357273056405,1.5451817914068673,0.019728286888984318,1.5649100782958516,0.035480802475903045,0.7824550391479258,0.4086490689760544,6.160515053617588,75688.89742238527,3493.452375844715,0.016024281492572585,0.037212057929075296,388.45861335609607,5337.109353379788,665177.7249784075,5337.109353379788,5337.109353379788,743.02484221535,659840.6156250277,0.0,50.3147752839081,634.1963691664334,15090.32083504104,13.020259904592015,1511.0384726126433,388.45861335609607
-122.0,True,True,True,0.001961385856094121,8.786902103429134e-05,19813.858560941208,1078.6902103429134,1.7234505504549582,1.6915121202338004,0.021372791991941368,1.7128849122257417,0.03542011416870002,0.8564424561128708,0.44782519324155495,7.016989315835197,78576.81963782941,3674.6766034865236,0.015986600576227698,0.03611657681202549,423.92136118178536,6149.48932791767,695948.2371597646,6149.48932791767,6149.48932791767,812.3799745378819,689798.7478318469,0.0,51.438784405358945,625.2835402260537,15680.191346316087,13.269641413624164,1497.2839495349697,423.92136118178536
-120.0,True,True,True,0.002035225923506692,9.259171630315267e-05,20552.25923506692,1125.9171630315268,1.884450613221535,1.8495285817192642,0.023139890595569135,1.8726684723148332,0.03536318139949724,0.9363342361574166,0.49014887286657466,7.954963381943326,81527.46680617105,3863.5755140239853,0.015950858360209434,0.0350840923758077,461.0077488324796,7034.418437931936,727911.3377056041,7034.418437931936,7034.418437931936,884.9291100142655,720876.9192676722,0.0,52.593078445450196,616.5903076448395,16282.909199523467,13.522467679388612,1483.5436356147393,461.0077488324796
-118.0,True,True,True,0.002110492887570825,9.751340738669152e-05,21304.928875708247,1175.134073866915,2.058013527324088,2.019875083828109,0.02503586645812236,2.0449109502862317,0.03530972434084479,1.0224554751431159,0.535794549647709,8.980906804457609,84535.02061356315,4060.4334074844273,0.0159169945840633,0.034110328574530495,499.77360179721995,7995.199788561636,761091.5343065503,7995.199788561636,7995.199788561636,960.7813506296998,753096.3345179886,0.0,53.77815119157391,608.1261325903178,16897.287401422665,13.77883158900647,1469.8179978290395,499.77360179721995
-116.0,True,True,True,0.0021870132119141765,0.00010264152271479642,22070.132119141766,1226.4152271479643,2.2447836626824884,2.2031840552245003,0.027066830812944843,2.230250886037445,0.03525948794849447,1.1151254430187225,0.5849336859169229,10.101635040022241,87592.54077271781,4265.54734646113,0.01588495195574889,0.03319133895571126,540.2774239440063,9035.25081430286,795510.7312291554,9035.25081430286,9035.25081430286,1040.0510257412252,786475.4804148526,0.0,54.99443047787619,599.9007531269956,17521.909521182442,14.03882923070465,1456.1075196177317,540.2774239440063
-114.0,True,True,True,0.002264583299372227,0.00010798382649360808,22845.83299372227,1279.8382649360808,2.445383700797331,2.40006663807612,0.029238618557565856,2.429305256633686,0.035212239466549264,1.214652628316843,0.6377321250768091,11.324300851015973,90691.88688598982,4479.227818302116,0.01585467605268297,0.03232347928890346,582.5805324329766,10158.108770679844,831187.754405494,10158.108770679844,10158.108770679844,1122.8579563769836,821029.6456348142,0.0,56.24226736895893,591.9241655061832,18155.11365515613,14.302560024253536,1442.4127016163598,582.5805324329766
-112.0,True,True,True,0.0023429677629454135,0.00011354843603604118,23629.677629454134,1335.4843603604118,2.6604032516531375,2.6111015159052595,0.031556671004070565,2.64265818690933,0.0351677662125981,1.321329093454665,0.6943470826067849,12.656380058699568,93823.64964067853,4701.799427791341,0.015826115231873644,0.031503382510766585,626.7471985197674,11367.436501632588,868137.846353404,11367.436501632588,11367.436501632588,1209.3277309527439,856770.4098517714,0.0,57.52192471093871,584.2066006044117,18794.97829275394,14.570126857286288,1428.7340624268572,626.7471985197674
-110.0,True,True,True,0.0024218980263654806,0.00011934383989381135,24418.980263654805,1393.4383989381136,2.8903861029769957,2.836822399140082,0.03402590561484228,2.8708483047549245,0.03512587360850439,1.4354241523774622,0.7549237732399331,14.105650914546287,96977.09518880941,4933.601621841883,0.015799220548717623,0.030727935805282346,672.8447946174792,12667.028494769835,906372.1355184274,12667.028494769835,12667.028494769835,1299.5919931372464,893705.1070236575,0.0,58.83356515725332,576.7584950872476,19439.310872269376,14.841636227768317,1415.0721394282075,672.8447946174792
-108.0,True,True,True,0.002501071361551669,0.0001253789168290333,25210.713615516688,1453.789168290333,3.1358161822346378,3.0777042472584704,0.03665057374216152,3.114354821000632,0.03508638342706885,1.557177410500316,0.819591695148061,15.680166382934281,100140.12698886827,5174.989447719375,0.01577394568404606,0.029994259647177227,720.9439479783076,14060.817237365622,945897.0862937723,14060.817237365622,14060.817237365622,1393.788742595787,931836.2690564067,0.0,60.17723881330511,569.5904569145904,20085.63990307559,15.117198392896556,1401.4274896293698,720.9439479783076
-106.0,True,True,True,0.0025801504785275316,0.0001316629556644556,26001.504785275316,1516.629556644556,3.3971023806199434,3.3341483740144637,0.03943410809542325,3.373582482109887,0.0350491322286833,1.6867912410549435,0.8884606101874806,17.388218688269824,103299.26971552882,5426.334346353453,0.015750246879011914,0.029299688646648142,771.1187013574063,15552.879886701336,986713.9377953095,15552.879886701336,15552.879886701336,1492.062649335714,971161.0579086081,0.0,61.55287068402003,562.713224863781,20731.211598461585,15.396927524718404,1387.8006905669088,771.1187013574063
-104.0,True,True,True,0.0026587637879991275,0.0001382056760516399,26787.637879991275,1582.056760516399,3.674562467820384,3.6064666602900863,0.042378962464201204,3.6488456227542874,0.03501396996544735,1.8244228113771437,0.9616162803115331,19.238295578768838,106439.68002574724,5688.024982304248,0.01572808287741419,0.028641754044056392,823.4466810178503,17147.445269076594,1028818.1413951211,17147.445269076594,17147.445269076594,1594.5653823752582,1011670.6961260445,0.0,62.960248150577996,556.137621830696,21372.99200135005,15.680941872768845,1374.1923412499189,823.4466810178503
-102.0,True,True,True,0.0027365064563929,0.00014501725019629708,27565.064563929,1650.1725019629707,3.9684064145051154,3.8948651856457155,0.04548644710615404,3.9403516327518697,0.03498075873310967,1.9701758163759349,1.0391160436199127,21.239027902700283,109545.18895109536,5960.468111946677,0.015707414875053123,0.028018167713900633,878.0092724298001,18848.901222524244,1072198.8089784824,18848.901222524244,18848.901222524244,1701.4559534476502,1053349.9077559581,0.0,64.39900874537783,549.8745017786472,22007.67558201123,15.969363934035696,1360.6030631549993,878.0092724298001
-100.0,True,True,True,0.0028129423663266783,0.00015210832557982978,28329.42366326678,1721.0832557982978,4.278719532945152,4.1994276813728515,0.04875656412966349,4.248184245502515,0.03494937165368563,2.1240921227512577,1.1209843383106604,23.399128284630855,112598.38041160985,6244.08949142819,0.015688206475702376,0.027426807547827493,934.8918040111645,20661.80229896521,1116838.1857917865,20661.80229896521,20661.80229896521,1812.901076440965,1096176.3834928214,0.0,65.86862853566832,543.9346903413889,22631.701231292893,16.26232063057043,1347.033501274195,934.8918040111645
-98.0,True,True,True,0.002887607080916978,0.00015949004871548472,29076.070809169778,1794.9004871548473,4.605445940066274,4.520099300004398,0.052187848110775516,4.572287148115174,0.034919691873756285,2.286143574057587,1.2072083077433655,25.727320930684883,115580.7097632146,6539.334825929294,0.015670423653275357,0.026865704096565534,994.1837392479538,22590.877842224327,1162711.1634770848,22590.877842224327,22590.877842224327,1929.0755432591177,1140120.2856348604,0.0,67.36841146367631,538.3289192499337,23241.27645400549,16.559943495071828,1333.4843252190035,994.1837392479538
-96.0,True,True,True,0.0029600118869689386,0.00016717408997611518,29800.118869689388,1871.7408997611517,4.948372935225159,4.856671282596811,0.0557772180171062,4.912448500613918,0.03489161166531686,2.456224250306959,1.2977336432389268,28.232262881667175,118472.6653576693,6846.67076169932,0.015654034719748626,0.026333028360360434,1055.9788775176837,24641.040458989963,1209784.8503074993,24641.040458989963,24641.040458989963,2050.162616765636,1185143.8098485093,0.0,68.89748002152483,533.067754941409,23832.410376408927,16.862368864777928,1319.956230383739,1055.9788775176837
-94.0,True,True,True,0.0030296489593329744,0.0001751726695294502,30496.489593329745,1951.726695294502,5.3071169594347785,5.20876717815461,0.05951984719011756,5.268287025344728,0.03486503161765537,2.634143512672364,1.392460841106804,30.922457366012907,121253.97478660292,7166.585922295198,0.01563901029839143,0.025827080626588266,1120.3755639271533,26817.3949004348,1258018.2165980805,26817.3949004348,26817.3949004348,2176.354441444837,1231200.8216976456,0.0,70.45476765949945,528.1615219181981,24400.955914172362,17.169738084006752,1306.4499391717293,1120.3755639271533
-92.0,True,True,True,0.0030959976465908543,0.00018349858441356112,31159.97646590854,2034.9858441356112,5.681111854971384,5.575831320806538,0.06340905857491026,5.639240379381448,0.034839859910146015,2.819620189690724,1.491242064406206,33.80616027152592,123903.8558016175,7499.591990321911,0.01562532330183382,0.02534628026186795,1187.4769084472691,29125.247372809223,1307361.8336153333,29125.247372809223,29125.247372809223,2307.852472374423,1278236.586242524,0.0,72.03901333293878,523.6202216514246,24942.661103080434,17.482197715695126,1292.966202288063,1187.4769084472691
-90.0,True,True,True,0.003158531827608786,0.00019216523678280484,31785.318276087863,2121.652367828048,6.069600165384678,5.957120291041145,0.06743625249627327,6.024556543537418,0.03481601165705778,3.012278271768709,1.5938788057541549,36.89128114168628,126401.3098849961,7846.224835876178,0.01561294891449301,0.024889156373930653,1257.3910146055778,31570.11529586207,1357757.7238995277,31570.11529586207,31570.11529586207,2444.867923052847,1326187.6086036656,0.0,73.64875858298282,519.4534480560754,25453.22918111391,17.799899762286124,1279.505800102787,1257.3910146055778
-88.0,True,True,True,0.0032167282312336744,0.00020118666335033807,32367.282312336745,2211.8666335033804,6.4716281974673775,6.351698069186339,0.07159087398053388,6.423288943166873,0.03479340831654024,3.2116444715834365,1.7001205428470394,40.185280490287475,128725.45416479363,8207.045692726586,0.01560186457886456,0.024454339265934887,1330.2312179610497,34157.7375284287,1409139.3396232305,34157.7375284287,34157.7375284287,2587.6222325666276,1374981.6020948018,0.0,75.28234751691566,515.6703007956252,25928.38654258898,18.123001896320403,1266.0695440887291,1330.2312179610497
-86.0,True,True,True,0.0032700755503726055,0.00021057756604776434,32900.75550372605,2305.775660477643,6.886045501897666,6.758435525676405,0.07586042585227863,6.834295951528683,0.03477197715687477,3.4171479757643417,1.8096645614428226,43.695065594577336,130855.8849380896,8582.642383041186,0.015592049985178075,0.02404055261277873,1406.1163345388773,36894.08508092862,1461431.6833519954,36894.08508092862,36894.08508092862,2736.347552499923,1424537.5982710668,0.0,76.93793000301098,512.2792978894419,26363.95718617589,18.451667701085455,1252.6582783383456,1406.1163345388773
-84.0,True,True,True,0.0033180841207513774,0.00022035334391650726,33380.841207513775,2403.5334391650727,7.3115093140382985,7.176014779555651,0.08023053256090332,7.256245312116554,0.034751650773885895,3.628122656058277,1.9221570902792846,47.426887246299444,132773.06364091553,8973.630591233923,0.015583487063916213,0.023646606295229584,1485.1709193528006,39785.3723348203,1514551.5823186068,39785.3723348203,39785.3723348203,2891.287253891678,1474766.2099837866,0.0,78.61346832198788,509.2882892830548,26755.941780435474,18.78606692167456,1239.2728811642503,1485.1709193528006
-82.0,True,True,True,0.0033602958784364058,0.0002305301262378736,33802.958784364055,2505.301262378736,7.7464943305255085,7.602938793890719,0.08468505792115018,7.687623851811869,0.0347323666541145,3.8438119259059347,2.037195848697693,51.38624018527642,134458.71386749457,9380.655187194941,0.015576159980701233,0.023271389833462372,1567.525535078947,42838.068789252044,1568408.1231099912,42838.068789252044,42838.068789252044,3052.696454431745,1525570.0543207391,0.0,80.3067474232814,506.704373185484,27100.599010948834,19.126375726802255,1225.914266788383,1567.525535078947
-80.0,True,True,True,0.0033962942637680575,0.00024112480689844002,34162.94263768058,2611.2480689844,8.189307985213524,8.037546368626227,0.08920627773841706,8.126752646364645,0.034714066778974935,4.063376323182323,2.154334051746339,55.57777008572045,135896.21619548468,9804.391598755567,0.015570055133069522,0.022913866366913307,1653.3170308598155,46058.91135519081,1622903.2486143378,46058.91135519081,46058.91135519081,3220.842565938765,1576844.3372591469,0.0,82.01538882194866,504.5338170656905,27394.526493397643,19.47277698171191,1212.583387125027,1653.3170308598155
-78.0,True,True,True,0.0034257137077081993,0.00025215507997681076,34457.13707708199,2721.5507997681075,8.63811113944818,8.478032447432883,0.09377510574062373,8.571807553173507,0.034696697265659375,4.285903776586753,2.2730858518010266,60.00518998926782,137070.9863172412,10245.547232814151,0.015565161148679355,0.022573067132140526,1742.6888311296775,49454.9172171803,1677932.5133858353,49454.9172171803,49454.9172171803,3396.0058619894917,1628477.596168655,0.0,83.73686804560816,502.7819852203696,27634.738278099954,19.825460532498248,1199.2812336632144,1742.6888311296775
-76.0,True,True,True,0.0034482483240884914,0.00026363947652338117,34682.48324088491,2836.3947652338115,9.090943830853162,8.92247338932554,0.09837136850572228,9.020844757831263,0.03468020804103086,4.5104223789156315,2.392933124037877,64.67120896510673,137970.82148203652,10704.862943971133,0.015561468884534364,0.022248086394808544,1835.7912342342515,53033.39728254423,1733385.9875329328,53033.39728254423,53033.39728254423,3578.480065363932,1680352.5902503885,0.0,85.46853540646569,501.45327476904765,27818.735868997443,20.184623502146536,1186.0088394543475,1835.7912342342515
-74.0,True,True,True,0.0034636594410092036,0.000275597402488458,34836.59441009204,2955.97402488458,9.545755450467611,9.368856586567794,0.10297412235024848,9.471830708918043,0.03466455254516559,4.735915354459022,2.51333343035397,69.57747551949858,138586.20064571116,11183.114548869187,0.015558971426851247,0.021938076795909093,1932.7817204839623,56801.970237262445,1789149.293161633,56801.970237262445,56801.970237262445,3768.5729547182127,1732347.3229243704,0.0,87.20763973870454,500.55106179565774,27944.569759702852,20.5504705985658,1172.7672812112116,1932.7817204839623
-72.0,True,True,True,0.003471781638028207,0.00028804917773468723,34917.81638028207,3080.4917773468724,10.000438461084105,9.815113558152598,0.10756200264139933,9.922675560793998,0.03464968746157384,4.961337780396999,2.6337289280888023,74.72453787794134,138910.52505570132,11681.114383656786,0.015557664091259152,0.021642245075970876,2033.8252691211842,60768.577226867594,1845104.7516833167,60768.577226867594,60768.577226867594,3966.6069896051486,1784336.174456449,0.0,88.95135461460082,500.0776591390778,28010.88876198096,20.92321443485796,1159.5576815248698,2033.8252691211842
-70.0,True,True,True,0.003472527012085075,0.00030101607604641334,34925.27012085075,3210.1607604641335,10.452864551430254,10.259155433986217,0.11211359392582468,10.371269027912042,0.03463557247145508,5.185634513956021,2.753555931835433,80.11182273786558,138940.28824227903,12199.712901059263,0.015557544423084033,0.02135984814432741,2139.094683491064,64941.49717947984,1901132.61530745,64941.49717947984,64941.49717947984,4172.919952612247,1836191.1181279703,0.0,89.3031935579091,500.0342870450927,28016.97486215245,21.303075862024723,1146.3812112062963,2139.094683491064
-68.0,True,True,True,0.0034658874713403764,0.00031452036602182043,34858.87471340376,3345.2036602182043,10.900921960764167,10.698909587796317,0.11660780782013551,10.815517395616453,0.034622170029629536,5.407758697808227,2.872254793884708,85.73763346358572,138675.16742227363,12739.80030246896,0.015558612197546465,0.021090189463508723,2248.7709234865824,69329.36278645748,1957112.3521335807,69329.36278645748,69329.36278645748,4387.865606977641,1887782.9893471233,0.0,87.55889624008674,500.42105754053654,27962.761963978235,21.69028431425964,1133.2390917599444,2248.7709234865824
-66.0,True,True,True,0.003451934947268872,0.00032858535270153936,34719.34947268872,3485.8535270153934,11.342552621511121,11.132356091453259,0.12102425492099687,11.253380346374255,0.03460944516004271,5.626690173187128,2.989279745414821,91.59916800288525,138118.03195036002,13302.3081991781,0.015560869419781556,0.020832615721559096,2363.043444075731,73941.1771540198,2012923.951719231,73941.1771540198,73941.1771540198,4611.814367562314,1938982.7745652113,0.0,85.81863300981699,501.23697299381024,27848.837621671963,22.085078166910417,1120.1325979968221,2363.043444075731
-64.0,True,True,True,0.003430819514810676,0.0003432354197505011,34508.19514810676,3632.354197505011,11.77578776254253,11.55756265846058,0.12534359714121762,11.682906255601797,0.034597365268963925,5.841453127800898,3.104108338778392,97.69255608707846,137274.86841208677,13888.211295400528,0.01556432032467216,0.020586513767550878,2482.110538417227,78786.33113651276,2068449.217020603,78786.33113651276,78786.33113651276,4845.153982492964,1989662.88588409,0.0,84.08524211346187,502.47993890474544,27676.427679699947,22.487705107118614,1107.0630607950154,2482.110538417227
-62.0,True,True,True,0.0034027655106208636,0.0003584960719666246,34227.65510620864,3784.960719666246,12.198780693810852,11.9727168210356,0.1295478678596196,12.10226468889522,0.03458589997419909,6.05113234444761,3.2162501515065407,104.01291457736339,136154.62594255767,14498.529083999387,0.015568971376570697,0.020351307787808345,2606.179683718496,83874.62135864848,2123573.0092556486,83874.62135864848,83874.62135864848,5088.290222135722,2039698.3878970002,0.0,82.36149206953526,504.1467905432496,27447.36455534595,22.898422517049408,1094.0318700159544,2606.179683718496
-60.0,True,True,True,0.0033680658328672643,0.00037439397783948505,33880.658328672645,3943.9397783948507,12.609835647924333,12.376154237201417,0.133620749007673,12.50977498620909,0.03457502094881478,6.254887493104545,3.325254453286065,110.554419182156,134768.9890729827,15134.327543819105,0.015574831269065205,0.020126456702393644,2735.467887577827,89216.26892994481,2178184.414474504,89216.26892994481,89216.26892994481,5341.647571296329,2088968.1455445592,0.0,80.65005502203054,506.23333265292894,27164.04066350955,23.317497869514828,1081.040477585117,2735.467887577827
-58.0,True,True,True,0.003327074685734115,0.00039095701182395863,33470.74685734115,4109.570118239586,13.00743177249746,12.76638223851883,0.13754779655742913,12.90393003507626,0.03456470177802774,6.45196501753813,3.430716594656739,117.3103902300988,133132.08858083686,15796.720825192935,0.015581910925021434,0.01991145176325015,2870.202032077876,94821.93884960051,2232177.8042726847,94821.93884960051,94821.93884960051,5605.669919655702,2137355.8654230842,0.0,78.95348246029697,508.73439107363765,26829.349134671284,23.74520913565958,1068.0904007461907,2870.202032077876
-56.0,True,True,True,0.0032801990924176067,0.00040821429592686434,33001.99092417607,4282.142959268644,13.390241630111928,13.142097987212004,0.1413166086260956,13.2834145958381,0.03455491782805429,6.64170729791905,3.5322829456062057,124.27338977036175,131260.16323418022,16486.872907517652,0.015590223497201579,0.01970581433706745,3010.6192123510527,100702.76009402944,2285453.767879775,100702.76009402944,100702.76009402944,5880.821244428924,2184751.0077857454,0.0,77.27418381598233,511.6438748333438,26446.61447241871,24.181845204224647,1055.183225498097,3010.6192123510527
-54.0,True,True,True,0.0032278895385470874,0.0004261962401270143,32478.895385470874,4461.962401270143,13.757143848740919,13.502200892159163,0.1449169333486146,13.647117825507777,0.03454564612583823,6.823558912753889,3.629654287867096,131.43532700383506,129171.18684141264,17205.99920968222,0.015599784369819254,0.019509093857451722,3156.9670657037414,106870.34637208423,2337919.898460785,106870.34637208423,106870.34637208423,6167.5862780547905,2231049.5520887007,0.0,75.61440832325835,514.9548470275118,26019.516108591222,24.6277063117186,1042.3206102245879,3156.9670657037414
-52.0,True,True,True,0.0031706301224372897,0.00044493458105995245,31906.301224372895,4649.345810599524,14.107229852227011,13.845799214643446,0.14834071656547376,13.99413993120892,0.034536865248688306,6.99706996560446,3.722587640640583,138.78756893234274,126884.47559660762,17955.36813057204,0.015610611161440593,0.019320865932361063,3309.504086658903,113336.81752444687,2389491.42250158,113336.81752444687,113336.81752444687,6466.4711523626465,2276154.6049771328,0.0,73.97623039467105,518.6596026510883,25552.007932203865,25.08310448261386,1029.5042895264419,3309.504086658903
-50.0,True,True,True,0.0031089285803580675,0.00046446241829689784,31289.285803580675,4844.624182968978,14.439804867454495,14.172211056860633,0.15158209202661277,14.323793148887246,0.034528555222955025,7.161896574443623,3.810896570271376,146.3210531432547,124420.29038653243,18736.302492800678,0.01562272372967911,0.019140730594008837,3468.499922445877,120114.82153355166,2440091.6672347123,120114.82153355166,120114.82153355166,6778.004009104785,2319976.845701161,0.0,72.36153862988976,522.7497514758654,25048.23680092867,25.5483639784341,1016.73607826655,3468.499922445877
-48.0,True,True,True,0.0030433065268947166,0.00048481424743091546,30633.065268947164,5048.142474309155,14.75438363538055,14.480960152432115,0.1546373190609045,14.63559747149302,0.034520697430965974,7.31779873574651,3.89445009560627,154.02639980913233,121799.44760943615,19550.180858162537,0.015636144178159925,0.018968310679568934,3634.2356425154003,127217.55709851293,2489652.366849564,127217.55709851293,127217.55709851293,7102.735564961273,2362434.809751051,0.0,70.77202844606506,527.2163040712883,24512.46281392298,26.023821754308223,1004.0178758383889,3634.2356425154003
-46.0,True,True,True,0.002974290206630394,0.0005060259890496489,29942.902066303937,5260.25989049649,15.050681435308297,14.77176705701321,0.15750467439482901,14.92927173140804,0.03451327452551892,7.46463586570402,3.97317034924316,161.89402025398175,119042.95031315382,20398.43867795502,0.015650896866246444,0.018803250332049302,3807.0039745665995,134658.79671559494,2538113.8134297645,134658.79671559494,134658.79671559494,7441.239617082014,2403455.0167141696,0.0,69.20919820287752,532.0497591418882,23948.983766277295,26.509827921230716,991.3516706685355,3807.0039745665995
-44.0,True,True,True,0.002902401998725873,0.0005281350125233884,29224.01998725873,5481.350125233884,15.328601159449963,15.04453646238638,0.16018430597096936,15.20472076835735,0.03450627035130248,7.602360384178675,4.0470291889430055,169.91421979216793,116171.64928629171,21282.569235299998,0.01566700842203049,0.018645213611624852,3987.10949834368,142452.91018850522,2585424.8629545327,142452.91018850522,142452.91018850522,7794.113472910278,2442971.9527660273,0.0,67.67434859746167,537.2401904883246,23362.06575849105,27.006746211880127,978.7395449639507,3987.10949834368
-42.0,True,True,True,0.0028281528555907363,0.0005511801533656561,28481.528555907364,5711.80153365656,15.588217246860202,15.299341428125706,0.16267805721620496,15.46201948534191,0.034499669872678426,7.731009742670955,4.116043972825225,178.07729295393617,113205.94133361633,22204.12432973602,0.015684507759086898,0.01849388320856861,4174.868787059376,150614.88847390827,2631542.8101538154,150614.88847390827,150614.88847390827,8161.978285403049,2480927.921679907,0.0,66.16858502720805,542.7773320783039,22755.881440791483,27.514954447398274,966.1836797147091,4174.868787059376
-40.0,True,True,True,0.002752035795483173,0.0005752017227292708,27720.357954831732,5952.0172272927075,15.829757305745403,15.536405344475641,0.16498927028571622,15.701394614761357,0.03449345910731669,7.8506973073806785,4.180272717512027,186.37360964427342,110165.5095242186,23164.714646590957,0.015703426097487566,0.01834895924969144,4370.610484716606,159160.36774568426,2676433.1484652185,159160.36774568426,159160.36774568426,8545.479271775985,2517272.780719534,0.0,64.69282256319782,548.6506599244892,22134.45687061138,28.034845002022312,953.6863599627101,4370.610484716606
-38.0,True,True,True,0.0026745205105877007,0.0006002415073831468,26945.20510587701,6202.415073831468,16.05358222802305,15.75608241542095,0.16712257644069858,15.923204991861649,0.03448762506522467,7.9616024959308245,4.2398088519795,194.79369121376493,107069.10787960161,24166.00974494635,0.01572379698955834,0.018210158190894492,4574.675305822605,168105.65353622346,2720069.2328210245,168105.65353622346,168105.65353622346,8945.285790539201,2551963.579284801,0.0,63.24779314334091,554.8494696949911,21501.62748519448,28.5668252618728,941.249980346577,4574.675305822605
-36.0,True,True,True,0.0025960490999738066,0.0006263427582695318,26160.490999738067,6463.427582695318,16.260165538807296,15.958837390860968,0.16908368100105925,16.127921071862026,0.03448215569275877,8.063960535931013,4.294775763882015,203.32827582962645,103934.3908909962,25209.737588194723,0.015745656350849183,0.018077211789077494,4787.415941984863,177467.74478403092,2762431.8635714278,177467.74478403092,177467.74478403092,9362.09124780746,2584964.1187873967,0.0,61.8340545805225,561.3629492156941,20861.003265208983,29.111318073531432,928.8770509324621,4787.415941984863
-34.0,True,True,True,0.002517032892906706,0.0006535501654682615,25370.32892906706,6735.5016546826155,16.450072636482346,16.145225191399238,0.17087914935595197,16.31610434075519,0.03447703982124613,8.158052170377594,4.345321312249262,211.96837290575772,100777.78650367234,26297.683530282102,0.015769042496771534,0.0179498661472194,5009.196857648427,187264.3575836642,2803508.8096429827,187264.3575836642,187264.3575836642,9796.612799633294,2616244.4520593183,0.0,60.45200098464662,568.1802452516695,20215.942806345804,29.668762177279863,916.5702033397409,5009.196857648427
-32.0,True,True,True,0.0024378502933008485,0.0006819098170895094,24578.502933008487,7019.098170895094,16.623940475963884,16.315870968108207,0.17251619941455937,16.488387167522767,0.03447226711988187,8.244193583761383,4.391612453295744,220.70530667130274,97614.4098223129,27431.688658543742,0.01579399618534285,0.017827880826976845,5240.393954742683,197513.94839605532,2843294.28818195,197513.94839605532,197513.94839605532,10249.590812391107,2645780.3397858944,0.0,59.10187421526925,575.2905241686801,19569.535732621178,30.239612619005964,904.3321971695954,5240.393954742683
-30.0,True,True,True,0.0023588455508872564,0.0007114691392796762,23788.455508872565,7314.691392796762,16.7824581378345,16.47145103175116,0.17400250472939524,16.645453536480556,0.0344678280525994,8.322726768240278,4.43383009706698,229.53074922166547,94458.0137842676,28613.64738059259,0.015820560666464065,0.01771102802362256,5481.394083255457,208235.73643405346,2881788.4165937556,208235.73643405346,208235.73643405346,10721.788037998136,2673552.680159702,0.0,57.78377601018995,582.6830262690161,18924.592679184578,30.824341133806207,892.1659267431655,5481.394083255457
-28.0,True,True,True,0.0022803283483979913,0.000742276814154116,23003.283483979914,7622.76814154116,16.926348616741784,16.612674978671873,0.17534601139825554,16.788020990070127,0.034463713838641365,8.394010495035063,4.4721642837558635,238.43674360248832,91320.97239666898,29845.504127912543,0.015848781738144847,0.01759909179858211,5732.594371722857,219449.72488903176,2918996.65121262,219449.72488903176,219449.72488903176,11213.988454978302,2699546.9263235885,0.0,56.497680471619766,590.3471137645372,18283.64193968008,31.42343649321159,880.0744281542751,5732.594371722857
-26.0,True,True,True,0.0022025740857824112,0.00077438267206494,22225.740857824112,7943.8267206494,17.05635205969176,16.740269239710553,0.17655477080607831,16.91682401051663,0.03445991641658527,8.458412005258316,4.506809741331117,247.4157176275753,88214.29180045736,31129.24903262766,0.01587870781008442,0.017491867365224716,5994.401348311989,231176.7206090666,2954929.2249579555,231176.7206090666,231176.7206090666,11726.995720034844,2723752.504348889,0.0,55.243446632332855,598.2723124917857,17648.93180565538,32.03740480672706,868.0608866395984,5994.401348311989
-24.0,True,True,True,0.002125824740885615,0.0008078375541722296,21458.24740885615,8278.375541722296,17.17321059275849,16.854962188100014,0.17763678934286767,17.03259897744288,0.034456428411602194,8.51629948872144,4.537961861720259,256.4604892306267,85147.64435871941,32466.91241636712,0.01591038997501236,0.01738916042392676,6267.22981958071,243438.3517769593,2989600.594376343,243438.3517769593,243438.3517769593,12261.631167892687,2746162.2425993835,0.0,54.02083086690624,606.448347589,17022.437612731792,32.666769766991344,856.1286442665004,6267.22981958071
-22.0,True,True,True,0.002050290189748047,0.0008426931408149717,20702.901897480468,8626.931408149718,17.27765479580906,16.95747086483667,0.17859989545117422,17.136070760287843,0.0344532431057488,8.568035380143922,4.565813111862181,265.56426420420917,82129.42111308944,33860.55791131932,0.015943882088195364,0.017290786542755596,6551.501470142888,256257.08306668288,3023028.9045279343,256257.08306668288,256257.08306668288,12818.731289723597,2766771.8214612515,0.0,52.829498955599625,614.8651734437876,16405.872538859767,33.3120728263244,844.2812079355385,6551.501470142888
-20.0,True,True,True,0.001976149877342095,0.0008790017406739819,19961.498773420954,8990.017406739818,17.37039182016378,17.04848931654044,0.17945162372415782,17.2279409402646,0.03445035441111359,8.6139704701323,4.59054987877466,274.72062719484603,79166.7982552141,35312.27401347099,0.015979240855522575,0.01719657058042825,6847.643142349903,269656.2276791757,3055235.4783294634,269656.2276791757,269656.2276791757,13399.14461249279,2785579.2506502876,0.0,51.66903764895938,623.5129982850012,15800.701262669216,33.97387329072178,832.5222576906722,6847.643142349903
-18.0,True,True,True,0.0019035547398713443,0.000916816035194506,19235.547398713443,9368.16035194506,17.452095093845553,17.128678491483125,0.1801991152921796,17.308877606775305,0.03444775684565602,8.654438803387652,4.612349734420215,283.9235268080409,76265.81366966011,36824.16384712018,0.01601652593059446,0.017106346148468097,7156.084750813243,283659.95557233883,3086244.3352663917,283659.95557233883,283659.95557233883,14003.727893163159,2802584.379694053,0.0,50.53896561866156,632.382303835652,15208.155674259164,34.65274831547581,820.8556553255125,7156.084750813243
-16.0,True,True,True,0.0018326292916142997,0.0009561887721901244,18526.292916142997,9761.887721901245,17.523395522283348,17.19865760335759,0.18084903339059438,17.379506636748182,0.034445445511595035,8.689753318374091,4.63137909635645,293.16725563881755,73431.45007605887,38398.33289799895,0.0160558000212576,0.017019955109742496,7477.256782130707,298293.2971052828,3116081.742868365,298293.2971052828,298293.2971052828,14633.341532943945,2817788.4457630822,0.0,49.43874371366576,641.46386046829,14629.251927714091,35.34929278453975,809.285453268268,7477.256782130707
-14.0,True,True,True,0.0017634738017817868,0.0009971724020021208,17834.73801781787,10171.724020021207,17.584874067905563,17.25899684838372,0.18140749278099358,17.440404341164715,0.034443416076219195,8.720202170582358,4.647791253632287,302.4464259888063,70667.72179523752,40036.874450545925,0.016097129006050658,0.01693724711079099,7811.587325704242,313582.14121311775,3144775.803022789,313582.14121311775,313582.14121311775,15288.844107834972,2831193.661809671,0.0,48.36778447003743,650.7487383133896,14064.808226709787,36.064119053511114,797.8159037213903,7811.587325704242
-12.0,True,True,True,0.001696166499264798,0.001039818649049023,17161.66499264798,10598.186490490229,17.63705557827733,17.310211347820708,0.18188000158404846,17.492091349404756,0.03444166475500526,8.746045674702378,4.6617247236885095,311.7559419661271,67977.76265820302,41741.852443409836,0.016140582061055793,0.016858079145567625,8159.498577127238,329553.2271159492,3172356.074085471,329553.2271159492,329553.2271159492,15971.085902831459,2842802.846969522,0.0,47.32546084768584,660.2283147676776,13515.462835972385,36.79785653368696,786.4514680240366,8159.498577127238
-10.0,True,True,True,0.0016307657549583477,0.0010841780110952208,16507.657549583477,11041.780110952208,17.680403727729374,17.352756183335995,0.1822714140576246,17.53502759739362,0.034440188296946575,8.76751379869681,4.673301904725125,321.09096859454075,65363.91304738749,43515.28143716784,0.016186231797683772,0.016782315148412476,8521.40275148243,346234.1284445589,3198853.2288292875,346234.1284445589,346234.1284445589,16680.901328609674,2852619.1003847285,0.0,46.31111418787141,669.8942788359824,12981.69190784407,37.55115109205689,775.1968261963093,8521.40275148243
-8.0,True,True,True,0.0015673122022024164,0.001130299178116814,15873.122022024165,11502.99178116814,17.71531694001845,17.38702239522567,0.18258589290055005,17.569608288126222,0.03443898397200548,8.784804144063111,4.682627988640391,330.44689848790625,62827.804492340925,45359.103370363446,0.016234154411961334,0.016709825614249635,8897.69734020333,363653.22853624466,3224298.7475390267,363653.22853624466,363653.22853624466,17419.100091685774,2860645.519002782,0.0,45.324061401913646,679.738632719438,12463.826801895055,38.324664239360175,764.0568866135775,8897.69734020333
-6.0,True,True,True,0.0015058307655757511,0.0011782283622907906,15258.307655757511,11982.283622907906,17.742125168114047,17.41333382187712,0.18282687976662923,17.59616070164375,0.03443804956061671,8.798080350821875,4.6897901018728705,339.8193165784195,60370.440628742814,47275.16076605415,0.016284429845934624,0.016640487244166943,9288.759642267876,381839.6855187159,3248724.644995634,381839.6855187159,381839.6855187159,18186.456982471223,2866884.959476918,0.0,44.36360141444689,689.7536910370056,11962.070654712079,39.11907207547709,753.0367957469172,9288.759642267876
-4.0,True,True,True,0.0014463325767129168,0.0012280085304130866,14663.325767129169,12480.085304130866,17.76108742017802,17.431944671596405,0.1829970728196198,17.614941744416026,0.034437383345180865,8.807470872208013,4.694856644880022,349.20396332517237,57992.27366618719,49265.16604241848,0.01633714196185347,0.01657418261468763,9694.940498681504,400823.3856596653,3272163.229676227,400823.3856596653,400823.3856596653,18983.700140949397,2871339.8440165618,0.0,43.42902089424374,699.9320780380854,11476.514025880831,39.93506395849268,742.1419478916772,9694.940498681504
-2.0,True,True,True,0.0013888167629763654,0.0012796785300259598,14088.167629763655,12996.785300259598,17.77238993721007,17.443037734025044,0.18309841033820545,17.62613614436325,0.03443698410349879,8.813068072181625,4.6978768053035,358.5966967753559,55693.27579610542,51330.66658016035,0.01639237872986034,0.016510799869178392,10116.557158989312,420634.8833173361,3294646.8932067677,420634.8833173361,420634.8833173361,19811.497657670814,2874012.0098894318,0.0,42.51959931249612,710.266723133035,11007.149504659727,40.77334086082664,731.3779947902156,10116.557158989312
0.0,True,True,True,0.0013332721007623051,0.0013332721007623051,13532.721007623051,13532.721007623051,17.7761449467113,17.446723156900244,0.18313205958111825,17.629855216481364,0.03443685110410862,8.814927608240682,4.698880224847498,367.9934538055069,53473.00520873663,53473.00520873663,0.0164502324299673,0.0164502324299673,10553.885210397828,441305.3256867232,3316207.927921825,441305.3256867232,441305.3256867232,20670.442369387136,2874902.602235102,0.0,41.63461337294813,720.7508550368633,10553.885210397828,41.63461337294813,720.7508550368633,10553.885210397828
2.0,True,True,True,0.0012796785300259598,0.0013888167629763654,12996.785300259598,14088.167629763655,17.77238993721007,17.443037734025044,0.18309841033820545,17.62613614436325,0.03443698410349879,8.813068072181625,4.6978768053035,377.39021083565785,51330.66658016035,55693.27579610542,0.016510799869178392,0.01639237872986034,10116.557158989312,461975.76805611036,3336878.370291212,462866.3604017808,462866.3604017808,21561.034715057584,2874012.0098894313,0.0,40.77334086082664,731.3779947902156,10116.557158989312,42.51959931249612,710.266723133035,11007.149504659727
4.0,True,True,True,0.0012280085304130866,0.0014463325767129168,12480.085304130866,14663.325767129169,17.76108742017802,17.431944671596405,0.1829970728196198,17.614941744416026,0.034437383345180865,8.807470872208013,4.694856644880022,386.7829442858414,49265.16604241848,57992.27366618719,0.01657418261468763,0.01633714196185347,9694.940498681504,481787.2657137812,3356689.8679488827,485350.02393232135,485350.02393232135,22483.663530540536,2871339.8440165613,0.0,39.93506395849268,742.1419478916772,9694.940498681504,43.42902089424374,699.9320780380854,11476.514025880831
6.0,True,True,True,0.0011782283622907906,0.0015058307655757511,11982.283622907906,15258.307655757511,17.742125168114047,17.41333382187712,0.18282687976662923,17.59616070164375,0.03443804956061671,8.798080350821875,4.6897901018728705,396.16759103259426,47275.16076605415,60370.440628742814,0.016640487244166943,0.016284429845934624,9288.759642267876,500770.9658547306,3375673.568089832,508788.6086129143,508788.6086129143,23438.584680592932,2866884.959476918,0.0,39.11907207547709,753.0367957469172,9288.759642267876,44.36360141444689,689.7536910370056,11962.070654712079
8.0,True,True,True,0.001130299178116814,0.0015673122022024164,11502.99178116814,15873.122022024165,17.715316940018454,17.387022395225674,0.18258589290055005,17.569608288126226,0.034438983972005476,8.784804144063113,4.682627988640393,405.54000912310755,45359.103370363446,62827.804492340925,0.016709825614249635,0.016234154411961334,8897.69734020333,518957.4228372018,3393860.025072303,533214.5060695214,533214.5060695214,24425.89745660714,2860645.5190027817,0.0,38.324664239360175,764.0568866135775,8897.69734020333,45.324061401913646,679.738632719438,12463.826801895055
10.0,True,True,True,0.0010841780110952208,0.0016307657549583477,11041.780110952208,16507.657549583477,17.680403727729377,17.352756183336,0.1822714140576246,17.535027597393622,0.03444018829694658,8.767513798696811,4.673301904725125,414.89593901647305,43515.28143716784,65363.91304738749,0.016782315148412476,0.016186231797683772,8521.40275148243,536376.5229288875,3411279.1251639887,558660.0247792605,558660.0247792605,25445.518709739088,2852619.100384728,0.0,37.55115109205689,775.1968261963093,8521.40275148243,46.31111418787141,669.8942788359824,12981.69190784407
12.0,True,True,True,0.001039818649049023,0.001696166499264798,10598.186490490229,17161.66499264798,17.637055578277327,17.310211347820704,0.18188000158404846,17.492091349404753,0.03444166475500526,8.746045674702376,4.661724723688509,424.2309656448867,41741.852443409836,67977.76265820302,0.016858079145567625,0.016140582061055793,8159.498577127238,553057.4242574972,3427960.0264925985,585157.179523077,585157.179523077,26497.15474381647,2842802.8469695216,0.0,36.79785653368696,786.4514680240366,8159.498577127238,47.32546084768584,660.2283147676776,13515.462835972385
14.0,True,True,True,0.0009971724020021208,0.0017634738017817868,10171.724020021207,17834.73801781787,17.58487406790556,17.258996848383717,0.18140749278099358,17.44040434116471,0.034443416076219195,8.720202170582356,4.6477912536322865,433.5404816222075,40036.874450545925,70667.72179523752,0.01693724711079099,0.016097129006050658,7811.587325704242,569028.5101603287,3443931.11239543,612737.4505857591,612737.4505857591,27580.27106268215,2831193.6618096707,0.0,36.064119053511114,797.8159037213903,7811.587325704242,48.36778447003743,650.7487383133896,14064.808226709787
16.0,True,True,True,0.0009561887721901244,0.0018326292916142997,9761.887721901245,18526.292916142997,17.523395522283348,17.19865760335759,0.18084903339059438,17.379506636748182,0.034445445511595035,8.689753318374091,4.63137909635645,442.81965197219625,38398.33289799895,73431.45007605887,0.017019955109742496,0.0160558000212576,7477.256782130707,584317.3542681637,3459219.956503265,641431.5107401831,641431.5107401831,28694.060154423933,2817788.4457630822,0.0,35.34929278453975,809.285453268268,7477.256782130707,49.43874371366576,641.46386046829,14629.251927714091
18.0,True,True,True,0.000916816035194506,0.0019035547398713443,9368.16035194506,19235.547398713443,17.45209509384555,17.12867849148312,0.1801991152921796,17.3088776067753,0.03444775684565602,8.65443880338765,4.6123497344202145,452.0633808029729,36824.16384712018,76265.81366966011,0.017106346148468097,0.01601652593059446,7156.084750813243,598950.6958011077,3473853.298036209,671268.9183421563,671268.9183421563,29837.407601973275,2802584.3796940525,0.0,34.65274831547581,820.8556553255125,7156.084750813243,50.53896561866156,632.382303835652,15208.155674259164
20.0,True,True,True,0.0008790017406739819,0.001976149877342095,8990.017406739818,19961.498773420954,17.370391820163775,17.048489316540437,0.17945162372415782,17.227940940264595,0.03445035441111359,8.613970470132298,4.5905498787746595,461.2662804161678,35312.27401347099,79166.7982552141,0.01719657058042825,0.015979240855522575,6847.643142349903,612954.4236942708,3487857.025929372,702277.7752790847,702277.7752790847,31008.85693692835,2785579.250650287,0.0,33.97387329072178,832.5222576906722,6847.643142349903,51.66903764895938,623.5129982850012,15800.701262669216
22.0,True,True,True,0.0008426931408149717,0.002050290189748047,8626.931408149718,20702.901897480468,17.27765479580906,16.95747086483667,0.17859989545117422,17.136070760287843,0.0344532431057488,8.568035380143922,4.565813111862181,470.42264340680464,33860.55791131932,82129.42111308944,0.017290786542755596,0.015943882088195364,6551.501470142888,626353.5683067635,3501256.170541865,734484.3490806137,734484.3490806137,32206.57380152901,2766771.821461251,0.0,33.3120728263244,844.2812079355385,6551.501470142888,52.829498955599625,614.8651734437876,16405.872538859767
24.0,True,True,True,0.0008078375541722296,0.002125824740885615,8278.375541722296,21458.24740885615,17.17321059275849,16.854962188100014,0.17763678934286767,17.03259897744288,0.034456428411602194,8.51629948872144,4.537961861720259,479.5264183803871,32466.91241636712,85147.64435871941,0.01738916042392676,0.01591038997501236,6267.22981958071,639172.2995964871,3514074.9018315882,767912.6592322052,767912.6592322052,33428.31015159155,2746162.242599383,0.0,32.666769766991344,856.1286442665004,6267.22981958071,54.02083086690624,606.448347589,17022.437612731792
26.0,True,True,True,0.00077438267206494,0.0022025740857824112,7943.8267206494,22225.740857824112,17.05635205969176,16.740269239710553,0.17655477080607831,16.91682401051663,0.03445991641658527,8.458412005258316,4.506809741331117,488.5711899834385,31129.24903262766,88214.29180045736,0.017491867365224716,0.01587870781008442,5994.401348311989,651433.9307643798,3526336.532999481,802584.0286505924,802584.0286505924,34671.369418387185,2723752.5043488885,0.0,32.03740480672706,868.0608866395984,5994.401348311989,55.243446632332855,598.2723124917857,17648.93180565538
28.0,True,True,True,0.000742276814154116,0.0022803283483979913,7622.76814154116,23003.283483979914,16.92634861674178,16.61267497867187,0.17534601139825554,16.788020990070123,0.034463713838641365,8.394010495035062,4.472164283755863,497.5501640085255,29845.504127912543,91320.97239666898,0.01759909179858211,0.015848781738144847,5732.594371722857,663160.9264844146,3538063.528719516,838516.6023959279,838516.6023959279,35932.57374533545,2699546.926323588,0.0,31.42343649321159,880.0744281542751,5732.594371722857,56.497680471619766,590.3471137645372,18283.64193968008
30.0,True,True,True,0.0007114691392796762,0.0023588455508872564,7314.691392796762,23788.455508872565,16.7824581378345,16.47145103175116,0.17400250472939524,16.645453536480556,0.0344678280525994,8.322726768240278,4.43383009706698,506.45615838934833,28613.64738059259,94458.0137842676,0.01771102802362256,0.015820560666464065,5481.394083255457,674374.9149393929,3549277.5171744945,875724.8370147925,875724.8370147925,37208.234618864604,2673552.680159702,0.0,30.824341133806207,892.1659267431655,5481.394083255457,57.78377601018995,582.6830262690161,18924.592679184578
32.0,True,True,True,0.0006819098170895094,0.0024378502933008485,7019.098170895094,24578.502933008487,16.623940475963884,16.315870968108207,0.17251619941455937,16.488387167522767,0.03447226711988187,8.244193583761383,4.391612453295744,515.2816009397111,27431.688658543742,97614.4098223129,0.017827880826976845,0.01579399618534285,5240.393954742683,685096.7029773911,3559999.3052124926,914218.9654265982,914218.9654265982,38494.12841180572,2645780.3397858944,0.0,30.239612619005964,904.3321971695954,5240.393954742683,59.10187421526925,575.2905241686801,19569.535732621178
34.0,True,True,True,0.0006535501654682615,0.002517032892906706,6735.5016546826155,25370.32892906706,16.450072636482346,16.145225191399238,0.17087914935595197,16.31610434075519,0.03447703982124613,8.158052170377594,4.345321312249262,524.0185347052561,26297.683530282102,100777.78650367234,0.0179498661472194,0.015769042496771534,5009.196857648427,695346.2937897822,3570248.8960248837,954004.4439655652,954004.4439655652,39785.47853896697,2616244.4520593183,0.0,29.668762177279863,916.5702033397409,5009.196857648427,60.45200098464662,568.1802452516695,20215.942806345804
36.0,True,True,True,0.0006263427582695318,0.0025960490999738066,6463.427582695318,26160.490999738067,16.260165538807296,15.958837390860968,0.16908368100105925,16.127921071862026,0.03448215569275877,8.063960535931013,4.294775763882015,532.6586317813874,25209.737588194723,103934.3908909962,0.018077211789077494,0.015745656350849183,4787.415941984863,705142.9065894155,3580045.508824517,995081.39003712,995081.39003712,41076.94607155479,2584964.118787397,0.0,29.111318073531432,928.8770509324621,4787.415941984863,61.8340545805225,561.3629492156941,20861.003265208983
38.0,True,True,True,0.0006002415073831468,0.0026745205105877007,6202.415073831468,26945.20510587701,16.05358222802305,15.75608241542095,0.16712257644069858,15.923204991861649,0.03448762506522467,7.9616024959308245,4.2398088519795,541.1932163972489,24166.00974494635,107069.10787960161,0.018210158190894492,0.01572379698955834,4574.675305822605,714504.997837223,3589407.6000723243,1037444.0207875235,1037444.0207875235,42362.63075040351,2551963.5792848007,0.0,28.5668252618728,941.249980346577,4574.675305822605,63.24779314334091,554.8494696949911,21501.62748519448
40.0,True,True,True,0.0005752017227292708,0.002752035795483173,5952.0172272927075,27720.357954831732,15.829757305745403,15.536405344475641,0.16498927028571622,15.701394614761357,0.03449345910731669,7.8506973073806785,4.180272717512027,549.6132979667404,23164.714646590957,110165.5095242186,0.01834895924969144,0.015703426097487566,4370.610484716606,723450.2836277622,3598352.8858628636,1081080.1051433294,1081080.1051433294,43636.084355805884,2517272.7807195345,0.0,28.034845002022312,953.6863599627101,4370.610484716606,64.69282256319782,548.6506599244892,22134.45687061138
42.0,True,True,True,0.0005511801533656561,0.0028281528555907363,5711.80153365656,28481.528555907364,15.588217246860202,15.299341428125706,0.16267805721620496,15.46201948534191,0.034499669872678426,7.731009742670955,4.116043972825225,557.9096146570777,22204.12432973602,113205.94133361633,0.01849388320856861,0.015684507759086898,4174.868787059376,731995.7628995382,3606898.3651346397,1125970.4434547322,1125970.4434547322,44890.338311402826,2480927.9216799075,0.0,27.514954447398274,966.1836797147091,4174.868787059376,66.16858502720805,542.7773320783039,22755.881440791483
44.0,True,True,True,0.0005281350125233884,0.002902401998725873,5481.350125233884,29224.01998725873,15.328601159449963,15.04453646238638,0.16018430597096936,15.20472076835735,0.03450627035130248,7.602360384178675,4.0470291889430055,566.0726878188459,21282.569235299998,116171.64928629171,0.018645213611624852,0.01566700842203049,3987.10949834368,740157.7411849413,3615060.3434200427,1172088.3906540147,1172088.3906540147,46117.94719928247,2442971.9527660282,0.0,27.006746211880127,978.7395449639507,3987.10949834368,67.67434859746167,537.2401904883246,23362.06575849105
46.0,True,True,True,0.0005060259890496489,0.002974290206630394,5260.25989049649,29942.902066303937,15.050681435308299,14.771767057013212,0.15750467439482901,14.929271731408042,0.034513274525518924,7.464635865704021,3.9731703492431603,574.092887357032,20398.43867795502,119042.95031315382,0.018803250332049302,0.015650896866246444,3807.0039745665995,747951.8546578515,3622854.456892953,1219399.440178783,1219399.440178783,47311.049524768256,2403455.0167141696,0.0,26.509827921230716,991.3516706685355,3807.0039745665995,69.20919820287752,532.0497591418882,23948.983766277295
48.0,True,True,True,0.00048481424743091546,0.0030433065268947166,5048.142474309155,30633.065268947164,14.754383635380552,14.480960152432116,0.1546373190609045,14.635597471493021,0.034520697430965974,7.317798735746511,3.8944500956062704,581.9605078018815,19550.180858162537,121799.44760943615,0.018968310679568934,0.015636144178159925,3634.2356425154003,755393.0942749334,3630295.6965100346,1267860.8867589831,1267860.8867589831,48461.44658020022,2362434.8097510515,0.0,26.023821754308223,1004.0178758383889,3634.2356425154003,70.77202844606506,527.2163040712883,24512.46281392298
50.0,True,True,True,0.00046446241829689784,0.0031089285803580675,4844.624182968978,31289.285803580675,14.439804867454495,14.172211056860633,0.15158209202661277,14.323793148887246,0.034528555222955025,7.161896574443623,3.810896570271376,589.6658544677591,18736.302492800678,124420.29038653243,0.019140730594008837,0.01562272372967911,3468.499922445877,762495.8298398948,3637398.4320749957,1317421.5863738349,1317421.5863738349,49560.699614851736,2319976.845701161,0.0,25.5483639784341,1016.73607826655,3468.499922445877,72.36153862988976,522.7497514758654,25048.23680092867
52.0,True,True,True,0.00044493458105995245,0.0031706301224372897,4649.345810599524,31906.301224372895,14.107229852227011,13.845799214643446,0.14834071656547376,13.99413993120892,0.034536865248688306,6.99706996560446,3.722587640640583,597.1993386786711,17955.36813057204,126884.47559660762,0.019320865932361063,0.015610611161440593,3309.504086658903,769273.8338489996,3644176.4360841005,1368021.8311069673,1368021.8311069673,50600.24473313242,2276154.604977133,0.0,25.08310448261386,1029.5042895264419,3309.504086658903,73.97623039467105,518.6596026510883,25552.007932203865
54.0,True,True,True,0.0004261962401270143,0.0032278895385470874,4461.962401270143,32478.895385470874,13.75714384874092,13.502200892159165,0.1449169333486146,13.64711782550778,0.03454564612583823,6.82355891275389,3.6296542878670963,604.5515806071787,17205.99920968222,129171.18684141264,0.019509093857451722,0.015599784369819254,3156.9670657037414,775740.3050013622,3650642.907236463,1419593.3551477625,1419593.3551477625,51571.524040795164,2231049.5520887002,0.0,24.6277063117186,1042.3206102245879,3156.9670657037414,75.61440832325835,514.9548470275118,26019.516108591222
56.0,True,True,True,0.00040821429592686434,0.0032801990924176067,4282.142959268644,33001.99092417607,13.390241630111928,13.142097987212004,0.1413166086260956,13.2834145958381,0.03455491782805429,6.64170729791905,3.5322829456062057,611.713517840652,16486.872907517652,131260.16323418022,0.01970581433706745,0.015590223497201579,3010.6192123510527,781907.891279417,3656810.493514518,1472059.4857287724,1472059.4857287724,52466.1305810099,2184751.0077857454,0.0,24.181845204224647,1055.183225498097,3010.6192123510527,77.27418381598233,511.6438748333438,26446.61447241871
58.0,True,True,True,0.00039095701182395863,0.003327074685734115,4109.570118239586,33470.74685734115,13.007431772497458,12.766382238518828,0.13754779655742913,12.903930035076257,0.03456470177802774,6.451965017538129,3.4307165946567384,618.6765173809149,15796.720825192935,133132.08858083686,0.01991145176325015,0.015581910925021434,2870.202032077876,787788.712523846,3662691.3147589467,1525335.4493358624,1525335.4493358624,53275.96360709006,2137355.8654230842,0.0,23.74520913565958,1068.0904007461907,2870.202032077876,78.95348246029697,508.73439107363765,26829.349134671284
60.0,True,True,True,0.00037439397783948505,0.0033680658328672643,3943.9397783948507,33880.658328672645,12.609835647924333,12.376154237201417,0.133620749007673,12.50977498620909,0.03457502094881478,6.254887493104545,3.325254453286065,625.4324884288577,15134.327543819105,134768.9890729827,0.020126456702393644,0.015574831269065205,2735.467887577827,793394.3824435016,3668296.9846786023,1579328.8391340433,1579328.8391340433,53993.3897981809,2088968.145544559,0.0,23.317497869514828,1081.040477585117,2735.467887577827,80.65005502203054,506.23333265292894,27164.04066350955
62.0,True,True,True,0.0003584960719666246,0.0034027655106208636,3784.960719666246,34227.65510620864,12.198780693810852,11.9727168210356,0.1295478678596196,12.10226468889522,0.03458589997419909,6.05113234444761,3.2162501515065407,631.9739930336503,14498.529083999387,136154.62594255767,0.020351307787808345,0.015568971376570697,2606.179683718496,798736.0300147979,3673638.6322498987,1633940.2443528988,1633940.2443528988,54611.40521885548,2039698.387897,0.0,22.898422517049408,1094.0318700159544,2606.179683718496,82.36149206953526,504.1467905432496,27447.36455534595
64.0,True,True,True,0.0003432354197505011,0.003430819514810676,3632.354197505011,34508.19514810676,11.77578776254253,11.55756265846058,0.12534359714121762,11.682906255601797,0.034597365268963925,5.841453127800898,3.104108338778392,638.2943515239352,13888.211295400528,137274.86841208677,0.020586513767550878,0.01556432032467216,2482.110538417227,803824.3202369337,3678726.9224720346,1689064.0365879447,1689064.0365879447,55123.79223504593,1989662.8858840899,0.0,22.487705107118614,1107.0630607950154,2482.110538417227,84.08524211346187,502.47993890474544,27676.427679699947
66.0,True,True,True,0.00032858535270153936,0.003451934947268872,3485.8535270153934,34719.34947268872,11.34255262151112,11.132356091453257,0.12102425492099687,11.253380346374254,0.03460944516004271,5.626690173187127,2.9892797454148208,644.3877396081284,13302.3081991781,138118.03195036002,0.020832615721559096,0.015560869419781556,2363.043444075731,808669.4742194266,3683572.0764545277,1744589.3018893166,1744589.3018893166,55525.265301371925,1938982.774565211,0.0,22.085078166910417,1120.1325979968221,2363.043444075731,85.81863300981699,501.23697299381024,27848.837621671963
68.0,True,True,True,0.00031452036602182043,0.0034658874713403764,3345.2036602182043,34858.87471340376,10.900921960764169,10.698909587796319,0.11660780782013551,10.815517395616455,0.034622170029629536,5.4077586978082275,2.8722547938847085,650.249274147428,12739.80030246896,138675.16742227363,0.021090189463508723,0.015558612197546465,2248.7709234865824,813281.2885869889,3688183.89082209,1800400.901474967,1800400.901474967,55811.599585650256,1887782.9893471233,0.0,21.69028431425964,1133.2390917599444,2248.7709234865824,87.55889624008674,500.42105754053654,27962.761963978235
70.0,True,True,True,0.00030101607604641334,0.003472527012085075,3210.1607604641335,34925.27012085075,10.452864551430256,10.25915543398622,0.11211359392582468,10.371269027912044,0.03463557247145508,5.185634513956022,2.7535559318354332,655.8750848731481,12199.712901059263,138940.28824227903,0.02135984814432741,0.015557544423084033,2139.094683491064,817669.1541939665,3692571.756429068,1856380.6383010976,1856380.6383010976,55979.736826130655,1836191.1181279703,0.0,21.303075862024723,1146.3812112062963,2139.094683491064,89.3031935579091,500.0342870450927,28016.97486215245
72.0,True,True,True,0.00028804917773468723,0.003471781638028207,3080.4917773468724,34917.81638028207,10.000438461084105,9.815113558152598,0.10756200264139933,9.922675560793998,0.03464968746157384,4.961337780396999,2.6337289280888023,661.2623697330723,11681.114383656786,138910.52505570132,0.021642245075970876,0.015557664091259152,2033.8252691211842,821842.0741465788,3696744.67638168,1912408.501925231,1912408.501925231,56027.8636241334,1784336.1744564492,0.0,20.92321443485796,1159.5576815248698,2033.8252691211842,88.95135461460082,500.0776591390778,28010.88876198096
74.0,True,True,True,0.000275597402488458,0.0034636594410092036,2955.97402488458,34836.59441009204,9.54575545046761,9.368856586567793,0.10297412235024848,9.471830708918041,0.034664552545165594,4.735915354459021,2.5133334303539674,666.4094320915151,11183.114548869187,138586.20064571116,0.021938076795909093,0.015558971426851247,1932.7817204839623,825808.6811361839,3700711.2833712855,1968363.9604469147,1968363.9604469147,55955.4585216837,1732347.3229243709,0.0,20.5504705985658,1172.7672812112116,1932.7817204839623,87.20763973870454,500.55106179565774,27944.569759702852
76.0,True,True,True,0.00026363947652338117,0.0034482483240884914,2836.3947652338115,34682.48324088491,9.090943830853162,8.92247338932554,0.09837136850572228,9.020844757831263,0.03468020804103086,4.5104223789156315,2.392933124037877,671.315698645907,10704.862943971133,137970.82148203652,0.022248086394808544,0.015561468884534364,1835.7912342342515,829577.2540909022,3704479.8563260036,2024127.2660756148,2024127.2660756148,55763.30562870018,1680352.5902503887,0.0,20.184623502146536,1186.0088394543475,1835.7912342342515,85.46853540646569,501.45327476904765,27818.735868997443
78.0,True,True,True,0.00025215507997681076,0.0034257137077081993,2721.5507997681075,34457.13707708199,8.63811113944818,8.478032447432883,0.09377510574062373,8.571807553173507,0.034696697265659375,4.285903776586753,2.2730858518010266,675.9817176217459,10245.547232814151,137070.9863172412,0.022573067132140526,0.015565161148679355,1742.6888311296775,833155.7341562661,3708058.3363913675,2079580.7402227123,2079580.7402227123,55453.47414709744,1628477.5961686552,0.0,19.825460532498248,1199.2812336632144,1742.6888311296775,83.73686804560816,502.7819852203696,27634.738278099954
80.0,True,True,True,0.00024112480689844002,0.0033962942637680575,2611.2480689844,34162.94263768058,8.189307985213524,8.037546368626227,0.08920627773841706,8.126752646364645,0.034714066778974935,4.063376323182323,2.154334051746339,680.4091375252933,9804.391598755567,135896.21619548468,0.022913866366913307,0.015570055133069522,1653.3170308598155,836551.7400182555,3711454.342253357,2134610.00499421,2134610.00499421,55029.264771497576,1576844.3372591473,0.0,19.47277698171191,1212.583387125027,1653.3170308598155,82.01538882194866,504.5338170656905,27394.526493397643
82.0,True,True,True,0.0002305301262378736,0.0033602958784364058,2505.301262378736,33802.958784364055,7.746494330525509,7.60293879389072,0.08468505792115018,7.68762385181187,0.034732366654114506,3.843811925905935,2.0371958486976935,684.6006674257374,9380.655187194941,134458.71386749457,0.023271389833462372,0.015576159980701233,1567.525535078947,839772.5825841943,3714675.184819296,2189105.1304985564,2189105.1304985564,54495.125504346564,1525570.0543207396,0.0,19.126375726802255,1225.914266788383,1567.525535078947,80.3067474232814,506.704373185484,27100.599010948834
84.0,True,True,True,0.00022035334391650726,0.0033180841207513774,2403.5334391650727,33380.841207513775,7.3115093140382985,7.176014779555651,0.08023053256090332,7.256245312116554,0.034751650773885895,3.628122656058277,1.9221570902792846,688.5600203647143,8973.630591233923,132773.06364091553,0.023646606295229584,0.015583487063916213,1485.1709193528006,842825.279038626,3717727.881273728,2242961.671289941,2242961.671289941,53856.54079138441,1474766.209983787,0.0,18.78606692167456,1239.2728811642503,1485.1709193528006,78.61346832198788,509.2882892830548,26755.941780435474
86.0,True,True,True,0.00021057756604776434,0.0032700755503726055,2305.775660477643,32900.75550372605,6.886045501897666,6.758435525676405,0.07586042585227863,6.834295951528683,0.03477197715687477,3.4171479757643417,1.8096645614428226,692.2918420164365,8582.642383041186,130855.8849380896,0.02404055261277873,0.015592049985178075,1406.1163345388773,845716.5662925177,3720619.1685276194,2296081.570256552,2296081.570256552,53119.89896661136,1424537.5982710673,0.0,18.451667701085455,1252.6582783383456,1406.1163345388773,76.93793000301098,512.2792978894419,26363.95718617589
88.0,True,True,True,0.00020118666335033807,0.0032167282312336744,2211.8666335033804,32367.282312336745,6.471628197467377,6.351698069186338,0.07159087398053388,6.423288943166872,0.03479340831654024,3.211644471583436,1.7001205428470392,695.8016271207264,8207.045692726586,128725.45416479363,0.024454339265934887,0.01560186457886456,1330.2312179610497,848452.9138450177,3723355.516080119,2348373.913985317,2348373.913985317,52292.343728764914,1374981.602094802,0.0,18.123001896320403,1266.0695440887291,1330.2312179610497,75.28234751691566,515.6703007956252,25928.38654258898
90.0,True,True,True,0.00019216523678280484,0.003158531827608786,2121.652367828048,31785.318276087863,6.069600165384677,5.957120291041144,0.06743625249627327,6.024556543537417,0.03481601165705778,3.0122782717687087,1.5938788057541544,699.0956264693276,7846.224835876178,126401.3098849961,0.024889156373930653,0.01561294891449301,1257.3910146055778,851040.5360775843,3725943.138312686,2399755.52970902,2399755.52970902,51381.61572370306,1326187.6086036656,0.0,17.799899762286124,1279.505800102787,1257.3910146055778,73.64875858298282,519.4534480560754,25453.22918111391
92.0,True,True,True,0.00018349858441356112,0.0030959976465908543,2034.9858441356112,31159.97646590854,5.681111854971384,5.575831320806538,0.06340905857491026,5.639240379381448,0.034839859910146015,2.819620189690724,1.491242064406206,702.180747339488,7499.591990321911,123903.8558016175,0.02534628026186795,0.01562532330183382,1187.4769084472691,853485.4040006371,3728388.0062357388,2450151.4199932143,2450151.4199932143,50395.890284194145,1278236.5862425244,0.0,17.482197715695126,1292.966202288063,1187.4769084472691,72.03901333293878,523.6202216514246,24942.661103080434
94.0,True,True,True,0.0001751726695294502,0.0030296489593329744,1951.726695294502,30496.489593329745,5.3071169594347785,5.20876717815461,0.05951984719011756,5.268287025344728,0.03486503161765537,2.634143512672364,1.392460841106804,705.064450245001,7166.585922295198,121253.97478660292,0.025827080626588266,0.01563901029839143,1120.3755639271533,855793.2564730116,3730695.858708113,2499495.037010467,2499495.037010467,49343.61701725284,1231200.8216976458,0.0,17.169738084006752,1306.4499391717293,1120.3755639271533,70.45476765949945,528.1615219181981,24400.955914172362
96.0,True,True,True,0.00016717408997611518,0.0029600118869689386,1871.7408997611517,29800.118869689388,4.948372935225158,4.85667128259681,0.0557772180171062,4.912448500613917,0.03489161166531686,2.4562242503069585,1.2977336432389266,707.7546447293468,6846.67076169932,118472.6653576693,0.026333028360360434,0.015654034719748626,1055.9788775176837,857969.6109144564,3732872.213149558,2547728.4033010486,2547728.4033010486,48233.36629058141,1185143.8098485093,0.0,16.862368864777928,1319.956230383739,1055.9788775176837,68.89748002152483,533.067754941409,23832.410376408927
98.0,True,True,True,0.00015949004871548472,0.002887607080916978,1794.9004871548473,29076.070809169778,4.605445940066274,4.520099300004398,0.052187848110775516,4.572287148115174,0.034919691873756285,2.286143574057587,1.2072083077433655,710.259586680329,6539.334825929294,115580.7097632146,0.026865704096565534,0.015670423653275357,994.1837392479538,860019.773531222,3734922.3757663234,2594802.090131463,2594802.090131463,47073.68683041446,1140120.2856348604,0.0,16.559943495071828,1333.4843252190035,994.1837392479538,67.36841146367631,538.3289192499337,23241.27645400549
100.0,True,True,True,0.00015210832557982978,0.0028129423663266783,1721.0832557982978,28329.42366326678,4.278719532945152,4.1994276813728515,0.04875656412966349,4.248184245502515,0.03494937165368563,2.1240921227512577,1.1209843383106604,712.587779326383,6244.08949142819,112598.38041160985,0.027426807547827493,0.015688206475702376,934.8918040111645,861948.8490744812,3736851.4513095827,2640675.0678167613,2640675.0678167613,45872.977685298305,1096176.3834928214,0.0,16.26232063057043,1347.033501274195,934.8918040111645,65.86862853566832,543.9346903413889,22631.701231292893
102.0,True,True,True,0.00014501725019629708,0.0027365064563929,1650.1725019629707,27565.064563929,3.968406414505115,3.894865185645715,0.04548644710615404,3.9403516327518693,0.03498075873310967,1.9701758163759346,1.0391160436199125,714.7478797083136,5960.468111946677,109545.18895109536,0.028018167713900633,0.015707414875053123,878.0092724298001,863761.7501509221,3738664.352386024,2685314.4446300655,2685314.4446300655,44639.376813304145,1053349.9077559584,0.0,15.969363934035696,1360.6030631549993,878.0092724298001,64.39900874537783,549.8745017786472,22007.67558201123
104.0,True,True,True,0.0001382056760516399,0.0026587637879991275,1582.056760516399,26787.637879991275,3.674562467820384,3.6064666602900863,0.042378962464201204,3.6488456227542874,0.03501396996544735,1.8244228113771437,0.9616162803115331,716.748612032245,5688.024982304248,106439.68002574724,0.028641754044056392,0.01572808287741419,823.4466810178503,865463.2061043697,3740365.8083394715,2728695.1122134267,2728695.1122134267,43380.66758336127,1011670.6961260447,0.0,15.680941872768845,1374.1923412499189,823.4466810178503,62.960248150577996,556.137621830696,21372.99200135005
106.0,True,True,True,0.0001316629556644556,0.0025801504785275316,1516.629556644556,26001.504785275316,3.397102380619943,3.3341483740144633,0.03943410809542325,3.3735824821098865,0.0350491322286833,1.6867912410549433,0.8884606101874805,718.598688922744,5426.334346353453,103299.26971552882,0.029299688646648142,0.015750246879011914,771.1187013574063,867057.771486745,3741960.373721847,2770799.3158132383,2770799.3158132383,42104.20359981153,971161.0579086086,0.0,15.396927524718404,1387.8006905669088,771.1187013574063,61.55287068402003,562.713224863781,20731.211598461585
108.0,True,True,True,0.0001253789168290333,0.002501071361551669,1453.789168290333,25210.713615516688,3.1358161822346378,3.0777042472584704,0.03665057374216152,3.114354821000632,0.03508638342706885,1.557177410500316,0.819591695148061,720.3067412280795,5174.989447719375,100140.12698886827,0.029994259647177227,0.01577394568404606,720.9439479783076,868549.8341360807,3743452.4363711826,2811616.1673147753,2811616.1673147753,40816.85150153702,931836.2690564073,0.0,15.117198392896556,1401.4274896293698,720.9439479783076,60.17723881330511,569.5904569145904,20085.63990307559
110.0,True,True,True,0.00011934383989381135,0.0024218980263654806,1393.4383989381136,24418.980263654805,2.890386102976996,2.8368223991400825,0.03402590561484228,2.870848304754925,0.03512587360850439,1.4354241523774625,0.7549237732399332,721.8812566964675,4933.601621841883,96977.09518880941,0.030727935805282346,0.015799220548717623,672.8447946174792,869943.6228786765,3744846.2251137784,2851141.11809012,2851141.11809012,39524.950775344856,893705.1070236582,0.0,14.841636227768317,1415.0721394282075,672.8447946174792,58.83356515725332,576.7584950872476,19439.310872269376
112.0,True,True,True,0.00011354843603604118,0.0023429677629454135,1335.4843603604118,23629.677629454134,2.6604032516531375,2.6111015159052595,0.031556671004070565,2.64265818690933,0.0351677662125981,1.321329093454665,0.6943470826067849,723.3305275523143,4701.799427791341,93823.64964067853,0.031503382510766585,0.015826115231873644,626.7471985197674,871243.2148718138,3746145.8171069156,2889375.4072551434,2889375.4072551434,38234.28916502325,856770.4098517722,0.0,14.570126857286288,1428.7340624268572,626.7471985197674,57.52192471093871,584.2066006044117,18794.97829275394
114.0,True,True,True,0.00010798382649360808,0.002264583299372227,1279.8382649360808,22845.83299372227,2.4453837007973305,2.4000666380761198,0.029238618557565856,2.4293052566336857,0.03521223946654927,1.2146526283168428,0.637732125076809,724.6626067599979,4479.227818302116,90691.88688598982,0.03232347928890346,0.01585467605268297,582.5805324329766,872452.5426027665,3747355.1448378684,2926325.4992030533,2926325.4992030533,36950.09194790991,821029.6456348151,0.0,14.302560024253536,1442.4127016163598,582.5805324329766,56.24226736895893,591.9241655061832,18155.11365515613
116.0,True,True,True,0.00010264152271479642,0.0021870132119141765,1226.4152271479643,22070.132119141766,2.2447836626824884,2.2031840552245003,0.027066830812944843,2.230250886037445,0.03525948794849447,1.1151254430187225,0.5849336859169229,725.8852725709916,4265.54734646113,87592.54077271781,0.03319133895571126,0.01588495195574889,540.2774239440063,873575.4005591435,3748478.0027942453,2962002.522379392,2962002.522379392,35677.02317633852,786475.4804148534,0.0,14.03882923070465,1456.1075196177317,540.2774239440063,54.99443047787619,599.9007531269956,17521.909521182442
118.0,True,True,True,9.751340738669152e-05,0.002110492887570825,1175.134073866915,21304.928875708247,2.058013527324088,2.019875083828109,0.02503586645812236,2.0449109502862317,0.03530972434084479,1.0224554751431159,0.535794549647709,727.0060008065562,4060.4334074844273,84535.02061356315,0.034110328574530495,0.0159169945840633,499.77360179721995,874615.4515848848,3749518.0538199865,2996421.7193019968,2996421.7193019968,34419.196922604926,753096.3345179898,0.0,13.77883158900647,1469.8179978290395,499.77360179721995,53.77815119157391,608.1261325903178,16897.287401422665
120.0,True,True,True,9.259171630315267e-05,0.002035225923506692,1125.9171630315268,20552.25923506692,1.8844506132215353,1.8495285817192644,0.023139890595569135,1.8726684723148335,0.03536318139949724,0.9363342361574167,0.4901488728665747,728.0319442290705,3863.5755140239853,81527.46680617105,0.0350840923758077,0.015950858360209434,461.0077488324796,875576.2329355145,3750478.8351706164,3029601.915902943,3029601.915902943,33180.19660094613,720876.9192676735,0.0,13.522467679388612,1483.5436356147393,461.0077488324796,52.593078445450196,616.5903076448395,16282.909199523467
122.0,True,True,True,8.786902103429134e-05,0.001961385856094121,1078.6902103429134,19813.858560941208,1.7234505504549584,1.6915121202338006,0.021372791991941368,1.712884912225742,0.035420114168700015,0.856442456112871,0.4478251932415551,728.9699182951787,3674.6766034865236,78576.81963782941,0.03611657681202549,0.015986600576227698,423.92136118178536,876461.1620455288,3751363.7642806307,3061565.0164487823,3061565.0164487823,31963.100545839407,689798.7478318485,0.0,13.269641413624164,1497.2839495349697,423.92136118178536,51.438784405358945,625.2835402260537,15680.191346316087
124.0,True,True,True,8.333821235936319e-05,0.0018891181229897397,1033.3821235936318,19091.181229897396,1.574357273056405,1.5451817914068673,0.019728286888984318,1.5649100782958516,0.035480802475903045,0.7824550391479258,0.4086490689760544,729.8263925573963,3493.452375844715,75688.89742238527,0.037212057929075296,0.016024281492572585,388.45861335609607,877273.5420200666,3752176.1442551687,3092335.5286301393,3092335.5286301393,30770.512181357015,659840.6156250294,0.0,13.020259904592015,1511.0384726126433,388.45861335609607,50.3147752839081,634.1963691664334,15090.32083504104
126.0,True,True,True,7.899248442669066e-05,0.0018185421737182987,989.9248442669066,18385.421737182987,1.436511643367229,1.4098906725065021,0.018200009433620018,1.4280906819401222,0.03554555374621899,0.7140453409700611,0.3724453551273479,730.6074869814997,3319.6306604891975,72868.48059631405,0.03837517124290404,0.016063964446607227,354.56622885925384,878016.566862282,3752919.169097384,3121940.1219325094,3121940.1219325094,29604.59330237005,630979.0471648746,0.0,12.774233341461136,1524.8067536362778,354.56622885925384,49.220501449442416,643.319624498629,14514.27246732921
128.0,True,True,True,7.482531960452213e-05,0.0017497536567603958,948.2531960452213,17697.53656760396,1.3092587659627792,1.2849960044190245,0.016781589158856285,1.3017775935778808,0.035614706182325005,0.6508887967889404,0.3390401323476099,731.3189724689747,3152.95081068097,70119.39889931229,0.039610944315730694,0.016105715971106344,322.19335595901634,878693.3264471003,3753595.9286822025,3150407.221121797,3150407.221121797,28467.099189287517,603188.7075604056,0.0,12.531474870247846,1538.5883564966575,322.19335595901634,48.15536678143839,652.644437802407,13952.826721958281
130.0,True,True,True,7.083047398840558e-05,0.0016828266234633642,908.3047398840558,17028.26623463364,1.191954073802182,1.1698651650122511,0.015466716222564127,1.1853318812348153,0.03568863236288322,0.5926659406174076,0.3082623102080976,731.9662749115304,2993.1631242304384,67444.61925558651,0.040924832227853904,0.01614960592326818,291.2914482479788,879306.8112513073,3754209.4134864095,3177766.6356028626,3177766.6356028626,27359.4144810657,576442.7778835469,0.0,12.291900479507488,1552.382859555495,291.2914482479788,47.118737250053,662.1622490403018,13406.587759107213
132.0,True,True,True,6.700196353144458e-05,0.0016178157007348476,870.0196353144457,16378.157007348476,1.0839682858123472,1.0638805348471532,0.014249195299967099,1.0781297301471202,0.03576774332107025,0.5390648650735601,0.27994493160284817,732.5544821533413,2840.0282890606254,64846.332435884164,0.04232275613811813,0.016195707624771367,261.814149621631,879859.9168491769,3754762.519084279,3204049.224529911,3204049.224529911,26282.58892704826,550713.2945543681,0.0,12.055428890929926,1566.1898550443937,261.814149621631,46.109948717332884,671.8648103118685,12876.001167940965
134.0,True,True,True,6.333405076536308e-05,0.0015547581951124486,833.3405076536308,15747.581951124486,0.9846913445711609,0.9664433618891733,0.013122989141519532,0.9795663510306929,0.03585249317479303,0.48978317551534645,0.253926207188083,733.0883532921322,2693.316852374228,62326.03700429724,0.04381114511622884,0.016244098013453945,233.71718329978458,880355.4481820983,3755258.0504172,3229286.596850082,3229286.596850082,25237.37232017098,525971.4535671184,0.0,11.821981454620245,1580.0089484924913,233.71718329978458,45.12831397340329,681.7441869345225,12361.37115223021
136.0,True,True,True,5.982123208145536e-05,0.0014936761002489459,798.2123208145536,15136.761002489458,0.8935354464751536,0.8769767355218023,0.012082252863955974,0.8890589883857583,0.0359433843919272,0.4445294941928791,0.2300503097586495,733.572329809079,2552.8087121899307,59884.61943067431,0.045396981411247164,0.01629485780723802,206.95824451170776,880796.1236099098,3755698.725845012,3253510.8449281803,3253510.8449281803,24224.24807809852,502187.88091683155,0.0,11.591482048853207,1593.8397581812683,206.95824451170776,44.17312903317976,691.7927562322475,11862.876925868499
138.0,True,True,True,5.645822554198858e-05,0.0014345779880275738,764.5822554198859,14545.779880275739,0.8099372760563297,0.7949277794577699,0.011121360051449956,0.8060491395092199,0.03604097378776469,0.40302456975460993,0.20816795823666495,734.0105480770743,2418.292630072872,57522.42957573075,0.04708784928953343,0.016348071680976857,181.49689646018896,881184.5787508817,3756087.180985984,3276754.310010963,3276754.310010963,23243.465082782786,479332.8709750208,0.0,11.363856984100691,1607.68191462509,181.49689646018896,43.24367872821948,702.0032043838169,11380.588156914335
140.0,True,True,True,5.323995919393355e-05,0.0013774607704359577,732.3995919393356,13974.607704359578,0.7333595520925467,0.719769169197404,0.010234921717457851,0.7300040909148618,0.03614587936821522,0.3650020454574309,0.18813681985240757,734.4068528551634,2289.565763936258,55239.35103201103,0.0488919875285303,0.01640382845695828,157.2944691712188,881523.3701165131,3756425.9723516153,3299049.3775231214,3299049.3775231214,22295.067512158304,457376.5948284939,0.0,11.139034911138033,1621.5350600761185,157.2944691712188,42.33924163468498,712.3685216509655,10914.479355244148
142.0,True,True,True,5.016155985859126e-05,0.001322311325030842,701.6155985859126,13423.113250308419,0.663291986822277,0.651000073467534,0.009417799125908167,0.6604178725934421,0.03625878815163594,0.33020893629672105,0.16982175739463828,734.7648114324104,2166.4332198586685,53034.866031701764,0.05081834558507485,0.01646222130986466,134.31396082812566,881814.9785465124,3756717.580781615,3320428.300023834,3320428.300023834,21378.922500712797,436289.28075778065,0.0,10.916946733046858,1635.398848052341,134.31396082812566,41.45909438247653,722.881996275488,10464.443145468631
144.0,True,True,True,4.7218342371886485e-05,0.0012691079814269662,672.1834237188648,12891.079814269662,0.5992517517391224,0.5881466113840514,0.008665111401256373,0.5968117227853078,0.036380465125075145,0.2984058613926539,0.1530949463114255,735.0877281361164,2048.7076219095575,50908.11481620346,0.052876643362909446,0.016523347987057912,112.5199411750959,882061.8124485157,3756964.414683618,3340923.045573627,3340923.045573627,20494.74554979289,416041.369109991,0.0,10.697525520936466,1649.2729428874861,112.5199411750959,40.6025153927879,733.5372073031682,10030.302404324468
146.0,True,True,True,4.440579925195791e-05,0.0012178218698473385,644.0579925195791,12378.218698473385,0.5407835347708493,0.5307619085713216,0.007972238777439525,0.5387341473487611,0.036511763517875606,0.26936707367438056,0.1378358841294384,735.3786589665573,1936.2086990496784,48857.94950650738,0.05507743437585139,0.01658731104513863,91.87845656353366,882266.2108462543,3757168.8130813567,3360565.169249118,3360565.169249118,19642.12367549073,396603.64383223886,0.0,10.480706433216705,1663.157019301717,91.87845656353366,39.76878809204802,744.3280165627058,9611.821271166162
148.0,True,True,True,4.17195907721367e-05,0.0011684181355190889,617.195907721367,11884.181355190889,0.4874592646459935,0.4784258266367375,0.007334822251252316,0.4857606488879898,0.03665363660786638,0.2428803244439949,0.12393131226251926,735.6404261629492,1828.762888231497,46882.982623371645,0.0574321719322522,0.01665421810381046,72.35693619764166,882430.4462390154,3757333.0484741176,3379385.70558288,3379385.70558288,18820.53633376211,377947.3428912377,0.0,10.266426638261535,1677.0507619920113,72.35693619764166,38.9572036497358,755.2485599996246,9208.715062595891
150.0,True,True,True,3.91555354189651e-05,0.0011208570247059197,591.555354189651,11408.570247059197,0.43887756930468474,0.43074443161810083,0.0067487603202260864,0.4374931919383269,0.036807151313792176,0.21874659596916346,0.11127506790103608,735.8756325431127,1726.2029528869462,44981.63048669545,0.059953277741947766,0.01672418211817407,53.92409911666946,882556.7272743298,3757459.329509432,3397415.0797841144,3397415.0797841144,18029.37420123443,360044.2497253176,0.0,10.054625240309692,1690.9538652412336,53.92409911666946,38.16706328619352,766.2932385389566,8820.659138638748
152.0,False,True,False,0.0,0.001075094849561611,0.0,10950.948495616109,0.0,0.0,0.0,0.0,,0.0,0.0,735.9869076110137,0.0,43152.15177939797,,0.016797321670675002,0.0,882610.6513734465,3757513.2536085485,3414683.0357019845,3414683.0357019845,17267.95591787016,342830.217906564,0.0,9.845243208456436,1704.8660325449277,0.0,37.397680194553494,777.4567086264234,8447.296779231297
154.0,False,True,False,0.0,0.0010310848398789514,0.0,10510.848398789514,0.0,0.0,0.0,0.0,,0.0,0.0,735.9869076110137,0.0,41392.681596896466,,0.016873761284039997,0.0,882610.6513734465,3757513.2536085485,3431218.578618258,3431218.578618258,16535.542916273233,326294.6749902908,0.0,9.638223308596928,1718.7869762549492,0.0,36.6483811184338,788.7338725759705,8088.246137042037
156.0,False,True,False,0.0,0.0009887778902972653,0.0,10087.778902972654,0.0,0.0,0.0,0.0,,0.0,0.0,735.9869076110137,0.0,39701.261323030725,,0.016953631756651842,0.0,882610.6513734465,3757513.2536085485,3447049.9310919177,3447049.9310919177,15831.352473659907,310463.32251663087,0.0,9.433510038187919,1732.7164172390635,0.0,35.918507624314806,800.1198688317849,7743.106336617769
158.0,False,True,False,0.0,0.0009481232117004057,0.0,9681.232117004058,0.0,0.0,0.0,0.0,,0.0,0.0,735.9869076110137,0.0,38075.86468022726,,0.017037070521946196,0.0,882610.6513734465,3757513.2536085485,3462204.5002197498,3462204.5002197498,15154.569127832074,295308.7533887988,0.0,9.231049563701053,1746.654084555727,0.0,35.20741710461215,811.6100622353872,7411.462791214454
160.0,False,True,False,0.0,0.0009090688954693072,0.0,9290.688954693072,0.0,0.0,0.0,0.0,,0.0,0.0,735.9869076110137,0.0,36514.420299177276,,0.017124222033549023,0.0,882610.6513734465,3757513.2536085485,3476708.854819069,3476708.854819069,14504.354599319398,280804.3987894794,0.0,9.030789660646843,1760.5997151432766,0.0,34.514483544513546,823.2000343728108,7092.891808105003
162.0,False,True,False,0.0,0.0008715623990012602,0.0,8915.623990012602,0.0,0.0,0.0,0.0,,0.0,0.0,735.9869076110137,0.0,35014.8311434035,,0.01721523817803089,0.0,882610.6513734465,3757513.2536085485,3490588.711178263,3490588.711178263,13879.856359194033,266924.54243028536,0.0,8.832679656053601,1774.5530535228138,0.0,33.839098082725386,834.8855740632105,6786.964551089149
164.0,False,True,False,0.0,0.0008355509605332468,0.0,8555.509605332469,0.0,0.0,0.0,0.0,,0.0,0.0,735.9869076110137,0.0,33574.99110926276,,0.017310278717315854,0.0,882610.6513734465,3757513.2536085485,3503868.9261552133,3503868.9261552133,13280.214976950083,253644.32745333528,0.0,8.636670373292032,1788.5138515141082,0.0,33.18066939344046,846.6626680383357,6493.250425860915
166.0,False,True,False,0.0,0.0008009819508420187,0.0,8209.819508420187,0.0,0.0,0.0,0.0,,0.0,0.0,735.9869076110137,0.0,32192.799103492347,,0.017409511762967858,0.0,882610.6513734465,3757513.2536085485,3516573.4965311615,3516573.4965311615,12704.570375948213,240939.75707738707,0.0,8.442714079139929,1802.481867963873,0.0,32.53862391412602,858.5274918519381,6211.319950087403
168.0,False,True,False,0.0,0.0007678031688794601,0.0,7878.031688794601,0.0,0.0,0.0,0.0,,0.0,0.0,735.9869076110137,0.0,30866.170879974397,,0.017513114284771973,0.0,882610.6513734465,3757513.2536085485,3528725.563647097,3528725.563647097,12152.067115935497,228787.68996145157,0.0,8.250764432987731,1816.4568684858075,0.0,31.91240594117716,870.476401049309,5940.747165848262
170.0,False,True,False,0.0,0.0007359630878590031,0.0,7559.630878590031,0.0,0.0,0.0,0.0,,0.0,0.0,735.9869076110137,0.0,29593.04889579703,,0.017621272656244892,0.0,882610.6513734465,3757513.2536085485,3540347.4224605933,3540347.4224605933,11621.858813496307,217165.83114795526,0.0,8.06077643808941,1830.4386252118318,0.0,31.301477613093688,882.5059226195164,5681.111647648142
172.0,False,True,False,0.0,0.000705411057759932,0.0,7254.11057759932,0.0,0.0,0.0,0.0,,0.0,0.0,735.9869076110137,0.0,28371.410424834405,,0.017734183239944103,0.0,882610.6513734465,3757513.2536085485,3551460.5342629696,3551460.5342629696,11113.111802376341,206052.71934557892,0.0,7.872706394767995,1844.4269165539724,0.0,30.70531879863248,894.6127467464521,5432.0001547280535
174.0,False,True,False,0.0,0.0006760974696755951,0.0,6960.974696755951,0.0,0.0,0.0,0.0,,0.0,0.0,735.9869076110137,0.0,27199.27414552118,,0.01785205301570139,0.0,882610.6513734465,3757513.2536085485,3562085.54238968,3562085.54238968,10625.008126710542,195427.71121886838,0.0,7.686511855489572,1858.4215269763788,0.0,30.12342690536375,906.7937188693465,5193.0079719823525
176.0,False,True,False,0.0,0.0006479738869084681,0.0,6679.738869084681,0.0,0.0,0.0,0.0,,0.0,0.0,735.9869076110137,0.0,26074.70539864789,,0.017975100255188746,0.0,882610.6513734465,3757513.2536085485,3572242.290341177,3572242.290341177,10156.747951496858,185270.96326737152,0.0,7.502151581722846,1872.42224677699,0.0,29.555316622212143,919.0458320588435,4963.739979514442
178.0,False,True,False,0.0,0.0006209931472183149,0.0,6409.93147218315,0.0,0.0,0.0,0.0,,0.0,0.0,735.9869076110137,0.0,24995.820291197997,,0.018103555246532694,0.0,882610.6513734465,3757513.2536085485,3581949.841807498,3581949.841807498,9707.551466321107,175563.41180105042,0.0,7.319585502506175,1886.4288718783844,0.0,29.000519607893228,931.36621971094,4743.8114868068105
180.0,False,True,False,0.0,0.0005951094401641586,0.0,6151.094401641586,0.0,0.0,0.0,0.0,,0.0,0.0,735.9869076110137,0.0,23960.788803678228,,0.01823766107302686,0.0,882610.6513734465,3757513.2536085485,3591226.5021579834,3591226.5021579834,9276.66035048524,166286.75145056518,0.0,7.138774674647141,1900.441203627381,0.0,28.45858413564684,943.7521485579883,4532.848863678274
182.0,False,True,False,0.0,0.0005702783630466984,0.0,5902.7836304669845,0.0,0.0,0.0,0.0,,0.0,0.0,735.9869076110137,0.0,22967.83704107442,,0.018377674450366695,0.0,882610.6513734465,3757513.2536085485,3600089.8410183177,3600089.8410183177,8863.338860334363,157423.41259023082,0.0,6.959681244483001,1914.4590486029726,0.0,27.92907470331589,956.2010119934138,4330.489996656131
184.0,False,True,False,0.0,0.0005464569585602897,0.0,5664.569585602897,0.0,0.0,0.0,0.0,,0.0,0.0,735.9869076110137,0.0,22015.24875169976,,0.018523866627231357,0.0,882610.6513734465,3757513.2536085485,3608556.7156111184,3608556.7156111184,8466.874592800625,148956.5379974302,0.0,6.782268411134655,1928.482218432204,0.0,27.411571616612,968.7103237047816,4136.384596144372
186.0,False,True,False,0.0,0.0005236037368992375,0.0,5436.0373689923745,0.0,0.0,0.0,0.0,,0.0,0.0,735.9869076110137,0.0,21101.366223657442,,0.018676524354482773,0.0,882610.6513734465,3757513.2536085485,3616643.2945840564,3616643.2945840564,8086.578972938005,140869.9590244922,0.0,6.606500391188745,1942.5105296136194,0.0,26.905670552331475,981.2777116082331,3950.1943767937028
188.0,False,True,False,0.0,0.0005016786847325983,0.0,5216.786847325983,0.0,0.0,0.0,0.0,,0.0,0.0,735.9869076110137,0.0,20224.590655440756,,0.018835950928740717,0.0,882610.6513734465,3757513.2536085485,3624365.08209163,3624365.08209163,7721.787507573608,133148.17151691858,0.0,6.4323423847461285,1956.543803347925,0.0,26.410982107331943,993.9009120760663,3771.5931307797955
190.0,False,True,False,0.0,0.00048064326316368084,0.0,5006.432631636809,0.0,0.0,0.0,0.0,,0.0,0.0,735.9869076110137,0.0,19383.382085292837,,0.019002467316627306,0.0,882610.6513734465,3757513.2536085485,3631736.941933673,3631736.941933673,7371.859842042904,125776.31167487567,0.0,6.25976054277843,1970.5818653755418,0.0,25.92713133823811,1006.5777644483228,3600.2667112631602
192.0,False,True,False,0.0,0.00046046039652271873,0.0,4804.6039652271875,0.0,0.0,0.0,0.0,,0.0,0.0,735.9869076110137,0.0,18576.258953254408,,0.019176413366561947,0.0,882610.6513734465,3757513.2536085485,3638773.121586054,3638773.121586054,7036.179652381223,118740.13202249445,0.0,6.08872193573562,1984.624545820716,0.0,25.4537572960991,1019.3062058185278,3435.9129411179924
194.0,False,True,False,0.0,0.0004410944536014843,0.0,4610.944536014843,0.0,0.0,0.0,0.0,,0.0,0.0,735.9869076110137,0.0,17801.79736025162,,0.01935814911563732,0.0,882610.6513734465,3757513.2536085485,3645487.2759872326,3645487.2759872326,6714.154401178472,112025.97762131598,0.0,5.91919452335176,1998.6716790419007,0.0,24.990512559570213,1032.0842660833166,3278.2414600605184
196.0,False,True,False,0.0,0.0004225112227257345,0.0,4425.112227257345,0.0,0.0,0.0,0.0,,0.0,0.0,735.9869076110137,0.0,17058.630080069863,,0.019548056199816553,0.0,882610.6513734465,3757513.2536085485,3651892.4909688625,3651892.4909688625,6405.214981629979,105620.762639686,0.0,5.751147125597636,2012.7231034881145,0.0,24.537062769618693,1044.9100632453612,3126.9735215694327
198.0,False,True,False,0.0,0.0004046778818720706,0.0,4246.778818720706,0.0,0.0,0.0,0.0,,0.0,0.0,735.9869076110137,0.0,16345.445372493892,,0.019746539376476562,0.0,882610.6513734465,3757513.2536085485,3658001.3062398774,3658001.3062398774,6108.815271014813,99511.94736867119,0.0,5.58454939473116,2026.7786615610041,0.0,24.093086168253564,1057.781798958895,2981.841749445568
200.0,False,True,False,0.0,0.0003875629648687675,0.0,4075.629648687675,0.0,0.0,0.0,0.0,,0.0,0.0,735.9869076110137,0.0,15660.98563921853,,0.01995402816918293,0.0,882610.6513734465,3757513.2536085485,3663825.7378518176,3663825.7378518176,5824.431611940265,93687.51575673092,0.0,5.419371788399808,2040.838199482366,0.0,23.658273143346968,1070.6977543071334,2842.5898624945085
202.0,False,True,False,0.0,0.0003711363245722778,0.0,3911.3632457227777,0.0,0.0,0.0,0.0,,0.0,0.0,735.9869076110137,0.0,15004.045958223567,,0.020170978645536547,0.0,882610.6513734465,3757513.2536085485,3669377.300088921,3669377.300088921,5551.56223710347,88135.95351962745,0.0,5.255585543750231,2054.9015671668644,0.0,23.232325781234824,1083.6562858009436,2708.972374609075
204.0,False,True,False,0.0,0.000355369093782286,0.0,3753.6909378228597,0.0,0.0,0.0,0.0,,0.0,0.0,735.9869076110137,0.0,14373.472527155662,,0.020397875339970322,0.0,882610.6513734465,3757513.2536085485,3674667.026740007,3674667.026740007,5289.726651086006,82846.22686854145,0.0,5.093162652502771,2068.9686180997264,0.0,22.814957428458797,1096.6558215883144,2580.7542764768605
206.0,False,True,False,0.0,0.0003402336445436348,0.0,3602.3364454363477,0.0,0.0,0.0,0.0,,0.0,0.0,735.9869076110137,0.0,13768.161041679094,,0.020635233334540343,0.0,882610.6513734465,3757513.2536085485,3679705.491720687,3679705.491720687,5038.46498068003,77807.76188786142,0.0,4.932075836950832,2083.03920921919,0.0,22.405892263730323,1109.6948578643783,2457.710704203138
208.0,False,True,False,0.0,0.000325703546385402,0.0,3457.03546385402,0.0,0.0,0.0,0.0,,0.0,0.0,735.9869076110137,0.0,13187.055030836193,,0.02088360051201119,0.0,882610.6513734465,3757513.2536085485,3684502.829024229,3684502.829024229,4797.337303542066,73010.42458431935,0.0,4.772298526846238,2097.1132008034906,0.0,22.004864880953672,1122.7719554720259,2339.626599339071
210.0,False,True,False,0.0,0.00031175352395959046,0.0,3317.5352395959044,0.0,0.0,0.0,0.0,,0.0,0.0,735.9869076110137,0.0,12629.144167945436,,0.021143559996954987,0.0,882610.6513734465,3757513.2536085485,3689068.7519876566,3689068.7519876566,4565.92296342738,68444.50162089197,0.0,4.613804837134045,2111.1904563621933,0.0,21.611619883938143,1135.8857366834568,2226.2963640884695
212.0,False,True,False,0.0,0.00029835941446768966,0.0,3183.5941446768966,0.0,0.0,0.0,0.0,,0.0,0.0,735.9869076110137,0.0,12093.462572596807,,0.02141573280211452,0.0,882610.6513734465,3757513.2536085485,3693412.5718666054,3693412.5718666054,4343.819878948852,64100.68174194312,0.0,4.456569546501538,2125.270842531674,0.0,21.225911493251424,1149.0348821533441,2117.5235148605693
214.0,False,True,False,0.0,0.00028549812519728453,0.0,3054.9812519728453,0.0,0.0,0.0,0.0,,0.0,0.0,735.9869076110137,0.0,11579.087116659706,,0.02170078069899921,0.0,882610.6513734465,3757513.2536085485,3697543.215718263,3697543.215718263,4130.643851657398,59970.03789028572,0.0,4.30056807670816,2139.3542289745747,0.0,20.847503165516024,1162.21812803465,2013.1203367969456
216.0,False,True,False,0.0,0.00027314759143498633,0.0,2931.475914349863,0.0,0.0,0.0,0.0,,0.0,0.0,735.9869076110137,0.0,11085.135744981759,,0.021999409333553474,0.0,882610.6513734465,3757513.2536085485,3701469.243596504,3701469.243596504,3926.027878241148,56044.01001204457,0.0,4.145776472664034,2153.4404882830586,0.0,20.476167225321767,1175.4342632484893,1912.9075414442732
218.0,False,True,False,0.0,0.00026128673497280777,0.0,2812.867349728078,0.0,0.0,0.0,0.0,,0.0,0.0,735.9869076110137,0.0,10610.765819489578,,0.02231237160981967,0.0,882610.6513734465,3757513.2536085485,3705198.8650672915,3705198.8650672915,3729.6214707875624,52314.38854125701,0.0,3.9921713832266077,2167.5294958856953,0.0,20.111684509820737,1188.6821268998008,1816.7139293433586
220.0,False,True,False,0.0,0.0002498954233834174,0.0,2698.954233834174,0.0,0.0,0.0,0.0,,0.0,0.0,735.9869076110137,0.0,10155.172493733635,,0.02264047136680036,0.0,882610.6513734465,3757513.2536085485,3708739.9550555996,3708739.9550555996,3541.0899883080274,48773.29855294898,0.0,3.8397300426866483,2181.621129957837,0.0,19.753844025981774,1201.960605830978,1724.3760589644407
222.0,False,True,False,0.0,0.00023895443020345737,0.0,2589.544302034574,0.0,0.0,0.0,0.0,,0.0,0.0,735.9869076110137,0.0,9717.587123468185,,0.022984567376253845,0.0,882610.6513734465,3757513.2536085485,3712100.0690376866,3712100.0690376866,3360.113982087001,45413.18457086198,0.0,3.688430252915005,2195.715271335316,0.0,19.402442620404813,1215.26863230595,1635.7379231226348
224.0,False,True,False,0.0,0.00022844539613338111,0.0,2484.453961333811,0.0,0.0,0.0,0.0,,0.0,0.0,735.9869076110137,0.0,9297.275717626462,,0.023345577691938783,0.0,882610.6513734465,3757513.2536085485,3715286.4575945656,3715286.4575945656,3186.388556879014,42226.79601398297,0.0,3.538250366143889,2209.8118034313397,0.0,19.057284661535885,1228.6051818175918,1550.6506337563133
226.0,False,True,False,0.0,0.00021835079133659642,0.0,2383.507913365964,0.0,0.0,0.0,0.0,,0.0,0.0,735.9869076110137,0.0,8893.537433023354,,0.023724484383866776,0.0,882610.6513734465,3757513.2536085485,3718306.080344063,3718306.080344063,3019.6227494976483,39207.17326448532,0.0,3.389169268357465,2223.910612156436,0.0,18.718181734073262,1241.9692710116817,1468.9721157412612
228.0,False,True,False,0.0,0.00020865387889693854,0.0,2286.538788969385,0.0,0.0,0.0,0.0,,0.0,0.0,735.9869076110137,0.0,8505.703115165827,,0.024122338694544814,0.0,882610.6513734465,3757513.2536085485,3721165.6192700234,3721165.6192700234,2859.5389259601943,36347.634338525124,0.0,3.241166363266557,2238.0115858413333,0.0,18.38495234531283,1255.3599557209743,1390.566810219152
230.0,False,True,False,0.0,0.0001993386794765363,0.0,2193.386794765363,0.0,0.0,0.0,0.0,,0.0,0.0,735.9869076110137,0.0,8133.133886871609,,0.024540266657839014,0.0,882610.6513734465,3757513.2536085485,3723871.491468022,3723871.491468022,2705.8721979986876,33641.762140526436,0.0,3.094221556845272,2252.1146151626403,0.0,18.057421643152413,1268.7763291032943,1315.3053877797313
232.0,False,True,False,0.0,0.00019038993719861451,0.0,2103.899371986145,0.0,0.0,0.0,0.0,,0.0,0.0,735.9869076110137,0.0,7775.219785694605,,0.02497947522522703,0.0,882610.6513734465,3757513.2536085485,3726429.8613274945,3726429.8613274945,2558.369859472383,31083.392281054053,0.0,2.9483152424063794,2266.2195930712164,0.0,17.7354211454465,1282.2175198778718,1243.0644716925572
234.0,False,True,False,0.0,0.0001817930867673347,0.0,2017.930867673347,0.0,0.0,0.0,0.0,,0.0,0.0,735.9869076110137,0.0,7431.378450656593,,0.025441258948659885,0.0,882610.6513734465,3757513.2536085485,3728846.6521704686,3728846.6521704686,2416.790842974093,28666.60143807996,0.0,2.803428286194872,2280.3264147231207,0.0,17.418788480387235,1295.682690654457,1173.7263712817303
236.0,False,True,False,0.0,0.00017353422182545954,0.0,1935.3422182545953,0.0,0.0,0.0,0.0,,0.0,0.0,735.9869076110137,0.0,7101.053858330986,,0.025927007274175084,0.0,882610.6513734465,3757513.2536085485,3731127.557367194,3731127.557367194,2280.905196725391,26385.69624135457,0.0,2.659542013478701,2294.4349774130333,0.0,17.107367137571615,1309.1710363500488,1107.178825443725
238.0,False,True,False,0.0,0.00016560006454153196,0.0,1856.0006454153197,0.0,0.0,0.0,0.0,,0.0,0.0,735.9869076110137,0.0,6783.715107959506,,0.02643821250577766,0.0,882610.6513734465,3757513.2536085485,3733278.050948871,3733278.050948871,2150.4935816768557,24235.202659677714,0.0,2.5166381951178245,2308.5451805100456,0.0,16.801006229408646,1322.6817826883455,1043.3147562330971
240.0,False,True,False,0.0,0.00015797793641044518,0.0,1779.7793641044518,0.0,0.0,0.0,0.0,,0.0,0.0,735.9869076110137,0.0,6478.855254969068,,0.026976478505000116,0.0,882610.6513734465,3757513.2536085485,3735303.39773748,3735303.39773748,2025.3467886089347,22209.85587106878,0.0,2.3746990345926404,2322.656925395724,0.0,16.499560262512972,1336.2141847773132,982.0320323757962
242.0,False,True,False,0.0,0.0001506557302457352,0.0,1706.5573024573519,0.0,0.0,0.0,0.0,,0.0,0.0,735.9869076110137,0.0,6185.990192033347,,0.027543530197922595,0.0,882610.6513734465,3757513.2536085485,3737208.6630123784,3737208.6630123784,1905.2652748986147,20304.590596170165,0.0,2.2337071554739136,2336.7701154043625,0.0,16.202888918730366,1349.7675257605188,923.2332425229656
244.0,False,True,False,0.0,0.00014362188333640635,0.0,1636.2188333640636,0.0,0.0,0.0,0.0,,0.0,0.0,735.9869076110137,0.0,5904.657576601843,,0.028141223968429004,0.0,882610.6513734465,3757513.2536085485,3738998.7217329126,3738998.7217329126,1790.0587205342017,18514.531875635963,0.0,2.093645589317356,2350.884655765319,0.0,15.910856845441401,1363.3411155381066,866.8254780113903
246.0,False,True,False,0.0,0.0001368653517378352,0.0,1568.653517378352,0.0,0.0,0.0,0.0,,0.0,0.0,735.9869076110137,0.0,5634.415803687733,,0.028771559023965575,0.0,882610.6513734465,3757513.2536085485,3740678.267335792,3740678.267335792,1679.545602879487,16834.986272756476,0.0,1.954497763966416,2365.0004535473713,0.0,15.623333454791817,1376.9342895535603,812.7201248680175
248.0,False,True,False,0.0,0.00013037558566283,0.0,1503.7558566283,0.0,0.0,0.0,0.0,,0.0,0.0,735.9869076110137,0.0,5374.843022566362,,0.029436689828217812,0.0,882610.6513734465,3757513.2536085485,3742251.8201254257,3742251.8201254257,1573.552789633628,15261.433483122848,0.0,1.816247492247706,2379.117417604996,0.0,15.34019273150327,1390.546407642578,760.8326647654073
250.0,False,True,False,0.0,0.0001241425059371986,0.0,1441.425059371986,0.0,0.0,0.0,0.0,,0.0,0.0,735.9869076110137,0.0,5125.5361959665115,,0.030138939703775673,0.0,882610.6513734465,3757513.2536085485,3743723.7352748094,3743723.7352748094,1471.9151493837126,13789.518333739135,0.0,1.6788789610438775,2393.2354585265075,0.0,15.061313048923298,1404.1768529406284,711.0824846181871
252.0,False,True,False,0.0,0.00011815648148210695,0.0,1381.5648148210696,0.0,0.0,0.0,0.0,,0.0,0.0,735.9869076110137,0.0,4886.110200253065,,0.0308808157171564,0.0,882610.6513734465,3757513.2536085485,3745098.210453918,3745098.210453918,1374.475179108791,12415.043154630344,0.0,1.5423767207301124,2407.354488583973,0.0,14.786576992982171,1417.8250308459299,663.3926944906872
254.0,False,True,False,0.0,0.0001124083077848319,0.0,1324.083077848319,0.0,0.0,0.0,0.0,,0.0,0.0,735.9869076110137,0.0,4656.196965071987,,0.031665024968294396,0.0,882610.6513734465,3757513.2536085485,3746379.293101886,3746379.293101886,1281.082647967618,11133.960506662726,0.0,1.4067256749598147,2421.4744216848367,0.0,14.51587119373019,1431.4903680347961,617.689953476891
256.0,False,True,False,0.0,0.00010688918631891667,0.0,1268.8918631891668,0.0,0.0,0.0,0.0,,0.0,0.0,735.9869076110137,0.0,4435.444650904118,,0.03249449241680361,0.0,882610.6513734465,3757513.2536085485,3747570.8873585677,3747570.8873585677,1191.5942566818558,9942.36624998087,0.0,1.2719110707870935,2435.595173325192,0.0,14.249086164140122,1445.172311526462,573.9043032049693
258.0,False,True,False,0.0,0.00010159070487409524,0.0,1215.9070487409524,0.0,0.0,0.0,0.0,,0.0,0.0,735.9869076110137,0.0,4223.516862948112,,0.033372380387892156,0.0,882610.6513734465,3757513.2536085485,3748676.7606703816,3748676.7606703816,1105.8733118139207,8836.49293816695,0.0,1.1379184891127243,2449.7166605446305,0.0,13.986116145866688,1458.8703277946702,531.9690086089963
260.0,False,True,False,0.0,9.650481875714477e-05,0.0,1165.0481875714477,0.0,0.0,0.0,0.0,,0.0,0.0,735.9869076110137,0.0,4020.091899784044,,0.03430210991135228,0.0,882610.6513734465,3757513.2536085485,3749700.550084602,3749700.550084602,1023.7894142204896,7812.70352394646,0.0,1.0047338354419413,2463.8388018826085,0.0,13.726858961666334,1472.5839019234581,491.82040561160807
262.0,False,True,False,0.0,9.16238328244979e-05,0.0,1116.2383282449791,0.0,0.0,0.0,0.0,,0.0,0.0,735.9869076110137,0.0,3824.8620352557155,,0.03528738405763913,0.0,882610.6513734465,3757513.2536085485,3750645.7682455666,3750645.7682455666,945.2181609645486,6867.485362981912,0.0,0.8723433309426523,2477.961517336276,0.0,13.47121587419011,1486.3125368047329,453.3977553529878
264.0,False,True,False,0.0,8.694038430863325e-05,0.0,1069.4038430863325,0.0,0.0,0.0,0.0,,0.0,0.0,735.9869076110137,0.0,3637.5328320567564,,0.03633221344493853,0.0,882610.6513734465,3757513.2536085485,3751515.809105524,3751515.809105524,870.0408599572256,5997.444503024686,0.0,0.7407335037921942,2492.084728319707,0.0,13.21909145087116,1500.0557523753546,416.64310460440595
266.0,False,True,False,0.0,8.244742640047183e-05,0.0,1024.4742640047184,0.0,0.0,0.0,0.0,,0.0,0.0,735.9869076110137,0.0,3457.8224855135722,,0.03744094410019033,0.0,882610.6513734465,3757513.2536085485,3752313.9533621273,3752313.9533621273,798.1442566034384,5199.300246421248,0.0,0.6098911808030434,2506.208357624482,0.0,12.970393434641268,1513.8130848915946,381.50115199886403
268.0,False,True,False,0.0,7.813821255139728e-05,0.0,981.3821255139727,0.0,0.0,0.0,0.0,,0.0,0.0,735.9869076110137,0.0,3285.4611961135133,,0.038618287864233034,0.0,882610.6513734465,3757513.2536085485,3753043.37363384,3753043.37363384,729.420271712821,4469.879974708427,0.0,0.47980347931628603,2520.3323293815693,0.0,12.725032620217819,1527.584086238938,347.9191197139959
270.0,False,True,False,0.0,7.400628145929075e-05,0.0,940.0628145929076,0.0,0.0,0.0,0.0,,0.0,0.0,735.9869076110137,0.0,3120.1905693572353,,0.039869355535995375,0.0,882610.6513734465,3757513.2536085485,3753707.1393837933,3753707.1393837933,663.7657499532215,3806.114224755205,0.0,0.3504577993537379,2534.4565690244535,0.0,12.482922735715226,1541.3683232753363,315.8466302390633
272.0,False,True,False,0.0,7.004544270406234e-05,0.0,900.4544270406234,0.0,0.0,0.0,0.0,,0.0,0.0,735.9869076110137,0.0,2961.7630415575436,,0.0411996929516708,0.0,882610.6513734465,3757513.2536085485,3754308.221601888,3754308.221601888,601.0822180947289,3205.0320066604763,0.0,0.22184181601902128,2548.5810032534723,0.0,12.243980329343147,1555.165377206116,285.2355878558163
274.0,False,True,False,0.0,6.624976299962441e-05,0.0,862.4976299962442,0.0,0.0,0.0,0.0,,0.0,0.0,735.9869076110137,0.0,2809.9413302653575,,0.04261532019048982,0.0,882610.6513734465,3757513.2536085485,3754849.4972542063,3754849.4972542063,541.2756523182616,2663.7563543422148,0.0,0.09394347213877705,2562.7055600013086,0.0,12.008124660964373,1568.9748429888489,256.0400644624544
276.0,False,True,False,0.0,6.261355303022633e-05,0.0,826.1355303022633,0.0,0.0,0.0,0.0,,0.0,0.0,735.9869076110137,0.0,2664.497908042108,,0.04412277408736632,0.0,882610.6513734465,3757513.2536085485,3755333.7535080328,3755333.7535080328,484.25625382643193,2179.500100515783,0.0,-0.033249028865070494,2576.8301683995924,0.0,11.775277598293645,1582.796328766589,228.21618936401043
278.0,False,True,False,0.0,5.913135484068343e-05,0.0,791.3135484068342,0.0,0.0,0.0,0.0,,0.0,0.0,735.9869076110137,0.0,2525.2144983622143,,0.04572915421152375,0.0,882610.6513734465,3757513.2536085485,3755763.6917400467,3755763.6917400467,429.9382320139557,1749.5618685018271,0.0,-0.15974722987959503,2590.954758746587,0.0,11.54536351752984,1596.6294553279865,201.72204264982685
280.0,False,True,False,0.0,5.579792975127001e-05,0.0,757.9792975127001,0.0,0.0,0.0,0.0,,0.0,0.0,735.9869076110137,0.0,2391.8815924785767,,0.04744217243635168,0.0,882610.6513734465,3757513.2536085485,3756141.931334468,3756141.931334468,378.23959442134947,1371.3222740804777,0.0,-0.28556242679041977,2605.0792624758997,0.0,11.318309208220525,1610.4738555928427,176.5175517713289
282.0,False,True,False,0.0,5.260824676947016e-05,0.0,726.0824676947017,0.0,0.0,0.0,0.0,,0.0,0.0,735.9869076110137,0.0,2264.297986140801,,0.04927020617508327,0.0,882610.6513734465,3757513.2536085485,3756471.0132771647,3756471.0132771647,329.08194269659,1042.2403313838877,0.0,-0.4107056749635521,2619.203612126193,0.0,11.094043782168882,1624.3291741217888,152.56439092519776
284.0,False,True,False,0.0,4.9557471472421264e-05,0.0,695.5747147242126,0.0,0.0,0.0,0.0,,0.0,0.0,735.9869076110137,0.0,2142.270335121313,,0.05122235528436941,0.0,882610.6513734465,3757513.2536085485,3756753.4035509285,3756753.4035509285,282.3902737637982,759.8500576200895,0.0,-0.5351877955272039,2633.327741311855,0.0,10.872498586199823,1638.1950666488171,129.82588283837103
286.0,False,True,False,0.0,4.664095533521002e-05,0.0,666.4095533521001,0.0,0.0,0.0,0.0,,0.0,0.0,735.9869076110137,0.0,2025.6127285574375,,0.05330850253754893,0.0,882610.6513734465,3757513.2536085485,3756991.4963363046,3756991.4963363046,238.09278537612408,521.7572722439654,0.0,-0.6590193814607114,2647.4515846945915,0.0,10.653607118610669,1652.071199635477,108.26690253779003
288.0,False,True,False,0.0,4.385422548188909e-05,0.0,638.5422548188909,0.0,0.0,0.0,0.0,,0.0,0.0,735.9869076110137,0.0,1914.1462791856293,,0.055539377433432215,0.0,882610.6513734465,3757513.2536085485,3757187.617021517,3757187.617021517,196.12068521231413,325.6365870316513,0.0,-0.7822108034969762,2661.575077955915,0.0,10.437304949140408,1665.9572498456205,87.8537826747006
290.0,False,True,False,0.0,4.119297483765593e-05,0.0,611.9297483765592,0.0,0.0,0.0,0.0,,0.0,0.0,735.9869076110137,0.0,1807.6987296069253,,0.05792662292566258,0.0,882610.6513734465,3757513.2536085485,3757344.025024148,3757344.025024148,156.40800263127312,169.22858440037817,0.0,-0.9047722158452602,2675.6981577704873,0.0,10.223529642297867,1679.8529039396315,68.55421995653903
292.0,False,True,False,0.0,3.86530526622243e-05,0.0,586.5305266222431,0.0,0.0,0.0,0.0,,0.0,0.0,735.9869076110137,0.0,1706.1040737860885,,0.06048286442095342,0.0,882610.6513734465,3757513.2536085485,3757462.9164263248,3757462.9164263248,118.89140217658132,50.337182223796844,0.0,-1.026713561740552,2689.820761780293,0.0,10.012220683897036,1693.7578580871425,50.33718222020856
294.0,False,False,False,0.0,0.0,0.0,0.0,0.0,0.0,0.0,0.0,,0.0,0.0,735.9869076110137,0.0,0.0,,,0.0,882610.6513734465,3757513.2536085485,3757513.253608545,3757513.253608545,50.337182220071554,3.725290298461914e-09,0.0,-1.1480445788252565,2703.942828569613,0.0,9.803319410655105,1707.6718175972974,0.0
296.0,False,False,False,0.0,0.0,0.0,0.0,0.0,0.0,0.0,0.0,,0.0,0.0,735.9869076110137,0.0,0.0,,,0.0,882610.6513734465,3757513.2536085485,3757513.253608545,3757513.253608545,0.0,3.725290298461914e-09,0.0,-1.268774804369479,2718.064297640765,0.0,9.596768942714219,1721.5944965656645,0.0
298.0,False,False,False,0.0,0.0,0.0,0.0,0.0,0.0,0.0,0.0,,0.0,0.0,735.9869076110137,0.0,0.0,,,0.0,882610.6513734465,3757513.2536085485,3757513.253608545,3757513.253608545,0.0,3.725290298461914e-09,0.0,-1.3889135803348585,2732.1851093905902,0.0,9.392514118956102,1735.5256175369639,0.0
300.0,False,False,False,0.0,0.0,0.0,0.0,0.0,0.0,0.0,0.0,,0.0,0.0,735.9869076110137,0.0,0.0,,,0.0,882610.6513734465,3757513.2536085485,3757513.253608545,3757513.253608545,0.0,3.725290298461914e-09,0.0,-1.5084700582878743,2746.3052050876545,0.0,9.190501434982943,1749.4649111828091,0.0
302.0,False,False,False,0.0,0.0,0.0,0.0,0.0,0.0,0.0,0.0,,0.0,0.0,735.9869076110137,0.0,0.0,,,0.0,882610.6513734465,3757513.2536085485,3757513.253608545,3757513.253608545,0.0,3.725290298461914e-09,0.0,-1.6274532041672305,2760.424526850144,0.0,8.990678983645592,1763.412115993714,0.0
304.0,False,False,False,0.0,0.0,0.0,0.0,0.0,0.0,0.0,0.0,,0.0,0.0,735.9869076110137,0.0,0.0,,,0.0,882610.6513734465,3757513.2536085485,3757513.253608545,3757513.253608545,0.0,3.725290298461914e-09,0.0,-1.7458718029107851,2774.5430176244276,0.0,8.792996398003945,1777.3669779846593,0.0
306.0,False,False,False,0.0,0.0,0.0,0.0,0.0,0.0,0.0,0.0,,0.0,0.0,735.9869076110137,0.0,0.0,,,0.0,882610.6513734465,3757513.2536085485,3757513.253608545,3757513.253608545,0.0,3.725290298461914e-09,0.0,-1.8637344629463795,2788.6606211642647,0.0,8.59740479661135,1791.3292504135377,0.0
308.0,False,False,False,0.0,0.0,0.0,0.0,0.0,0.0,0.0,0.0,,0.0,0.0,735.9869076110137,0.0,0.0,,,0.0,882610.6513734465,3757513.2536085485,3757513.253608545,3757513.253608545,0.0,3.725290298461914e-09,0.0,-1.9810496205512917,2802.7772820106297,0.0,8.403856731018909,1805.298693511847,0.0
310.0,False,False,False,0.0,0.0,0.0,0.0,0.0,0.0,0.0,0.0,,0.0,0.0,735.9869076110137,0.0,0.0,,,0.0,882610.6513734465,3757513.2536085485,3757513.253608545,3757513.253608545,0.0,3.725290298461914e-09,0.0,-2.09782554408466,2816.8929454721465,0.0,8.212306135400953,1819.2750742270396,0.0
312.0,False,False,False,0.0,0.0,0.0,0.0,0.0,0.0,0.0,0.0,,0.0,0.0,735.9869076110137,0.0,0.0,,,0.0,882610.6513734465,3757513.2536085485,3757513.253608545,3757513.253608545,0.0,3.725290298461914e-09,0.0,-2.2140703380974407,2831.0075576060985,0.0,8.022708278206828,1833.2581659759433,0.0
314.0,False,False,False,0.0,0.0,0.0,0.0,0.0,0.0,0.0,0.0,,0.0,0.0,735.9869076110137,0.0,0.0,,,0.0,882610.6513734465,3757513.2536085485,3757513.253608545,3757513.253608545,0.0,3.725290298461914e-09,0.0,-2.329791947323181,2845.121065199996,0.0,7.835019715750449,1847.2477484087308,0.0
316.0,False,False,False,0.0,0.0,0.0,0.0,0.0,0.0,0.0,0.0,,0.0,0.0,735.9869076110137,0.0,0.0,,,0.0,882610.6513734465,3757513.2536085485,3757513.253608545,3757513.253608545,0.0,3.725290298461914e-09,0.0,-2.444998160554645,2859.2334157536925,0.0,7.649198247650218,1861.2436071829216,0.0
318.0,False,False,False,0.0,0.0,0.0,0.0,0.0,0.0,0.0,0.0,,0.0,0.0,735.9869076110137,0.0,0.0,,,0.0,882610.6513734465,3757513.2536085485,3757513.253608545,3757513.253608545,0.0,3.725290298461914e-09,0.0,-2.55969661440904,2873.3445574620177,0.0,7.465202874039389,1875.245533746933,0.0
320.0,False,False,False,0.0,0.0,0.0,0.0,0.0,0.0,0.0,0.0,,0.0,0.0,735.9869076110137,0.0,0.0,,,0.0,882610.6513734465,3757513.2536085485,3757513.253608545,3757513.253608545,0.0,3.725290298461914e-09,0.0,-2.673894796986154,2887.454439197921,0.0,7.282993754467965,1889.2533251327325,0.0
322.0,False,False,False,0.0,0.0,0.0,0.0,0.0,0.0,0.0,0.0,,0.0,0.0,735.9869076110137,0.0,0.0,,,0.0,882610.6513734465,3757513.2536085485,3757513.253608545,3757513.253608545,0.0,3.725290298461914e-09,0.0,-2.7876000514225443,2901.5630104960987,0.0,7.102532168422684,1903.266783757148,0.0
324.0,False,False,False,0.0,0.0,0.0,0.0,0.0,0.0,0.0,0.0,,0.0,0.0,735.9869076110137,0.0,0.0,,,0.0,882610.6513734465,3757513.2536085485,3757513.253608545,3757513.253608545,0.0,3.725290298461914e-09,0.0,-2.9008195793454954,2915.6702215370974,0.0,6.9237804773938425,1917.2857172314361,0.0
326.0,False,False,False,0.0,0.0,0.0,0.0,0.0,0.0,0.0,0.0,,0.0,0.0,735.9869076110137,0.0,0.0,,,0.0,882610.6513734465,3757513.2536085485,3757513.253608545,3757513.253608545,0.0,3.725290298461914e-09,0.0,-3.013560444229552,2929.7760231318734,0.0,6.746702088422346,1931.309938178713,0.0
328.0,False,False,False,0.0,0.0,0.0,0.0,0.0,0.0,0.0,0.0,,0.0,0.0,735.9869076110137,0.0,0.0,,,0.0,882610.6513734465,3757513.2536085485,3757513.253608545,3757513.253608545,0.0,3.725290298461914e-09,0.0,-3.1258295746592575,2943.8803667067946,0.0,6.571261419062019,1945.3392640588875,0.0
330.0,False,False,False,0.0,0.0,0.0,0.0,0.0,0.0,0.0,0.0,,0.0,0.0,735.9869076110137,0.0,0.0,,,0.0,882610.6513734465,3757513.2536085485,3757513.253608545,3757513.253608545,0.0,3.725290298461914e-09,0.0,-3.23763376750066,2957.9832042890644,0.0,6.397423863696699,1959.3735170007371,0.0
332.0,False,False,False,0.0,0.0,0.0,0.0,0.0,0.0,0.0,0.0,,0.0,0.0,735.9869076110137,0.0,0.0,,,0.0,882610.6513734465,3757513.2536085485,3757513.253608545,3757513.253608545,0.0,3.725290298461914e-09,0.0,-3.3489796909848843,2972.0844884925664,0.0,6.22515576115318,1973.412523640807,0.0
334.0,False,False,False,0.0,0.0,0.0,0.0,0.0,0.0,0.0,0.0,,0.0,0.0,735.9869076110137,0.0,0.0,,,0.0,882610.6513734465,3757513.2536085485,3757513.253608545,3757513.253608545,0.0,3.725290298461914e-09,0.0,-3.4598738877063435,2986.1841725041027,0.0,6.05442436355471,1987.4561149688102,0.0
336.0,False,False,False,0.0,0.0,0.0,0.0,0.0,0.0,0.0,0.0,,0.0,0.0,735.9869076110137,0.0,0.0,,,0.0,882610.6513734465,3757513.2536085485,3757513.253608545,3757513.253608545,0.0,3.725290298461914e-09,0.0,-3.5703227775383204,3000.2822100700228,0.0,5.885197806361998,2001.5041261792362,0.0
338.0,False,False,False,0.0,0.0,0.0,0.0,0.0,0.0,0.0,0.0,,0.0,0.0,735.9869076110137,0.0,0.0,,,0.0,882610.6513734465,3757513.2536085485,3757513.253608545,3757513.253608545,0.0,3.725290298461914e-09,0.0,-3.6803326604687525,3014.378555483223,0.0,5.717445079550773,2015.5563965288804,0.0
340.0,False,False,False,0.0,0.0,0.0,0.0,0.0,0.0,0.0,0.0,,0.0,0.0,735.9869076110137,0.0,0.0,,,0.0,882610.6513734465,3757513.2536085485,3757513.253608545,3757513.253608545,0.0,3.725290298461914e-09,0.0,-3.7899097193582905,3028.4731635705084,0.0,5.551135999878335,2029.612769200028,0.0
342.0,False,False,False,0.0,0.0,0.0,0.0,0.0,0.0,0.0,0.0,,0.0,0.0,735.9869076110137,0.0,0.0,,,0.0,882610.6513734465,3757513.2536085485,3757513.253608545,3757513.253608545,0.0,3.725290298461914e-09,0.0,-3.8990600226236007,3042.565989680313,0.0,5.386241184192239,2043.6730911690427,0.0
344.0,False,False,False,0.0,0.0,0.0,0.0,0.0,0.0,0.0,0.0,,0.0,0.0,735.9869076110137,0.0,0.0,,,0.0,882610.6513734465,3757513.2536085485,3757513.253608545,3757513.253608545,0.0,3.725290298461914e-09,0.0,-4.007789526847852,3056.656989670746,0.0,5.2227320237378345,2057.7372130801054,0.0
346.0,False,False,False,0.0,0.0,0.0,0.0,0.0,0.0,0.0,0.0,,0.0,0.0,735.9869076110137,0.0,0.0,,,0.0,882610.6513734465,3757513.2536085485,3757513.253608545,3757513.253608545,0.0,3.725290298461914e-09,0.0,-4.11610407932077,3070.746119897978,0.0,5.060580659422534,2071.8049891238884,0.0
348.0,False,False,False,0.0,0.0,0.0,0.0,0.0,0.0,0.0,0.0,,0.0,0.0,735.9869076110137,0.0,0.0,,,0.0,882610.6513734465,3757513.2536085485,3757513.253608545,3757513.253608545,0.0,3.725290298461914e-09,0.0,-4.224009420510586,3084.8333372049387,0.0,4.899759957996662,2085.876276920929,0.0
350.0,False,False,False,0.0,0.0,0.0,0.0,0.0,0.0,0.0,0.0,,0.0,0.0,735.9869076110137,0.0,0.0,,,0.0,882610.6513734465,3757513.2536085485,3757513.253608545,3757513.253608545,0.0,3.725290298461914e-09,0.0,-4.331511186469665,3098.9185989103225,0.0,4.740243489113153,2099.950937409511,0.0
352.0,False,False,False,0.0,0.0,0.0,0.0,0.0,0.0,0.0,0.0,,0.0,0.0,735.9869076110137,0.0,0.0,,,0.0,882610.6513734465,3757513.2536085485,3757513.253608545,3757513.253608545,0.0,3.725290298461914e-09,0.0,-4.438614911176232,3113.001862797904,0.0,4.582005503229164,2114.0288347378523,0.0
354.0,False,False,False,0.0,0.0,0.0,0.0,0.0,0.0,0.0,0.0,,0.0,0.0,735.9869076110137,0.0,0.0,,,0.0,882610.6513734465,3757513.2536085485,3757513.253608545,3757513.253608545,0.0,3.725290298461914e-09,0.0,-4.545326028813873,3127.083087106121,0.0,4.425020910315171,2128.109836160394,0.0
356.0,False,False,False,0.0,0.0,0.0,0.0,0.0,0.0,0.0,0.0,,0.0,0.0,735.9869076110137,0.0,0.0,,,0.0,882610.6513734465,3757513.2536085485,3757513.253608545,3757513.253608545,0.0,3.725290298461914e-09,0.0,-4.651649875990746,3141.1622305179612,0.0,4.269265259338381,2142.1938119380407,0.0
358.0,False,False,False,0.0,0.0,0.0,0.0,0.0,0.0,0.0,0.0,,0.0,0.0,735.9869076110137,0.0,0.0,,,0.0,882610.6513734465,3757513.2536085485,3757513.253608545,3757513.253608545,0.0,3.725290298461914e-09,0.0,-4.757591693900565,3155.2392521511006,0.0,4.114714718488334,2156.2806352421576,0.0
360.0,False,False,False,0.0,0.0,0.0,0.0,0.0,0.0,0.0,0.0,,0.0,0.0,735.9869076110137,0.0,0.0,,,0.0,882610.6513734465,3757513.2536085485,3757513.253608545,3757513.253608545,0.0,3.725290298461914e-09,0.0,-4.8631566304267135,3169.314111548321,0.0,3.9613460561150675,2170.370182062174,0.0
362.0,False,False,False,0.0,0.0,0.0,0.0,0.0,0.0,0.0,0.0,,0.0,0.0,735.9869076110137,0.0,0.0,,,0.0,882610.6513734465,3757513.2536085485,3757513.253608545,3757513.253608545,0.0,3.725290298461914e-09,0.0,-4.968349742191623,3183.3867686681683,0.0,3.809136622350253,2184.4623311166397,0.0
364.0,False,False,False,0.0,0.0,0.0,0.0,0.0,0.0,0.0,0.0,,0.0,0.0,735.9869076110137,0.0,0.0,,,0.0,882610.6513734465,3757513.2536085485,3757513.253608545,3757513.253608545,0.0,3.725290298461914e-09,0.0,-5.073175996552833,3197.45718387587,0.0,3.6580643313840673,2198.5569637675767,0.0
366.0,False,False,False,0.0,0.0,0.0,0.0,0.0,0.0,0.0,0.0,,0.0,0.0,735.9869076110137,0.0,0.0,,,0.0,882610.6513734465,3757513.2536085485,3757513.253608545,3757513.253608545,0.0,3.725290298461914e-09,0.0,-5.177640273547174,3211.525317934484,0.0,3.508107644371536,2212.6539639380007,0.0
368.0,False,False,False,0.0,0.0,0.0,0.0,0.0,0.0,0.0,0.0,,0.0,0.0,735.9869076110137,0.0,0.0,,,0.0,882610.6513734465,3757513.2536085485,3757513.253608545,3757513.253608545,0.0,3.725290298461914e-09,0.0,-5.2817473677851305,3225.591131996285,0.0,3.3592455529424274,2226.7532180324733,0.0
370.0,False,False,False,0.0,0.0,0.0,0.0,0.0,0.0,0.0,0.0,,0.0,0.0,735.9869076110137,0.0,0.0,,,0.0,882610.6513734465,3757513.2536085485,3757513.253608545,3757513.253608545,0.0,3.725290298461914e-09,0.0,-5.38550199029629,3239.654587594372,0.0,3.2114575632913955,2240.8546148605474,0.0
372.0,False,False,False,0.0,0.0,0.0,0.0,0.0,0.0,0.0,0.0,,0.0,0.0,735.9869076110137,0.0,0.0,,,0.0,882610.6513734465,3757513.2536085485,3757513.253608545,3757513.253608545,0.0,3.725290298461914e-09,0.0,-5.488908770327652,3253.715646634496,0.0,3.0647236808248275,2254.958045563002,0.0
374.0,False,False,False,0.0,0.0,0.0,0.0,0.0,0.0,0.0,0.0,,0.0,0.0,735.9869076110137,0.0,0.0,,,0.0,882610.6513734465,3757513.2536085485,3757513.253608545,3757513.253608545,0.0,3.725290298461914e-09,0.0,-5.591972257096124,3267.7742713871025,0.0,2.9190243953424333,2269.0634035407456,0.0
376.0,False,False,False,0.0,0.0,0.0,0.0,0.0,0.0,0.0,0.0,,0.0,0.0,735.9869076110137,0.0,0.0,,,0.0,882610.6513734465,3757513.2536085485,3757513.253608545,3757513.253608545,0.0,3.725290298461914e-09,0.0,-5.694696921496511,3281.830424479577,0.0,2.7743406667325683,2283.170584386267,0.0
378.0,False,False,False,0.0,0.0,0.0,0.0,0.0,0.0,0.0,0.0,,0.0,0.0,735.9869076110137,0.0,0.0,,,0.0,882610.6513734465,3757513.2536085485,3757513.253608545,3757513.253608545,0.0,3.725290298461914e-09,0.0,-5.7970871577663425,3295.8840688886876,0.0,2.6306539111610316,2297.2794858175425,0.0
380.0,False,False,False,0.0,0.0,0.0,0.0,0.0,0.0,0.0,0.0,,0.0,0.0,735.9869076110137,0.0,0.0,,,0.0,882610.6513734465,3757513.2536085485,3757513.253608545,3757513.253608545,0.0,3.725290298461914e-09,0.0,-5.899147285108746,3309.9351679332253,0.0,2.487945987734147,2311.3900076142945,0.0
382.0,False,False,False,0.0,0.0,0.0,0.0,0.0,0.0,0.0,0.0,,0.0,0.0,735.9869076110137,0.0,0.0,,,0.0,882610.6513734465,3757513.2536085485,3757513.253608545,3757513.253608545,0.0,3.725290298461914e-09,0.0,-6.000881549274635,3323.9836852668323,0.0,2.3461991856175675,2325.5020515565025,0.0
384.0,False,False,False,0.0,0.0,0.0,0.0,0.0,0.0,0.0,0.0,,0.0,0.0,735.9869076110137,0.0,0.0,,,0.0,882610.6513734465,3757513.2536085485,3757513.253608545,3757513.253608545,0.0,3.725290298461914e-09,0.0,-6.102294124105278,3338.0295848710093,0.0,2.205396211593312,2339.615521365082,0.0
386.0,False,False,False,0.0,0.0,0.0,0.0,0.0,0.0,0.0,0.0,,0.0,0.0,735.9869076110137,0.0,0.0,,,0.0,882610.6513734465,3757513.2536085485,3757513.253608545,3757513.253608545,0.0,3.725290298461914e-09,0.0,-6.203389113036657,3352.0728310483023,0.0,2.0655201780377443,2353.7303226446356,0.0
388.0,False,False,False,0.0,0.0,0.0,0.0,0.0,0.0,0.0,0.0,,0.0,0.0,735.9869076110137,0.0,0.0,,,0.0,882610.6513734465,3757513.2536085485,3757513.253608545,3757513.253608545,0.0,3.725290298461914e-09,0.0,-6.304170550566291,3366.1133884156607,0.0,1.926554591304901,2367.846362828203,0.0
390.0,False,False,False,0.0,0.0,0.0,0.0,0.0,0.0,0.0,0.0,,0.0,0.0,735.9869076110137,0.0,0.0,,,0.0,882610.6513734465,3757513.2536085485,3757513.253608545,3757513.253608545,0.0,3.725290298461914e-09,0.0,-6.404642403684037,3380.1512218979624,0.0,1.7884833404990688,2381.9635511239208,0.0
392.0,False,False,False,0.0,0.0,0.0,0.0,0.0,0.0,0.0,0.0,,0.0,0.0,735.9869076110137,0.0,0.0,,,0.0,882610.6513734465,3757513.2536085485,3757513.253608545,3757513.253608545,0.0,3.725290298461914e-09,0.0,-6.504808573267559,3394.1862967217016,0.0,1.651290686622225,2396.0817984635255,0.0
394.0,False,False,False,0.0,0.0,0.0,0.0,0.0,0.0,0.0,0.0,,0.0,0.0,735.9869076110137,0.0,0.0,,,0.0,882610.6513734465,3757513.2536085485,3757513.253608545,3757513.253608545,0.0,3.725290298461914e-09,0.0,-6.604672895443612,3408.2185784088306,0.0,1.514961252081943,2410.2010174526163,0.0
396.0,False,False,False,0.0,0.0,0.0,0.0,0.0,0.0,0.0,0.0,,0.0,0.0,735.9869076110137,0.0,0.0,,,0.0,882610.6513734465,3757513.2536085485,3757513.253608545,3757513.253608545,0.0,3.725290298461914e-09,0.0,-6.704239142916152,3422.248032770761,0.0,1.3794800105460563,2424.321122322621,0.0
398.0,False,False,False,0.0,0.0,0.0,0.0,0.0,0.0,0.0,0.0,,0.0,0.0,735.9869076110137,0.0,0.0,,,0.0,882610.6513734465,3757513.2536085485,3757513.253608545,3757513.253608545,0.0,3.725290298461914e-09,0.0,-6.803511026262097,3436.2746259025075,0.0,1.2448322771312772,2438.442028884389,0.0
400.0,False,False,False,0.0,0.0,0.0,0.0,0.0,0.0,0.0,0.0,,0.0,0.0,735.9869076110137,0.0,0.0,,,0.0,882610.6513734465,3757513.2536085485,3757513.253608545,3757513.253608545,0.0,3.725290298461914e-09,0.0,-6.9024921951957126,3450.2983241769775,0.0,1.1110036989130552,2452.56365448335,0.0
402.0,False,False,False,0.0,0.0,0.0,0.0,0.0,0.0,0.0,0.0,,0.0,0.0,735.9869076110137,0.0,0.0,,,0.0,882610.6513734465,3757513.2536085485,3757513.253608545,3757513.253608545,0.0,3.725290298461914e-09,0.0,-7.001186239802436,3464.3190942394012,0.0,0.9779802457448807,2466.6859179561807,0.0
404.0,False,False,False,0.0,0.0,0.0,0.0,0.0,0.0,0.0,0.0,,0.0,0.0,735.9869076110137,0.0,0.0,,,0.0,882610.6513734465,3757513.2536085485,3757513.253608545,3757513.253608545,0.0,3.725290298461914e-09,0.0,-7.099596691743048,3478.3369030019,0.0,0.8457482013754544,2480.808739588922,0.0
406.0,False,False,False,0.0,0.0,0.0,0.0,0.0,0.0,0.0,0.0,,0.0,0.0,735.9869076110137,0.0,0.0,,,0.0,882610.6513734465,3757513.2536085485,3757513.253608545,3757513.253608545,0.0,3.725290298461914e-09,0.0,-7.19772702542908,3492.3517176381865,0.0,0.7142941548525918,2494.9320410764863,0.0
408.0,False,False,False,0.0,0.0,0.0,0.0,0.0,0.0,0.0,0.0,,0.0,0.0,735.9869076110137,0.0,0.0,,,0.0,882610.6513734465,3757513.2536085485,3757513.253608545,3757513.253608545,0.0,3.725290298461914e-09,0.0,-7.295580659170061,3506.363505578387,0.0,0.5836049922036038,2509.0557454835025,0.0
410.0,False,False,False,0.0,0.0,0.0,0.0,0.0,0.0,0.0,0.0,,0.0,0.0,735.9869076110137,0.0,0.0,,,0.0,882610.6513734465,3757513.2536085485,3757513.253608545,3757513.253608545,0.0,3.725290298461914e-09,0.0,-7.393160956293458,3520.3722345039964,0.0,0.4536678883819241,2523.179777206454,0.0
412.0,False,False,False,0.0,0.0,0.0,0.0,0.0,0.0,0.0,0.0,,0.0,0.0,735.9869076110137,0.0,0.0,,,0.0,882610.6513734465,3757513.2536085485,3757513.253608545,3757513.253608545,0.0,3.725290298461914e-09,0.0,-7.4904712262382995,3534.3778723429564,0.0,0.3244702994699026,2537.3040619370604,0.0
414.0,False,False,False,0.0,0.0,0.0,0.0,0.0,0.0,0.0,0.0,,0.0,0.0,735.9869076110137,0.0,0.0,,,0.0,882610.6513734465,3757513.2536085485,3757513.253608545,3757513.253608545,0.0,3.725290298461914e-09,0.0,-7.587514725622722,3548.3803872648427,0.0,0.19599995512920232,2551.4285266268407,0.0
416.0,False,False,False,0.0,0.0,0.0,0.0,0.0,0.0,0.0,0.0,,0.0,0.0,735.9869076110137,0.0,0.0,,,0.0,882610.6513734465,3757513.2536085485,3757513.253608545,3757513.253608545,0.0,3.725290298461914e-09,0.0,-7.684294659286578,3562.379747676176,0.0,0.06824485128912706,2565.5530994528394,0.0
418.0,False,False,False,0.0,0.0,0.0,0.0,0.0,0.0,0.0,0.0,,0.0,0.0,735.9869076110137,0.0,0.0,,,0.0,882610.6513734465,3757513.2536085485,3757513.253608545,3757513.253608545,0.0,3.725290298461914e-09,0.0,-7.78081418130961,3576.375922215838,0.0,-0.05880675693529462,2579.6777097844492,0.0
420.0,False,False,False,0.0,0.0,0.0,0.0,0.0,0.0,0.0,0.0,,0.0,0.0,735.9869076110137,0.0,0.0,,,0.0,882610.6513734465,3757513.2536085485,3757513.253608545,3757513.253608545,0.0,3.725290298461914e-09,0.0,-7.877076396005795,3590.3688797506015,0.0,-0.18516636210375728,2593.802288151306,0.0
422.0,False,False,False,0.0,0.0,0.0,0.0,0.0,0.0,0.0,0.0,,0.0,0.0,735.9869076110137,0.0,0.0,,,0.0,882610.6513734465,3757513.2536085485,3757513.253608545,3757513.253608545,0.0,3.725290298461914e-09,0.0,-7.973084358894608,3604.3585893707636,0.0,-0.31084521109762775,2607.9267662122033,0.0
424.0,False,False,False,0.0,0.0,0.0,0.0,0.0,0.0,0.0,0.0,,0.0,0.0,735.9869076110137,0.0,0.0,,,0.0,882610.6513734465,3757513.2536085485,3757513.253608545,3757513.253608545,0.0,3.725290298461914e-09,0.0,-8.068841077649823,3618.3450203858847,0.0,-0.4358543115610328,2622.0510767250025,0.0
426.0,False,False,False,0.0,0.0,0.0,0.0,0.0,0.0,0.0,0.0,,0.0,0.0,735.9869076110137,0.0,0.0,,,0.0,882610.6513734465,3757513.2536085485,3757513.253608545,3757513.253608545,0.0,3.725290298461914e-09,0.0,-8.164349513026323,3632.3281423206186,0.0,-0.5602044381431525,2636.175153517488,0.0
428.0,False,False,False,0.0,0.0,0.0,0.0,0.0,0.0,0.0,0.0,,0.0,0.0,735.9869076110137,0.0,0.0,,,0.0,882610.6513734465,3757513.2536085485,3757513.253608545,3757513.253608545,0.0,3.725290298461914e-09,0.0,-8.259612579765626,3646.3079249106527,0.0,-0.683906138548912,2650.298931459147,0.0
430.0,False,False,False,0.0,0.0,0.0,0.0,0.0,0.0,0.0,0.0,,0.0,0.0,735.9869076110137,0.0,0.0,,,0.0,882610.6513734465,3757513.2536085485,3757513.253608545,3757513.253608545,0.0,3.725290298461914e-09,0.0,-8.354633147480738,3660.284338098735,0.0,-0.8069697394048703,2664.42234643383,0.0
432.0,False,False,False,0.0,0.0,0.0,0.0,0.0,0.0,0.0,0.0,,0.0,0.0,735.9869076110137,0.0,0.0,,,0.0,882610.6513734465,3757513.2536085485,3757513.253608545,3757513.253608545,0.0,3.725290298461914e-09,0.0,-8.44941404152073,3674.2573520307965,0.0,-0.9294053519465119,2678.545335313266,0.0
434.0,False,False,False,0.0,0.0,0.0,0.0,0.0,0.0,0.0,0.0,,0.0,0.0,735.9869076110137,0.0,0.0,,,0.0,882610.6513734465,3757513.2536085485,3757513.253608545,3757513.253608545,0.0,3.725290298461914e-09,0.0,-8.543958043815552,3688.2269370521553,0.0,-1.0512228775331642,2692.6678359313955,0.0
436.0,False,False,False,0.0,0.0,0.0,0.0,0.0,0.0,0.0,0.0,,0.0,0.0,735.9869076110137,0.0,0.0,,,0.0,882610.6513734465,3757513.2536085485,3757513.253608545,3757513.253608545,0.0,3.725290298461914e-09,0.0,-8.638267893701896,3702.193063703826,0.0,-1.1724320129969044,2706.7897870595057,0.0
438.0,False,False,False,0.0,0.0,0.0,0.0,0.0,0.0,0.0,0.0,,0.0,0.0,735.9869076110137,0.0,0.0,,,0.0,882610.6513734465,3757513.2536085485,3757513.253608545,3757513.253608545,0.0,3.725290298461914e-09,0.0,-8.732346288730339,3716.155702718893,0.0,-1.2930422558308061,2720.91112838212,0.0
440.0,False,False,False,0.0,0.0,0.0,0.0,0.0,0.0,0.0,0.0,,0.0,0.0,735.9869076110137,0.0,0.0,,,0.0,882610.6513734465,3757513.2536085485,3757513.253608545,3757513.253608545,0.0,3.725290298461914e-09,0.0,-8.826195885454176,3730.1148250189794,0.0,-1.413062909221933,2735.0318004736314,0.0
442.0,False,False,False,0.0,0.0,0.0,0.0,0.0,0.0,0.0,0.0,,0.0,0.0,735.9869076110137,0.0,0.0,,,0.0,882610.6513734465,3757513.2536085485,3757513.253608545,3757513.253608545,0.0,3.725290298461914e-09,0.0,-8.919819300200658,3744.0704017107983,0.0,-1.5325030869347518,2749.15174477565,0.0
444.0,False,False,False,0.0,0.0,0.0,0.0,0.0,0.0,0.0,0.0,,0.0,0.0,735.9869076110137,0.0,0.0,,,0.0,882610.6513734465,3757513.2536085485,3757513.253608545,3757513.253608545,0.0,3.725290298461914e-09,0.0,-9.0132191098252,3758.02240408277,0.0,-1.6513717180501517,2763.270903575028,0.0
446.0,False,False,False,0.0,0.0,0.0,0.0,0.0,0.0,0.0,0.0,,0.0,0.0,735.9869076110137,0.0,0.0,,,0.0,882610.6513734465,3757513.2536085485,3757513.253608545,3757513.253608545,0.0,3.725290298461914e-09,0.0,-9.106397852448346,3771.97080360173,0.0,-1.7696775515641225,2777.3892199825586,0.0
448.0,False,False,False,0.0,0.0,0.0,0.0,0.0,0.0,0.0,0.0,,0.0,0.0,735.9869076110137,0.0,0.0,,,0.0,882610.6513734465,3757513.2536085485,3757513.253608545,3757513.253608545,0.0,3.725290298461914e-09,0.0,-9.19935802817684,3785.9155719097025,0.0,-1.8874291608520453,2791.5066379123077,0.0
450.0,False,False,False,0.0,0.0,0.0,0.0,0.0,0.0,0.0,0.0,,0.0,0.0,735.9869076110137,0.0,0.0,,,0.0,882610.6513734465,3757513.2536085485,3757513.253608545,3757513.253608545,0.0,3.725290298461914e-09,0.0,-9.292102099808423,3799.856680820749,0.0,-2.0046349480020393,2805.623102061565,0.0
452.0,False,False,False,0.0,0.0,0.0,0.0,0.0,0.0,0.0,0.0,,0.0,0.0,735.9869076110137,0.0,0.0,,,0.0,882610.6513734465,3757513.2536085485,3757513.253608545,3757513.253608545,0.0,3.725290298461914e-09,0.0,-9.384632493521265,3813.794102317886,0.0,-2.1213031480224256,2819.738557891397,0.0
454.0,False,False,False,0.0,0.0,0.0,0.0,0.0,0.0,0.0,0.0,,0.0,0.0,735.9869076110137,0.0,0.0,,,0.0,882610.6513734465,3757513.2536085485,3757513.253608545,3757513.253608545,0.0,3.725290298461914e-09,0.0,-9.476951599548242,3827.727808550077,0.0,-2.237441832927262,2833.8529516077647,0.0
456.0,False,False,False,0.0,0.0,0.0,0.0,0.0,0.0,0.0,0.0,,0.0,0.0,735.9869076110137,0.0,0.0,,,0.0,882610.6513734465,3757513.2536085485,3757513.253608545,3757513.253608545,0.0,3.725290298461914e-09,0.0,-9.5690617728364,3841.657771829284,0.0,-2.353058915703926,2847.9662301432118,0.0
458.0,False,False,False,0.0,0.0,0.0,0.0,0.0,0.0,0.0,0.0,,0.0,0.0,735.9869076110137,0.0,0.0,,,0.0,882610.6513734465,3757513.2536085485,3757513.253608545,3757513.253608545,0.0,3.725290298461914e-09,0.0,-9.66096533369209,3855.58396462759,0.0,-2.4681621541668184,2862.078341139081,0.0
460.0,False,False,False,0.0,0.0,0.0,0.0,0.0,0.0,0.0,0.0,,0.0,0.0,735.9869076110137,0.0,0.0,,,0.0,882610.6513734465,3757513.2536085485,3757513.253608545,3757513.253608545,0.0,3.725290298461914e-09,0.0,-9.752664568412035,3869.506359574381,0.0,-2.582759154700791,2876.1892329282523,0.0
462.0,False,False,False,0.0,0.0,0.0,0.0,0.0,0.0,0.0,0.0,,0.0,0.0,735.9869076110137,0.0,0.0,,,0.0,882610.6513734465,3757513.2536085485,3757513.253608545,3757513.253608545,0.0,3.725290298461914e-09,0.0,-9.844161729900874,3883.4249294535957,0.0,-2.6968573758981367,2890.2988545183857,0.0
464.0,False,False,False,0.0,0.0,0.0,0.0,0.0,0.0,0.0,0.0,,0.0,0.0,735.9869076110137,0.0,0.0,,,0.0,882610.6513734465,3757513.2536085485,3757513.253608545,3757513.253608545,0.0,3.725290298461914e-09,0.0,-9.935459038275104,3897.339647201028,0.0,-2.810464132092129,2904.407155575647,0.0
466.0,False,False,False,0.0,0.0,0.0,0.0,0.0,0.0,0.0,0.0,,0.0,0.0,735.9869076110137,0.0,0.0,,,0.0,882610.6513734465,3757513.2536085485,3757513.253608545,3757513.253608545,0.0,3.725290298461914e-09,0.0,-10.02655868145431,3911.2504859016967,0.0,-2.923586596791169,2918.514086408902,0.0
468.0,False,False,False,0.0,0.0,0.0,0.0,0.0,0.0,0.0,0.0,,0.0,0.0,735.9869076110137,0.0,0.0,,,0.0,882610.6513734465,3757513.2536085485,3757513.253608545,3757513.253608545,0.0,3.725290298461914e-09,0.0,-10.117462815739644,3925.1574187872657,0.0,-3.0362318060162456,2932.619597954369,0.0
470.0,False,False,False,0.0,0.0,0.0,0.0,0.0,0.0,0.0,0.0,,0.0,0.0,735.9869076110137,0.0,0.0,,,0.0,882610.6513734465,3757513.2536085485,3757513.253608545,3757513.253608545,0.0,3.725290298461914e-09,0.0,-10.208173566379793,3939.060419233524,0.0,-3.1484066615448403,2946.7236417607037,0.0
472.0,False,False,False,0.0,0.0,0.0,0.0,0.0,0.0,0.0,0.0,,0.0,0.0,735.9869076110137,0.0,0.0,,,0.0,882610.6513734465,3757513.2536085485,3757513.253608545,3757513.253608545,0.0,3.725290298461914e-09,0.0,-10.298693028125138,3952.95946075792,0.0,-3.2601179340646773,2960.826169974512,0.0
474.0,False,False,False,0.0,0.0,0.0,0.0,0.0,0.0,0.0,0.0,,0.0,0.0,735.9869076110137,0.0,0.0,,,0.0,882610.6513734465,3757513.2536085485,3757513.253608545,3757513.253608545,0.0,3.725290298461914e-09,0.0,-10.389023265769982,3966.8545170171496,0.0,-3.3713722662397463,2974.9271353262734,0.0
476.0,False,False,False,0.0,0.0,0.0,0.0,0.0,0.0,0.0,0.0,,0.0,0.0,735.9869076110137,0.0,0.0,,,0.0,882610.6513734465,3757513.2536085485,3757513.253608545,3757513.253608545,0.0,3.725290298461914e-09,0.0,-10.479166314683384,3980.745561804791,0.0,-3.482176175691663,2989.026491116659,0.0
478.0,False,False,False,0.0,0.0,0.0,0.0,0.0,0.0,0.0,0.0,,0.0,0.0,735.9869076110137,0.0,0.0,,,0.0,882610.6513734465,3757513.2536085485,3757513.253608545,3757513.253608545,0.0,3.725290298461914e-09,0.0,-10.56912418132881,3994.6325690490007,0.0,-3.592536057898994,3003.124191203238,0.0
480.0,False,False,False,0.0,0.0,0.0,0.0,0.0,0.0,0.0,0.0,,0.0,0.0,735.9869076110137,0.0,0.0,,,0.0,882610.6513734465,3757513.2536085485,3757513.253608545,3757513.253608545,0.0,3.725290298461914e-09,0.0,-10.658898843772816,4008.5155128102456,0.0,-3.70245818901707,3017.2201899875463,0.0
482.0,False,False,False,0.0,0.0,0.0,0.0,0.0,0.0,0.0,0.0,,0.0,0.0,735.9869076110137,0.0,0.0,,,0.0,882610.6513734465,3757513.2536085485,3757513.253608545,3757513.253608545,0.0,3.725290298461914e-09,0.0,-10.748492252183214,4022.3943672790992,0.0,-3.8119487286209663,3031.314442402532,0.0
484.0,False,False,False,0.0,0.0,0.0,0.0,0.0,0.0,0.0,0.0,,0.0,0.0,735.9869076110137,0.0,0.0,,,0.0,882610.6513734465,3757513.2536085485,3757513.253608545,3757513.253608545,0.0,3.725290298461914e-09,0.0,-10.837906329316644,4036.2691067740657,0.0,-3.9210137223737336,3045.4069039003284,0.0
486.0,False,False,False,0.0,0.0,0.0,0.0,0.0,0.0,0.0,0.0,,0.0,0.0,735.9869076110137,0.0,0.0,,,0.0,882610.6513734465,3757513.2536085485,3757513.253608545,3757513.253608545,0.0,3.725290298461914e-09,0.0,-10.927142970996197,4050.1397057394693,0.0,-4.029659104622628,3059.49753044038,0.0
488.0,False,False,False,0.0,0.0,0.0,0.0,0.0,0.0,0.0,0.0,,0.0,0.0,735.9869076110137,0.0,0.0,,,0.0,882610.6513734465,3757513.2536085485,3757513.253608545,3757513.253608545,0.0,3.725290298461914e-09,0.0,-11.016204046579048,4064.006138743375,0.0,-4.137890700925257,3073.5862784778883,0.0
490.0,False,False,False,0.0,0.0,0.0,0.0,0.0,0.0,0.0,0.0,,0.0,0.0,735.9869076110137,0.0,0.0,,,0.0,882610.6513734465,3757513.2536085485,3757513.253608545,3757513.253608545,0.0,3.725290298461914e-09,0.0,-11.105091399414446,4077.8683804755547,0.0,-4.245714230507936,3087.673104952571,0.0
492.0,False,False,False,0.0,0.0,0.0,0.0,0.0,0.0,0.0,0.0,,0.0,0.0,735.9869076110137,0.0,0.0,,,0.0,882610.6513734465,3757513.2536085485,3757513.253608545,3757513.253608545,0.0,3.725290298461914e-09,0.0,-11.193806847292239,4091.726405745507,0.0,-4.35313530865831,3101.7579672777388,0.0
494.0,False,False,False,0.0,0.0,0.0,0.0,0.0,0.0,0.0,0.0,,0.0,0.0,735.9869076110137,0.0,0.0,,,0.0,882610.6513734465,3757513.2536085485,3757513.253608545,3757513.253608545,0.0,3.725290298461914e-09,0.0,-11.28235218288229,4105.580189480497,0.0,-4.460159449054378,3115.8408233296486,0.0
496.0,False,False,False,0.0,0.0,0.0,0.0,0.0,0.0,0.0,0.0,,0.0,0.0,735.9869076110137,0.0,0.0,,,0.0,882610.6513734465,3757513.2536085485,3757513.253608545,3757513.253608545,0.0,3.725290298461914e-09,0.0,-11.370729174164834,4119.4297067236685,0.0,-4.566792066031679,3129.9216314371724,0.0
498.0,False,False,False,0.0,0.0,0.0,0.0,0.0,0.0,0.0,0.0,,0.0,0.0,735.9869076110137,0.0,0.0,,,0.0,882610.6513734465,3757513.2536085485,3757513.253608545,3757513.253608545,0.0,3.725290298461914e-09,0.0,-11.458939564852054,4133.274932632156,0.0,-4.673038476790641,3144.0003503717126,0.0
500.0,False,False,False,0.0,0.0,0.0,0.0,0.0,0.0,0.0,0.0,,0.0,0.0,735.9869076110137,0.0,0.0,,,0.0,882610.6513734465,3757513.2536085485,3757513.253608545,3757513.253608545,0.0,3.725290298461914e-09,0.0,-11.546985074801157,4147.115842475276,0.0,-4.778903903545924,3158.0769393374107,0.0
502.0,False,False,False,0.0,0.0,0.0,0.0,0.0,0.0,0.0,0.0,,0.0,0.0,735.9869076110137,0.0,0.0,,,0.0,882610.6513734465,3757513.2536085485,3757513.253608545,3757513.253608545,0.0,3.725290298461914e-09,0.0,-11.634867400418972,4160.95241163272,0.0,-4.884393475619379,3172.151357961611,0.0
504.0,False,False,False,0.0,0.0,0.0,0.0,0.0,0.0,0.0,0.0,,0.0,0.0,735.9869076110137,0.0,0.0,,,0.0,882610.6513734465,3757513.2536085485,3757513.253608545,3757513.253608545,0.0,3.725290298461914e-09,0.0,-11.722588215058552,4174.784615592815,0.0,-4.989512231478566,3186.223566285571,0.0
506.0,False,False,False,0.0,0.0,0.0,0.0,0.0,0.0,0.0,0.0,,0.0,0.0,735.9869076110137,0.0,0.0,,,0.0,882610.6513734465,3757513.2536085485,3757513.253608545,3757513.253608545,0.0,3.725290298461914e-09,0.0,-11.810149169407616,4188.612429950795,0.0,-5.09426512072218,3200.2935247554265,0.0
508.0,False,False,False,0.0,0.0,0.0,0.0,0.0,0.0,0.0,0.0,,0.0,0.0,735.9869076110137,0.0,0.0,,,0.0,882610.6513734465,3757513.2536085485,3757513.253608545,3757513.253608545,0.0,3.725290298461914e-09,0.0,-11.897551891869321,4202.4358304071275,0.0,-5.198657006014175,3214.3611942133866,0.0
510.0,False,False,False,0.0,0.0,0.0,0.0,0.0,0.0,0.0,0.0,,0.0,0.0,735.9869076110137,0.0,0.0,,,0.0,882610.6513734465,3757513.2536085485,3757513.253608545,3757513.253608545,0.0,3.725290298461914e-09,0.0,-11.984797988935355,4216.254792765861,0.0,-5.302692664967995,3228.4265358891685,0.0
512.0,False,False,False,0.0,0.0,0.0,0.0,0.0,0.0,0.0,0.0,,0.0,0.0,735.9869076110137,0.0,0.0,,,0.0,882610.6513734465,3757513.2536085485,3757513.253608545,3757513.253608545,0.0,3.725290298461914e-09,0.0,-12.071889045551648,4230.069292933006,0.0,-5.406376791982506,3242.489511391649,0.0
514.0,False,False,False,0.0,0.0,0.0,0.0,0.0,0.0,0.0,0.0,,0.0,0.0,735.9869076110137,0.0,0.0,,,0.0,882610.6513734465,3757513.2536085485,3757513.253608545,3757513.253608545,0.0,3.725290298461914e-09,0.0,-12.158826625476765,4243.879306914968,0.0,-5.509714000030937,3256.5500827007377,0.0
516.0,False,False,False,0.0,0.0,0.0,0.0,0.0,0.0,0.0,0.0,,0.0,0.0,735.9869076110137,0.0,0.0,,,0.0,882610.6513734465,3757513.2536085485,3757513.253608545,3757513.253608545,0.0,3.725290298461914e-09,0.0,-12.245612271633266,4257.684810816983,0.0,-5.612708822404319,3270.6082121594573,0.0
518.0,False,False,False,0.0,0.0,0.0,0.0,0.0,0.0,0.0,0.0,,0.0,0.0,735.9869076110137,0.0,0.0,,,0.0,882610.6513734465,3757513.2536085485,3757513.253608545,3757513.253608545,0.0,3.725290298461914e-09,0.0,-12.332247506452028,4271.485780841604,0.0,-5.71536571441059,3284.6638624662287,0.0
520.0,False,False,False,0.0,0.0,0.0,0.0,0.0,0.0,0.0,0.0,,0.0,0.0,735.9869076110137,0.0,0.0,,,0.0,882610.6513734465,3757513.2536085485,3757513.253608545,3757513.253608545,0.0,3.725290298461914e-09,0.0,-12.418733832209988,4285.282193287216,0.0,-5.817689055031029,3298.7169966673614,0.0
522.0,False,False,False,0.0,0.0,0.0,0.0,0.0,0.0,0.0,0.0,,0.0,0.0,735.9869076110137,0.0,0.0,,,0.0,882610.6513734465,3757513.2536085485,3757513.253608545,3757513.253608545,0.0,3.725290298461914e-09,0.0,-12.505072731360928,4299.074024546571,0.0,-5.919683148534566,3312.7675781497214,0.0
524.0,False,False,False,0.0,0.0,0.0,0.0,0.0,0.0,0.0,0.0,,0.0,0.0,735.9869076110137,0.0,0.0,,,0.0,882610.6513734465,3757513.2536085485,3757513.253608545,3757513.253608545,0.0,3.725290298461914e-09,0.0,-12.591265666860211,4312.861251105371,0.0,-6.02135222605216,3326.8155706336065,0.0
526.0,False,False,False,0.0,0.0,0.0,0.0,0.0,0.0,0.0,0.0,,0.0,0.0,735.9869076110137,0.0,0.0,,,0.0,882610.6513734465,3757513.2536085485,3757513.253608545,3757513.253608545,0.0,3.725290298461914e-09,0.0,-12.67731408248285,4326.643849540856,0.0,-6.122700447111462,3340.8609381657825,0.0
528.0,False,False,False,0.0,0.0,0.0,0.0,0.0,0.0,0.0,0.0,,0.0,0.0,735.9869076110137,0.0,0.0,,,0.0,882610.6513734465,3757513.2536085485,3757513.253608545,3757513.253608545,0.0,3.725290298461914e-09,0.0,-12.76321940313553,4340.421796520435,0.0,-6.223731901133448,3354.9036451127085,0.0
530.0,False,False,False,0.0,0.0,0.0,0.0,0.0,0.0,0.0,0.0,,0.0,0.0,735.9869076110137,0.0,0.0,,,0.0,882610.6513734465,3757513.2536085485,3757513.253608545,3757513.253608545,0.0,3.725290298461914e-09,0.0,-12.848983035162629,4354.195068800344,0.0,-6.324450608892039,3368.9436561539296,0.0
532.0,False,False,False,0.0,0.0,0.0,0.0,0.0,0.0,0.0,0.0,,0.0,0.0,735.9869076110137,0.0,0.0,,,0.0,882610.6513734465,3757513.2536085485,3757513.253608545,3757513.253608545,0.0,3.725290298461914e-09,0.0,-12.934606366646218,4367.963643224325,0.0,-6.424860523937562,3382.9809362756323,0.0
534.0,False,False,False,0.0,0.0,0.0,0.0,0.0,0.0,0.0,0.0,,0.0,0.0,735.9869076110137,0.0,0.0,,,0.0,882610.6513734465,3757513.2536085485,3757513.253608545,3757513.253608545,0.0,3.725290298461914e-09,0.0,-13.020090767700381,4381.727496722328,0.0,-6.524965533985314,3397.0154507643647,0.0
536.0,False,False,False,0.0,0.0,0.0,0.0,0.0,0.0,0.0,0.0,,0.0,0.0,735.9869076110137,0.0,0.0,,,0.0,882610.6513734465,3757513.2536085485,3757513.253608545,3757513.253608545,0.0,3.725290298461914e-09,0.0,-13.105437590759868,4395.486606309254,0.0,-6.62476946227013,3411.047165200915,0.0
538.0,False,False,False,0.0,0.0,0.0,0.0,0.0,0.0,0.0,0.0,,0.0,0.0,735.9869076110137,0.0,0.0,,,0.0,882610.6513734465,3757513.2536085485,3757513.253608545,3757513.253608545,0.0,3.725290298461914e-09,0.0,-13.190648170863176,4409.2409490837035,0.0,-6.724276068867813,3425.0760454543356,0.0
540.0,False,False,False,0.0,0.0,0.0,0.0,0.0,0.0,0.0,0.0,,0.0,0.0,735.9869076110137,0.0,0.0,,,0.0,882610.6513734465,3757513.2536085485,3757513.253608545,3757513.253608545,0.0,3.725290298461914e-09,0.0,-13.275723825930266,4422.990502226761,0.0,-6.823489051984498,3439.1020576761175,0.0
542.0,False,False,False,0.0,0.0,0.0,0.0,0.0,0.0,0.0,0.0,,0.0,0.0,735.9869076110137,0.0,0.0,,,0.0,882610.6513734465,3757513.2536085485,3757513.253608545,3757513.253608545,0.0,3.725290298461914e-09,0.0,-13.360665857035043,4436.735243000803,0.0,-6.922412049214868,3453.125168294514,0.0
544.0,False,False,False,0.0,0.0,0.0,0.0,0.0,0.0,0.0,0.0,,0.0,0.0,735.9869076110137,0.0,0.0,,,0.0,882610.6513734465,3757513.2536085485,3757513.253608545,3757513.253608545,0.0,3.725290298461914e-09,0.0,-13.445475548672583,4450.475148748324,0.0,-7.02104863876988,3467.1453440089945,0.0
546.0,False,False,False,0.0,0.0,0.0,0.0,0.0,0.0,0.0,0.0,,0.0,0.0,735.9869076110137,0.0,0.0,,,0.0,882610.6513734465,3757513.2536085485,3757513.253608545,3757513.253608545,0.0,3.725290298461914e-09,0.0,-13.530154169021401,4464.2101968907855,0.0,-7.119402340675156,3481.1625517848406,0.0
548.0,False,False,False,0.0,0.0,0.0,0.0,0.0,0.0,0.0,0.0,,0.0,0.0,735.9869076110137,0.0,0.0,,,0.0,882610.6513734465,3757513.2536085485,3757513.253608545,3757513.253608545,0.0,3.725290298461914e-09,0.0,-13.614702970200677,4477.940364927496,0.0,-7.217476617940494,3495.176758847868,0.0
550.0,False,False,False,0.0,0.0,0.0,0.0,0.0,0.0,0.0,0.0,,0.0,0.0,735.9869076110137,0.0,0.0,,,0.0,882610.6513734465,3757513.2536085485,3757513.253608545,3757513.253608545,0.0,3.725290298461914e-09,0.0,-13.699123188522758,4491.6656304345015,0.0,-7.315274877701696,3509.1879326792828,0.0
552.0,False,False,False,0.0,0.0,0.0,0.0,0.0,0.0,0.0,0.0,,0.0,0.0,735.9869076110137,0.0,0.0,,,0.0,882610.6513734465,3757513.2536085485,3757513.253608545,3757513.253608545,0.0,3.725290298461914e-09,0.0,-13.783416044740877,4505.385971063501,0.0,-7.412800472335127,3523.1960410106576,0.0
554.0,False,False,False,0.0,0.0,0.0,0.0,0.0,0.0,0.0,0.0,,0.0,0.0,735.9869076110137,0.0,0.0,,,0.0,882610.6513734465,3757513.2536085485,3757513.253608545,3757513.253608545,0.0,3.725290298461914e-09,0.0,-13.867582744292188,4519.1013645407875,0.0,-7.510056700545887,3537.20105181903,0.0
556.0,False,False,False,0.0,0.0,0.0,0.0,0.0,0.0,0.0,0.0,,0.0,0.0,735.9869076110137,0.0,0.0,,,0.0,882610.6513734465,3757513.2536085485,3757513.253608545,3757513.253608545,0.0,3.725290298461914e-09,0.0,-13.95162447753643,4532.811788666201,0.0,-7.607046808430443,3551.2029333221176,0.0
558.0,False,False,False,0.0,0.0,0.0,0.0,0.0,0.0,0.0,0.0,,0.0,0.0,735.9869076110137,0.0,0.0,,,0.0,882610.6513734465,3757513.2536085485,3757513.253608545,3757513.253608545,0.0,3.725290298461914e-09,0.0,-14.035542419990042,4546.517221312113,0.0,-7.7037739905141995,3565.2016539736505,0.0
560.0,False,False,False,0.0,0.0,0.0,0.0,0.0,0.0,0.0,0.0,,0.0,0.0,735.9869076110137,0.0,0.0,,,0.0,882610.6513734465,3757513.2536085485,3757513.253608545,3757513.253608545,0.0,3.725290298461914e-09,0.0,-14.119337732555914,4560.217640422414,0.0,-7.800241390764734,3579.197182458811,0.0
562.0,False,False,False,0.0,0.0,0.0,0.0,0.0,0.0,0.0,0.0,,0.0,0.0,735.9869076110137,0.0,0.0,,,0.0,882610.6513734465,3757513.2536085485,3757513.253608545,3757513.253608545,0.0,3.725290298461914e-09,0.0,-14.203011561749086,4573.913024011536,0.0,-7.896452103581584,3593.1894876897827,0.0
564.0,False,False,False,0.0,0.0,0.0,0.0,0.0,0.0,0.0,0.0,,0.0,0.0,735.9869076110137,0.0,0.0,,,0.0,882610.6513734465,3757513.2536085485,3757513.253608545,3757513.253608545,0.0,3.725290298461914e-09,0.0,-14.286565039918049,4587.603350163487,0.0,-7.992409174762797,3607.178538801406,0.0
566.0,False,False,False,0.0,0.0,0.0,0.0,0.0,0.0,0.0,0.0,,0.0,0.0,735.9869076110137,0.0,0.0,,,0.0,882610.6513734465,3757513.2536085485,3757513.253608545,3757513.253608545,0.0,3.725290298461914e-09,0.0,-14.369999285462221,4601.2885970309,0.0,-8.088115602449356,3621.164305146935,0.0
568.0,False,False,False,0.0,0.0,0.0,0.0,0.0,0.0,0.0,0.0,,0.0,0.0,735.9869076110137,0.0,0.0,,,0.0,882610.6513734465,3757513.2536085485,3757513.253608545,3757513.253608545,0.0,3.725290298461914e-09,0.0,-14.453315403045254,4614.968742834103,0.0,-8.183574338047562,3635.146756293895,0.0
570.0,False,False,False,0.0,0.0,0.0,0.0,0.0,0.0,0.0,0.0,,0.0,0.0,735.9869076110137,0.0,0.0,,,0.0,882610.6513734465,3757513.2536085485,3757513.253608545,3757513.253608545,0.0,3.725290298461914e-09,0.0,-14.536514483804586,4628.643765860211,0.0,-8.278788287130443,3649.1258620200324,0.0
572.0,False,False,False,0.0,0.0,0.0,0.0,0.0,0.0,0.0,0.0,,0.0,0.0,735.9869076110137,0.0,0.0,,,0.0,882610.6513734465,3757513.2536085485,3757513.253608545,3757513.253608545,0.0,3.725290298461914e-09,0.0,-14.61959760555712,4642.313644462229,0.0,-8.373760310318367,3663.101592309366,0.0
574.0,False,False,False,0.0,0.0,0.0,0.0,0.0,0.0,0.0,0.0,,0.0,0.0,735.9869076110137,0.0,0.0,,,0.0,882610.6513734465,3757513.2536085485,3757513.253608545,3757513.253608545,0.0,3.725290298461914e-09,0.0,-14.702565833001193,4655.978357058172,0.0,-8.46849322413966,3677.073917348325,0.0
576.0,False,False,False,0.0,0.0,0.0,0.0,0.0,0.0,0.0,0.0,,0.0,0.0,735.9869076110137,0.0,0.0,,,0.0,882610.6513734465,3757513.2536085485,3757513.253608545,3757513.253608545,0.0,3.725290298461914e-09,0.0,-14.785420217914918,4669.63788213021,0.0,-8.562989801871606,3691.042807521978,0.0
578.0,False,False,False,0.0,0.0,0.0,0.0,0.0,0.0,0.0,0.0,,0.0,0.0,735.9869076110137,0.0,0.0,,,0.0,882610.6513734465,3757513.2536085485,3757513.253608545,3757513.253608545,0.0,3.725290298461914e-09,0.0,-14.868161799350883,4683.292198223808,0.0,-8.657252774362378,3705.008233410347,0.0
580.0,False,False,False,0.0,0.0,0.0,0.0,0.0,0.0,0.0,0.0,,0.0,0.0,735.9869076110137,0.0,0.0,,,0.0,882610.6513734465,3757513.2536085485,3757513.253608545,3757513.253608545,0.0,3.725290298461914e-09,0.0,-14.950791603827428,4696.94128394691,0.0,-8.751284830834493,3718.9701657848086,0.0
582.0,False,False,False,0.0,0.0,0.0,0.0,0.0,0.0,0.0,0.0,,0.0,0.0,735.9869076110137,0.0,0.0,,,0.0,882610.6513734465,3757513.2536085485,3757513.253608545,3757513.253608545,0.0,3.725290298461914e-09,0.0,-15.033310645516504,4710.585117969116,0.0,-8.845088619670149,3732.9285756045765,0.0
584.0,False,False,False,0.0,0.0,0.0,0.0,0.0,0.0,0.0,0.0,,0.0,0.0,735.9869076110137,0.0,0.0,,,0.0,882610.6513734465,3757513.2536085485,3757513.253608545,3757513.253608545,0.0,3.725290298461914e-09,0.0,-15.115719926428032,4724.223679020887,0.0,-8.938666749178868,3746.8834340132644,0.0
586.0,False,False,False,0.0,0.0,0.0,0.0,0.0,0.0,0.0,0.0,,0.0,0.0,735.9869076110137,0.0,0.0,,,0.0,882610.6513734465,3757513.2536085485,3757513.253608545,3757513.253608545,0.0,3.725290298461914e-09,0.0,-15.19802043659121,4737.856945892753,0.0,-9.032021788348258,3760.8347123355243,0.0
588.0,False,False,False,0.0,0.0,0.0,0.0,0.0,0.0,0.0,0.0,,0.0,0.0,735.9869076110137,0.0,0.0,,,0.0,882610.6513734465,3757513.2536085485,3757513.253608545,3757513.253608545,0.0,3.725290298461914e-09,0.0,-15.280213154232415,4751.4848974345505,0.0,-9.125156267577747,3774.7823820737685,0.0
590.0,False,False,False,0.0,0.0,0.0,0.0,0.0,0.0,0.0,0.0,,0.0,0.0,735.9869076110137,0.0,0.0,,,0.0,882610.6513734465,3757513.2536085485,3757513.253608545,3757513.253608545,0.0,3.725290298461914e-09,0.0,-15.362299045949994,4765.107512554655,0.0,-9.218072679396277,3788.726414904953,0.0
592.0,False,False,False,0.0,0.0,0.0,0.0,0.0,0.0,0.0,0.0,,0.0,0.0,735.9869076110137,0.0,0.0,,,0.0,882610.6513734465,3757513.2536085485,3757513.253608545,3757513.253608545,0.0,3.725290298461914e-09,0.0,-15.444279066886075,4778.724770219253,0.0,-9.31077347916407,3802.6667826774483,0.0
594.0,False,False,False,0.0,0.0,0.0,0.0,0.0,0.0,0.0,0.0,,0.0,0.0,735.9869076110137,0.0,0.0,,,0.0,882610.6513734465,3757513.2536085485,3757513.253608545,3757513.253608545,0.0,3.725290298461914e-09,0.0,-15.52615416089519,4792.336649451596,0.0,-9.403261085758894,3816.6034574079663,0.0
596.0,False,False,False,0.0,0.0,0.0,0.0,0.0,0.0,0.0,0.0,,0.0,0.0,735.9869076110137,0.0,0.0,,,0.0,882610.6513734465,3757513.2536085485,3757513.253608545,3757513.253608545,0.0,3.725290298461914e-09,0.0,-15.607925260710052,4805.9431293312955,0.0,-9.495537882247325,3830.536411278565,0.0
598.0,False,False,False,0.0,0.0,0.0,0.0,0.0,0.0,0.0,0.0,,0.0,0.0,735.9869076110137,0.0,0.0,,,0.0,882610.6513734465,3757513.2536085485,3757513.253608545,3757513.253608545,0.0,3.725290298461914e-09,0.0,-15.689593288104405,4819.544188993618,0.0,-9.587606216541339,3844.465616633718,0.0
600.0,False,False,False,0.0,0.0,0.0,0.0,0.0,0.0,0.0,0.0,,0.0,0.0,735.9869076110137,0.0,0.0,,,0.0,882610.6513734465,3757513.2536085485,3757513.253608545,3757513.253608545,0.0,3.725290298461914e-09,0.0,-15.771159154053008,4833.1398076287915,0.0,-9.679468402040552,3858.3910459774447,0.0
