qber,gain,error_gain,double_click_gain,detection_rate_hz,error_rate_hz,rate_bits_per_pulse,rate_bits_per_second,eta_total_baseline,eta_total_faded,fading_factor,clipped,visible,time_s,cumulative_rate_integral_bits,distance_m,elevation_deg,atmospheric_path_m,eta_atmospheric,eta_geometric,eta_pointing,eta_optical
nan,0.0,0.0,0.0,0.0,0.0,0.0,0.0,0.0,0.0,1.0,False,False,-600.0,0.0,4833139.807628792,-15.771159154053008,505212.8264405012,8.868940383288782e-06,0.00021402492043231565,0.7943282347242815,0.7
nan,0.0,0.0,0.0,0.0,0.0,0.0,0.0,0.0,0.0,1.0,False,False,-598.0,0.0,4819544.188993618,-15.689593288104405,505212.8264405012,8.868940383288782e-06,0.00021523399270872526,0.7943282347242815,0.7
nan,0.0,0.0,0.0,0.0,0.0,0.0,0.0,0.0,0.0,1.0,False,False,-596.0,0.0,4805943.129331295,-15.607925260710052,505212.8264405012,8.868940383288782e-06,0.00021645382914365824,0.7943282347242815,0.7
nan,0.0,0.0,0.0,0.0,0.0,0.0,0.0,0.0,0.0,1.0,False,False,-594.0,0.0,4792336.649451596,-15.52615416089519,505212.8264405012,8.868940383288782e-06,0.00021768455712990086,0.7943282347242815,0.7
nan,0.0,0.0,0.0,0.0,0.0,0.0,0.0,0.0,0.0,1.0,False,False,-592.0,0.0,4778724.770219252,-15.444279066886075,505212.8264405012,8.868940383288782e-06,0.00021892630594457692,0.7943282347242815,0.7
nan,0.0,0.0,0.0,0.0,0.0,0.0,0.0,0.0,0.0,1.0,False,False,-590.0,0.0,4765107.512554655,-15.362299045949994,505212.8264405012,8.868940383288782e-06,0.00022017920678256544,0.7943282347242815,0.7
nan,0.0,0.0,0.0,0.0,0.0,0.0,0.0,0.0,0.0,1.0,False,False,-588.0,0.0,4751484.89743455,-15.280213154232415,505212.8264405012,8.868940383288782e-06,0.0002214433927906096,0.7943282347242815,0.7
nan,0.0,0.0,0.0,0.0,0.0,0.0,0.0,0.0,0.0,1.0,False,False,-586.0,0.0,4737856.945892753,-15.19802043659121,505212.8264405012,8.868940383288782e-06,0.00022271899910213406,0.7943282347242815,0.7
nan,0.0,0.0,0.0,0.0,0.0,0.0,0.0,0.0,0.0,1.0,False,False,-584.0,0.0,4724223.679020887,-15.115719926428032,505212.8264405012,8.868940383288782e-06,0.0002240061628727838,0.7943282347242815,0.7
nan,0.0,0.0,0.0,0.0,0.0,0.0,0.0,0.0,0.0,1.0,False,False,-582.0,0.0,4710585.117969116,-15.033310645516504,505212.8264405012,8.868940383288782e-06,0.00022530502331670666,0.7943282347242815,0.7
nan,0.0,0.0,0.0,0.0,0.0,0.0,0.0,0.0,0.0,1.0,False,False,-580.0,0.0,4696941.28394691,-14.950791603827428,505212.8264405012,8.868940383288782e-06,0.00022661572174359173,0.7943282347242815,0.7
nan,0.0,0.0,0.0,0.0,0.0,0.0,0.0,0.0,0.0,1.0,False,False,-578.0,0.0,4683292.198223808,-14.868161799350883,505212.8264405012,8.868940383288782e-06,0.0002279384015964871,0.7943282347242815,0.7
nan,0.0,0.0,0.0,0.0,0.0,0.0,0.0,0.0,0.0,1.0,False,False,-576.0,0.0,4669637.882130209,-14.785420217914918,505212.8264405012,8.868940383288782e-06,0.00022927320849041157,0.7943282347242815,0.7
nan,0.0,0.0,0.0,0.0,0.0,0.0,0.0,0.0,0.0,1.0,False,False,-574.0,0.0,4655978.357058172,-14.702565833001193,505212.8264405012,8.868940383288782e-06,0.00023062029025178076,0.7943282347242815,0.7
nan,0.0,0.0,0.0,0.0,0.0,0.0,0.0,0.0,0.0,1.0,False,False,-572.0,0.0,4642313.644462229,-14.61959760555712,505212.8264405012,8.868940383288782e-06,0.00023197979695866784,0.7943282347242815,0.7
nan,0.0,0.0,0.0,0.0,0.0,0.0,0.0,0.0,0.0,1.0,False,False,-570.0,0.0,4628643.765860211,-14.536514483804586,505212.8264405012,8.868940383288782e-06,0.00023335188098191903,0.7943282347242815,0.7
nan,0.0,0.0,0.0,0.0,0.0,0.0,0.0,0.0,0.0,1.0,False,False,-568.0,0.0,4614968.742834103,-14.453315403045254,505212.8264405012,8.868940383288782e-06,0.00023473669702714237,0.7943282347242815,0.7
nan,0.0,0.0,0.0,0.0,0.0,0.0,0.0,0.0,0.0,1.0,False,False,-566.0,0.0,4601288.5970308995,-14.369999285462221,505212.8264405012,8.868940383288782e-06,0.00023613440217759414,0.7943282347242815,0.7
nan,0.0,0.0,0.0,0.0,0.0,0.0,0.0,0.0,0.0,1.0,False,False,-564.0,0.0,4587603.350163488,-14.286565039918049,505212.8264405012,8.868940383288782e-06,0.00023754515593798215,0.7943282347242815,0.7
nan,0.0,0.0,0.0,0.0,0.0,0.0,0.0,0.0,0.0,1.0,False,False,-562.0,0.0,4573913.0240115365,-14.203011561749086,505212.8264405012,8.868940383288782e-06,0.0002389691202792111,0.7943282347242815,0.7
nan,0.0,0.0,0.0,0.0,0.0,0.0,0.0,0.0,0.0,1.0,False,False,-560.0,0.0,4560217.640422414,-14.119337732555914,505212.8264405012,8.868940383288782e-06,0.00024040645968408932,0.7943282347242815,0.7
nan,0.0,0.0,0.0,0.0,0.0,0.0,0.0,0.0,0.0,1.0,False,False,-558.0,0.0,4546517.221312113,-14.035542419990042,505212.8264405012,8.868940383288782e-06,0.00024185734119402467,0.7943282347242815,0.7
nan,0.0,0.0,0.0,0.0,0.0,0.0,0.0,0.0,0.0,1.0,False,False,-556.0,0.0,4532811.788666201,-13.95162447753643,505212.8264405012,8.868940383288782e-06,0.0002433219344567301,0.7943282347242815,0.7
nan,0.0,0.0,0.0,0.0,0.0,0.0,0.0,0.0,0.0,1.0,False,False,-554.0,0.0,4519101.364540787,-13.867582744292188,505212.8264405012,8.868940383288782e-06,0.000244800411774967,0.7943282347242815,0.7
nan,0.0,0.0,0.0,0.0,0.0,0.0,0.0,0.0,0.0,1.0,False,False,-552.0,0.0,4505385.9710635,-13.783416044740877,505212.8264405012,8.868940383288782e-06,0.00024629294815635037,0.7943282347242815,0.7
nan,0.0,0.0,0.0,0.0,0.0,0.0,0.0,0.0,0.0,1.0,False,False,-550.0,0.0,4491665.630434502,-13.699123188522758,505212.8264405012,8.868940383288782e-06,0.00024779972136424204,0.7943282347242815,0.7
nan,0.0,0.0,0.0,0.0,0.0,0.0,0.0,0.0,0.0,1.0,False,False,-548.0,0.0,4477940.364927497,-13.614702970200677,505212.8264405012,8.868940383288782e-06,0.0002493209119697611,0.7943282347242815,0.7
nan,0.0,0.0,0.0,0.0,0.0,0.0,0.0,0.0,0.0,1.0,False,False,-546.0,0.0,4464210.196890785,-13.530154169021401,505212.8264405012,8.868940383288782e-06,0.0002508567034049358,0.7943282347242815,0.7
nan,0.0,0.0,0.0,0.0,0.0,0.0,0.0,0.0,0.0,1.0,False,False,-544.0,0.0,4450475.148748323,-13.445475548672583,505212.8264405012,8.868940383288782e-06,0.0002524072820170301,0.7943282347242815,0.7
nan,0.0,0.0,0.0,0.0,0.0,0.0,0.0,0.0,0.0,1.0,False,False,-542.0,0.0,4436735.2430008035,-13.360665857035043,505212.8264405012,8.868940383288782e-06,0.0002539728371240705,0.7943282347242815,0.7
nan,0.0,0.0,0.0,0.0,0.0,0.0,0.0,0.0,0.0,1.0,False,False,-540.0,0.0,4422990.502226762,-13.275723825930266,505212.8264405012,8.868940383288782e-06,0.00025555356107160584,0.7943282347242815,0.7
nan,0.0,0.0,0.0,0.0,0.0,0.0,0.0,0.0,0.0,1.0,False,False,-538.0,0.0,4409240.949083704,-13.190648170863176,505212.8264405012,8.868940383288782e-06,0.00025714964929073,0.7943282347242815,0.7
nan,0.0,0.0,0.0,0.0,0.0,0.0,0.0,0.0,0.0,1.0,False,False,-536.0,0.0,4395486.606309254,-13.105437590759868,505212.8264405012,8.868940383288782e-06,0.00025876130035740126,0.7943282347242815,0.7
nan,0.0,0.0,0.0,0.0,0.0,0.0,0.0,0.0,0.0,1.0,False,False,-534.0,0.0,4381727.4967223285,-13.020090767700381,505212.8264405012,8.868940383288782e-06,0.00026038871605308766,0.7943282347242815,0.7
nan,0.0,0.0,0.0,0.0,0.0,0.0,0.0,0.0,0.0,1.0,False,False,-532.0,0.0,4367963.643224325,-12.934606366646218,505212.8264405012,8.868940383288782e-06,0.00026203210142677886,0.7943282347242815,0.7
nan,0.0,0.0,0.0,0.0,0.0,0.0,0.0,0.0,0.0,1.0,False,False,-530.0,0.0,4354195.068800344,-12.848983035162629,505212.8264405012,8.868940383288782e-06,0.0002636916648583911,0.7943282347242815,0.7
nan,0.0,0.0,0.0,0.0,0.0,0.0,0.0,0.0,0.0,1.0,False,False,-528.0,0.0,4340421.796520435,-12.76321940313553,505212.8264405012,8.868940383288782e-06,0.0002653676181236077,0.7943282347242815,0.7
nan,0.0,0.0,0.0,0.0,0.0,0.0,0.0,0.0,0.0,1.0,False,False,-526.0,0.0,4326643.849540856,-12.67731408248285,505212.8264405012,8.868940383288782e-06,0.0002670601764601905,0.7943282347242815,0.7
nan,0.0,0.0,0.0,0.0,0.0,0.0,0.0,0.0,0.0,1.0,False,False,-524.0,0.0,4312861.251105371,-12.591265666860211,505212.8264405012,8.868940383288782e-06,0.0002687695586357978,0.7943282347242815,0.7
nan,0.0,0.0,0.0,0.0,0.0,0.0,0.0,0.0,0.0,1.0,False,False,-522.0,0.0,4299074.024546571,-12.505072731360928,505212.8264405012,8.868940383288782e-06,0.0002704959870173502,0.7943282347242815,0.7
nan,0.0,0.0,0.0,0.0,0.0,0.0,0.0,0.0,0.0,1.0,False,False,-520.0,0.0,4285282.193287216,-12.418733832209988,505212.8264405012,8.868940383288782e-06,0.00027223968764198585,0.7943282347242815,0.7
nan,0.0,0.0,0.0,0.0,0.0,0.0,0.0,0.0,0.0,1.0,False,False,-518.0,0.0,4271485.780841604,-12.332247506452028,505212.8264405012,8.868940383288782e-06,0.00027400089028964267,0.7943282347242815,0.7
nan,0.0,0.0,0.0,0.0,0.0,0.0,0.0,0.0,0.0,1.0,False,False,-516.0,0.0,4257684.810816984,-12.245612271633266,505212.8264405012,8.868940383288782e-06,0.00027577982855731247,0.7943282347242815,0.7
nan,0.0,0.0,0.0,0.0,0.0,0.0,0.0,0.0,0.0,1.0,False,False,-514.0,0.0,4243879.3069149675,-12.158826625476765,505212.8264405012,8.868940383288782e-06,0.00027757673993501384,0.7943282347242815,0.7
nan,0.0,0.0,0.0,0.0,0.0,0.0,0.0,0.0,0.0,1.0,False,False,-512.0,0.0,4230069.292933006,-12.071889045551648,505212.8264405012,8.868940383288782e-06,0.0002793918658835216,0.7943282347242815,0.7
nan,0.0,0.0,0.0,0.0,0.0,0.0,0.0,0.0,0.0,1.0,False,False,-510.0,0.0,4216254.79276586,-11.984797988935355,505212.8264405012,8.868940383288782e-06,0.00028122545191390795,0.7943282347242815,0.7
nan,0.0,0.0,0.0,0.0,0.0,0.0,0.0,0.0,0.0,1.0,False,False,-508.0,0.0,4202435.830407128,-11.897551891869321,505212.8264405012,8.868940383288782e-06,0.0002830777476689367,0.7943282347242815,0.7
nan,0.0,0.0,0.0,0.0,0.0,0.0,0.0,0.0,0.0,1.0,False,False,-506.0,0.0,4188612.4299507947,-11.810149169407616,505212.8264405012,8.868940383288782e-06,0.000284949007006362,0.7943282347242815,0.7
nan,0.0,0.0,0.0,0.0,0.0,0.0,0.0,0.0,0.0,1.0,False,False,-504.0,0.0,4174784.6155928145,-11.722588215058552,505212.8264405012,8.868940383288782e-06,0.00028683948808418466,0.7943282347242815,0.7
nan,0.0,0.0,0.0,0.0,0.0,0.0,0.0,0.0,0.0,1.0,False,False,-502.0,0.0,4160952.4116327204,-11.634867400418972,505212.8264405012,8.868940383288782e-06,0.00028874945344791565,0.7943282347242815,0.7
nan,0.0,0.0,0.0,0.0,0.0,0.0,0.0,0.0,0.0,1.0,False,False,-500.0,0.0,4147115.8424752755,-11.546985074801157,505212.8264405012,8.868940383288782e-06,0.00029067917011990136,0.7943282347242815,0.7
nan,0.0,0.0,0.0,0.0,0.0,0.0,0.0,0.0,0.0,1.0,False,False,-498.0,0.0,4133274.932632156,-11.458939564852054,505212.8264405012,8.868940383288782e-06,0.00029262890969076604,0.7943282347242815,0.7
nan,0.0,0.0,0.0,0.0,0.0,0.0,0.0,0.0,0.0,1.0,False,False,-496.0,0.0,4119429.7067236686,-11.370729174164834,505212.8264405012,8.868940383288782e-06,0.00029459894841303086,0.7943282347242815,0.7
nan,0.0,0.0,0.0,0.0,0.0,0.0,0.0,0.0,0.0,1.0,False,False,-494.0,0.0,4105580.189480497,-11.28235218288229,505212.8264405012,8.868940383288782e-06,0.0002965895672969649,0.7943282347242815,0.7
nan,0.0,0.0,0.0,0.0,0.0,0.0,0.0,0.0,0.0,1.0,False,False,-492.0,0.0,4091726.4057455068,-11.193806847292239,505212.8264405012,8.868940383288782e-06,0.00029860105220873084,0.7943282347242815,0.7
nan,0.0,0.0,0.0,0.0,0.0,0.0,0.0,0.0,0.0,1.0,False,False,-490.0,0.0,4077868.3804755546,-11.105091399414446,505212.8264405012,8.868940383288782e-06,0.0003006336939708904,0.7943282347242815,0.7
nan,0.0,0.0,0.0,0.0,0.0,0.0,0.0,0.0,0.0,1.0,False,False,-488.0,0.0,4064006.138743375,-11.016204046579048,505212.8264405012,8.868940383288782e-06,0.000302687788465327,0.7943282347242815,0.7
nan,0.0,0.0,0.0,0.0,0.0,0.0,0.0,0.0,0.0,1.0,False,False,-486.0,0.0,4050139.7057394693,-10.927142970996197,505212.8264405012,8.868940383288782e-06,0.0003047636367386613,0.7943282347242815,0.7
nan,0.0,0.0,0.0,0.0,0.0,0.0,0.0,0.0,0.0,1.0,False,False,-484.0,0.0,4036269.1067740656,-10.837906329316644,505212.8264405012,8.868940383288782e-06,0.0003068615451102209,0.7943282347242815,0.7
nan,0.0,0.0,0.0,0.0,0.0,0.0,0.0,0.0,0.0,1.0,False,False,-482.0,0.0,4022394.3672790993,-10.748492252183214,505212.8264405012,8.868940383288782e-06,0.00030898182528263845,0.7943282347242815,0.7
nan,0.0,0.0,0.0,0.0,0.0,0.0,0.0,0.0,0.0,1.0,False,False,-480.0,0.0,4008515.5128102456,-10.658898843772816,505212.8264405012,8.868940383288782e-06,0.0003111247944551505,0.7943282347242815,0.7
nan,0.0,0.0,0.0,0.0,0.0,0.0,0.0,0.0,0.0,1.0,False,False,-478.0,0.0,3994632.5690490007,-10.56912418132881,505212.8264405012,8.868940383288782e-06,0.00031329077543967057,0.7943282347242815,0.7
nan,0.0,0.0,0.0,0.0,0.0,0.0,0.0,0.0,0.0,1.0,False,False,-476.0,0.0,3980745.561804791,-10.479166314683384,505212.8264405012,8.868940383288782e-06,0.0003154800967797188,0.7943282347242815,0.7
nan,0.0,0.0,0.0,0.0,0.0,0.0,0.0,0.0,0.0,1.0,False,False,-474.0,0.0,3966854.51701715,-10.389023265769982,505212.8264405012,8.868940383288782e-06,0.0003176930928722799,0.7943282347242815,0.7
nan,0.0,0.0,0.0,0.0,0.0,0.0,0.0,0.0,0.0,1.0,False,False,-472.0,0.0,3952959.46075792,-10.298693028125138,505212.8264405012,8.868940383288782e-06,0.0003199301040926808,0.7943282347242815,0.7
nan,0.0,0.0,0.0,0.0,0.0,0.0,0.0,0.0,0.0,1.0,False,False,-470.0,0.0,3939060.4192335242,-10.208173566379793,505212.8264405012,8.868940383288782e-06,0.000322191476922567,0.7943282347242815,0.7
nan,0.0,0.0,0.0,0.0,0.0,0.0,0.0,0.0,0.0,1.0,False,False,-468.0,0.0,3925157.4187872657,-10.117462815739644,505212.8264405012,8.868940383288782e-06,0.00032447756408106776,0.7943282347242815,0.7
nan,0.0,0.0,0.0,0.0,0.0,0.0,0.0,0.0,0.0,1.0,False,False,-466.0,0.0,3911250.4859016966,-10.02655868145431,505212.8264405012,8.868940383288782e-06,0.0003267887246592397,0.7943282347242815,0.7
nan,0.0,0.0,0.0,0.0,0.0,0.0,0.0,0.0,0.0,1.0,False,False,-464.0,0.0,3897339.647201028,-9.935459038275104,505212.8264405012,8.868940383288782e-06,0.0003291253242578839,0.7943282347242815,0.7
nan,0.0,0.0,0.0,0.0,0.0,0.0,0.0,0.0,0.0,1.0,False,False,-462.0,0.0,3883424.9294535955,-9.844161729900874,505212.8264405012,8.868940383288782e-06,0.00033148773512883004,0.7943282347242815,0.7
nan,0.0,0.0,0.0,0.0,0.0,0.0,0.0,0.0,0.0,1.0,False,False,-460.0,0.0,3869506.359574381,-9.752664568412035,505212.8264405012,8.868940383288782e-06,0.00033387633631979036,0.7943282347242815,0.7
nan,0.0,0.0,0.0,0.0,0.0,0.0,0.0,0.0,0.0,1.0,False,False,-458.0,0.0,3855583.96462759,-9.66096533369209,505212.8264405012,8.868940383288782e-06,0.0003362915138228836,0.7943282347242815,0.7
nan,0.0,0.0,0.0,0.0,0.0,0.0,0.0,0.0,0.0,1.0,False,False,-456.0,0.0,3841657.771829284,-9.5690617728364,505212.8264405012,8.868940383288782e-06,0.0003387336607269366,0.7943282347242815,0.7
nan,0.0,0.0,0.0,0.0,0.0,0.0,0.0,0.0,0.0,1.0,False,False,-454.0,0.0,3827727.808550077,-9.476951599548242,505212.8264405012,8.868940383288782e-06,0.00034120317737367027,0.7943282347242815,0.7
nan,0.0,0.0,0.0,0.0,0.0,0.0,0.0,0.0,0.0,1.0,False,False,-452.0,0.0,3813794.102317886,-9.384632493521265,505212.8264405012,8.868940383288782e-06,0.00034370047151788827,0.7943282347242815,0.7
nan,0.0,0.0,0.0,0.0,0.0,0.0,0.0,0.0,0.0,1.0,False,False,-450.0,0.0,3799856.6808207487,-9.292102099808423,505212.8264405012,8.868940383288782e-06,0.00034622595849177794,0.7943282347242815,0.7
nan,0.0,0.0,0.0,0.0,0.0,0.0,0.0,0.0,0.0,1.0,False,False,-448.0,0.0,3785915.5719097024,-9.19935802817684,505212.8264405012,8.868940383288782e-06,0.0003487800613734514,0.7943282347242815,0.7
nan,0.0,0.0,0.0,0.0,0.0,0.0,0.0,0.0,0.0,1.0,False,False,-446.0,0.0,3771970.80360173,-9.106397852448346,505212.8264405012,8.868940383288782e-06,0.00035136321115984345,0.7943282347242815,0.7
nan,0.0,0.0,0.0,0.0,0.0,0.0,0.0,0.0,0.0,1.0,False,False,-444.0,0.0,3758022.40408277,-9.0132191098252,505212.8264405012,8.868940383288782e-06,0.0003539758469441034,0.7943282347242815,0.7
nan,0.0,0.0,0.0,0.0,0.0,0.0,0.0,0.0,0.0,1.0,False,False,-442.0,0.0,3744070.401710798,-8.919819300200658,505212.8264405012,8.868940383288782e-06,0.0003566184160976054,0.7943282347242815,0.7
nan,0.0,0.0,0.0,0.0,0.0,0.0,0.0,0.0,0.0,1.0,False,False,-440.0,0.0,3730114.8250189796,-8.826195885454176,505212.8264405012,8.868940383288782e-06,0.00035929137445672016,0.7943282347242815,0.7
nan,0.0,0.0,0.0,0.0,0.0,0.0,0.0,0.0,0.0,1.0,False,False,-438.0,0.0,3716155.7027188926,-8.732346288730339,505212.8264405012,8.868940383288782e-06,0.00036199518651448744,0.7943282347242815,0.7
nan,0.0,0.0,0.0,0.0,0.0,0.0,0.0,0.0,0.0,1.0,False,False,-436.0,0.0,3702193.0637038257,-8.638267893701896,505212.8264405012,8.868940383288782e-06,0.00036473032561733606,0.7943282347242815,0.7
nan,0.0,0.0,0.0,0.0,0.0,0.0,0.0,0.0,0.0,1.0,False,False,-434.0,0.0,3688226.9370521554,-8.543958043815552,505212.8264405012,8.868940383288782e-06,0.0003674972741670028,0.7943282347242815,0.7
nan,0.0,0.0,0.0,0.0,0.0,0.0,0.0,0.0,0.0,1.0,False,False,-432.0,0.0,3674257.3520307965,-8.44941404152073,505212.8264405012,8.868940383288782e-06,0.00037029652382780686,0.7943282347242815,0.7
nan,0.0,0.0,0.0,0.0,0.0,0.0,0.0,0.0,0.0,1.0,False,False,-430.0,0.0,3660284.338098735,-8.354633147480738,505212.8264405012,8.868940383288782e-06,0.0003731285757394428,0.7943282347242815,0.7
nan,0.0,0.0,0.0,0.0,0.0,0.0,0.0,0.0,0.0,1.0,False,False,-428.0,0.0,3646307.9249106525,-8.259612579765626,505212.8264405012,8.868940383288782e-06,0.00037599394073545473,0.7943282347242815,0.7
nan,0.0,0.0,0.0,0.0,0.0,0.0,0.0,0.0,0.0,1.0,False,False,-426.0,0.0,3632328.1423206185,-8.164349513026323,505212.8264405012,8.868940383288782e-06,0.00037889313956757174,0.7943282347242815,0.7
nan,0.0,0.0,0.0,0.0,0.0,0.0,0.0,0.0,0.0,1.0,False,False,-424.0,0.0,3618345.0203858847,-8.068841077649823,505212.8264405012,8.868940383288782e-06,0.000381826703136077,0.7943282347242815,0.7
nan,0.0,0.0,0.0,0.0,0.0,0.0,0.0,0.0,0.0,1.0,False,False,-422.0,0.0,3604358.589370764,-7.973084358894608,505212.8264405012,8.868940383288782e-06,0.00038479517272639797,0.7943282347242815,0.7
nan,0.0,0.0,0.0,0.0,0.0,0.0,0.0,0.0,0.0,1.0,False,False,-420.0,0.0,3590368.8797506015,-7.877076396005795,505212.8264405012,8.868940383288782e-06,0.0003877991002521099,0.7943282347242815,0.7
nan,0.0,0.0,0.0,0.0,0.0,0.0,0.0,0.0,0.0,1.0,False,False,-418.0,0.0,3576375.922215838,-7.78081418130961,505212.8264405012,8.868940383288782e-06,0.0003908390485045495,0.7943282347242815,0.7
nan,0.0,0.0,0.0,0.0,0.0,0.0,0.0,0.0,0.0,1.0,False,False,-416.0,0.0,3562379.747676176,-7.684294659286578,505212.8264405012,8.868940383288782e-06,0.0003939155914092414,0.7943282347242815,0.7
nan,0.0,0.0,0.0,0.0,0.0,0.0,0.0,0.0,0.0,1.0,False,False,-414.0,0.0,3548380.3872648426,-7.587514725622722,505212.8264405012,8.868940383288782e-06,0.0003970293142893536,0.7943282347242815,0.7
nan,0.0,0.0,0.0,0.0,0.0,0.0,0.0,0.0,0.0,1.0,False,False,-412.0,0.0,3534377.8723429563,-7.4904712262382995,505212.8264405012,8.868940383288782e-06,0.0004001808141363968,0.7943282347242815,0.7
nan,0.0,0.0,0.0,0.0,0.0,0.0,0.0,0.0,0.0,1.0,False,False,-410.0,0.0,3520372.2345039966,-7.393160956293458,505212.8264405012,8.868940383288782e-06,0.00040337069988839687,0.7943282347242815,0.7
nan,0.0,0.0,0.0,0.0,0.0,0.0,0.0,0.0,0.0,1.0,False,False,-408.0,0.0,3506363.505578387,-7.295580659170061,505212.8264405012,8.868940383288782e-06,0.0004065995927157747,0.7943282347242815,0.7
nan,0.0,0.0,0.0,0.0,0.0,0.0,0.0,0.0,0.0,1.0,False,False,-406.0,0.0,3492351.7176381866,-7.19772702542908,505212.8264405012,8.868940383288782e-06,0.0004098681263151751,0.7943282347242815,0.7
nan,0.0,0.0,0.0,0.0,0.0,0.0,0.0,0.0,0.0,1.0,False,False,-404.0,0.0,3478336.9030019,-7.099596691743048,505212.8264405012,8.868940383288782e-06,0.0004131769472114977,0.7943282347242815,0.7
nan,0.0,0.0,0.0,0.0,0.0,0.0,0.0,0.0,0.0,1.0,False,False,-402.0,0.0,3464319.094239401,-7.001186239802436,505212.8264405012,8.868940383288782e-06,0.00041652671506839004,0.7943282347242815,0.7
nan,0.0,0.0,0.0,0.0,0.0,0.0,0.0,0.0,0.0,1.0,False,False,-400.0,0.0,3450298.3241769774,-6.9024921951957126,505212.8264405012,8.868940383288782e-06,0.00041991810300747383,0.7943282347242815,0.7
nan,0.0,0.0,0.0,0.0,0.0,0.0,0.0,0.0,0.0,1.0,False,False,-398.0,0.0,3436274.6259025075,-6.803511026262097,505212.8264405012,8.868940383288782e-06,0.00042335179793657915,0.7943282347242815,0.7
nan,0.0,0.0,0.0,0.0,0.0,0.0,0.0,0.0,0.0,1.0,False,False,-396.0,0.0,3422248.032770761,-6.704239142916152,505212.8264405012,8.868940383288782e-06,0.00042682850088728144,0.7943282347242815,0.7
nan,0.0,0.0,0.0,0.0,0.0,0.0,0.0,0.0,0.0,1.0,False,False,-394.0,0.0,3408218.578408831,-6.604672895443612,505212.8264405012,8.868940383288782e-06,0.0004303489273620375,0.7943282347242815,0.7
nan,0.0,0.0,0.0,0.0,0.0,0.0,0.0,0.0,0.0,1.0,False,False,-392.0,0.0,3394186.2967217015,-6.504808573267559,505212.8264405012,8.868940383288782e-06,0.00043391380769123374,0.7943282347242815,0.7
nan,0.0,0.0,0.0,0.0,0.0,0.0,0.0,0.0,0.0,1.0,False,False,-390.0,0.0,3380151.2218979625,-6.404642403684037,505212.8264405012,8.868940383288782e-06,0.0004375238874004643,0.7943282347242815,0.7
nan,0.0,0.0,0.0,0.0,0.0,0.0,0.0,0.0,0.0,1.0,False,False,-388.0,0.0,3366113.3884156607,-6.304170550566291,505212.8264405012,8.868940383288782e-06,0.00044117992758837616,0.7943282347242815,0.7
nan,0.0,0.0,0.0,0.0,0.0,0.0,0.0,0.0,0.0,1.0,False,False,-386.0,0.0,3352072.8310483024,-6.203389113036657,505212.8264405012,8.868940383288782e-06,0.0004448827053154273,0.7943282347242815,0.7
nan,0.0,0.0,0.0,0.0,0.0,0.0,0.0,0.0,0.0,1.0,False,False,-384.0,0.0,3338029.5848710095,-6.102294124105278,505212.8264405012,8.868940383288782e-06,0.00044863301400391086,0.7943282347242815,0.7
nan,0.0,0.0,0.0,0.0,0.0,0.0,0.0,0.0,0.0,1.0,False,False,-382.0,0.0,3323983.6852668324,-6.000881549274635,505212.8264405012,8.868940383288782e-06,0.0004524316638496242,0.7943282347242815,0.7
nan,0.0,0.0,0.0,0.0,0.0,0.0,0.0,0.0,0.0,1.0,False,False,-380.0,0.0,3309935.167933225,-5.899147285108746,505212.8264405012,8.868940383288782e-06,0.00045627948224556057,0.7943282347242815,0.7
nan,0.0,0.0,0.0,0.0,0.0,0.0,0.0,0.0,0.0,1.0,False,False,-378.0,0.0,3295884.0688886875,-5.7970871577663425,505212.8264405012,8.868940383288782e-06,0.0004601773142180282,0.7943282347242815,0.7
nan,0.0,0.0,0.0,0.0,0.0,0.0,0.0,0.0,0.0,1.0,False,False,-376.0,0.0,3281830.4244795768,-5.694696921496511,505212.8264405012,8.868940383288782e-06,0.00046412602287560997,0.7943282347242815,0.7
nan,0.0,0.0,0.0,0.0,0.0,0.0,0.0,0.0,0.0,1.0,False,False,-374.0,0.0,3267774.2713871025,-5.591972257096124,505212.8264405012,8.868940383288782e-06,0.00046812648987138746,0.7943282347242815,0.7
nan,0.0,0.0,0.0,0.0,0.0,0.0,0.0,0.0,0.0,1.0,False,False,-372.0,0.0,3253715.646634496,-5.488908770327652,505212.8264405012,8.868940383288782e-06,0.00047217961587888476,0.7943282347242815,0.7
nan,0.0,0.0,0.0,0.0,0.0,0.0,0.0,0.0,0.0,1.0,False,False,-370.0,0.0,3239654.587594372,-5.38550199029629,505212.8264405012,8.868940383288782e-06,0.000476286321082187,0.7943282347242815,0.7
nan,0.0,0.0,0.0,0.0,0.0,0.0,0.0,0.0,0.0,1.0,False,False,-368.0,0.0,3225591.131996285,-5.2817473677851305,505212.8264405012,8.868940383288782e-06,0.00048044754568071524,0.7943282347242815,0.7
nan,0.0,0.0,0.0,0.0,0.0,0.0,0.0,0.0,0.0,1.0,False,False,-366.0,0.0,3211525.317934484,-5.177640273547174,505212.8264405012,8.868940383288782e-06,0.00048466425040915526,0.7943282347242815,0.7
nan,0.0,0.0,0.0,0.0,0.0,0.0,0.0,0.0,0.0,1.0,False,False,-364.0,0.0,3197457.1838758704,-5.073175996552833,505212.8264405012,8.868940383288782e-06,0.0004889374170730607,0.7943282347242815,0.7
nan,0.0,0.0,0.0,0.0,0.0,0.0,0.0,0.0,0.0,1.0,False,False,-362.0,0.0,3183386.768668168,-4.968349742191623,505212.8264405012,8.868940383288782e-06,0.0004932680491006605,0.7943282347242815,0.7
nan,0.0,0.0,0.0,0.0,0.0,0.0,0.0,0.0,0.0,1.0,False,False,-360.0,0.0,3169314.111548321,-4.8631566304267135,505212.8264405012,8.868940383288782e-06,0.0004976571721114334,0.7943282347242815,0.7
nan,0.0,0.0,0.0,0.0,0.0,0.0,0.0,0.0,0.0,1.0,False,False,-358.0,0.0,3155239.2521511004,-4.757591693900565,505212.8264405012,8.868940383288782e-06,0.0005021058345020236,0.7943282347242815,0.7
nan,0.0,0.0,0.0,0.0,0.0,0.0,0.0,0.0,0.0,1.0,False,False,-356.0,0.0,3141162.230517961,-4.651649875990746,505212.8264405012,8.868940383288782e-06,0.0005066151080501013,0.7943282347242815,0.7
nan,0.0,0.0,0.0,0.0,0.0,0.0,0.0,0.0,0.0,1.0,False,False,-354.0,0.0,3127083.0871061212,-4.545326028813873,505212.8264405012,8.868940383288782e-06,0.0005111860885367918,0.7943282347242815,0.7
nan,0.0,0.0,0.0,0.0,0.0,0.0,0.0,0.0,0.0,1.0,False,False,-352.0,0.0,3113001.862797904,-4.438614911176232,505212.8264405012,8.868940383288782e-06,0.0005158198963883165,0.7943282347242815,0.7
nan,0.0,0.0,0.0,0.0,0.0,0.0,0.0,0.0,0.0,1.0,False,False,-350.0,0.0,3098918.5989103224,-4.331511186469665,505212.8264405012,8.868940383288782e-06,0.000520517677337526,0.7943282347242815,0.7
nan,0.0,0.0,0.0,0.0,0.0,0.0,0.0,0.0,0.0,1.0,False,False,-348.0,0.0,3084833.3372049388,-4.224009420510586,505212.8264405012,8.868940383288782e-06,0.0005252806031060189,0.7943282347242815,0.7
nan,0.0,0.0,0.0,0.0,0.0,0.0,0.0,0.0,0.0,1.0,False,False,-346.0,0.0,3070746.119897978,-4.11610407932077,505212.8264405012,8.868940383288782e-06,0.0005301098721075809,0.7943282347242815,0.7
nan,0.0,0.0,0.0,0.0,0.0,0.0,0.0,0.0,0.0,1.0,False,False,-344.0,0.0,3056656.989670746,-4.007789526847852,505212.8264405012,8.868940383288782e-06,0.0005350067101736851,0.7943282347242815,0.7
nan,0.0,0.0,0.0,0.0,0.0,0.0,0.0,0.0,0.0,1.0,False,False,-342.0,0.0,3042565.989680313,-3.8990600226236007,505212.8264405012,8.868940383288782e-06,0.0005399723713018607,0.7943282347242815,0.7
nan,0.0,0.0,0.0,0.0,0.0,0.0,0.0,0.0,0.0,1.0,False,False,-340.0,0.0,3028473.1635705084,-3.7899097193582905,505212.8264405012,8.868940383288782e-06,0.000545008138427726,0.7943282347242815,0.7
nan,0.0,0.0,0.0,0.0,0.0,0.0,0.0,0.0,0.0,1.0,False,False,-338.0,0.0,3014378.555483223,-3.6803326604687525,505212.8264405012,8.868940383288782e-06,0.0005501153242215478,0.7943282347242815,0.7
nan,0.0,0.0,0.0,0.0,0.0,0.0,0.0,0.0,0.0,1.0,False,False,-336.0,0.0,3000282.210070023,-3.5703227775383204,505212.8264405012,8.868940383288782e-06,0.0005552952719102065,0.7943282347242815,0.7
nan,0.0,0.0,0.0,0.0,0.0,0.0,0.0,0.0,0.0,1.0,False,False,-334.0,0.0,2986184.172504103,-3.4598738877063435,505212.8264405012,8.868940383288782e-06,0.0005605493561254834,0.7943282347242815,0.7
nan,0.0,0.0,0.0,0.0,0.0,0.0,0.0,0.0,0.0,1.0,False,False,-332.0,0.0,2972084.488492566,-3.3489796909848843,505212.8264405012,8.868940383288782e-06,0.0005658789837796309,0.7943282347242815,0.7
nan,0.0,0.0,0.0,0.0,0.0,0.0,0.0,0.0,0.0,1.0,False,False,-330.0,0.0,2957983.2042890643,-3.23763376750066,505212.8264405012,8.868940383288782e-06,0.0005712855949692153,0.7943282347242815,0.7
nan,0.0,0.0,0.0,0.0,0.0,0.0,0.0,0.0,0.0,1.0,False,False,-328.0,0.0,2943880.3667067946,-3.1258295746592575,505212.8264405012,8.868940383288782e-06,0.0005767706639082698,0.7943282347242815,0.7
nan,0.0,0.0,0.0,0.0,0.0,0.0,0.0,0.0,0.0,1.0,False,False,-326.0,0.0,2929776.0231318735,-3.013560444229552,505212.8264405012,8.868940383288782e-06,0.0005823356998918329,0.7943282347242815,0.7
nan,0.0,0.0,0.0,0.0,0.0,0.0,0.0,0.0,0.0,1.0,False,False,-324.0,0.0,2915670.2215370974,-2.9008195793454954,505212.8264405012,8.868940383288782e-06,0.0005879822482909933,0.7943282347242815,0.7
nan,0.0,0.0,0.0,0.0,0.0,0.0,0.0,0.0,0.0,1.0,False,False,-322.0,0.0,2901563.0104960985,-2.7876000514225443,505212.8264405012,8.868940383288782e-06,0.0005937118915806112,0.7943282347242815,0.7
nan,0.0,0.0,0.0,0.0,0.0,0.0,0.0,0.0,0.0,1.0,False,False,-320.0,0.0,2887454.439197921,-2.673894796986154,505212.8264405012,8.868940383288782e-06,0.0005995262504009259,0.7943282347242815,0.7
nan,0.0,0.0,0.0,0.0,0.0,0.0,0.0,0.0,0.0,1.0,False,False,-318.0,0.0,2873344.5574620175,-2.55969661440904,505212.8264405012,8.868940383288782e-06,0.00060542698465432,0.7943282347242815,0.7
nan,0.0,0.0,0.0,0.0,0.0,0.0,0.0,0.0,0.0,1.0,False,False,-316.0,0.0,2859233.4157536924,-2.444998160554645,505212.8264405012,8.868940383288782e-06,0.0006114157946385546,0.7943282347242815,0.7
nan,0.0,0.0,0.0,0.0,0.0,0.0,0.0,0.0,0.0,1.0,False,False,-314.0,0.0,2845121.065199996,-2.329791947323181,505212.8264405012,8.868940383288782e-06,0.0006174944222178524,0.7943282347242815,0.7
nan,0.0,0.0,0.0,0.0,0.0,0.0,0.0,0.0,0.0,1.0,False,False,-312.0,0.0,2831007.5576060987,-2.2140703380974407,505212.8264405012,8.868940383288782e-06,0.0006236646520332535,0.7943282347242815,0.7
nan,0.0,0.0,0.0,0.0,0.0,0.0,0.0,0.0,0.0,1.0,False,False,-310.0,0.0,2816892.9454721464,-2.09782554408466,505212.8264405012,8.868940383288782e-06,0.0006299283127537403,0.7943282347242815,0.7
nan,0.0,0.0,0.0,0.0,0.0,0.0,0.0,0.0,0.0,1.0,False,False,-308.0,0.0,2802777.28201063,-1.9810496205512917,505212.8264405012,8.868940383288782e-06,0.0006362872783696795,0.7943282347242815,0.7
nan,0.0,0.0,0.0,0.0,0.0,0.0,0.0,0.0,0.0,1.0,False,False,-306.0,0.0,2788660.6211642646,-1.8637344629463795,505212.8264405012,8.868940383288782e-06,0.0006427434695302081,0.7943282347242815,0.7
nan,0.0,0.0,0.0,0.0,0.0,0.0,0.0,0.0,0.0,1.0,False,False,-304.0,0.0,2774543.0176244276,-1.7458718029107851,505212.8264405012,8.868940383288782e-06,0.0006492988549262389,0.7943282347242815,0.7
nan,0.0,0.0,0.0,0.0,0.0,0.0,0.0,0.0,0.0,1.0,False,False,-302.0,0.0,2760424.526850144,-1.6274532041672305,505212.8264405012,8.868940383288782e-06,0.0006559554527208602,0.7943282347242815,0.7
nan,0.0,0.0,0.0,0.0,0.0,0.0,0.0,0.0,0.0,1.0,False,False,-300.0,0.0,2746305.2050876543,-1.5084700582878743,505212.8264405012,8.868940383288782e-06,0.0006627153320289549,0.7943282347242815,0.7
nan,0.0,0.0,0.0,0.0,0.0,0.0,0.0,0.0,0.0,1.0,False,False,-298.0,0.0,2732185.1093905903,-1.3889135803348585,505212.8264405012,8.868940383288782e-06,0.0006695806144479559,0.7943282347242815,0.7
nan,0.0,0.0,0.0,0.0,0.0,0.0,0.0,0.0,0.0,1.0,False,False,-296.0,0.0,2718064.2976407646,-1.268774804369479,505212.8264405012,8.868940383288782e-06,0.0006765534756417366,0.7943282347242815,0.7
nan,0.0,0.0,0.0,0.0,0.0,0.0,0.0,0.0,0.0,1.0,False,False,-294.0,0.0,2703942.828569613,-1.1480445788252565,505212.8264405012,8.868940383288782e-06,0.0006836361469797171,0.7943282347242815,0.7
nan,0.0,0.0,0.0,0.0,0.0,0.0,0.0,0.0,0.0,1.0,False,False,-292.0,0.0,2689820.761780293,-1.026713561740552,505212.8264405012,8.868940383288782e-06,0.0006908309172333668,0.7943282347242815,0.7
nan,0.0,0.0,0.0,0.0,0.0,0.0,0.0,0.0,0.0,1.0,False,False,-290.0,0.0,2675698.1577704875,-0.9047722158452602,505212.8264405012,8.868940383288782e-06,0.0006981401343323611,0.7943282347242815,0.7
nan,0.0,0.0,0.0,0.0,0.0,0.0,0.0,0.0,0.0,1.0,False,False,-288.0,0.0,2661575.0779559147,-0.7822108034969762,505212.8264405012,8.868940383288782e-06,0.0007055662071827728,0.7943282347242815,0.7
nan,0.0,0.0,0.0,0.0,0.0,0.0,0.0,0.0,0.0,1.0,False,False,-286.0,0.0,2647451.5846945914,-0.6590193814607114,505212.8264405012,8.868940383288782e-06,0.0007131116075497601,0.7943282347242815,0.7
nan,0.0,0.0,0.0,0.0,0.0,0.0,0.0,0.0,0.0,1.0,False,False,-284.0,0.0,2633327.7413118547,-0.5351877955272039,505212.8264405012,8.868940383288782e-06,0.0007207788720073451,0.7943282347242815,0.7
nan,0.0,0.0,0.0,0.0,0.0,0.0,0.0,0.0,0.0,1.0,False,False,-282.0,0.0,2619203.612126193,-0.4107056749635521,505212.8264405012,8.868940383288782e-06,0.0007285706039579672,0.7943282347242815,0.7
nan,0.0,0.0,0.0,0.0,0.0,0.0,0.0,0.0,0.0,1.0,False,False,-280.0,0.0,2605079.2624759,-0.28556242679041977,505212.8264405012,8.868940383288782e-06,0.0007364894757246353,0.7943282347242815,0.7
nan,0.0,0.0,0.0,0.0,0.0,0.0,0.0,0.0,0.0,1.0,False,False,-278.0,0.0,2590954.7587465867,-0.15974722987959503,505212.8264405012,8.868940383288782e-06,0.0007445382307186203,0.7943282347242815,0.7
nan,0.0,0.0,0.0,0.0,0.0,0.0,0.0,0.0,0.0,1.0,False,False,-276.0,0.0,2576830.1683995924,-0.033249028865070494,505212.8264405012,8.868940383288782e-06,0.0007527196856857557,0.7943282347242815,0.7
nan,0.0,0.0,0.0,0.0,0.0,0.0,0.0,0.0,0.0,1.0,False,False,-274.0,0.0,2562705.5600013086,0.09394347213877705,494874.77578464535,1.1252583444060024e-05,0.000761036733034571,0.7943282347242815,0.7
nan,0.0,0.0,0.0,0.0,0.0,0.0,0.0,0.0,0.0,1.0,False,False,-272.0,0.0,2548581.0032534725,0.22184181601902128,481147.0582743518,1.543580975377368e-05,0.0007694923432496009,0.7943282347242815,0.7
nan,0.0,0.0,0.0,0.0,0.0,0.0,0.0,0.0,0.0,1.0,False,False,-270.0,0.0,2534456.5690244534,0.3504577993537379,467744.6166794964,2.101618260118452e-05,0.0007780895673933909,0.7943282347242815,0.7
nan,0.0,0.0,0.0,0.0,0.0,0.0,0.0,0.0,0.0,1.0,False,False,-268.0,0.0,2520332.3293815693,0.47980347931628603,454670.89731661696,2.8398213951832692e-05,0.0007868315397008659,0.7943282347242815,0.7
nan,0.0,0.0,0.0,0.0,0.0,0.0,0.0,0.0,0.0,1.0,False,False,-266.0,0.0,2506208.357624482,0.6098911808030434,441928.4753969317,3.8081605176487885e-05,0.0007957214802698959,0.7943282347242815,0.7
nan,0.0,0.0,0.0,0.0,0.0,0.0,0.0,0.0,0.0,1.0,False,False,-264.0,0.0,2492084.7283197073,0.7407335037921942,429519.0400280684,5.0676848575054185e-05,0.0008047626978520719,0.7943282347242815,0.7
nan,0.0,0.0,0.0,0.0,0.0,0.0,0.0,0.0,0.0,1.0,False,False,-262.0,0.0,2477961.517336276,0.8723433309426523,417443.3897781929,6.69215670922831e-05,0.0008139585927479007,0.7943282347242815,0.7
nan,0.0,0.0,0.0,0.0,0.0,0.0,0.0,0.0,0.0,1.0,False,False,-260.0,0.0,2463838.8018826083,1.0047338354419413,405701.4388010175,8.769717669229473e-05,0.000823312659810787,0.7943282347242815,0.7
nan,0.0,0.0,0.0,0.0,0.0,0.0,0.0,0.0,0.0,1.0,False,False,-258.0,0.0,2449716.6605446306,1.1379184891127243,394292.23323441483,0.00011404537239480448,0.000832828491564426,0.7943282347242815,0.7
nan,0.0,0.0,0.0,0.0,0.0,0.0,0.0,0.0,0.0,1.0,False,False,-256.0,0.0,2435595.1733251917,1.2719110707870935,383213.9773155319,0.00014718387302330692,0.0008425097814383911,0.7943282347242815,0.7
nan,0.0,0.0,0.0,0.0,0.0,0.0,0.0,0.0,0.0,1.0,False,False,-254.0,0.0,2421474.4216848365,1.4067256749598147,372464.0684155263,0.00018852081814345263,0.0008523603271269641,0.7943282347242815,0.7
nan,0.0,0.0,0.0,0.0,0.0,0.0,0.0,0.0,0.0,1.0,False,False,-252.0,0.0,2407354.4885839727,1.5423767207301124,362039.1399946708,0.0002396671988687099,0.0008623840340764721,0.7943282347242815,0.7
nan,0.0,0.0,0.0,0.0,0.0,0.0,0.0,0.0,0.0,1.0,False,False,-250.0,0.0,2393235.4585265075,1.6788789610438775,351935.1113243467,0.0003024467254051707,0.0008725849191066476,0.7943282347242815,0.7
nan,0.0,0.0,0.0,0.0,0.0,0.0,0.0,0.0,0.0,1.0,False,False,-248.0,0.0,2379117.417604996,1.816247492247706,342147.2427175557,0.0003789025890458545,0.0008829671141717886,0.7943282347242815,0.7
nan,0.0,0.0,0.0,0.0,0.0,0.0,0.0,0.0,0.0,1.0,False,False,-246.0,0.0,2365000.453547371,1.954497763966416,332670.1949566357,0.00047130066270899984,0.0008935348702677722,0.7943282347242815,0.7
nan,0.0,0.0,0.0,0.0,0.0,0.0,0.0,0.0,0.0,1.0,False,False,-244.0,0.0,2350884.6557653192,2.093645589317356,323498.09160280594,0.0005821287973856621,0.0009042925614912532,0.7943282347242815,0.7
nan,0.0,0.0,0.0,0.0,0.0,0.0,0.0,0.0,0.0,1.0,False,False,-242.0,0.0,2336770.1154043623,2.2337071554739136,314624.58291329513,0.00071409200523322,0.0009152446892576943,0.7943282347242815,0.7
nan,0.0,0.0,0.0,0.0,0.0,0.0,0.0,0.0,0.0,1.0,False,False,-240.0,0.0,2322656.925395724,2.3746990345926404,306042.9101697874,0.0008701034653172888,0.0009263958866851793,0.7943282347242815,0.7
nan,0.0,0.0,0.0,0.0,0.0,0.0,0.0,0.0,0.0,1.0,False,False,-238.0,0.0,2308545.1805100455,2.5166381951178245,297745.9693320358,0.0010532714362518536,0.0009377509231513036,0.7943282347242815,0.7
nan,0.0,0.0,0.0,0.0,0.0,0.0,0.0,0.0,0.0,1.0,False,False,-236.0,0.0,2294434.977413033,2.659542013478701,289726.3730598459,0.0012668823025541885,0.0009493147090307876,0.7943282347242815,0.7
nan,0.0,0.0,0.0,0.0,0.0,0.0,0.0,0.0,0.0,1.0,False,False,-234.0,0.0,2280326.4147231206,2.803428286194872,281976.5102922625,0.0015143801105078868,0.0009610923006218075,0.7943282347242815,0.7
nan,0.0,0.0,0.0,0.0,0.0,0.0,0.0,0.0,0.0,1.0,False,False,-232.0,0.0,2266219.5930712163,2.9483152424063794,274488.60272203403,0.001799343058413022,0.0009730889052694684,0.7943282347242815,0.7
nan,0.0,0.0,0.0,0.0,0.0,0.0,0.0,0.0,0.0,1.0,False,False,-230.0,0.0,2252114.6151626403,3.094221556845272,267254.75765329675,0.0021254574906870707,0.0009853098866952046,0.7943282347242815,0.7
nan,0.0,0.0,0.0,0.0,0.0,0.0,0.0,0.0,0.0,1.0,False,False,-228.0,0.0,2238011.5858413335,3.241166363266557,260267.0168730263,0.002496490002848202,0.00099776077054135,0.7943282347242815,0.7
nan,0.0,0.0,0.0,0.0,0.0,0.0,0.0,0.0,0.0,1.0,False,False,-226.0,0.0,2223910.612156436,3.389169268357465,253517.40129893285,0.0029162582943328052,0.001010447250140574,0.7943282347242815,0.7
nan,0.0,0.0,0.0,0.0,0.0,0.0,0.0,0.0,0.0,1.0,False,False,-224.0,0.0,2209811.8034313396,3.538250366143889,246997.95128507543,0.00338860140948652,0.001023375192520331,0.7943282347242815,0.7
nan,0.0,0.0,0.0,0.0,0.0,0.0,0.0,0.0,0.0,1.0,False,False,-222.0,0.0,2195715.2713353164,3.688430252915005,240700.7625690528,0.0039173499865037785,0.001036550644653001,0.7943282347242815,0.7
nan,0.0,0.0,0.0,0.0,0.0,0.0,0.0,0.0,0.0,1.0,False,False,-220.0,0.0,2181621.129957837,3.8397300426866483,234618.01793152312,0.004506297093089586,0.0010499798399628937,0.7943282347242815,0.7
nan,0.0,0.0,0.0,0.0,0.0,0.0,0.0,0.0,0.0,1.0,False,False,-218.0,0.0,2167529.4958856953,3.9921713832266077,228742.01470877518,0.005159170170466845,0.0010636692051018734,0.7943282347242815,0.7
nan,0.0,0.0,0.0,0.0,0.0,0.0,0.0,0.0,0.0,1.0,False,False,-216.0,0.0,2153440.4882830586,4.145776472664034,223065.1883542748,0.005879604538416893,0.0010776253670059105,0.7943282347242815,0.7
nan,0.0,0.0,0.0,0.0,0.0,0.0,0.0,0.0,0.0,1.0,False,False,-214.0,0.0,2139354.2289745747,4.30056807670816,217580.1322854283,0.006671118837810611,0.0010918551602455081,0.7943282347242815,0.7
nan,0.0,0.0,0.0,0.0,0.0,0.0,0.0,0.0,0.0,1.0,False,False,-212.0,0.0,2125270.842531674,4.456569546501538,212279.61427965562,0.007537092707570954,0.0011063656346835692,0.7943282347242815,0.7
nan,0.0,0.0,0.0,0.0,0.0,0.0,0.0,0.0,0.0,1.0,False,False,-210.0,0.0,2111190.4563621935,4.613804837134045,207156.58970067182,0.008480746913774878,0.001121164063454981,0.7943282347242815,0.7
nan,0.0,0.0,0.0,0.0,0.0,0.0,0.0,0.0,0.0,1.0,False,False,-208.0,0.0,2097113.2008034906,4.772298526846238,202204.2118431002,0.00950512607265076,0.001136257951282863,0.7943282347242815,0.7
nan,0.0,0.0,0.0,0.0,0.0,0.0,0.0,0.0,0.0,1.0,False,False,-206.0,0.0,2083039.20921919,4.932075836950832,197415.83968337352,0.010613084038779634,0.0011516550431472095,0.7943282347242815,0.7
nan,0.0,0.0,0.0,0.0,0.0,0.0,0.0,0.0,0.0,1.0,False,False,-204.0,0.0,2068968.6180997265,5.093162652502771,192785.04331841588,0.011807271966576275,0.0011673633333224487,0.7943282347242815,0.7
nan,0.0,0.0,0.0,0.0,0.0,0.0,0.0,0.0,0.0,1.0,False,False,-202.0,0.0,2054901.5671668644,5.255585543750231,188305.6073625121,0.013090128998124902,0.0011833910748012323,0.7943282347242815,0.7
nan,0.0,0.0,0.0,0.0,0.0,0.0,0.0,0.0,0.0,1.0,False,False,-200.0,0.0,2040838.199482366,5.419371788399808,183971.53255848662,0.014463875484124382,0.0011997467891226923,0.7943282347242815,0.7
nan,0.0,0.0,0.0,0.0,0.0,0.0,0.0,0.0,0.0,1.0,False,False,-198.0,0.0,2026778.6615610041,5.58454939473116,179777.03584234804,0.015930508607263586,0.0012164392766242883,0.7943282347242815,0.7
nan,0.0,0.0,0.0,0.0,0.0,0.0,0.0,0.0,0.0,1.0,False,False,-196.0,0.0,2012723.1034881144,5.751147125597636,175716.54908252458,0.01749180024833739,0.0012334776271373487,0.7943282347242815,0.7
nan,0.0,0.0,0.0,0.0,0.0,0.0,0.0,0.0,0.0,1.0,False,False,-194.0,0.0,1998671.6790419007,5.91919452335176,171784.7166959607,0.01914929691438043,0.0012508712311474213,0.7943282347242815,0.7
nan,0.0,0.0,0.0,0.0,0.0,0.0,0.0,0.0,0.0,1.0,False,False,-192.0,0.0,1984624.545820716,6.08872193573562,167976.39232430173,0.020904321534323148,0.0012686297914416191,0.7943282347242815,0.7
nan,0.0,0.0,0.0,0.0,0.0,0.0,0.0,0.0,0.0,1.0,False,False,-190.0,0.0,1970581.8653755418,6.25976054277843,164286.63473509642,0.022757976920109176,0.0012867633352662807,0.7943282347242815,0.7
nan,0.0,0.0,0.0,0.0,0.0,0.0,0.0,0.0,0.0,1.0,False,False,-188.0,0.0,1956543.803347925,6.4323423847461285,160710.70309474692,0.024711150689357014,0.0013052822270194283,0.7943282347242815,0.7
nan,0.0,0.0,0.0,0.0,0.0,0.0,0.0,0.0,0.0,1.0,False,False,-186.0,0.0,1942510.5296136194,6.606500391188745,157244.05174341824,0.026764521448032097,0.0013241971815037604,0.7943282347242815,0.7
nan,0.0,0.0,0.0,0.0,0.0,0.0,0.0,0.0,0.0,1.0,False,False,-184.0,0.0,1928482.218432204,6.782268411134655,153882.32458593132,0.028918566038022932,0.0013435192777672322,0.7943282347242815,0.7
nan,0.0,0.0,0.0,0.0,0.0,0.0,0.0,0.0,0.0,1.0,False,False,-182.0,0.0,1914459.0486029726,6.959681244483001,150621.34919849006,0.031173567663396826,0.001363259973559612,0.7943282347242815,0.7
nan,0.0,0.0,0.0,0.0,0.0,0.0,0.0,0.0,0.0,1.0,False,False,-180.0,0.0,1900441.203627381,7.138774674647141,147457.13073730475,0.033529624720595515,0.0013834311204348941,0.7943282347242815,0.7
nan,0.0,0.0,0.0,0.0,0.0,0.0,0.0,0.0,0.0,1.0,False,False,-178.0,0.0,1886428.8718783844,7.319585502506175,144385.84572330012,0.03598666017043889,0.0014040449795309055,0.7943282347242815,0.7
nan,0.0,0.0,0.0,0.0,0.0,0.0,0.0,0.0,0.0,1.0,False,False,-176.0,0.0,1872422.2467769901,7.502151581722846,141403.83576620196,0.03854443130342386,0.0014251142380590652,0.7943282347242815,0.7
nan,0.0,0.0,0.0,0.0,0.0,0.0,0.0,0.0,0.0,1.0,False,False,-174.0,0.0,1858421.5269763789,7.686511855489572,138507.6012812865,0.041202539764115455,0.0014466520265389133,0.7943282347242815,0.7
nan,0.0,0.0,0.0,0.0,0.0,0.0,0.0,0.0,0.0,1.0,False,False,-172.0,0.0,1844426.9165539725,7.872706394767995,135693.79524363525,0.04396044171444919,0.0014686719368137541,0.7943282347242815,0.7
nan,0.0,0.0,0.0,0.0,0.0,0.0,0.0,0.0,0.0,1.0,False,False,-170.0,0.0,1830438.6252118319,8.06077643808941,132959.2170169684,0.046817458029782426,0.0014911880408855994,0.7943282347242815,0.7
nan,0.0,0.0,0.0,0.0,0.0,0.0,0.0,0.0,0.0,1.0,False,False,-168.0,0.0,1816456.8684858074,8.250764432987731,130300.80628744213,0.04977278443495358,0.0015142149106095047,0.7943282347242815,0.7
nan,0.0,0.0,0.0,0.0,0.0,0.0,0.0,0.0,0.0,1.0,False,False,-166.0,0.0,1802481.8679638728,8.442714079139929,127715.63712678937,0.05282550150054305,0.001537767638289393,0.7943282347242815,0.7
nan,0.0,0.0,0.0,0.0,0.0,0.0,0.0,0.0,0.0,1.0,False,False,-164.0,0.0,1788513.8515141082,8.636670373292032,125200.91220438338,0.05597458443119894,0.001561861858219544,0.7943282347242815,0.7
nan,0.0,0.0,0.0,0.0,0.0,0.0,0.0,0.0,0.0,1.0,False,False,-162.0,0.0,1774553.0535228138,8.832679656053601,122753.95716295122,0.05921891258950143,0.001586513769218135,0.7943282347242815,0.7
nan,0.0,0.0,0.0,0.0,0.0,0.0,0.0,0.0,0.0,1.0,False,False,-160.0,0.0,1760599.7151432766,9.030789660646843,120372.21516939621,0.06255727870843764,0.0016117401582014634,0.7943282347242815,0.7
nan,0.0,0.0,0.0,0.0,0.0,0.0,0.0,0.0,0.0,1.0,False,False,-158.0,0.0,1746654.084555727,9.231049563701053,118053.24164851186,0.06598839775532342,0.0016375584248498865,0.7943282347242815,0.7
nan,0.0,0.0,0.0,0.0,0.0,0.0,0.0,0.0,0.0,1.0,False,False,-156.0,0.0,1732716.4172390634,9.433510038187919,115794.6992049001,0.06951091541800186,0.001663986607418976,0.7943282347242815,0.7
nan,0.0,0.0,0.0,0.0,0.0,0.0,0.0,0.0,0.0,1.0,False,False,-154.0,0.0,1718786.976254949,9.638223308596928,113594.35273601161,0.07312341619163565,0.0016910434097519567,0.7943282347242815,0.7
nan,0.0,0.0,0.0,0.0,0.0,0.0,0.0,0.0,0.0,1.0,False,False,-152.0,0.0,1704866.0325449277,9.845243208456436,111450.06473732088,0.07682443105089372,0.0017187482295521707,0.7943282347242815,0.7
0.17566502481906815,5.9155370450389076e-06,1.0391529618348768e-06,5.067323951083614e-12,472.31956269852117,82.97002770396713,0.0,0.0,3.91555354189651e-05,3.91555354189651e-05,1.0,False,True,-150.0,0.0,1690953.8652412337,10.054625240309692,109359.79079899767,0.08061244469810652,0.001747121187977057,0.7943282347242815,0.7
0.1687827007533825,6.171941030707924e-06,1.0417168760534987e-06,5.344257572069244e-12,492.7918575152551,83.17474062070082,0.0,0.0,4.17195907721367e-05,4.17195907721367e-05,1.0,False,True,-148.0,0.0,1677050.7619920112,10.266426638261535,107321.57529216942,0.08448590238282264,0.0017761831606180455,0.7943282347242815,0.7
0.16216026339619005,6.440560184699658e-06,1.044402935969911e-06,5.635780622328749e-12,514.2394590398244,83.38920612661221,0.0,0.0,4.440579925195791e-05,4.440579925195791e-05,1.0,False,True,-146.0,0.0,1663157.019301717,10.480706433216705,105333.54724183914,0.08844321629232606,0.001805955809933636,0.7943282347242815,0.7
0.15579358990840098,6.721812645705456e-06,1.0472153227661396e-06,5.942545239456465e-12,536.6957530971068,83.61375806359109,0.0,0.0,4.7218342371886485e-05,4.7218342371886485e-05,1.0,False,True,-144.0,0.0,1649272.9428874862,10.697525520936466,103393.91638251755,0.09248277151652433,0.0018364616192060612,0.7943282347242815,0.7
0.14967767425642903,7.016132372687931e-06,1.0501583758191707e-06,6.265239541615902e-12,560.1953886641759,83.84874290443017,0.0,0.0,5.016155985859126e-05,5.016155985859126e-05,1.0,False,True,-142.0,0.0,1635398.848052341,10.916946733046858,101500.96939219633,0.09660293159313173,0.0018677239280949698,0.7943282347242815,0.7
0.1438067862109754,7.323970098994062e-06,1.0532366022416154e-06,6.6045902276038074e-12,584.7743540504136,84.09452051458908,0.0,0.0,5.323995919393355e-05,5.323995919393355e-05,1.0,False,True,-140.0,0.0,1621535.0600761184,11.139034911138033,99653.0662994885,0.1008020436420708,0.0018997669698648234,0.7943282347242815,0.7
0.13817461494586336,7.645794324965108e-06,1.056454686807321e-06,6.961365356293032e-12,610.4700561513604,84.3514649446938,0.0,0.0,5.645822554198858e-05,5.645822554198858e-05,1.0,False,True,-138.0,0.0,1607681.91462509,11.363856984100691,97848.63705867542,0.1050784430993767,0.0019326159103658814,0.7943282347242815,0.7
0.13277439744720654,7.982092351077529e-06,1.0598175022822752e-06,7.3363773201957e-12,637.321402938717,84.61996525539648,0.0,0.0,5.982123208145536e-05,5.982123208145536e-05,1.0,False,True,-136.0,0.0,1593839.7581812683,11.591482048853207,96086.17828688421,0.1094304580629351,0.001966296888852029,0.7943282347242815,0.7
0.12759903225687685,8.33337135380501e-06,1.063330120182699e-06,7.730486029201141e-12,665.3688893613678,84.90042637634349,0.0,0.0,6.333405076536308e-05,6.333405076536308e-05,1.0,False,True,-134.0,0.0,1580008.9484924914,11.821981454620245,94364.25015754276,0.11385641326336965,0.002000837060721924,0.7943282347242815,0.7
0.12264117930043428,8.70015950653789e-06,1.066997821983691e-06,8.144602321954934e-12,694.6546868439618,85.19327000111734,0.0,0.0,6.700196353144458e-05,6.700196353144458e-05,1.0,False,True,-132.0,0.0,1566189.8550443936,12.055428890929926,92681.4734442571,0.11835463367398023,0.0020362646422734075,0.7943282347242815,0.7
0.11789334670178722,9.083007148082012e-06,1.0708261108036441e-06,8.579691623922079e-12,725.2227365844213,85.49893552016609,0.0,0.0,7.083047398840558e-05,7.083047398840558e-05,1.0,False,True,-130.0,0.0,1552382.859555495,12.291900479507488,91036.52670899646,0.122923447774761,0.002072608957564291,0.7943282347242815,0.7
0.1133479655797626,9.482488001379319e-06,1.0748207235908548e-06,9.036777872813038e-12,757.1188468613497,85.8178809938298,0.0,0.0,7.482531960452213e-05,7.482531960452213e-05,1.0,False,True,-128.0,0.0,1538588.3564966575,12.531474870247846,89428.14362873082,0.12756119048525447,0.00210990048747607,0.7943282347242815,0.7
0.10899745386577203,9.899200445261646e-06,1.0789876438404362e-06,9.51694773388599e-12,790.3907945758176,86.15058416770859,0.0,0.0,7.899248442669066e-05,7.899248442669066e-05,1.0,False,True,-126.0,0.0,1524806.7536362777,12.774233341461136,87855.11045456611,0.13226620578152332,0.002148170921080168,0.7943282347242815,0.7
0.10483427018892288,1.0333768842179903e-05,1.0833331148709607e-06,1.0021355129588021e-11,825.0884312624421,86.49754353272138,0.0,0.0,8.333821235936319e-05,8.333821235936319e-05,1.0,False,True,-124.0,0.0,1511038.4726126434,13.020259904592015,86316.26359761253,0.13703684901222118,0.0021874532094094817,0.7943282347242815,0.7
0.10085095885363958,1.078684492499971e-05,1.0878636536917366e-06,1.055122611014056e-11,861.2637938165622,86.85927943232363,0.0,0.0,8.786902103429134e-05,8.786902103429134e-05,1.0,False,True,-122.0,0.0,1497283.9495349696,13.269641413624164,84810.48733588432,0.14187148892872006,0.002227781621740871,0.7943282347242815,0.7
0.09704018689348647,1.1259109246069656e-05,1.092586065492781e-06,1.1107864093966151e-11,898.9712201935031,87.23633521944312,0.0,0.0,9.259171630315267e-05,9.259171630315267e-05,1.0,False,True,-120.0,0.0,1483543.6356147393,13.522467679388612,83336.71163678105,0.14676850944360254,0.002269191804496863,0.7943282347242815,0.7
0.09339477412904926,1.1751272691923954e-05,1.0975074587911023e-06,1.1692655509398502e-11,938.2674703483477,87.62927846581836,0.0,0.0,9.751340738669152e-05,9.751340738669152e-05,1.0,False,True,-118.0,0.0,1469817.9978290396,13.77883158900647,81893.9100897162,0.15172631113186116,0.0023117208428772937,0.7943282347242815,0.7
0.08990771709365263,1.2264078067060017e-05,1.1026352612677022e-06,1.2307075871796822e-11,979.2118526909188,88.03870222648658,0.0,0.0,0.00010264152271479642,0.00010264152271479642,1.0,False,True,-116.0,0.0,1456107.5196177317,14.03882923070465,80481.09794384663,0.15674331248795317,0.002355407325333472,0.7943282347242815,0.7
0.08657220762097115,1.2798301750398848e-05,1.1079772363313676e-06,1.2952696333213346e-11,1021.8663563440407,88.46522636230158,0.0,0.0,0.00010798382649360808,0.00010798382649360808,1.0,False,True,-114.0,0.0,1442412.7016163596,14.302560024253536,79097.33024577782,0.1618179509521565,0.0024002914109990687,0.7943282347242815,0.7
0.08338164681814736,1.3354755428064566e-05,1.113541500445616e-06,1.3631190744892324e-11,1066.2957894954186,88.90949892338459,0.0,0.0,0.00011354843603604118,0.00011354843603604118,1.0,False,True,-112.0,0.0,1428734.0624268572,14.570126857286288,77741.7000726466,0.16694868371789348,0.0024464149001927385,0.7943282347242815,0.7
0.08032965507706881,1.3934287906290218e-05,1.1193365412568646e-06,1.434434327646733e-11,1112.5679241471137,89.37219759654809,0.0,0.0,0.00011934383989381135,0.00011934383989381135,1.0,False,True,-110.0,0.0,1415072.1394282074,14.841636227768317,76413.3368558164,0.17213398833227822,0.002493821308107774,0.7943282347242815,0.7
0.07741007870887814,1.4537787008254264e-05,1.1253712365618686e-06,1.5094056639418596e-11,1160.7536475663696,89.85403121973008,0.0,0.0,0.0001253789168290333,0.0001253789168290333,1.0,False,True,-108.0,0.0,1401427.4896293697,15.117198392896556,75111.4047909466,0.17737236310026883,0.0025425559418032866,0.7943282347242815,0.7
0.07461699372182581,1.5166181558751874e-05,1.131654874153459e-06,1.588236096651064e-11,1210.9271207495156,90.3557413665552,0.0,0.0,0.0001316629556644556,0.0001316629556644556,1.0,False,True,-106.0,0.0,1387800.6905669088,15.396927524718404,73835.10133019854,0.18266232730276472,0.0025926659806098035,0.7943282347242815,0.7
0.07194470720219663,1.5820443460629113e-05,1.138197172583868e-06,1.6711423403367456e-11,1263.1659442125722,90.87810400415975,0.0,0.0,0.0001382056760516399,0.0001382056760516399,1.0,False,True,-104.0,0.0,1374192.3412499188,15.680941872768845,72583.65575257836,0.1880024212381136,0.0026442005600591256,0.7943282347242815,0.7
0.06938775670225936,1.650158986689848e-05,1.14500830288482e-06,1.758355847313605e-11,1317.5513314214356,91.42193122740846,0.0,0.0,0.00014501725019629708,0.00014501725019629708,1.0,False,True,-102.0,0.0,1360603.0631549994,15.969363934035696,71356.3278086608,0.19339120609553037,0.0026972108594438236,0.7943282347242815,0.7
0.06694090798808021,1.7210685452437438e-05,1.152098911283405e-06,1.8501239280404345e-11,1374.168290173151,91.9880730726184,0.0,0.0,0.00015210832557982978,0.00015210832557982978,1.0,False,True,-100.0,0.0,1347033.501274195,16.26232063057043,70152.40643608195,0.19882726366834103,0.002751750193105644,0.7943282347242815,0.7
0.0645991514537903,1.7948844789107007e-05,1.1594801429520985e-06,1.9467109626157933e-11,1433.1058122346512,92.5774194138534,0.0,0.0,0.00015949004871548472,0.00015949004871548472,1.0,False,True,-98.0,0.0,1333484.3252190035,16.559943495071828,68971.20854237028,0.20430919591423521,0.002807874105543713,0.7943282347242815,0.7
0.06235769746740138,1.8717234827986585e-05,1.167163666829896e-06,2.0483997111578225e-11,1494.4570715340703,93.19090194474018,0.0,0.0,0.00016717408997611518,0.00016717408997611518,1.0,False,True,-96.0,0.0,1319956.230383739,16.862368864777928,67812.07785194056,0.20983562436860856,0.002865640470422847,0.7943282347242815,0.7
0.060211970875936785,1.9517077492310603e-05,1.1751617015504074e-06,2.1554927315073567e-11,1558.3196311909264,93.82949624866862,0.0,0.0,0.0001751726695294502,0.0001751726695294502,1.0,False,True,-94.0,0.0,1306449.9391717294,17.169738084006752,66674.3838140826,0.215405189417092,0.0029251095935488047,0.7943282347242815,0.7
0.0581576048649592,2.034965238437167e-05,1.1834870425095625e-06,2.2683139133816477e-11,1624.7956596458316,94.49422395998302,0.0,0.0,0.00018349858441356112,0.00018349858441356112,1.0,False,True,-92.0,0.0,1292966.202288063,17.482197715695126,65557.52056918414,0.22101654943152318,0.002986344319860375,0.7943282347242815,0.7
0.05619043433823985,2.121629960941317e-05,1.1921530901031545e-06,2.387210138864391e-11,1693.9921561310964,95.18615501857772,0.0,0.0,0.00019216523678280484,0.00019216523678280484,1.0,False,True,-90.0,0.0,1279505.8001027869,17.799899762286124,64460.9059703871,0.22666837977380552,0.0030494101444678424,0.7943282347242815,0.7
0.05430648895782951,2.2118422719115663e-05,1.2011738791602602e-06,2.5125530799163135e-11,1766.0211856901715,95.90641001997628,0.0,0.0,0.00020118666335033807,0.00020118666335033807,1.0,False,True,-88.0,0.0,1266069.5440887292,18.123001896320403,63383.98065808679,0.23235937167117074,0.0031143753277420505,0.7943282347242815,0.7
0.05250198596253667,2.305749177672736e-05,1.2105641095930444e-06,2.644741144436891e-11,1841.0001239096264,96.65616266253147,0.0,0.0,0.00021057756604776434,0.00021057756604776434,1.0,False,True,-86.0,0.0,1252658.2783383455,18.451667701085455,62326.20718493126,0.23808823096513831,0.0031813110144282403,0.7943282347242815,0.7
0.050773322863255366,2.4035046545291875e-05,1.2203391782774749e-06,2.7842015833170432e-11,1919.0519114796946,97.4366422929059,0.0,0.0,0.00022035334391650726,0.00022035334391650726,1.0,False,True,-84.0,0.0,1239272.8811642502,18.78606692167456,61287.069189021626,0.24385367673625524,0.0032502913567226434,0.7943282347242815,0.7
0.04911707009670875,2.5052699799662964e-05,1.2305152121718471e-06,2.931392771880391e-11,2000.3053186384554,98.24913655038436,1.4821059863785864e-07,11.845280234549639,0.0002305301262378736,0.0002305301262378736,1.0,False,True,-82.0,11.845280234549639,1225914.266788383,19.126375726802255,60266.0706131237,0.24965443980620777,0.0033213936412067064,0.7943282347242815,0.7
0.04752996370476124,2.6112140761962165e-05,1.241109102669678e-06,3.086806680102454e-11,2084.895219472179,99.09499410974288,6.278432381037896e-07,50.17845664923165,0.00024112480689844002,0.00024112480689844002,1.0,False,True,-80.0,73.86901711833093,1212583.387125027,19.47277698171191,59262.734968001954,0.2554892611172926,0.003394698419482935,0.7943282347242815,0.7
0.046008898093757924,2.7215138659076408e-05,1.252138541172938e-06,3.250971547057584e-11,2172.9628759598177,99.97562752155439,1.1357344120197957e-06,90.77011027576748,0.00025215507997681076,0.00025215507997681076,1.0,False,True,-78.0,214.81758404333004,1199281.2336632144,19.825460532498248,58276.60463792108,0.26135688998961426,0.0034702896422962076,0.7943282347242815,0.7
0.04455091891774565,2.8363546399350376e-05,1.2636220558571752e-06,3.424454776120164e-11,2264.6562315344727,100.89251614765972,1.6729183225720764e-06,133.70289657083364,0.00026363947652338117,0.00026363947652338117,1.0,False,True,-76.0,439.2905908899312,1186008.8394543475,20.184623502146536,57307.24022661343,0.2672560822550035,0.003548254796853927,0.7943282347242815,0.7
0.043153216120245086,2.955930436399987e-05,1.2755790495837902e-06,3.6078660685633397e-11,2360.1302138046335,101.8472091882316,2.240479106475001e-06,179.0634618560313,0.000275597402488458,0.000275597402488458,1.0,False,True,-74.0,752.0569493167961,1172767.2812112116,20.5504705985658,56354.219942089,0.27318559826619815,0.0036286850469757267,0.7943282347242815,0.7
0.041813117161464,3.080444430683105e-05,1.2880298388953194e-06,3.801860814331267e-11,2459.5470459229787,102.84132879531018,2.8395531911177562e-06,226.9426316257235,0.00028804917773468723,0.00028804917773468723,1.0,False,True,-72.0,1158.063042798551,1159557.6815248698,20.92321443485796,55417.13901876073,0.27914420077928437,0.0037116753756072517,0.7943282347242815,0.7
0.040528080451305626,3.210109335351798e-05,1.300995694006249e-06,4.007143759887771e-11,2563.076565904304,103.87657326582577,3.4713317048228217e-06,277.43560317959566,0.00030101607604641334,0.00030101607604641334,1.0,False,True,-70.0,1662.44127760387,1146381.2112062962,21.303075862024723,54495.60917551162,0.2851306527064768,0.0037973247291204467,0.7943282347242815,0.7
0.03929568900295909,3.345147808901181e-05,1.3144988796751085e-06,4.224472974158716e-11,2670.896552980221,104.95472030498622,4.137062934126353e-06,330.6421420132984,0.00031452036602182043,0.00031452036602182043,1.0,False,True,-68.0,2270.519022796764,1133239.0917599443,21.69028431425964,53589.25810837855,0.29114371473602046,0.0038857361626928742,0.7943282347242815,0.7
0.03811364431727245,3.485792871843863e-05,1.3285626968114066e-06,4.4546641346390254e-11,2783.1930598214803,106.07763034833708,4.838054819248174e-06,386.66678126127846,0.00032858535270153936,0.00032858535270153936,1.0,False,True,-66.0,2987.827946071341,1120132.597996822,22.085078166910417,52697.729016689205,0.29718214281497773,0.003977016985908203,0.7943282347242815,0.7
0.036979760504231615,3.632288328315113e-05,1.343211524634087e-06,4.698595156712687e-11,2900.160749163989,107.24724992785724,5.575677476878835e-06,445.6190233228431,0.0003432354197505011,0.0003432354197505011,1.0,False,True,-64.0,3820.1137506554624,1107063.0607950154,22.487705107118614,51820.68016154426,0.3032446854902883,0.0040712789075463066,0.7943282347242815,0.7
0.035891958644683176,3.78488919092799e-05,1.3584708631549578e-06,4.957211190078405e-11,3022.003233029724,108.4656150640017,6.351365736996481e-06,507.6135426095139,0.0003584960719666246,0.0003584960719666246,1.0,False,True,-62.0,4773.346316587819,1094031.8700159544,22.898422517049408,50957.78445562701,0.309330081102894,0.004168638178331575,0.7943282347242815,0.7
0.03484826139284664,3.943862106108529e-05,1.374367375710127e-06,5.2315300068265356e-11,3148.9334123309463,109.73485466157736,7.16662167758051e-06,572.7703881242882,0.00037439397783948505,0.00037439397783948505,1.0,False,True,-60.0,5853.730247321621,1081040.477585117,23.317497869514828,50108.729083438,0.3154370548289349,0.004269215730177834,0.7943282347242815,0.7
0.033846787818032326,4.109485776559495e-05,1.3909289312043104e-06,5.522647806112388e-11,3281.1738141817473,111.05719388269343,8.023017137784106e-06,641.2151843192917,0.00039095701182395863,0.00039095701182395863,1.0,False,True,-58.0,7067.715819765201,1068090.4007461907,23.74520913565958,49273.21515113136,0.3215643155614495,0.004373137310204877,0.7943282347242815,0.7
0.03288574848225897,4.282051376831473e-05,1.4081846456659053e-06,5.831745460431124e-11,3418.956923706222,112.43495746468068,8.922196186302303e-06,713.0793283725704,0.00040821429592686434,0.00040821429592686434,1.0,False,True,-56.0,8422.010332457063,1055183.225498097,24.181845204224647,48450.95736517987,0.3277105526256507,0.004480533607499345,0.7943282347242815,0.7
0.031963440749126826,4.461862957203942e-05,1.42616492263312e-06,6.160095228103854e-11,3562.5255065128836,113.8705729446776,9.865877517225416e-06,788.5001816693718,0.0004261962401270143,0.0004261962401270143,1.0,False,True,-54.0,9923.589842499005,1042320.6102245878,24.6277063117186,47641.683739198925,0.3338744323201151,0.004591540370248194,0.7943282347242815,0.7
0.031078244318252176,4.649237830187626e-05,1.4449014918023167e-06,6.509067955611424e-11,3712.132917293223,115.36657374546498,1.0855856740545397e-05,867.6212528638819,0.00044493458105995245,0.00044493458105995245,1.0,False,True,-52.0,11579.711277032258,1029504.2895264418,25.08310448261386,46845.13532834262,0.34005459427560314,0.004706298510479687,0.7943282347242815,0.7
0.030228616978749654,4.844506932941893e-05,1.4644274452679771e-06,6.880140791712857e-11,3868.043389189898,116.92560206900609,1.189400852862268e-05,950.5923694290439,0.00046446241829689784,0.00046446241829689784,1.0,False,True,-50.0,13397.924899325184,1016736.07826655,25.5483639784341,46061.065990723364,0.34624964762295407,0.00482495419319999,0.7943282347242815,0.7
0.02941309057465502,5.048015157736034e-05,1.4847772705672142e-06,7.274905432662718e-11,4030.5322976499224,118.55041153484957,1.2982288573202398e-05,1037.5698340651127,0.00048481424743091546,0.00048481424743091546,1.0,False,True,-48.0,15386.08710281934,1004017.8758383889,26.023821754308223,45289.242175360865,0.35245816696113913,0.004947658906206261,0.7943282347242815,0.7
0.028630267174794687,5.260121641246573e-05,1.505986879608089e-06,7.695076914055805e-11,4199.8863914109215,120.24386948987903,1.4122735299855332e-05,1128.7165617211208,0.0005060259890496489,0.0005060259890496489,1.0,False,True,-46.0,17552.37349860557,991351.6706685355,26.509827921230716,44529.44273628919,0.3586786881156562,0.005074569506283199,0.7943282347242815,0.7
0.027878815439305444,5.481200001977259e-05,1.5280936324104463e-06,8.142502959650184e-11,4376.403982066526,122.00895890387407,1.5317471278018014e-05,1224.202192288035,0.0005281350125233884,0.0005281350125233884,1.0,False,True,-44.0,19905.292252614727,978739.5449639508,27.006746211880127,43781.458772431506,0.3649097036776797,0.0052058482368418394,0.7943282347242815,0.7
0.02715746717486981,5.7116385133728335e-05,1.5511363544164493e-06,8.61917389059195e-11,4560.395082287148,123.84877975165094,1.65687042548891e-05,1324.2031732297708,0.0005511801533656561,0.0005511801533656561,1.0,False,True,-42.0,22453.697618132534,966183.6797147092,27.514954447398274,43045.09349291811,0.3711496583140109,0.005341662711330329,0.7943282347242815,0.7
0.02646501407069719,5.9518401982557194e-05,1.5751553459337876e-06,9.127233089416e-11,4752.181481221933,125.76654976704505,1.787872773021035e-05,1428.9028055208114,0.0005752017227292708,0.0005752017227292708,1.0,False,True,-40.0,25206.803596883117,953686.3599627101,28.034845002022312,42320.162107593205,0.37739694383748923,0.005482185855927572,0.7943282347242815,0.7
0.025800304607292497,6.202222828038308e-05,1.6001923820569145e-06,9.668988001611357e-11,4952.096743869806,127.76560443662233,1.9249920976367216e-05,1538.491245252685,0.0006002415073831468,0.0006002415073831468,1.0,False,True,-38.0,28174.197647656612,941249.980346577,28.5668252618728,41606.491742440994,0.3836498940279116,0.005627595804115416,0.7943282347242815,0.7
0.02516224113017084,6.463218807708522e-05,1.6262907011661714e-06,1.0246921642854639e-10,5160.486119247468,129.84939608140436,2.0684748394040405e-05,1653.1654521363805,0.0006263427582695318,0.0006263427582695318,1.0,False,True,-36.0,31365.85434504568,928877.0509324621,29.111318073531432,40903.92137972958,0.38990677919328065,0.005778075734704844,0.7943282347242815,0.7
0.024549777080807054,6.735274924855983e-05,1.6534949798316386e-06,1.086370456168212e-10,5377.706340002084,132.02149185309395,2.2185758077836784e-05,1773.12907486477,0.0006535501654682615,0.0006535501654682615,1.0,False,True,-34.0,34792.148872046826,916570.203339741,29.668762177279863,40212.30182263616,0.3961658004619555,0.005933813643759916,0.7943282347242815,0.7
0.023961914377315475,7.018851937955962e-05,1.6818512916435557e-06,1.152220718464884e-10,5604.125293681132,134.28557044693522,2.3755579448675544e-05,1898.5922618882933,0.0006819098170895094,0.0006819098170895094,1.0,False,True,-32.0,38463.87020879989,904332.1971695954,30.239612619005964,39531.49568415756,0.40242508379650266,0.006095002039613037,0.7943282347242815,0.7
0.02339770093756866,7.314423975761378e-05,1.7114070471544667e-06,1.2225512443168923e-10,5840.1215431835235,136.64541730646005,2.5396919790216318e-05,2029.7713845995324,0.0007114691392796762,0.0007114691392796762,1.0,False,True,-30.0,42392.23385528772,892165.9267431655,30.824341133806207,38861.37740007871,0.40868267372103695,0.006261837548792166,0.7943282347242815,0.7
0.022856228337710366,7.622477715944984e-05,1.7422109117474751e-06,1.2976928547334493e-10,6086.083670955488,139.10491806576914,2.7112559505150226e-05,2166.888658206738,0.000742276814154116,0.000742276814154116,1.0,False,True,-28.0,46588.893898093986,880074.428154275,31.42343649321159,38201.833265742156,0.4149365267550026,0.006434520419181313,0.7943282347242815,0.7
0.022336629599280518,7.943511307081356e-05,1.7743126978397289e-06,1.3780001731088917e-10,6342.409418258909,141.66804994263748,2.890534588371581e-05,2310.1716437014625,0.00077438267206494,0.00077438267206494,1.0,False,True,-26.0,51065.95420000219,868060.8866395984,32.03740480672706,37552.76149631709,0.42118450454785217,0.006613253905110713,0.7943282347242815,0.7
0.021838077098446637,8.278032993661337e-05,1.8077632273906128e-06,1.463852874409195e-10,6609.504587329207,144.33887076063195,3.0778185151347835e-05,2459.852612291136,0.0008078375541722296,0.0008078375541722296,1.0,False,True,-24.0,55835.97845599479,856128.6442665004,32.666769766991344,36914.07231020594,0.42742436671097056,0.006798243517326386,0.7943282347242815,0.7
0.021359780591107946,8.626559399114162e-05,1.8426141602123849e-06,1.5556568807308808e-10,6887.7816704732,147.1215052407625,3.273403253505622e-05,2616.1677514846883,0.0008426931408149717,0.0008426931408149717,1.0,False,True,-22.0,60911.99881977061,844281.2079355385,33.3120728263244,36285.688035100975,0.433653763345996,0.006989696118929965,0.7943282347242815,0.7
0.020900985347947126,8.989613416775371e-05,1.8789177830773093e-06,1.6538454680467445e-10,7177.658166135574,150.02012816297267,3.477588005897376e-05,2779.3561896889078,0.0008790017406739819,0.0008790017406739819,1.0,False,True,-20.0,66307.52276094421,832522.2576906722,33.97387329072178,35667.543236171696,0.439870227270895,0.007187818846425891,0.7943282347242815,0.7
0.020460970393753688,9.367721653496414e-05,1.916726754091155e-06,1.7588802408950065e-10,7479.5545377770395,153.03894395592206,3.690674174915928e-05,2949.6588137474423,0.000916816035194506,0.000916816035194506,1.0,False,True,-18.0,72036.53776438056,820855.6553255125,34.65274831547581,35059.58486557665,0.4460711659502323,0.007392817832989412,0.7943282347242815,0.7
0.020039046845661893,9.761411365135924e-05,1.956093796257352e-06,1.8712519223947253e-10,7793.891767050966,156.18216222995287,3.91296358961604e-05,3127.316851330205,0.0009561887721901244,0.0009561887721901244,1.0,False,True,-16.0,78113.5134294582,809285.453268268,35.34929278453975,34461.77243244028,0.45225385313930383,0.007604896709014725,0.7943282347242815,0.7
0.019634556345204314,0.00010171206817703076,1.997071333609173e-06,1.9914808961887573e-10,8121.088448398241,159.45396872446312,4.144756399217307e-05,3312.5701875500663,0.0009971724020021208,0.0009971724020021208,1.0,False,True,-14.0,84553.40046833847,797815.9037213903,36.064119053511114,33874.0781921224,0.4584154202580715,0.00782425485296766,0.7943282347242815,0.7
0.019246869579368844,0.00010597625002534818,2.0397110627484606e-06,2.12011742461752e-10,8461.557367877556,162.85849109788683,4.386348592843803e-05,3505.6553826903837,0.001039818649049023,0.001039818649049023,1.0,False,True,-12.0,91371.62603857892,786451.4680240366,36.79785653368696,33296.48735338651,0.46455284751677167,0.008051085363624307,0.7943282347242815,0.7
0.01887538488610209,0.00011041170628837584,2.0840634521243526e-06,2.25774145356868e-10,8815.701505015297,166.3997589481532,4.6380291009271124e-05,3706.803355589747,0.0010841780110952208,0.0010841780110952208,1.0,False,True,-10.0,98584.08477685905,775196.8261963093,37.55115109205689,32728.998301686715,0.47066295482330295,0.008285572723015437,0.7943282347242815,0.7
0.018519526939985077,0.00011502330312424092,2.1301771609354493e-06,2.4049618990117733e-10,9183.90939286622,170.08165741556797,4.9000764313070284e-05,3916.236695148017,0.001130299178116814,0.001130299178116814,1.0,False,True,-8.0,106207.12482759681,764056.8866135775,38.324664239360175,32171.622836513052,0.47674239251031175,0.008527890117935222,0.7943282347242815,0.7
0.018178745514033336,0.00011981565875963663,2.1780983691876935e-06,2.562415293318898e-10,9566.549768671865,173.90787369202033,5.172754791030584e-05,4134.166560792443,0.0011782283622907906,0.0011782283622907906,1.0,False,True,-6.0,114257.52808353727,753036.7957469171,39.11907207547709,31624.38642016741,0.48278763193148666,0.008778196386859501,0.7943282347242815,0.7
0.017852514313842174,0.000124793066738682,2.227870010220582e-06,2.730763651252965e-10,9963.965445749984,177.8818357428804,5.456309643578252e-05,4360.78913172615,0.0012280085304130866,0.0012280085304130866,1.0,False,True,-4.0,122752.48377605586,742141.9478916771,39.93506395849268,31087.328434941355,0.48879495598722855,0.009036632558736022,0.7943282347242815,0.7
0.017540329880516632,0.00012995940854694288,2.279530896990211e-06,2.910691396347939e-10,10376.466337055419,182.00664254602816,5.750962651105504e-05,4596.281564668906,0.0012796785300259598,0.0012796785300259598,1.0,False,True,-2.0,131709.55447245092,731377.9947902155,40.77334086082664,30560.502444999656,0.49476044965426363,0.009303317950580845,0.7943282347242815,0.7
0.01724171055906171,0.0001353180547622398,2.3331147336258008e-06,3.1029011688268703e-10,10804.321562674833,186.28498517066882,6.056905952608372e-05,4840.797420855393,0.0013332721007623051,0.0013332721007623051,1.0,False,True,0.0,141146.63345797523,720750.8550368632,41.63461337294813,30043.97645865538,0.5006799906085827,0.009578345792407152,0.7943282347242815,0.7
0.01695619552911928,0.00014087175394015002,2.388649004339163e-06,3.3081083170112143e-10,11247.750578011588,190.71905806352888,6.374295732178847e-05,5094.461525659425,0.0013888167629763654,0.0013888167629763654,1.0,False,True,2.0,151081.89240449003,710266.723133035,42.51959931249612,29537.833185943782,0.5065492400486595,0.00986177835103995,0.7943282347242815,0.7
0.016683343895149545,0.00014662250854046674,2.4461537327501077e-06,3.5270338564588694e-10,11706.913267270047,195.31045998855492,6.703245037208387e-05,5357.364228762059,0.0014463325767129168,0.0014463325767129168,1.0,False,True,4.0,161533.7181589115,699932.0780380854,43.42902089424374,29042.170285590146,0.5123636338448525,0.010153641529194459,0.7943282347242815,0.7
0.01642273383334582,0.00015257143735183766,2.5056401062002265e-06,3.760395666315232e-10,12181.898958901847,200.0600841867576,7.043815815135466e-05,5629.555039764852,0.0015058307655757511,0.0015058307655757511,1.0,False,True,6.0,172520.63742743843,689753.6910370056,44.36360141444689,28557.10059451667,0.5181183741624188,0.010453918923226656,0.7943282347242815,0.7
0.01617396179276062,0.0001587186240864756,2.567108961774192e-06,4.008897682476308e-10,12672.714336816745,204.96799749424378,7.396010149758364e-05,5911.035624080051,0.0015673122022024164,0.0015673122022024164,1.0,False,True,8.0,184061.22809128332,679738.6327194379,45.324061401913646,28082.75233204131,0.5238084217285569,0.010762545332653245,0.7943282347242815,0.7
0.015936641748301325,0.0001650629521074811,2.6305491336539457e-06,4.2732168445514837e-10,13179.270244367075,210.03330838852577,7.759760694957737e-05,6201.752157375003,0.0016307657549583477,0.0016307657549583477,1.0,False,True,10.0,196174.01587273838,669894.2788359824,46.31111418787141,27619.26926988326,0.529428488938274,0.011079399727365389,0.7943282347242815,0.7
0.015710404503400378,0.00017160192563142352,2.695935665232093e-06,4.5539875612477707e-10,13701.367408464099,215.25402423667754,8.134920325674647e-05,6501.587054431874,0.001696166499264798,0.001696166499264798,1.0,False,True,12.0,208877.35508454527,660228.3147676776,47.32546084768584,27166.810857825112,0.5349730340217148,0.011404297694920193,0.7943282347242815,0.7
0.015494897040339878,0.00017833147822942326,2.763227894216526e-06,4.851783480098855e-10,14238.681149557073,220.6268984026151,8.521251053808441e-05,6810.350110516951,0.0017634738017817868,0.0017634738017817868,1.0,False,True,14.0,222189.2922494941,650748.7383133896,48.36778447003743,26725.552293847613,0.5404362565212302,0.011736983410862255,0.7943282347242815,0.7
0.015289781916330658,0.0001852457700445122,2.8323674249033303e-06,5.167096386497537e-10,14790.74519067598,226.14726834545223,8.918412291111791e-05,7127.769120857345,0.0018326292916142997,0.0018326292916142997,1.0,False,True,16.0,236127.41148086838,641463.86046829,49.43874371366576,26295.684526216974,0.5458120943559966,0.01207712120012805,0.7943282347242815,0.7
0.015094736703581288,0.00019233697585891154,2.9032760089533403e-06,5.500312118072388e-10,15356.934735895922,231.8088864124306,9.32594858259689e-05,7453.480076939875,0.0019035547398713443,0.0019035547398713443,1.0,False,True,18.0,250708.6606786656,632382.303835652,50.53896561866156,25877.4141738686,0.5510942227790585,0.012424286787529907,0.7943282347242815,0.7
0.014909453471702602,0.00019959506698792828,2.975853364437881e-06,5.85168346817891e-10,15936.449055894684,237.60374570302065,9.743276982765708e-05,7787.017077347969,0.001976149877342095,0.001976149877342095,1.0,False,True,20.0,265949.15783295344,623512.9982850013,51.66903764895938,25470.96335029346,0.5562760555581644,0.012777958370243345,0.7943282347242815,0.7
0.014733638310888187,0.00020700759094608532,3.0499749726079133e-06,6.221300171066918e-10,16528.293895636703,243.52190415437232,0.00010169674303061276,8127.802135675899,0.002050290189748047,0.002050290189748047,1.0,False,True,22.0,281863.9770459773,614865.1734437876,52.829498955599625,25076.569375100007,0.5613507487358576,0.013137507685009467,0.7943282347242815,0.7
0.014567010894393929,0.00021455945391593082,3.1254899026885764e-06,6.609056214926262e-10,17131.26410583393,249.55131086442253,0.0001060426452173037,8475.135118245384,0.002125824740885615,0.002125824740885615,1.0,False,True,24.0,298466.9142998986,606448.347589,54.02083086690624,24694.484356622525,0.5663112073436536,0.013502191286937321,0.7943282347242815,0.7
0.014409304078901402,0.00022223271222994236,3.20221872680023e-06,7.014614920040165e-10,17743.9269940473,255.67763961105447,0.00011046006715588598,8828.184098936761,0.0022025740857824112,0.0022025740857824112,1.0,False,True,26.0,315770.2335170808,598272.3124917856,55.243446632332855,24324.97462837364,0.5711500954589723,0.013871142304408588,0.7943282347242815,0.7
0.014260263541396317,0.00023000638031560287,3.279951599503127e-06,7.437372448110819e-10,18364.606990272136,261.88413551544966,0.00011493683944934173,9185.976475795194,0.0022803283483979913,0.0022803283483979913,1.0,False,True,28.0,333784.3940918127,590347.1137645371,56.497680471619766,23968.32002197334,0.5758598499985813,0.01424336298414041,0.7943282347242815,0.7
0.014119647451218626,0.00023785626380119077,3.3584465889368683e-06,7.876420672843988e-10,18991.372321453124,268.15148179374955,0.0001194589359506411,9547.39125178197,0.0023588455508872564,0.0023588455508872564,1.0,False,True,30.0,352517.7618193899,582683.0262690161,57.78377601018995,23624.81295946327,0.580432698637134,0.014617718389757336,0.7943282347242815,0.7
0.013987226175945488,0.00024575482766402346,3.437428358367201e-06,8.330510634328095e-10,19622.024483925543,274.45769448660656,0.00012401039746390557,9911.15293682258,0.0024378502933008485,0.0024378502933008485,1.0,False,True,32.0,371976.30600799446,575290.5241686801,59.10187421526925,23294.757348781786,0.5848606822209386,0.01499293166332423,0.7943282347242815,0.7
0.013862782019755538,0.00025367111033236376,3.5165873072469158e-06,8.798018108651624e-10,20254.091384976244,280.77805387813424,0.00012857328204743293,10275.827575927517,0.002517032892906706,0.002517032892906706,1.0,False,True,34.0,392163.28652074456,568180.2452516694,60.45200098464662,22978.467267764245,0.5891356820124788,0.015367581298457009,0.7943282347242815,0.7
0.013746108992887973,0.00026157069541637203,3.5955792885389524e-06,9.276913131537772e-10,20884.825085732573,287.08508192588084,0.00013312764867675587,10639.821443512039,0.0025960490999738066,0.0025960490999738066,1.0,False,True,36.0,413078.9355401841,561362.9492156941,61.8340545805225,22676.265424430312,0.5932494520481942,0.01574010090137019,0.7943282347242815,0.7
0.013637012610753866,0.0002694157531149396,3.6740260227641817e-06,9.764735595890517e-10,21511.205107245518,293.34857532002013,0.0001376515812408858,11001.382961222795,0.0026745205105877007,0.0026745205105877007,1.0,False,True,38.0,434720.1399449189,554849.469694991,63.24779314334091,22388.481384612533,0.5971936568185071,0.01610878192741439,0.7943282347242815,0.7
0.013535309721184574,0.00027716516318567575,3.751516327640786e-06,1.0258579266906546e-09,22129.948248893368,299.535703662558,0.0001421212597525023,11358.60838919511,0.002752035795483173,0.002752035795483173,1.0,False,True,40.0,457080.1312953368,548650.6599244892,64.69282256319782,22115.449562287722,0.600959914382701,0.016471779869804498,0.7943282347242815,0.7
0.013440828358210949,0.00028477473053576194,3.8276082738869505e-06,1.0755086688291387e-09,22737.525801996835,305.61118159503224,0.00014651108517262388,11709.451802284242,0.0028281528555907363,0.0028281528555907363,1.0,False,True,42.0,480148.19148681615,542777.3320783039,66.16858502720805,21857.506973292402,0.6045398449116531,0.016827124338851418,0.7943282347242815,0.7
0.013353407620666098,0.00029219750286454445,3.901832361491012e-06,1.1250457449416357e-09,23330.188911643236,311.5375224043165,0.00015079386330856676,12051.739787549062,0.002902401998725873,0.002902401998725873,1.0,False,True,44.0,503909.38307664945,537240.1904883246,67.67434859746167,21614.990759475404,0.6079251245080943,0.017172733399151336,0.7943282347242815,0.7
0.013272897573786567,0.00029938419726755286,3.9736957855425416e-06,1.1740472106795318e-09,23904.00263841612,317.27537862322106,0.00015494105178458372,12383.191182627414,0.002974290206630394,0.002974290206630394,1.0,False,True,46.0,528344.314046826,532049.7591418882,69.20919820287752,21388.235497573078,0.6111075439903204,0.017506432425147437,0.7943282347242815,0.7
0.013199159171876154,0.00030628373924534383,4.0426878260567046e-06,1.222053367018088e-09,24454.88899496482,322.78397237510313,0.0001589230720780905,12701.44201428017,0.0030433065268947166,0.0030433065268947166,1.0,False,True,48.0,553428.9472437336,527216.3040712883,70.77202844606506,21177.570315248886,0.6140790721415101,0.01782597759054862,0.7943282347242815,0.7
0.013132064199975086,0.0003128439131702601,4.108286352323287e-06,1.2685727951731157e-09,24978.678881808864,328.0216147064759,0.00016270968607303,13004.075593270845,0.0031089285803580675,0.0031089285803580675,1.0,False,True,50.0,579134.4648512846,522749.7514758654,72.36153862988976,20983.315845286597,0.6168319227324811,0.018129083925339254,0.7943282347242815,0.7
0.013071495232377866,0.00031901211805358777,4.169965380208237e-06,1.3130903231718758e-09,25471.17243073719,332.94630899145574,0.0001662704335657565,13288.657480689535,0.0031706301224372897,0.0031706301224372897,1.0,False,True,52.0,605427.197925245,518659.6026510883,73.97623039467105,20805.78105786026,0.6193586244237347,0.018413457660104063,0.7943282347242815,0.7
0.013017345605751388,0.0003247362166318636,4.227203562601121e-06,1.355076863618182e-09,25928.206799172407,337.5164288422202,0.0001695751237877434,13552.77477140677,0.0032278895385470874,0.0032278895385470874,1.0,False,True,54.0,632268.6301773414,514954.84702751186,75.61440832325835,20645.260019437956,0.6216520924561316,0.01867683233966359,0.7943282347242815,0.7
0.01296951940454587,0.00032996545966127333,4.279493431906782e-06,1.3940009399090505e-09,26345.729969442546,341.69145606561074,0.00017259437046117246,13794.078856760241,0.0032801990924176067,0.0032801990924176067,1.0,False,True,56.0,659615.4838055084,511643.8748333438,77.27418381598233,20502.0286349245,0.6237057008566843,0.018917007939191387,0.7943282347242815,0.7
0.012927931456362915,0.0003346514612772907,4.326351153164502e-06,1.4293415872408762e-09,26719.87862530095,345.43275939022715,0.00017530015641197255,14010.330549530527,0.003327074685734115,0.003327074685734115,1.0,False,True,58.0,687419.8932117991,508734.39107363764,78.95348246029697,20376.341436487564,0.6255133537300219,0.019131891972436674,0.7943282347242815,0.7
0.012892507334960501,0.0003387491958173292,4.367326491786888e-06,1.4606021857199127e-09,27047.057742136803,348.70439032959894,0.00017766641060472062,14199.446201696306,0.0033680658328672643,0.0033680658328672643,1.0,False,True,60.0,715629.669963026,506233.33265292895,80.65005502203054,20268.428487642268,0.6270695540887832,0.019319541362538047,0.7943282347242815,0.7
0.012863183368638339,0.0003422179821256039,4.40201265612704e-06,1.4873246682228588e-09,27324.01917771651,351.47386905115803,0.0001796695779293067,14359.543242896396,0.0034027655106208636,0.0034027655106208636,1.0,False,True,62.0,744188.6594076187,504146.79054324963,82.36149206953526,20178.492474080485,0.6283694686090674,0.019478203671570413,0.7943282347242815,0.7
0.012839906651866975,0.00034502241855232925,4.430055647013284e-06,1.5091034584501812e-09,27547.936326168416,353.7129308795777,0.0001812891604444133,14488.98343766472,0.003430819514810676,0.003430819514810676,1.0,False,True,64.0,773037.1860881798,502479.93890474545,84.08524211346187,20106.70605303676,0.6294089866892658,0.019606356175013818,0.7943282347242815,0.7
0.012822635058193992,0.00034713323103985463,4.451162738195795e-06,1.525598447013163e-09,27716.471832489467,355.3982034087257,0.0001825082083085134,14586.41212159358,0.003451934947268872,0.003451934947268872,1.0,False,True,66.0,802112.5816474381,501236.97299381025,85.81863300981699,20053.20953026967,0.63018477225056,0.019702741238244285,0.7943282347242815,0.7
0.012811337252694796,0.00034852799813550253,4.465109726120506e-06,1.5365463147296472e-09,27827.83548039954,356.5117853519046,0.0001833137394668161,14650.791743533244,0.0034658874713403764,0.0034658874713403764,1.0,False,True,68.0,831349.7855125649,500421.0575405365,87.55889624008674,20018.108928061338,0.6306943068454395,0.019766396514947528,0.7943282347242815,0.7
0.012805992702515704,0.0003491917205830473,4.471746625565406e-06,1.5417695674876344e-09,27880.82967074789,357.04170130368084,0.0001836970693693087,14681.428217301236,0.003472527012085075,0.003472527012085075,1.0,False,True,70.0,860682.0054733994,500034.2870450927,89.3031935579091,20001.474498894822,0.6309359228376742,0.01979667864569823,0.7943282347242815,0.7
0.01280659168438649,0.0003491172092024285,4.471001548248039e-06,1.5411827553246721e-09,27874.88039134317,356.98221142304345,0.00018365403550156057,14677.988866622285,0.003471781638028207,0.003471781638028207,1.0,False,True,72.0,890041.4225573229,500077.6591390778,88.95135461460082,20003.33972802855,0.6309088256756691,0.01979327938383531,0.7943282347242815,0.7
0.0128131352883476,0.0003483052727306685,4.4628825811428634e-06,1.5347955029288626e-09,27810.052214905278,356.3339614055921,0.00018318510611959652,14640.511115431558,0.0034636594410092036,0.0034636594410092036,1.0,False,True,74.0,919359.9225393768,500551.06179565773,87.20763973870454,20023.700854566414,0.6306131045894909,0.01975623340139664,0.7943282347242815,0.7
0.012825635417326469,0.0003467646966288258,4.447477574561137e-06,1.52271216712098e-09,27687.046606929856,355.1039655630082,0.00018229536798194745,14569.40150739623,0.0034482483240884914,0.0034482483240884914,1.0,False,True,76.0,948569.8351622046,501453.2747690476,85.46853540646569,20062.51692535625,0.6300497313869184,0.01968591740852712,0.7943282347242815,0.7
0.0128441147826055,0.0003445120138735717,4.424951850178734e-06,1.5051281422523275e-09,27507.183624793277,353.3054238230513,0.00018099439366849016,14465.425101778257,0.0034257137077081993,0.0034257137077081993,1.0,False,True,78.0,977604.6617713791,502781.9852203696,83.73686804560816,20119.710380119614,0.6292205473848654,0.01958304062787238,0.7943282347242815,0.7
0.012868606895625394,0.0003415710786887137,4.395543938559785e-06,1.4823230378905224e-09,27272.36788281398,350.9573813968125,0.0001792959948276186,14329.685752466845,0.0033962942637680575,0.0033962942637680575,1.0,False,True,80.0,1006399.7726256242,504533.8170656905,82.01538882194866,20195.168150286918,0.6281282388727968,0.01944862707044512,0.7943282347242815,0.7
0.012899156056955494,0.000337972463279066,4.359559546790333e-06,1.454651135941302e-09,26985.040385130498,348.0842471310447,0.0001772178729649622,14163.598198331418,0.0033602958784364058,0.0033602958784364058,1.0,False,True,82.0,1034893.0565764224,506704.373185484,80.3067474232814,20288.743239046198,0.6267763018433707,0.019283990431077494,0.7943282347242815,0.7
0.012935817343625294,0.0003337527052455717,4.317364032997527e-06,1.4225296804198995e-09,26648.118436387893,344.71519264440747,0.00017478118379572958,13968.853245410895,0.0033180841207513774,0.0033180841207513774,1.0,False,True,84.0,1063025.5080201647,509288.28928305476,78.61346832198788,20400.256736907068,0.6251689970246276,0.01909070273325087,0.7943282347242815,0.7
0.01297865659632688,0.000328953438986432,4.269373720785668e-06,1.386425651026455e-09,26264.926289414238,340.8834588381454,0.00017201003443931948,13747.377581725905,0.0032700755503726055,0.0032700755503726055,1.0,False,True,86.0,1090741.7388473016,512279.2978894419,76.93793000301098,20529.500216081942,0.6233112964959028,0.01887055808455979,0.7943282347242815,0.7
0.013027750408276438,0.0003236204477259215,4.216046419987977e-06,1.3468417158673323e-09,25839.119455501866,336.6255990359181,0.0001689309346664613,13501.289919879522,0.0032167282312336744,0.0032167282312336744,1.0,False,True,88.0,1117990.406348907,515670.30079562514,75.28234751691566,20676.23843895035,0.6212088233516724,0.01862553304326158,0.7943282347242815,0.7
0.01308318611773598,0.00031780267378939267,4.1578715299007585e-06,1.3043020495807881e-09,25374.60568090136,331.98068878739326,0.00016557222397461423,13232.855207805265,0.003158531827608786,0.003158531827608786,1.0,False,True,90.0,1144724.5514765917,519453.44805607543,73.64875858298282,20840.21231067163,0.6188677859936117,0.018357745140083107,0.7943282347242815,0.7
0.013145061806364067,0.00031155122349414666,4.095360088678903e-06,1.2593386466656293e-09,24875.46549342533,326.9895313731526,0.00016196349554450964,12944.43859024998,0.0030959976465908543,0.0030959976465908543,1.0,False,True,92.0,1170901.845274647,523620.2216514246,72.03901333293878,21021.142004041394,0.6162949086753776,0.01806941105297168,0.7943282347242815,0.7
0.013213486305666704,0.0003049183998658953,4.0290351009738115e-06,1.2124786660424683e-09,24345.87497075597,321.6938855255578,0.00015813503630160056,12638.46065739231,0.0030296489593329744,0.0030296489593329744,1.0,False,True,94.0,1196484.7445222894,528161.5219181981,70.45476765949945,21218.730185450113,0.6134973599055898,0.017762805808077996,0.7943282347242815,0.7
0.013288579213877704,0.00029795679175268706,3.959422429518445e-06,1.1642332242546069e-09,23790.03301174625,316.1357381773556,0.00015411729962158525,12317.355302439282,0.0029600118869689386,0.0029600118869689386,1.0,False,True,96.0,1221440.560482121,533067.754941409,68.89748002152483,21432.665274277497,0.6104826802352582,0.01744022419525466,0.7943282347242815,0.7
0.01337047092559961,0.00029071844229333003,3.887042480218577e-06,1.1150879243571728e-09,23212.094943693784,310.3566405669155,0.00014994042396903313,11983.531250286043,0.002887607080916978,0.002887607080916978,1.0,False,True,98.0,1245741.4470348463,538328.9192499337,67.36841146367631,21662.624673507707,0.6072587108307956,0.01710394536066468,0.7943282347242815,0.7
0.013459302676503613,0.00028325411360918823,3.812402849430806e-06,1.0654952775943433e-09,22616.113812464355,304.39712116821187,0.00014563380723401286,11639.338037668618,0.0028129423663266783,0.0028129423663266783,1.0,False,True,100.0,1269364.316322801,543934.6903413889,65.86862853566832,21908.27791650463,0.6038335240710127,0.016756201293012606,0.7943282347242815,0.7
0.013555226605322072,0.00027561265849036044,3.73599204113208e-06,1.0158690554673634e-09,22005.990215464484,298.2961840451214,0.0001412257430018734,11287.036943135092,0.0027365064563929,0.0027365064563929,1.0,False,True,102.0,1292290.6913036047,549874.5017786472,64.39900874537783,22169.289683126408,0.6002153572194907,0.01639914967212114,0.7943282347242815,0.7
0.013658405835268983,0.0002678405041259727,3.658274304475572e-06,9.665805079938827e-10,21385.431080653274,292.09089666173736,0.0001367431216795518,10928.77710047696,0.0026587637879991275,0.0026587637879991275,1.0,False,True,104.0,1314506.5053472167,556137.621830696,62.960248150577996,22445.322647018656,0.5964125500262856,0.016034851314737485,0.7943282347242815,0.7
0.013769014576922754,0.0002599812478695904,3.5796855916429583e-06,9.179563040844869e-10,20757.917390875395,285.81606714152167,0.00013221119647352874,10566.576795230707,0.0025801504785275316,0.0025801504785275316,1.0,False,True,106.0,1336001.8592429245,562713.224863781,61.55287068402003,22736.04012486885,0.5924334869109871,0.01566525224439841,0.7943282347242815,0.7
0.01388723825448538,0.0002520753608212682,3.500630593810321e-06,8.702779934913442e-10,20126.680516695207,279.5040076072553,0.00012765341177785905,10202.309749114354,0.002501071361551669,0.002501071361551669,1.0,False,True,108.0,1356770.7457872694,569590.4569145904,60.17723881330511,23041.108506882665,0.5882865441866352,0.015292170237605037,0.7943282347242815,0.7
0.01401327365721793,0.00024415999173308566,3.421480780299797e-06,8.23782755868035e-10,19494.686559449492,273.18437761925406,0.00012309128963514923,9837.696045767243,0.0024218980263654806,0.0024218980263654806,1.0,False,True,110.0,1376810.751582151,576758.4950872477,58.83356515725332,23360.199455714792,0.5839800426040959,0.014917285561284053,0.7943282347242815,0.7
0.014147329117737778,0.00023626886140991663,3.342573342639265e-06,7.786651886139423e-10,18864.627919792758,266.8840998649731,0.00011854436858163645,9474.297243129422,0.0023429677629454135,0.0023429677629454135,1.0,False,True,112.0,1396122.7448710478,584206.6006044117,57.52192471093871,23692.99186815806,0.5795222053366037,0.014542135516980558,0.7943282347242815,0.7
0.014289624718766806,0.0002284322363199514,3.2642109306807583e-06,7.350798878218699e-10,18238.921190658362,260.62733908967147,0.00011403018834399013,9113.515150380168,0.002264583299372227,0.002264583299372227,1.0,False,True,114.0,1414710.5572645573,591924.1655061832,56.24226736895893,24039.173600093818,0.5749211213850751,0.01416811234326253,0.7943282347242815,0.7
0.014440392529826833,0.00022067696944620376,3.1866620610957853e-06,6.931445918442546e-10,17619.71041900226,254.43553471227224,0.0001095643134598922,8756.593715740848,0.0021870132119141765,0.0021870132119141765,1.0,False,True,116.0,1432580.6661306783,599900.7531269956,54.99443047787619,24398.44296026149,0.5701847142707062,0.01379646399540605,0.7943282347242815,0.7
0.014599876875312995,0.00021302659636878216,3.110162078151218e-06,6.529436808029971e-10,17008.87477738647,248.3274775374592,0.00010516038887043369,8404.623469527734,0.002110492887570825,0.002110492887570825,1.0,False,True,118.0,1449741.883315947,608126.1325903177,53.77815119157391,24770.509982544354,0.5653207157891442,0.013428297315469658,0.7943282347242815,0.7
0.01476833463532356,0.00020550147502926993,3.034914551284847e-06,6.145318542388921e-10,16408.039723312635,242.3194213435628,0.00010083022079950522,8058.5479881907,0.002035225923506692,0.002035225923506692,1.0,False,True,120.0,1466205.0547736653,616590.3076448395,52.593078445450196,25155.097489572654,0.5603366445313123,0.01306458312083317,0.7943282347242815,0.7
0.014946035580593412,0.00019811895845604722,2.96109300227419e-06,5.779378400388987e-10,15818.59079028576,236.42522078645823,9.658387671432182e-05,7719.171883353408,0.001961385856094121,0.001961385856094121,1.0,False,True,122.0,1481982.7746452093,625283.5402260537,51.438784405358945,25551.94196265893,0.555239788827029,0.012706162769715522,0.7943282347242815,0.7
0.015133262742868088,0.00019089359079839475,2.8888428654816536e-06,5.431680184631562e-10,15241.689239942074,230.6564879131888,9.242979877998998e-05,7387.169869323687,0.0018891181229897397,0.0018891181229897397,1.0,False,True,124.0,1497089.1163978863,634196.3691664335,50.3147752839081,25960.794234507375,0.5500371937365038,0.012353755803087391,0.7943282347242815,0.7
0.01533031282206643,0.00018383731822076122,2.8182835966940423e-06,5.102098738429465e-10,14678.288900670339,225.02276053994186,8.837492591766484e-05,7063.096518219613,0.0018185421737182987,0.0018185421737182987,1.0,False,True,126.0,1511539.3827854297,643319.624498629,49.220501449442416,26381.4200218967,0.5447356516989837,0.012007968309414455,0.7943282347242815,0.7
0.0155374966316081,0.00017695970745961403,2.749510858584108e-06,4.790352122534842e-10,14129.15361804372,219.5316767478277,8.442482029998795e-05,6747.3963697317195,0.0017497536567603958,0.0017497536567603958,1.0,False,True,128.0,1525349.8756733811,652644.437802407,48.15536678143839,26813.600315704207,0.539341696445058,0.011669301708226493,0.7943282347242815,0.7
0.0157551395833325,0.00017026816607650853,2.682598723133432e-06,4.4960310559641755e-10,13594.87484068435,214.18915073291714,8.058379483015938e-05,6440.414119499177,0.0016828266234633642,0.0016828266234633642,1.0,False,True,130.0,1538537.686162612,662162.2490403019,47.118737250053,27257.131645384106,0.533861599786156,0.011338161697822657,0.7943282347242815,0.7
0.01598358221350065,0.00016376815960416765,2.6176018429869097e-06,4.218625408644888e-10,13075.888958053736,208.99954617565726,7.685503882427333e-05,6142.404663887289,0.0016178157007348476,0.0016178157007348476,1.0,False,True,132.0,1551120.5049459983,671864.8103118686,46.109948717332884,27711.826234383807,0.5283013709099185,0.011014867159449248,0.7943282347242815,0.7
0.016223180751458382,0.00015746342184506126,2.554557554335569e-06,3.9575476799656236e-10,12572.494091512013,203.96584414324192,7.324073973166816e-05,5853.542828115371,0.0015547581951124486,0.0015547581951124486,1.0,False,True,134.0,1563116.452438001,681744.1869345226,45.12831397340329,28177.512062135065,0.5226667578304938,0.010699658853633278,0.7943282347242815,0.7
0.016474307732634478,0.00015135615552606604,2.4934878833648964e-06,3.712153509510972e-10,12084.86611536902,199.0898032922762,6.97421992745151e-05,5573.932648359295,0.0014936761002489459,0.0014936761002489459,1.0,False,True,136.0,1574543.9279144758,691792.7562322475,44.17312903317976,28654.032847180133,0.5169632506677078,0.010392707783189384,0.7943282347242815,0.7
0.01673735265766872,0.00014544722132990966,2.4344014364766937e-06,3.481759348245897e-10,11613.073749892494,194.37211079146596,6.635994286084564e-05,5303.616116254122,0.0014345779880275738,0.0014345779880275738,1.0,False,True,138.0,1585421.4766790892,702003.2043838169,43.24367872821948,29141.24796489068,0.5111960864552928,0.010094123131339228,0.7943282347242815,0.7
0.017012722699584305,0.00013973631401526565,2.3772951614037503e-06,3.265657474700313e-10,11157.092623423747,189.81252293588577,6.309382152528296e-05,5042.581326196273,0.0013774607704359577,0.0013774607704359577,1.0,False,True,140.0,1595767.6741215396,712368.5216509654,42.33924163468498,29639.032311975825,0.5053702552069794,0.009803959712333925,0.7943282347242815,0.7
0.017300843461072777,0.0001342221249075666,2.322155972038367e-06,3.063128575800844e-10,10716.818246278293,185.40999487962924,5.994310598179339e-05,4790.76999222294,0.001322311325030842,0.001322311325030842,1.0,False,True,142.0,1605601.0254399588,722881.9962754879,41.45909438247653,30147.276128838712,0.49949050699637304,0.009522224896124467,0.7943282347242815,0.7
0.017602159784098983,0.00012890249050265777,2.268962234396084e-06,2.873452130264531e-10,10292.077875841474,181.1627992809517,5.690657263906517e-05,4548.084322528994,0.0012691079814269662,0.0012691079814269662,1.0,False,True,144.0,1614939.8797547107,733537.2073031683,40.6025153927879,30665.884789569645,0.49356135983491395,0.009248884988331742,0.7943282347242815,0.7
0.017917136614216147,0.0001237745272857927,2.2176851147395715e-06,2.6959148377489407e-10,9882.641281043194,177.06863394174295,5.398258163771725e-05,4314.3932563529725,0.0012178218698473385,0.0012178218698473385,1.0,False,True,146.0,1623802.3573335926,744328.0165627057,39.76878809204802,31194.77856832964,0.4875871081571845,0.008983871062453228,0.7943282347242815,0.7
0.018246259922145364,0.00011883475314319953,2.1682897936347993e-06,2.5298173326724083e-10,9488.23043633117,173.12471874250923,5.11691471275583e-05,4089.538080672757,0.0011684181355190889,0.0011684181355190889,1.0,False,True,148.0,1632206.2886706183,755248.5599996246,38.9572036497358,31733.89238972959,0.48157183174835216,0.008727084253399579,0.7943282347242815,0.7
0.018590037685366784,0.0001140791959441987,2.1207365517189955e-06,2.374479410569712e-10,9108.528191290947,169.32788233432447,4.846400011931224e-05,3873.3374534381064,0.0011208570247059197,0.0011208570247059197,1.0,False,True,150.0,1640169.1642047293,766293.2385389566,38.16706328619352,32283.175569856212,0.4755194049708754,0.008478400530568767,0.7943282347242815,0.7
0.018949000932668117,0.00010950349001127752,2.0749817343541115e-06,2.2292439793574072e-10,8743.185973193124,165.6746391605273,4.5864644325926306e-05,3665.591866516959,0.001075094849561611,0.001075094849561611,1.0,False,True,152.0,1647708.0935246844,777456.7086264234,37.397680194553494,32842.59155368773,0.4694335061684411,0.008237674975216328,0.7943282347242815,0.7
0.019323704854808783,0.00010510296128461866,2.030978603230365e-06,2.0934799297638744e-10,8391.83058686165,162.16125745207128,4.3368405460139566e-05,3466.0875856533007,0.0010310848398789514,0.0010310848398789514,1.0,False,True,154.0,1654839.7729768546,788733.8725759705,36.6483811184338,33412.11765384287,0.4633176271437266,0.008004745591310602,0.7943282347242815,0.7
0.019714729984663986,0.00010087270203655648,1.988678083474176e-06,1.9665840998349552e-10,8054.070180167592,158.78381887953813,4.097247448333496e-05,3274.6001069998047,0.0009887778902972653,0.0009887778902972653,1.0,False,True,156.0,1661580.4606695077,800119.8688317848,35.918507624314806,33991.744794812344,0.4571750826241078,0.007779436681772674,0.7943282347242815,0.7
0.020122683450460126,9.680763600840655e-05,1.9480294149845305e-06,1.8479824888719088e-10,7729.499444807798,155.53827055837462,3.8673945310513726e-05,3090.8971705729605,0.0009481232117004057,0.0009481232117004057,1.0,False,True,158.0,1667945.9579470805,811610.0622353872,35.20741710461215,34581.4772662643,0.45100901964340046,0.007561561823342558,0.7943282347242815,0.7
0.0205482003059289,9.290257483542997e-05,1.9089807166549646e-06,1.7371308571588695e-10,7417.704121494233,152.42047009857785,3.646984747235698e-05,2914.7413706687644,0.0009090688954693072,0.0009090688954693072,1.0,False,True,160.0,1673951.5964883221,823200.0343728109,34.514483544513546,35181.33248833965,0.44482242678202893,0.007350926473593008,0.7943282347242815,0.7
0.020991944941475018,8.915226660059306e-05,1.8714794718873517e-06,1.6335148298569383e-10,7118.264876675645,149.4262243700106,3.435717422080418e-05,2745.892402115394,0.0008715623990012602,0.0008715623990012602,1.0,False,True,162.0,1679612.2302611063,834885.5740632105,33.839098082725386,35791.340791457515,0.4386181432184382,0.007147330243085965,0.7943282347242815,0.7
0.02145461258068715,8.55514373203798e-05,1.8354729434296886e-06,1.5366496068204486e-10,6830.760614926715,146.55132262466898,3.2332906542919625e-05,2584.108979508269,0.0008355509605332468,0.0008355509605332468,1.0,False,True,164.0,1684942.2316427298,846662.6680383357,33.18066939344046,36411.54521262342,0.43239886755558155,0.006950568864549026,0.7943282347242815,0.7
0.02193693086680221,8.209482611952571e-05,1.8009085251061837e-06,1.446079364968925e-10,6554.771287436082,143.79156458018545,3.0394033520963326e-05,2429.1504644266493,0.0008009819508420187,0.0008009819508420187,1.0,False,True,166.0,1689955.4910866648,858527.4918519381,32.53862391412602,37042.00130994877,0.42616716639402713,0.0067604358894171315,0.7943282347242815,0.7
0.022439661543989995,7.877721480019137e-05,1.7677340374944938e-06,1.36137642630788e-10,6289.880252924548,141.14278402785305,2.8537569446851392e-05,2280.7782332546985,0.0007678031688794601,0.0007678031688794601,1.0,False,True,168.0,1694665.4197843461,870476.401049309,31.91240594117716,37682.7769967158,0.41992548263120916,0.006576724140277622,0.7943282347242815,0.7
0.022963602238607467,7.5593452456876e-05,1.7358979740627847e-06,1.2821402527046868e-10,6035.676242995835,138.60086848516906,2.6760568067802668e-05,2138.7568157213605,0.0007359630878590031,0.0007359630878590031,1.0,False,True,170.0,1699084.9548333222,882505.9226195164,31.301477613093688,38333.95239608899,0.4136761434722733,0.006399226945788691,0.7943282347242815,0.7
0.023509588345853233,7.253847573352769e-05,1.7053497037309e-06,1.207996318034757e-10,5791.754979543322,136.16177536910914,2.5060134308217506e-05,2002.8548317357834,0.000705411057759932,0.000705411057759932,1.0,False,True,172.0,1703226.5664807793,894612.7467464521,30.70531879863248,38995.6197173542,0.4074213681432168,0.006227739182597742,0.7943282347242815,0.7
0.02407849502753155,6.960732526526901e-05,1.676039635279551e-06,1.1385948992187431e-10,5557.720487521577,133.8215451231985,2.343343378155086e-05,1872.845751594777,0.0006760974696755951,0.0006760974696755951,1.0,False,True,174.0,1707102.26706411,906793.7188693465,30.12342690536375,39667.88315436906,0.4011632753015735,0.006062058146734029,0.7943282347242815,0.7
0.02467123932692771,6.679515879488569e-05,1.6479193485087653e-06,1.0736098198541964e-10,5333.1861422179945,131.5763116897145,2.1877700375679907e-05,1748.5085022201931,0.0006479738869084681,0.0006479738869084681,1.0,False,True,176.0,1710723.621317925,919045.8320588436,29.555316622212143,40350.85880678889,0.394903890143258,0.005901984274938268,0.7943282347242815,0.7
0.025288782407082086,6.409726140458784e-05,1.6209416965504825e-06,1.0127371734830765e-10,5117.775486196555,129.4223106787234,2.039024216653168e-05,1629.6279397875855,0.0006209931472183149,0.0006209931472183149,1.0,False,True,178.0,1714101.7577599327,931366.2197109399,29.000519607893228,41044.67462451839,0.3886451512071332,0.005747321734455118,0.7943282347242815,0.7
0.025932131919014806,6.15090532570263e-05,1.595060883274913e-06,9.556940479029017e-11,4911.122847370762,127.35588554850622,1.8968445887798752e-05,1515.9952069546084,0.0005951094401641586,0.0005951094401641586,1.0,False,True,180.0,1717247.3809066748,943752.1485579883,28.45858413564684,41749.47037570701,0.38238891688164656,0.005597878897977313,0.7943282347242815,0.7
0.02660234450674996,5.9026095196159875e-05,1.570232519296464e-06,9.022172671959295e-11,4712.873786198755,125.37349207729035,1.760978015945695e-05,1407.407990890452,0.0005702783630466984,0.0005702783630466984,1.0,False,True,182.0,1720170.7841045198,956201.0119934138,27.92907470331589,42465.397638618015,0.37613697161905624,0.005453468718707542,0.7943282347242815,0.7
0.027300528456227727,5.664409251883657e-05,1.5464136596876938e-06,8.520621642109177e-11,4522.685396821058,123.47170137447888,1.6311797654797218e-05,1303.6706964692567,0.0005464569585602897,0.0005464569585602897,1.0,False,True,184.0,1722881.8627918796,968710.3237047816,27.411571616612,43192.619817596555,0.3698910318647805,0.005313909018904103,0.7943282347242815,0.7
0.028027846495440063,5.4358897191528783e-05,1.5235628261455767e-06,8.05001392970878e-11,4340.226484053381,121.64720165049171,1.507213636459925e-05,1204.594547305337,0.0005236037368992375,0.0005236037368992375,1.0,False,True,186.0,1725390.128035654,981277.711608233,26.905670552331475,43931.31218335657,0.36365275171030204,0.005179022703803049,0.7943282347242815,0.7
0.02878551875334613,5.216650875361985e-05,1.5016400160239192e-06,7.608237878045977e-11,4165.177635508535,119.89679893794883,1.3888520097950118e-05,1109.997625779584,0.0005016786847325983,0.0005016786847325983,1.0,False,True,188.0,1727704.720208739,993900.9120760664,26.410982107331943,44681.66193780871,0.3574237282787265,0.005048637911461341,0.7943282347242815,0.7
0.029574825885302074,5.006307411884752e-05,1.4806067003478879e-06,7.193332738230728e-11,3997.231205742908,118.21741693314257,1.275875834196732e-05,1019.7048618282564,0.00048064326316368084,0.00048064326316368084,1.0,False,True,190.0,1729834.4226963469,1006577.7644483228,25.92713133823811,45443.86830363874,0.351205506852762,0.004922588107839718,0.7943282347242815,0.7
0.03039711237287603,4.8044886459746234e-05,1.4604258126589762e-06,6.803478316067581e-11,3836.091227185982,116.60609610537621,1.1680745587196724e-05,933.5479790274688,0.00046046039652271873,0.00046046039652271873,1.0,False,True,192.0,1731787.6755372025,1019306.2058185278,25.4537572960991,46218.14263885653,0.3449995857552097,0.004800712135335537,0.7943282347242815,0.7
0.03125379000601475,4.610838333596583e-05,1.4410617302991057e-06,6.436985175682463e-11,3681.4732606979933,115.05999220261347,1.0652460211591584e-05,851.3654053986171,0.0004410944536014843,0.0004410944536014843,1.0,False,True,194.0,1733572.5889216287,1032084.2660833166,24.990512559570213,47004.708576580924,0.3388074209920163,0.004682854221977092,0.7943282347242815,0.7
0.032146341555535814,4.425014420606033e-05,1.4224802495297297e-06,6.092285403512721e-11,3533.1041969014414,113.5763742648908,9.671963003664893e-06,773.0021553758322,0.0004225112227257345,0.0004225112227257345,1.0,False,True,196.0,1735196.9564824032,1044910.0632453612,24.537062769618693,47803.80219033759,0.33263043066808473,0.004568863957595879,0.7943282347242815,0.7
0.03307632464385859,4.246688744341357e-05,1.4046485556925493e-06,5.767923927685259e-11,3390.722017920943,112.15262224183242,8.737395394462995e-06,698.309688501862,0.0004046778818720706,0.0004046778818720706,1.0,False,True,198.0,1736668.2683262809,1057781.798958895,24.093086168253564,48615.67218520168,0.326469999185781,0.004458596242493369,0.7943282347242815,0.7
0.03404537582170615,4.07554669602681e-05,1.3875351894514553e-06,5.4625503812635945e-11,3254.075527832528,110.78622429727523,7.846977458354346e-06,627.1457496472078,0.0003875629648687675,0.0003875629648687675,1.0,False,True,200.0,1737993.72376443,1070697.7543071334,23.658273143346968,49440.58011514244,0.3203274812359922,0.004351911213406238,0.7943282347242815,0.7
0.035055214858236816,3.91128685290404e-05,1.3711100100074803e-06,5.1749114929565e-11,3122.924058943089,109.47477387220701,6.999005734089441e-06,559.3741948649824,0.0003711363245722778,0.0003711363245722778,1.0,False,True,202.0,1739180.2437089423,1083656.2858009436,23.232325781234824,50278.80062702934,0.31420420559088585,0.004248674150941879,0.7943282347242815,0.7
0.03610764925157588,3.753620587722386e-05,1.3553441560497402e-06,4.90384398537254e-11,2997.037159992196,108.2159665669373,6.191850910148705e-06,494.86480639939697,0.000355369093782286,0.000355369093782286,1.0,False,True,204.0,1740234.4827102066,1096655.8215883144,22.814957428458797,51130.62173173694,0.3081014787077362,0.004148755372095812,0.7943282347242815,0.7
0.0372045789661432,3.602271662072591e-05,1.3402100050907963e-06,4.648267958463929e-11,2876.194271453862,107.00759689427392,5.423955411797296e-06,433.4930998384727,0.0003402336445436348,0.0003402336445436348,1.0,False,True,206.0,1741162.8406164446,1109694.8578643783,22.405892263730323,51996.34510296209,0.3020205881518893,0.004052030110968224,0.7943282347242815,0.7
0.03834800140224764,3.4569758090682216e-05,1.3256811317368432e-06,4.407180734282622e-11,2760.184392333105,105.84755494765194,4.693830921614898e-06,375.14012594994387,0.000325703546385402,0.000325703546385402,1.0,False,True,208.0,1741971.473842233,1122771.9554720258,22.004864880953672,52876.28640429466,0.29596280584747786,0.003958378390361196,0.7943282347242815,0.7
0.039540016602388095,3.317480310000867e-05,1.3117322653552989e-06,4.179651138307066e-11,2648.8057421509366,104.73382302114894,4.000055860231996e-06,319.69226933678544,0.00031175352395959046,0.00031175352395959046,1.0,False,True,210.0,1742666.3062375197,1135885.7366834567,21.611619883938143,53770.77564530418,0.2899293911628866,0.0038676848865553375,0.7943282347242815,0.7
0.04078283269721059,3.183543568853162e-05,1.2983392475281925e-06,3.9648141923237413e-11,2541.865421218954,103.66447221239734,3.3412728497476126e-06,267.0410457086092,0.00029835941446768966,0.00029835941446768966,1.0,False,True,212.0,1743253.0395525652,1149034.882153344,21.225911493251424,54680.15756735531,0.28392159383831794,0.0037798387892287433,0.7943282347242815,0.7
0.04207877159234222,3.0549346878928015e-05,1.2854789896136446e-06,3.7618661939673173e-11,2439.1790717770427,102.63765903412748,2.7161861785383144e-06,217.0828992642524,0.00028549812519728453,0.00028549812519728453,1.0,False,True,214.0,1743737.163497538,1162218.1280346499,20.847503165516024,55604.79206004311,0.27794065676154805,0.00369473365818733,0.7943282347242815,0.7
0.0434302748950612,2.931433047011677e-05,1.2731294306818399e-06,3.570060158490587e-11,2340.5705421213233,101.65162205561148,2.1235592829915954e-06,169.71900142699658,0.00027314759143498633,0.00027314759143498633,1.0,False,True,216.0,1744123.9653982294,1175434.2632484892,20.476167225321767,56545.0546091497,0.27198781859787796,0.0036122672783190798,0.7943282347242815,0.7
0.044839910077076384,2.8128278889826274e-05,1.261269496042736e-06,3.388701599027816e-11,2245.8715554569585,100.70467859135367,1.5622122589300448e-06,124.85505195273099,0.00026128673497280777,0.00026128673497280777,1.0,False,True,218.0,1744418.5394516091,1188682.1268998007,20.111684509820737,57501.3367771644,0.26606431627932164,0.003532341513961123,0.7943282347242815,0.7
0.04631037686635314,2.6989179123894267e-05,1.2498790565410543e-06,3.21714462249317e-11,2154.9213848775676,99.79522145104379,1.0310194131647724e-06,82.40108324532503,0.0002498954233834174,0.0002498954233834174,1.0,False,True,220.0,1744625.7955868072,1201960.605830978,19.753844025981774,58474.04671746517,0.2601713873577009,0.003454862163674045,0.7943282347242815,0.7
0.04784451385695264,2.5895108736230013e-05,1.2389388887578522e-06,3.054788319246378e-11,2067.566535583477,98.92171576189524,5.289068636228002e-07,42.27126855412663,0.00023895443020345737,0.00023895443020345737,1.0,False,True,222.0,1744750.4679386066,1215268.63230595,19.402442620404813,59463.609723395624,0.2543102722254326,0.0033797388162493083,0.7943282347242815,0.7
0.04944530532105305,2.484423199029551e-05,1.228430636227235e-06,2.901073425731054e-11,1983.6604352056434,98.082695872036,5.4850194833347926e-08,4.383734595851573,0.00022844539613338111,0.00022844539613338111,1.0,False,True,224.0,1744797.1229417566,1228605.1818175917,19.057284661535885,60470.468813567095,0.24848221620721514,0.0033068847086294467,0.7943282347242815,0.7
0.05111588820150387,2.3834796080394635e-05,1.2183367717510947e-06,2.755479240415158e-11,1903.06313289707,97.27676234157033,0.0,0.0,0.00021835079133659642,0.00021835079133659642,1.0,False,True,226.0,1744801.5066763526,1241969.2710116818,18.718181734073262,61495.08535471091,0.2426884715258054,0.0032362165862946392,0.7943282347242815,0.7
0.05285955925668153,2.286512747868241e-05,1.2086405608709901e-06,2.617520774474107e-11,1825.6410076637742,96.50257902603106,0.0,0.0,0.00020865387889693854,0.00020865387889693854,1.0,False,True,228.0,1744801.5066763526,1255359.9557209744,18.38495234531283,62537.939723781616,0.23693029914287836,0.003167654566560613,0.7943282347242815,0.7
0.0546797823211037,2.193362840210949e-05,1.1993260265393246e-06,2.4867461198138658e-11,1751.2664862718445,95.7588702555886,0.0,0.0,0.0001993386794765363,0.0001993386794765363,1.0,False,True,230.0,1744801.5066763526,1268776.3291032943,18.057421643152413,63599.53201077838,0.2312089704773326,0.003101122005139342,0.7943282347242815,0.7
0.05658019563605303,2.1038773401764812e-05,1.190377915014442e-06,2.3627340181167608e-11,1679.8177709272509,95.04441811198237,0.0,0.0,0.00019038993719861451,0.00019038993719861451,1.0,False,True,232.0,1744801.5066763526,1282217.5198778717,17.7354211454465,64680.382764171096,0.22552576900099836,0.003036545366234154,0.7943282347242815,0.7
0.05856461919326985,2.017910607583413e-05,1.1817816629918237e-06,2.245091615683928e-11,1611.1785768256245,94.35805980414717,0.0,0.0,0.0001817930867673347,0.0001817930867673347,1.0,False,True,234.0,1744801.5066763526,1295682.690654457,17.418788480387235,65781.03378078321,0.21988199171196116,0.002973854096372418,0.7943282347242815,0.7
0.06063706202189338,1.9353235906260322e-05,1.1735233659722412e-06,2.1334523898837407e-11,1545.237879578873,93.69868514260314,0.0,0.0,0.00017353422182545954,0.00017353422182545954,1.0,False,True,236.0,1744801.5066763526,1309171.0363500488,17.107367137571615,66902.04894215344,0.2142789504847949,0.0029129805021208856,0.7943282347242815,0.7
0.062801729333811,1.855983521828108e-05,1.1655897478586213e-06,2.027474234010191e-11,1481.8896724528033,93.0652341119508,0.0,0.0,0.00016560006454153196,0.00016560006454153196,1.0,False,True,238.0,1744801.5066763526,1322681.7826883455,16.801006229408646,68044.01509951708,0.20871797329638792,0.002853859631779517,0.7943282347242815,0.7
0.06506302942529262,1.779763626123775e-05,1.1579681317655665e-06,1.926837688295831e-11,1421.0327332875097,92.45669454018923,0.0,0.0,0.00015797793641044518,0.00015797793641044518,1.0,False,True,240.0,1744801.5066763526,1336214.1847773131,16.499560262512972,69207.5430097625,0.2032004053249837,0.002796429161108001,0.7943282347242815,0.7
0.06742558021263574,1.7065428408494135e-05,1.150646412019914e-06,1.831244305724901e-11,1362.570400927961,91.87209986313148,0.0,0.0,0.0001506557302457352,0.0001506557302457352,1.0,False,True,242.0,1744801.5066763526,1349767.5257605189,16.202888918730366,70393.26832472967,0.1977276099200245,0.0027406292831042706,0.7943282347242815,0.7
0.06989421525674568,1.636205547375149e-05,1.1436130273252006e-06,1.7404151421253138e-11,1306.410360948119,91.31052698175066,0.0,0.0,0.00014362188333640635,0.00014362188333640635,1.0,False,True,244.0,1744801.5066763526,1363341.1155381065,15.910856845441401,71601.85263653102,0.19230096943887143,0.002686402601825301,0.7943282347242815,0.7
0.07247398910516788,1.5686413140718944e-05,1.136856935059627e-06,1.6540893608157452e-11,1252.4644404257936,90.77109421002913,0.0,0.0,0.0001368653517378352,0.0001368653517378352,1.0,False,True,246.0,1744801.5066763526,1376934.2895535603,15.623333454791817,72833.98458158126,0.1869218859464879,0.002633694030216219,0.7943282347242815,0.7
0.07517018175039279,1.503744650275155e-05,1.1303675866736425e-06,1.5720229428163178e-11,1200.6484114977432,90.25295931060576,0.0,0.0,0.00013037558566283,0.00013037558566283,1.0,False,True,248.0,1744801.5066763526,1390546.407642578,15.34019273150327,74090.38100632711,0.18159178177277252,0.0025824506918941227,0.7943282347242815,0.7
0.07798830196930956,1.4414147708895167e-05,1.124134904151548e-06,1.4939874943271205e-11,1150.8818034107126,89.75531761537822,0.0,0.0,0.0001241425059371986,0.0001241425059371986,1.0,False,True,250.0,1744801.5066763526,1404176.8529406283,15.061313048923298,75371.78819769429,0.17631209992213784,0.0025326218268167796,0.7943282347242815,0.7
0.08093408927085431,1.3815553712570167e-05,1.1181492574994367e-06,1.4197691438142101e-11,1103.0877227675535,89.27740022805258,0.0,0.0,0.00011815648148210695,0.00011815648148210695,1.0,False,True,252.0,1744801.5066763526,1417825.0308459299,14.786576992982171,76678.98318159633,0.1710843043285043,0.0024841587007536103,0.7943282347242815,0.7
0.08401351413626428,1.324074411905766e-05,1.1124014432211088e-06,1.349167521643589e-11,1057.1926816621258,88.81847230557614,0.0,0.0,0.0001124083077848319,0.0001124083077848319,1.0,False,True,254.0,1744801.5066763526,1431490.368034796,14.51587119373019,78012.77509292254,0.16590987994860718,0.0024370145184661315,0.7943282347242815,0.7
0.08723277618910788,1.2688839127892125e-05,1.1068826637430087e-06,1.2819948157563917e-11,1013.1264333918941,88.37783141534422,0.0,0.0,0.00010688918631891667,0.00010688918631891667,1.0,False,True,256.0,1744801.5066763526,1445172.311526462,14.249086164140122,79374.00662059554,0.16079033268576814,0.002391144340497251,0.7943282347242815,0.7
0.09059829988047603,1.2158997566200078e-05,1.101584507748573e-06,1.2180748973852602e-11,970.8218154320141,87.95480596501777,0.0,0.0,0.00010159070487409524,0.00010159070487409524,1.0,False,True,258.0,1744801.5066763526,1458870.3277946701,13.986116145866688,80763.5555316449,0.15572718913488293,0.0023465050034629812,0.7943282347242815,0.7
0.09411672721756537,1.1650415009103084e-05,1.0964989313831842e-06,1.1572425112938773e-11,930.2145993609721,87.54875370185346,0.0,0.0,9.650481875714477e-05,9.650481875714477e-05,1.0,False,True,260.0,1744801.5066763526,1472583.901923458,13.726858961666334,82182.33627818085,0.15072199613962214,0.002303055043735996,0.7943282347242815,0.7
0.09779490700291633,1.1162321983270823e-05,1.0916182402905788e-06,1.099342525450625e-11,891.2433474252529,87.15906027842045,0.0,0.0,9.16238328244979e-05,9.16238328244979e-05,1.0,False,True,262.0,1744801.5066763526,1486312.5368047329,13.47121587419011,83631.30169161354,0.14577632015107556,0.0022607546244077484,0.7943282347242815,0.7
0.1016398799857955,1.069398224982815e-05,1.0869350724427605e-06,1.0442292354584209e-11,853.8492754399373,86.78513788167368,0.0,0.0,8.694038430863325e-05,8.694038430863325e-05,1.0,False,True,264.0,1744801.5066763526,1500055.7523753545,13.21909145087116,85111.44476842173,0.14089174637723131,0.0022195654654143964,0.7943282347242815,0.7
0.10565885925891519,1.0244691162840935e-05,1.0824423817256626e-06,9.917657194285561e-12,817.976121723807,86.426423922369,0.0,0.0,8.244742640047183e-05,8.244742640047183e-05,1.0,False,True,266.0,1744801.5066763526,1513813.0848915947,12.970393434641268,86623.80055220933,0.13606987771112986,0.0021794507767112278,0.7943282347242815,0.7
0.10985920516270013,9.813774099744296e-06,1.0781334222442013e-06,9.418232393353569e-12,783.570021778608,86.0823797819175,0.0,0.0,7.813821255139728e-05,7.813821255139728e-05,1.0,False,True,268.0,1744801.5066763526,1527584.086238938,12.725032620217819,88169.44811677899,0.13131233342558318,0.0021403751943806994,0.7943282347242815,0.7
0.11424839388862068,9.40058496015403e-06,1.0740017333111212e-06,8.942806852016385e-12,750.5793884282983,85.75248961383625,0.0,0.0,7.400628145929075e-05,7.400628145929075e-05,1.0,False,True,270.0,1744801.5066763526,1541368.3232753363,12.482922735715226,89749.51265525215,0.12662074762132564,0.002102304719560173,0.7943282347242815,0.7
0.11883397890462255,9.004504729610822e-06,1.0700411250851464e-06,8.490240587557584e-12,718.9547971427802,85.43625919704232,0.0,0.0,7.004544270406234e-05,7.004544270406234e-05,1.0,False,True,272.0,1744801.5066763526,1555165.377206116,12.243980329343147,91365.16768049,0.12199676741479328,0.002065206660077068,0.7943282347242815,0.7
0.1236235442624155,8.624940104953332e-06,1.0662456648253808e-06,8.059459934721983e-12,688.6488762823226,85.1332148383504,0.0,0.0,6.624976299962441e-05,6.624976299962441e-05,1.0,False,True,274.0,1744801.5066763526,1568974.842988849,12.008124660964373,93017.63734211067,0.11744205085163181,0.0020290495746812286,0.7943282347242815,0.7
0.12862464879351593,8.261322178113289e-06,1.0626096637299059e-06,7.649453081510019e-12,659.6162020066259,84.84290232161511,0.0,0.0,6.261355303022633e-05,6.261355303022633e-05,1.0,False,True,276.0,1744801.5066763526,1582796.328766589,11.775277598293645,94708.19886573509,0.11295826453109373,0.0019938032197666985,0.7943282347242815,0.7
0.13384476016264873,7.913105175287088e-06,1.0591276643281147e-06,7.259265914219913e-12,631.8131976053612,84.56488590108576,0.0,0.0,5.913135484068343e-05,5.913135484068343e-05,1.0,False,True,278.0,1744801.5066763526,1596629.4553279865,11.54536351752984,96438.1851200867,0.1085470809266222,0.0019594384984778345,0.7943282347242815,0.7
0.13929117773111493,7.5797652485618945e-06,1.0557944283975634e-06,6.887998147674141e-12,605.1980370168834,84.29874733664057,0.0,0.0,5.579792975127001e-05,5.579792975127001e-05,1.0,False,True,280.0,1744801.5066763526,1610473.8555928427,11.318309208220525,98208.98731778198,0.10421017538746798,0.00192592741209764,0.7943282347242815,0.7
0.14497094319651926,7.260799317216725e-06,1.0526049253775517e-06,6.5347997184965516e-12,579.7305523131871,84.04408496868179,0.0,0.0,5.260824676947016e-05,5.260824676947016e-05,1.0,False,True,282.0,1744801.5066763526,1624329.1741217887,11.094043782168882,100022.05785576439,0.09994922280611626,0.00189324301361927,0.7943282347242815,0.7
0.1508907380281301,6.955723956082739e-06,1.0495543212532693e-06,6.19886742110503e-12,555.372144942255,83.8005128306025,0.0,0.0,4.9557471472421264e-05,4.9557471472421264e-05,1.0,False,True,284.0,1744801.5066763526,1638195.0666488172,10.872498586199823,101878.91330127628,0.09576589393673772,0.0018613593634049025,0.7943282347242815,0.7
0.1570567668209753,6.664074328479691e-06,1.0466379678856825e-06,5.8794417677063746e-12,532.0857005295394,83.56765979684317,0.0,0.0,4.664095533521002e-05,4.664095533521002e-05,1.0,False,True,286.0,1744801.5066763526,1652071.1996354768,10.653607118610669,103781.13752941773,0.09166185134988207,0.001830251486839457,0.7943282347242815,0.7
0.16347462585785363,6.385403161416024e-06,1.0438513927640404e-06,5.575804055114789e-12,509.83550705393895,83.34516876469176,0.0,0.0,4.385422548188909e-05,4.385422548188909e-05,1.0,False,True,288.0,1744801.5066763526,1665957.2498456205,10.437304949140408,105730.38501819587,0.087638745009504,0.0017998953338899308,0.7943282347242815,0.7
0.1701491564109718,6.119279760897483e-06,1.04119028915944e-06,5.287273622616664e-12,488.58717622619514,83.13269586810593,0.0,0.0,4.119297483765593e-05,4.119297483765593e-05,1.0,False,True,290.0,1744801.5066763526,1679852.9039396315,10.223529642297867,107728.38430687739,0.08369820745925086,0.0017702677404845318,0.7943282347242815,0.7
0.17708428264786427,5.865289065347927e-06,1.0386505066595e-06,5.0132052863993715e-12,468.30756791031644,82.92990972196436,0.0,0.0,3.86530526622243e-05,3.86530526622243e-05,1.0,False,True,292.0,1744801.5066763526,1693757.8580871425,10.012220683897036,109776.94162333546,0.0798418486060409,0.0017413463916290336,0.7943282347242815,0.7
nan,0.0,0.0,0.0,0.0,0.0,0.0,0.0,0.0,0.0,1.0,False,False,294.0,1744801.5066763526,1707671.8175972975,9.803319410655105,111877.94468565675,0.0760712500908602,0.0017131097861811122,0.7943282347242815,0.7
nan,0.0,0.0,0.0,0.0,0.0,0.0,0.0,0.0,0.0,1.0,False,False,296.0,1744801.5066763526,1721594.4965656644,9.596768942714219,114033.36668296016,0.07238795923855326,0.0016855372032066618,0.7943282347242815,0.7
nan,0.0,0.0,0.0,0.0,0.0,0.0,0.0,0.0,0.0,1.0,False,False,298.0,1744801.5066763526,1735525.617536964,9.392514118956102,116245.27043986291,0.06879348258089199,0.0016586086698452281,0.7943282347242815,0.7
nan,0.0,0.0,0.0,0.0,0.0,0.0,0.0,0.0,0.0,1.0,False,False,300.0,1744801.5066763526,1749464.9111828092,9.190501434982943,118515.8127682181,0.06528927895048436,0.0016323049306148532,0.7943282347242815,0.7
nan,0.0,0.0,0.0,0.0,0.0,0.0,0.0,0.0,0.0,1.0,False,False,302.0,1744801.5066763526,1763412.115993714,8.990678983645592,120847.24900891774,0.06187675214664167,0.001606607418089595,0.7943282347242815,0.7
nan,0.0,0.0,0.0,0.0,0.0,0.0,0.0,0.0,0.0,1.0,False,False,304.0,1744801.5066763526,1777366.9779846594,8.792996398003945,123241.93776549862,0.0585572431786018,0.0015814982248859417,0.7943282347242815,0.7
nan,0.0,0.0,0.0,0.0,0.0,0.0,0.0,0.0,0.0,1.0,False,False,306.0,1744801.5066763526,1791329.2504135377,8.59740479661135,125702.34582970476,0.05533202209689195,0.0015569600768971987,0.7943282347242815,0.7
nan,0.0,0.0,0.0,0.0,0.0,0.0,0.0,0.0,0.0,1.0,False,False,308.0,1744801.5066763526,1805298.693511847,8.403856731018909,128231.05329786813,0.052202279428934545,0.001532976307717639,0.7943282347242815,0.7
nan,0.0,0.0,0.0,0.0,0.0,0.0,0.0,0.0,0.0,1.0,False,False,310.0,1744801.5066763526,1819275.0742270395,8.212306135400953,130830.75887453379,0.04916911724230902,0.001509530834200878,0.7943282347242815,0.7
nan,0.0,0.0,0.0,0.0,0.0,0.0,0.0,0.0,0.0,1.0,False,False,312.0,1744801.5066763526,1833258.1659759432,8.022708278206828,133504.28535771015,0.046233539866166726,0.0014866081330994795,0.7943282347242815,0.7
nan,0.0,0.0,0.0,0.0,0.0,0.0,0.0,0.0,0.0,1.0,False,False,314.0,1744801.5066763526,1847247.7484087308,7.835019715750449,136254.58529712443,0.04339644431002855,0.0014641932187352625,0.7943282347242815,0.7
nan,0.0,0.0,0.0,0.0,0.0,0.0,0.0,0.0,0.0,1.0,False,False,316.0,1744801.5066763526,1861243.6071829216,7.649198247650218,139084.7468135696,0.04065861042856795,0.0014422716216521093,0.7943282347242815,0.7
nan,0.0,0.0,0.0,0.0,0.0,0.0,0.0,0.0,0.0,1.0,False,False,318.0,1744801.5066763526,1875245.533746933,7.465202874039389,141997.99956348943,0.0380206908913912,0.0014208293682053802,0.7943282347242815,0.7
nan,0.0,0.0,0.0,0.0,0.0,0.0,0.0,0.0,0.0,1.0,False,False,320.0,1744801.5066763526,1889253.3251327325,7.282993754467965,144997.72082854726,0.03548320102799295,0.001399852961044145,0.7943282347242815,0.7
nan,0.0,0.0,0.0,0.0,0.0,0.0,0.0,0.0,0.0,1.0,False,False,322.0,1744801.5066763526,1903266.783757148,7.102532168422684,148087.44170447072,0.03304650863043015,0.0013793293604445799,0.7943282347242815,0.7
nan,0.0,0.0,0.0,0.0,0.0,0.0,0.0,0.0,0.0,1.0,False,False,324.0,1744801.5066763526,1917285.7172314362,6.9237804773938425,151270.85335751553,0.03071082380908324,0.0013592459664548112,0.7943282347242815,0.7
nan,0.0,0.0,0.0,0.0,0.0,0.0,0.0,0.0,0.0,1.0,False,False,326.0,1744801.5066763526,1931309.938178713,6.746702088422346,154551.81331016807,0.028476189010321968,0.0013395906018134035,0.7943282347242815,0.7
nan,0.0,0.0,0.0,0.0,0.0,0.0,0.0,0.0,0.0,1.0,False,False,328.0,1744801.5066763526,1945339.2640588875,6.571261419062019,157934.35170943086,0.026342469319236058,0.0013203514956054915,0.7943282347242815,0.7
nan,0.0,0.0,0.0,0.0,0.0,0.0,0.0,0.0,0.0,1.0,False,False,330.0,1744801.5066763526,1959373.5170007371,6.397423863696699,161422.67752252222,0.02430934318448666,0.0013015172676223014,0.7943282347242815,0.7
nan,0.0,0.0,0.0,0.0,0.0,0.0,0.0,0.0,0.0,1.0,False,False,332.0,1744801.5066763526,1973412.523640807,6.22515576115318,165021.18459465067,0.02237629371655052,0.0012830769133914189,0.7943282347242815,0.7
nan,0.0,0.0,0.0,0.0,0.0,0.0,0.0,0.0,0.0,1.0,False,False,334.0,1744801.5066763526,1987456.1149688102,6.05442436355471,168734.45749241023,0.020542600724116237,0.001265019789846765,0.7943282347242815,0.7
nan,0.0,0.0,0.0,0.0,0.0,0.0,0.0,0.0,0.0,1.0,False,False,336.0,1744801.5066763526,2001504.1261792362,5.885197806361998,172567.27704387583,0.01880733366592431,0.0012473356016087203,0.7943282347242815,0.7
nan,0.0,0.0,0.0,0.0,0.0,0.0,0.0,0.0,0.0,1.0,False,False,338.0,1744801.5066763526,2015556.3965288803,5.717445079550773,176524.6254730197,0.017169345706132644,0.0012300143878462648,0.7943282347242815,0.7
nan,0.0,0.0,0.0,0.0,0.0,0.0,0.0,0.0,0.0,1.0,False,False,340.0,1744801.5066763526,2029612.769200028,5.551135999878335,180611.69101105817,0.01562726906996958,0.0012130465096943724,0.7943282347242815,0.7
nan,0.0,0.0,0.0,0.0,0.0,0.0,0.0,0.0,0.0,1.0,False,False,342.0,1744801.5066763526,2043673.0911690427,5.386241184192239,184833.8718514317,0.01417951190193616,0.001196422638201157,0.7943282347242815,0.7
nan,0.0,0.0,0.0,0.0,0.0,0.0,0.0,0.0,0.0,1.0,False,False,344.0,1744801.5066763526,2057737.2130801054,5.2227320237378345,189196.77929798275,0.012824256830547042,0.0011801337427805485,0.7943282347242815,0.7
nan,0.0,0.0,0.0,0.0,0.0,0.0,0.0,0.0,0.0,1.0,False,False,346.0,1744801.5066763526,2071804.9891238883,5.060580659422534,193706.23993773642,0.011559461440611126,0.0011641710801473958,0.7943282347242815,0.7
nan,0.0,0.0,0.0,0.0,0.0,0.0,0.0,0.0,0.0,1.0,False,False,348.0,1744801.5066763526,2085876.2769209289,4.899759957996662,198368.29665145502,0.010382860845248334,0.0011485261837130437,0.7943282347242815,0.7
nan,0.0,0.0,0.0,0.0,0.0,0.0,0.0,0.0,0.0,1.0,False,False,350.0,1744801.5066763526,2099950.937409511,4.740243489113153,203189.20825548912,0.009291972534844144,0.0011331908534204691,0.7943282347242815,0.7
nan,0.0,0.0,0.0,0.0,0.0,0.0,0.0,0.0,0.0,1.0,False,False,352.0,1744801.5066763526,2114028.834737852,4.582005503229164,208175.447550505,0.008284103657323528,0.0011181571459990681,0.7943282347242815,0.7
nan,0.0,0.0,0.0,0.0,0.0,0.0,0.0,0.0,0.0,1.0,False,False,354.0,1744801.5066763526,2128109.836160394,4.425020910315171,213333.69753403048,0.007356360853667861,0.0011034173656201743,0.7943282347242815,0.7
nan,0.0,0.0,0.0,0.0,0.0,0.0,0.0,0.0,0.0,1.0,False,False,356.0,1744801.5066763526,2142193.8119380404,4.269265259338381,218670.84551787598,0.006505662733228143,0.0010889640549352417,0.7943282347242815,0.7
nan,0.0,0.0,0.0,0.0,0.0,0.0,0.0,0.0,0.0,1.0,False,False,358.0,1744801.5066763526,2156280.6352421576,4.114714718488334,224193.97487721688,0.005728755025418259,0.0010747899864795452,0.7943282347242815,0.7
nan,0.0,0.0,0.0,0.0,0.0,0.0,0.0,0.0,0.0,1.0,False,False,360.0,1744801.5066763526,2170370.182062174,3.9613460561150675,229910.35414830025,0.005022228387564223,0.0010608881544250449,0.7943282347242815,0.7
nan,0.0,0.0,0.0,0.0,0.0,0.0,0.0,0.0,0.0,1.0,False,False,362.0,1744801.5066763526,2184462.3311166395,3.809136622350253,235827.42318628158,0.004382538783936202,0.0010472517666668452,0.7943282347242815,0.7
nan,0.0,0.0,0.0,0.0,0.0,0.0,0.0,0.0,0.0,1.0,False,False,364.0,1744801.5066763526,2198556.9637675765,3.6580643313840673,241952.77609560775,0.0038060302793070434,0.0010338742372284291,0.7943282347242815,0.7
nan,0.0,0.0,0.0,0.0,0.0,0.0,0.0,0.0,0.0,1.0,False,False,366.0,1744801.5066763526,2212653.9639380006,3.508107644371536,248294.1406549396,0.0032889600134918266,0.001020749178971553,0.7943282347242815,0.7
nan,0.0,0.0,0.0,0.0,0.0,0.0,0.0,0.0,0.0,1.0,False,False,368.0,1744801.5066763526,2226753.218032473,3.3592455529424274,254859.35397696824,0.002827525043842212,0.0010078703965973438,0.7943282347242815,0.7
nan,0.0,0.0,0.0,0.0,0.0,0.0,0.0,0.0,0.0,1.0,False,False,370.0,1744801.5066763526,2240854.6148605472,3.2114575632913955,261656.33417399426,0.0024178906634727926,0.0009952318799258105,0.7943282347242815,0.7
nan,0.0,0.0,0.0,0.0,0.0,0.0,0.0,0.0,0.0,1.0,False,False,372.0,1744801.5066763526,2254958.045563002,3.0647236808248275,268693.047843319,0.0020562197279025926,0.0009828277974415448,0.7943282347242815,0.7
nan,0.0,0.0,0.0,0.0,0.0,0.0,0.0,0.0,0.0,1.0,False,False,374.0,1744801.5066763526,2269063.403540746,2.9190243953424333,275977.473244526,0.001738702455881479,0.000970652490093995,0.7943282347242815,0.7
nan,0.0,0.0,0.0,0.0,0.0,0.0,0.0,0.0,0.0,1.0,False,False,376.0,1744801.5066763526,2283170.584386267,2.7743406667325683,283517.55911410856,0.0014615861159160055,0.0009587004653412405,0.7943282347242815,0.7
nan,0.0,0.0,0.0,0.0,0.0,0.0,0.0,0.0,0.0,1.0,False,False,378.0,1744801.5066763526,2297279.4858175428,2.6306539111610316,291321.1791528871,0.0012212039728078257,0.0009469663914266879,0.7943282347242815,0.7
nan,0.0,0.0,0.0,0.0,0.0,0.0,0.0,0.0,0.0,1.0,False,False,380.0,1744801.5066763526,2311390.0076142945,2.487945987734147,299396.0823277745,0.0010140028525134005,0.000935445091878648,0.7943282347242815,0.7
nan,0.0,0.0,0.0,0.0,0.0,0.0,0.0,0.0,0.0,1.0,False,False,382.0,1744801.5066763526,2325502.0515565025,2.3461991856175675,307749.8392507695,0.0008365686922152462,0.0009241315402231739,0.7943282347242815,0.7
nan,0.0,0.0,0.0,0.0,0.0,0.0,0.0,0.0,0.0,1.0,False,False,384.0,1744801.5066763526,2339615.521365082,2.205396211593312,316389.7850325693,0.0006856494779480469,0.000913020854901034,0.7943282347242815,0.7
nan,0.0,0.0,0.0,0.0,0.0,0.0,0.0,0.0,0.0,1.0,False,False,386.0,1744801.5066763526,2353730.3226446356,2.0655201780377443,325322.95915280544,0.000558175035243264,0.0009021082943800859,0.7943282347242815,0.7
nan,0.0,0.0,0.0,0.0,0.0,0.0,0.0,0.0,0.0,1.0,False,False,388.0,1744801.5066763526,2367846.362828203,1.926554591304901,334556.04303899244,0.00045127322805556827,0.0008913892524547301,0.7943282347242815,0.7
nan,0.0,0.0,0.0,0.0,0.0,0.0,0.0,0.0,0.0,1.0,False,False,390.0,1744801.5066763526,2381963.551123921,1.7884833404990688,344095.2961955452,0.00036228223475469145,0.0008808592537245168,0.7943282347242815,0.7
nan,0.0,0.0,0.0,0.0,0.0,0.0,0.0,0.0,0.0,1.0,False,False,392.0,1744801.5066763526,2396081.7984635257,1.651290686622225,353946.49186678044,0.0002887587022558312,0.0008705139492443289,0.7943282347242815,0.7
nan,0.0,0.0,0.0,0.0,0.0,0.0,0.0,0.0,0.0,1.0,False,False,394.0,1744801.5066763526,2410201.0174526162,1.514961252081943,364114.8533446949,0.00022848172373295927,0.0008603491123389255,0.7943282347242815,0.7
nan,0.0,0.0,0.0,0.0,0.0,0.0,0.0,0.0,0.0,1.0,False,False,396.0,1744801.5066763526,2424321.122322621,1.3794800105460563,374604.9921359204,0.00017945273373295084,0.0008503606345749427,0.7943282347242815,0.7
nan,0.0,0.0,0.0,0.0,0.0,0.0,0.0,0.0,0.0,1.0,False,False,398.0,1744801.5066763526,2438442.028884389,1.2448322771312772,385420.84927370213,0.00013989155807672465,0.0008405445218837893,0.7943282347242815,0.7
nan,0.0,0.0,0.0,0.0,0.0,0.0,0.0,0.0,0.0,1.0,False,False,400.0,1744801.5066763526,2452563.65448335,1.1110036989130552,396565.64109343855,0.00010822898587919989,0.0008308968908291471,0.7943282347242815,0.7
nan,0.0,0.0,0.0,0.0,0.0,0.0,0.0,0.0,0.0,1.0,False,False,402.0,1744801.5066763526,2466685.917956181,0.9779802457448807,408041.8107761794,8.30963393583989e-05,0.000821413965013087,0.7943282347242815,0.7
nan,0.0,0.0,0.0,0.0,0.0,0.0,0.0,0.0,0.0,1.0,False,False,404.0,1744801.5066763526,2480808.739588922,0.8457482013754544,419850.9869017249,6.331259742331581e-05,0.0008120920716150743,0.7943282347242815,0.7
nan,0.0,0.0,0.0,0.0,0.0,0.0,0.0,0.0,0.0,1.0,False,False,406.0,1744801.5066763526,2494932.0410764865,0.7142941548525918,431993.9501376331,4.786967716842168e-05,0.0008029276380583988,0.7943282347242815,0.7
nan,0.0,0.0,0.0,0.0,0.0,0.0,0.0,0.0,0.0,1.0,False,False,408.0,1744801.5066763526,2509055.7454835023,0.5836049922036038,444470.60902596184,3.5916491805970324e-05,0.0007939171887988175,0.7943282347242815,0.7
nan,0.0,0.0,0.0,0.0,0.0,0.0,0.0,0.0,0.0,1.0,False,False,410.0,1744801.5066763526,2523179.7772064544,0.4536678883819241,457279.98561939265,2.6742385425980125e-05,0.000785057342230404,0.7943282347242815,0.7
nan,0.0,0.0,0.0,0.0,0.0,0.0,0.0,0.0,0.0,1.0,False,False,412.0,1744801.5066763526,2537304.06193706,0.3244702994699026,470420.2114712236,1.9760497995366495e-05,0.0007763448077038578,0.7943282347242815,0.7
nan,0.0,0.0,0.0,0.0,0.0,0.0,0.0,0.0,0.0,1.0,False,False,414.0,1744801.5066763526,2551428.5266268407,0.19599995512920232,483888.534209902,1.449154393678951e-05,0.0007677763826527117,0.7943282347242815,0.7
nan,0.0,0.0,0.0,0.0,0.0,0.0,0.0,0.0,0.0,1.0,False,False,416.0,1744801.5066763526,2565553.0994528392,0.06824485128912706,497681.3346411134,1.0548401542716644e-05,0.0007593489498230894,0.7943282347242815,0.7
nan,0.0,0.0,0.0,0.0,0.0,0.0,0.0,0.0,0.0,1.0,False,False,418.0,1744801.5066763526,2579677.709784449,-0.05880675693529462,505212.8264405012,8.868940383288782e-06,0.0007510594746028477,0.7943282347242815,0.7
nan,0.0,0.0,0.0,0.0,0.0,0.0,0.0,0.0,0.0,1.0,False,False,420.0,1744801.5066763526,2593802.288151306,-0.18516636210375728,505212.8264405012,8.868940383288782e-06,0.000742905002446135,0.7943282347242815,0.7
nan,0.0,0.0,0.0,0.0,0.0,0.0,0.0,0.0,0.0,1.0,False,False,422.0,1744801.5066763526,2607926.7662122035,-0.31084521109762775,505212.8264405012,8.868940383288782e-06,0.0007348826563895564,0.7943282347242815,0.7
nan,0.0,0.0,0.0,0.0,0.0,0.0,0.0,0.0,0.0,1.0,False,False,424.0,1744801.5066763526,2622051.0767250024,-0.4358543115610328,505212.8264405012,8.868940383288782e-06,0.000726989634656311,0.7943282347242815,0.7
nan,0.0,0.0,0.0,0.0,0.0,0.0,0.0,0.0,0.0,1.0,False,False,426.0,1744801.5066763526,2636175.153517488,-0.5602044381431525,505212.8264405012,8.868940383288782e-06,0.0007192232083448255,0.7943282347242815,0.7
nan,0.0,0.0,0.0,0.0,0.0,0.0,0.0,0.0,0.0,1.0,False,False,428.0,1744801.5066763526,2650298.931459147,-0.683906138548912,505212.8264405012,8.868940383288782e-06,0.0007115807191985518,0.7943282347242815,0.7
nan,0.0,0.0,0.0,0.0,0.0,0.0,0.0,0.0,0.0,1.0,False,False,430.0,1744801.5066763526,2664422.34643383,-0.8069697394048703,505212.8264405012,8.868940383288782e-06,0.0007040595774537484,0.7943282347242815,0.7
nan,0.0,0.0,0.0,0.0,0.0,0.0,0.0,0.0,0.0,1.0,False,False,432.0,1744801.5066763526,2678545.335313266,-0.9294053519465119,505212.8264405012,8.868940383288782e-06,0.0006966572597621953,0.7943282347242815,0.7
nan,0.0,0.0,0.0,0.0,0.0,0.0,0.0,0.0,0.0,1.0,False,False,434.0,1744801.5066763526,2692667.8359313956,-1.0512228775331642,505212.8264405012,8.868940383288782e-06,0.0006893713071859321,0.7943282347242815,0.7
nan,0.0,0.0,0.0,0.0,0.0,0.0,0.0,0.0,0.0,1.0,False,False,436.0,1744801.5066763526,2706789.7870595055,-1.1724320129969044,505212.8264405012,8.868940383288782e-06,0.0006821993232612165,0.7943282347242815,0.7
nan,0.0,0.0,0.0,0.0,0.0,0.0,0.0,0.0,0.0,1.0,False,False,438.0,1744801.5066763526,2720911.12838212,-1.2930422558308061,505212.8264405012,8.868940383288782e-06,0.0006751389721290442,0.7943282347242815,0.7
nan,0.0,0.0,0.0,0.0,0.0,0.0,0.0,0.0,0.0,1.0,False,False,440.0,1744801.5066763526,2735031.8004736314,-1.413062909221933,505212.8264405012,8.868940383288782e-06,0.0006681879767296598,0.7943282347242815,0.7
nan,0.0,0.0,0.0,0.0,0.0,0.0,0.0,0.0,0.0,1.0,False,False,442.0,1744801.5066763526,2749151.74477565,-1.5325030869347518,505212.8264405012,8.868940383288782e-06,0.0006613441170586107,0.7943282347242815,0.7
nan,0.0,0.0,0.0,0.0,0.0,0.0,0.0,0.0,0.0,1.0,False,False,444.0,1744801.5066763526,2763270.9035750283,-1.6513717180501517,505212.8264405012,8.868940383288782e-06,0.0006546052284819989,0.7943282347242815,0.7
nan,0.0,0.0,0.0,0.0,0.0,0.0,0.0,0.0,0.0,1.0,False,False,446.0,1744801.5066763526,2777389.219982559,-1.7696775515641225,505212.8264405012,8.868940383288782e-06,0.0006479692001086771,0.7943282347242815,0.7
nan,0.0,0.0,0.0,0.0,0.0,0.0,0.0,0.0,0.0,1.0,False,False,448.0,1744801.5066763526,2791506.637912308,-1.8874291608520453,505212.8264405012,8.868940383288782e-06,0.0006414339732172346,0.7943282347242815,0.7
nan,0.0,0.0,0.0,0.0,0.0,0.0,0.0,0.0,0.0,1.0,False,False,450.0,1744801.5066763526,2805623.102061565,-2.0046349480020393,505212.8264405012,8.868940383288782e-06,0.0006349975397357099,0.7943282347242815,0.7
nan,0.0,0.0,0.0,0.0,0.0,0.0,0.0,0.0,0.0,1.0,False,False,452.0,1744801.5066763526,2819738.557891397,-2.1213031480224256,505212.8264405012,8.868940383288782e-06,0.000628657940772043,0.7943282347242815,0.7
nan,0.0,0.0,0.0,0.0,0.0,0.0,0.0,0.0,0.0,1.0,False,False,454.0,1744801.5066763526,2833852.9516077647,-2.237441832927262,505212.8264405012,8.868940383288782e-06,0.0006224132651933811,0.7943282347242815,0.7
nan,0.0,0.0,0.0,0.0,0.0,0.0,0.0,0.0,0.0,1.0,False,False,456.0,1744801.5066763526,2847966.230143212,-2.353058915703926,505212.8264405012,8.868940383288782e-06,0.0006162616482524042,0.7943282347242815,0.7
nan,0.0,0.0,0.0,0.0,0.0,0.0,0.0,0.0,0.0,1.0,False,False,458.0,1744801.5066763526,2862078.3411390814,-2.4681621541668184,505212.8264405012,8.868940383288782e-06,0.0006102012702589344,0.7943282347242815,0.7
nan,0.0,0.0,0.0,0.0,0.0,0.0,0.0,0.0,0.0,1.0,False,False,460.0,1744801.5066763526,2876189.2329282523,-2.582759154700791,505212.8264405012,8.868940383288782e-06,0.0006042303552951531,0.7943282347242815,0.7
nan,0.0,0.0,0.0,0.0,0.0,0.0,0.0,0.0,0.0,1.0,False,False,462.0,1744801.5066763526,2890298.8545183856,-2.6968573758981367,505212.8264405012,8.868940383288782e-06,0.000598347169972817,0.7943282347242815,0.7
nan,0.0,0.0,0.0,0.0,0.0,0.0,0.0,0.0,0.0,1.0,False,False,464.0,1744801.5066763526,2904407.155575647,-2.810464132092129,505212.8264405012,8.868940383288782e-06,0.0005925500222309385,0.7943282347242815,0.7
nan,0.0,0.0,0.0,0.0,0.0,0.0,0.0,0.0,0.0,1.0,False,False,466.0,1744801.5066763526,2918514.086408902,-2.923586596791169,505212.8264405012,8.868940383288782e-06,0.0005868372601724463,0.7943282347242815,0.7
nan,0.0,0.0,0.0,0.0,0.0,0.0,0.0,0.0,0.0,1.0,False,False,468.0,1744801.5066763526,2932619.597954369,-3.0362318060162456,505212.8264405012,8.868940383288782e-06,0.0005812072709384107,0.7943282347242815,0.7
nan,0.0,0.0,0.0,0.0,0.0,0.0,0.0,0.0,0.0,1.0,False,False,470.0,1744801.5066763526,2946723.6417607036,-3.1484066615448403,505212.8264405012,8.868940383288782e-06,0.0005756584796184726,0.7943282347242815,0.7
nan,0.0,0.0,0.0,0.0,0.0,0.0,0.0,0.0,0.0,1.0,False,False,472.0,1744801.5066763526,2960826.169974512,-3.2601179340646773,505212.8264405012,8.868940383288782e-06,0.0005701893481961657,0.7943282347242815,0.7
nan,0.0,0.0,0.0,0.0,0.0,0.0,0.0,0.0,0.0,1.0,False,False,474.0,1744801.5066763526,2974927.1353262733,-3.3713722662397463,505212.8264405012,8.868940383288782e-06,0.0005647983745278812,0.7943282347242815,0.7
nan,0.0,0.0,0.0,0.0,0.0,0.0,0.0,0.0,0.0,1.0,False,False,476.0,1744801.5066763526,2989026.4911166593,-3.482176175691663,505212.8264405012,8.868940383288782e-06,0.0005594840913542654,0.7943282347242815,0.7
nan,0.0,0.0,0.0,0.0,0.0,0.0,0.0,0.0,0.0,1.0,False,False,478.0,1744801.5066763526,3003124.191203238,-3.592536057898994,505212.8264405012,8.868940383288782e-06,0.0005542450653428968,0.7943282347242815,0.7
nan,0.0,0.0,0.0,0.0,0.0,0.0,0.0,0.0,0.0,1.0,False,False,480.0,1744801.5066763526,3017220.1899875463,-3.70245818901707,505212.8264405012,8.868940383288782e-06,0.0005490798961611269,0.7943282347242815,0.7
nan,0.0,0.0,0.0,0.0,0.0,0.0,0.0,0.0,0.0,1.0,False,False,482.0,1744801.5066763526,3031314.4424025323,-3.8119487286209663,505212.8264405012,8.868940383288782e-06,0.0005439872155780182,0.7943282347242815,0.7
nan,0.0,0.0,0.0,0.0,0.0,0.0,0.0,0.0,0.0,1.0,False,False,484.0,1744801.5066763526,3045406.9039003286,-3.9210137223737336,505212.8264405012,8.868940383288782e-06,0.0005389656865943558,0.7943282347242815,0.7
nan,0.0,0.0,0.0,0.0,0.0,0.0,0.0,0.0,0.0,1.0,False,False,486.0,1744801.5066763526,3059497.5304403803,-4.029659104622628,505212.8264405012,8.868940383288782e-06,0.0005340140025997392,0.7943282347242815,0.7
nan,0.0,0.0,0.0,0.0,0.0,0.0,0.0,0.0,0.0,1.0,False,False,488.0,1744801.5066763526,3073586.278477888,-4.137890700925257,505212.8264405012,8.868940383288782e-06,0.0005291308865558138,0.7943282347242815,0.7
nan,0.0,0.0,0.0,0.0,0.0,0.0,0.0,0.0,0.0,1.0,False,False,490.0,1744801.5066763526,3087673.104952571,-4.245714230507936,505212.8264405012,8.868940383288782e-06,0.0005243150902047262,0.7943282347242815,0.7
nan,0.0,0.0,0.0,0.0,0.0,0.0,0.0,0.0,0.0,1.0,False,False,492.0,1744801.5066763526,3101757.9672777387,-4.35313530865831,505212.8264405012,8.868940383288782e-06,0.0005195653933019258,0.7943282347242815,0.7
nan,0.0,0.0,0.0,0.0,0.0,0.0,0.0,0.0,0.0,1.0,False,False,494.0,1744801.5066763526,3115840.8233296485,-4.460159449054378,505212.8264405012,8.868940383288782e-06,0.0005148806028724783,0.7943282347242815,0.7
nan,0.0,0.0,0.0,0.0,0.0,0.0,0.0,0.0,0.0,1.0,False,False,496.0,1744801.5066763526,3129921.6314371726,-4.566792066031679,505212.8264405012,8.868940383288782e-06,0.0005102595524900655,0.7943282347242815,0.7
nan,0.0,0.0,0.0,0.0,0.0,0.0,0.0,0.0,0.0,1.0,False,False,498.0,1744801.5066763526,3144000.3503717124,-4.673038476790641,505212.8264405012,8.868940383288782e-06,0.0005057011015779136,0.7943282347242815,0.7
nan,0.0,0.0,0.0,0.0,0.0,0.0,0.0,0.0,0.0,1.0,False,False,500.0,1744801.5066763526,3158076.939337411,-4.778903903545924,505212.8264405012,8.868940383288782e-06,0.0005012041347308759,0.7943282347242815,0.7
nan,0.0,0.0,0.0,0.0,0.0,0.0,0.0,0.0,0.0,1.0,False,False,502.0,1744801.5066763526,3172151.3579616114,-4.884393475619379,505212.8264405012,8.868940383288782e-06,0.0004967675610579684,0.7943282347242815,0.7
nan,0.0,0.0,0.0,0.0,0.0,0.0,0.0,0.0,0.0,1.0,False,False,504.0,1744801.5066763526,3186223.566285571,-4.989512231478566,505212.8264405012,8.868940383288782e-06,0.0004923903135446536,0.7943282347242815,0.7
nan,0.0,0.0,0.0,0.0,0.0,0.0,0.0,0.0,0.0,1.0,False,False,506.0,1744801.5066763526,3200293.5247554267,-5.09426512072218,505212.8264405012,8.868940383288782e-06,0.0004880713484342072,0.7943282347242815,0.7
nan,0.0,0.0,0.0,0.0,0.0,0.0,0.0,0.0,0.0,1.0,False,False,508.0,1744801.5066763526,3214361.1942133866,-5.198657006014175,505212.8264405012,8.868940383288782e-06,0.0004838096446275254,0.7943282347242815,0.7
nan,0.0,0.0,0.0,0.0,0.0,0.0,0.0,0.0,0.0,1.0,False,False,510.0,1744801.5066763526,3228426.5358891683,-5.302692664967995,505212.8264405012,8.868940383288782e-06,0.000479604203100751,0.7943282347242815,0.7
nan,0.0,0.0,0.0,0.0,0.0,0.0,0.0,0.0,0.0,1.0,False,False,512.0,1744801.5066763526,3242489.511391649,-5.406376791982506,505212.8264405012,8.868940383288782e-06,0.0004754540463401268,0.7943282347242815,0.7
nan,0.0,0.0,0.0,0.0,0.0,0.0,0.0,0.0,0.0,1.0,False,False,514.0,1744801.5066763526,3256550.0827007378,-5.509714000030937,505212.8264405012,8.868940383288782e-06,0.00047135821779349684,0.7943282347242815,0.7
nan,0.0,0.0,0.0,0.0,0.0,0.0,0.0,0.0,0.0,1.0,False,False,516.0,1744801.5066763526,3270608.212159457,-5.612708822404319,505212.8264405012,8.868940383288782e-06,0.0004673157813379089,0.7943282347242815,0.7
nan,0.0,0.0,0.0,0.0,0.0,0.0,0.0,0.0,0.0,1.0,False,False,518.0,1744801.5066763526,3284663.8624662287,-5.71536571441059,505212.8264405012,8.868940383288782e-06,0.00046332582076277936,0.7943282347242815,0.7
nan,0.0,0.0,0.0,0.0,0.0,0.0,0.0,0.0,0.0,1.0,False,False,520.0,1744801.5066763526,3298716.9966673614,-5.817689055031029,505212.8264405012,8.868940383288782e-06,0.0004593874392681127,0.7943282347242815,0.7
nan,0.0,0.0,0.0,0.0,0.0,0.0,0.0,0.0,0.0,1.0,False,False,522.0,1744801.5066763526,3312767.5781497215,-5.919683148534566,505212.8264405012,8.868940383288782e-06,0.00045549975897728016,0.7943282347242815,0.7
nan,0.0,0.0,0.0,0.0,0.0,0.0,0.0,0.0,0.0,1.0,False,False,524.0,1744801.5066763526,3326815.5706336065,-6.02135222605216,505212.8264405012,8.868940383288782e-06,0.00045166192046387684,0.7943282347242815,0.7
nan,0.0,0.0,0.0,0.0,0.0,0.0,0.0,0.0,0.0,1.0,False,False,526.0,1744801.5066763526,3340860.9381657825,-6.122700447111462,505212.8264405012,8.868940383288782e-06,0.0004478730822922077,0.7943282347242815,0.7
nan,0.0,0.0,0.0,0.0,0.0,0.0,0.0,0.0,0.0,1.0,False,False,528.0,1744801.5066763526,3354903.6451127087,-6.223731901133448,505212.8264405012,8.868940383288782e-06,0.0004441324205709508,0.7943282347242815,0.7
nan,0.0,0.0,0.0,0.0,0.0,0.0,0.0,0.0,0.0,1.0,False,False,530.0,1744801.5066763526,3368943.6561539294,-6.324450608892039,505212.8264405012,8.868940383288782e-06,0.00044043912851957675,0.7943282347242815,0.7
nan,0.0,0.0,0.0,0.0,0.0,0.0,0.0,0.0,0.0,1.0,False,False,532.0,1744801.5066763526,3382980.936275632,-6.424860523937562,505212.8264405012,8.868940383288782e-06,0.0004367924160471114,0.7943282347242815,0.7
nan,0.0,0.0,0.0,0.0,0.0,0.0,0.0,0.0,0.0,1.0,False,False,534.0,1744801.5066763526,3397015.4507643646,-6.524965533985314,505212.8264405012,8.868940383288782e-06,0.0004331915093428465,0.7943282347242815,0.7
nan,0.0,0.0,0.0,0.0,0.0,0.0,0.0,0.0,0.0,1.0,False,False,536.0,1744801.5066763526,3411047.165200915,-6.62476946227013,505212.8264405012,8.868940383288782e-06,0.00042963565047861454,0.7943282347242815,0.7
nan,0.0,0.0,0.0,0.0,0.0,0.0,0.0,0.0,0.0,1.0,False,False,538.0,1744801.5066763526,3425076.0454543354,-6.724276068867813,505212.8264405012,8.868940383288782e-06,0.00042612409702226013,0.7943282347242815,0.7
nan,0.0,0.0,0.0,0.0,0.0,0.0,0.0,0.0,0.0,1.0,False,False,540.0,1744801.5066763526,3439102.0576761174,-6.823489051984498,505212.8264405012,8.868940383288782e-06,0.00042265612166195296,0.7943282347242815,0.7
nan,0.0,0.0,0.0,0.0,0.0,0.0,0.0,0.0,0.0,1.0,False,False,542.0,1744801.5066763526,3453125.168294514,-6.922412049214868,505212.8264405012,8.868940383288782e-06,0.00041923101184099715,0.7943282347242815,0.7
nan,0.0,0.0,0.0,0.0,0.0,0.0,0.0,0.0,0.0,1.0,False,False,544.0,1744801.5066763526,3467145.3440089943,-7.02104863876988,505212.8264405012,8.868940383288782e-06,0.0004158480694028083,0.7943282347242815,0.7
nan,0.0,0.0,0.0,0.0,0.0,0.0,0.0,0.0,0.0,1.0,False,False,546.0,1744801.5066763526,3481162.5517848404,-7.119402340675156,505212.8264405012,8.868940383288782e-06,0.0004125066102457356,0.7943282347242815,0.7
nan,0.0,0.0,0.0,0.0,0.0,0.0,0.0,0.0,0.0,1.0,False,False,548.0,1744801.5066763526,3495176.758847868,-7.217476617940494,505212.8264405012,8.868940383288782e-06,0.0004092059639874266,0.7943282347242815,0.7
nan,0.0,0.0,0.0,0.0,0.0,0.0,0.0,0.0,0.0,1.0,False,False,550.0,1744801.5066763526,3509187.932679283,-7.315274877701696,505212.8264405012,8.868940383288782e-06,0.00040594547363842915,0.7943282347242815,0.7
nan,0.0,0.0,0.0,0.0,0.0,0.0,0.0,0.0,0.0,1.0,False,False,552.0,1744801.5066763526,3523196.041010658,-7.412800472335127,505212.8264405012,8.868940383288782e-06,0.0004027244952847501,0.7943282347242815,0.7
nan,0.0,0.0,0.0,0.0,0.0,0.0,0.0,0.0,0.0,1.0,False,False,554.0,1744801.5066763526,3537201.05181903,-7.510056700545887,505212.8264405012,8.868940383288782e-06,0.00039954239777908817,0.7943282347242815,0.7
nan,0.0,0.0,0.0,0.0,0.0,0.0,0.0,0.0,0.0,1.0,False,False,556.0,1744801.5066763526,3551202.9333221177,-7.607046808430443,505212.8264405012,8.868940383288782e-06,0.00039639856244047886,0.7943282347242815,0.7
nan,0.0,0.0,0.0,0.0,0.0,0.0,0.0,0.0,0.0,1.0,False,False,558.0,1744801.5066763526,3565201.6539736507,-7.7037739905141995,505212.8264405012,8.868940383288782e-06,0.00039329238276208597,0.7943282347242815,0.7
nan,0.0,0.0,0.0,0.0,0.0,0.0,0.0,0.0,0.0,1.0,False,False,560.0,1744801.5066763526,3579197.182458811,-7.800241390764734,505212.8264405012,8.868940383288782e-06,0.0003902232641268961,0.7943282347242815,0.7
nan,0.0,0.0,0.0,0.0,0.0,0.0,0.0,0.0,0.0,1.0,False,False,562.0,1744801.5066763526,3593189.487689783,-7.896452103581584,505212.8264405012,8.868940383288782e-06,0.00038719062353107154,0.7943282347242815,0.7
nan,0.0,0.0,0.0,0.0,0.0,0.0,0.0,0.0,0.0,1.0,False,False,564.0,1744801.5066763526,3607178.538801406,-7.992409174762797,505212.8264405012,8.868940383288782e-06,0.00038419388931472886,0.7943282347242815,0.7
nan,0.0,0.0,0.0,0.0,0.0,0.0,0.0,0.0,0.0,1.0,False,False,566.0,1744801.5066763526,3621164.305146935,-8.088115602449356,505212.8264405012,8.868940383288782e-06,0.00038123250089991845,0.7943282347242815,0.7
nan,0.0,0.0,0.0,0.0,0.0,0.0,0.0,0.0,0.0,1.0,False,False,568.0,1744801.5066763526,3635146.756293895,-8.183574338047562,505212.8264405012,8.868940383288782e-06,0.00037830590853558694,0.7943282347242815,0.7
nan,0.0,0.0,0.0,0.0,0.0,0.0,0.0,0.0,0.0,1.0,False,False,570.0,1744801.5066763526,3649125.8620200325,-8.278788287130443,505212.8264405012,8.868940383288782e-06,0.0003754135730493146,0.7943282347242815,0.7
nan,0.0,0.0,0.0,0.0,0.0,0.0,0.0,0.0,0.0,1.0,False,False,572.0,1744801.5066763526,3663101.592309366,-8.373760310318367,505212.8264405012,8.868940383288782e-06,0.0003725549656056184,0.7943282347242815,0.7
nan,0.0,0.0,0.0,0.0,0.0,0.0,0.0,0.0,0.0,1.0,False,False,574.0,1744801.5066763526,3677073.917348325,-8.46849322413966,505212.8264405012,8.868940383288782e-06,0.0003697295674706328,0.7943282347242815,0.7
nan,0.0,0.0,0.0,0.0,0.0,0.0,0.0,0.0,0.0,1.0,False,False,576.0,1744801.5066763526,3691042.807521978,-8.562989801871606,505212.8264405012,8.868940383288782e-06,0.00036693686978296944,0.7943282347242815,0.7
nan,0.0,0.0,0.0,0.0,0.0,0.0,0.0,0.0,0.0,1.0,False,False,578.0,1744801.5066763526,3705008.2334103473,-8.657252774362378,505212.8264405012,8.868940383288782e-06,0.0003641763733305811,0.7943282347242815,0.7
nan,0.0,0.0,0.0,0.0,0.0,0.0,0.0,0.0,0.0,1.0,False,False,580.0,1744801.5066763526,3718970.165784809,-8.751284830834493,505212.8264405012,8.868940383288782e-06,0.00036144758833344347,0.7943282347242815,0.7
nan,0.0,0.0,0.0,0.0,0.0,0.0,0.0,0.0,0.0,1.0,False,False,582.0,1744801.5066763526,3732928.5756045766,-8.845088619670149,505212.8264405012,8.868940383288782e-06,0.0003587500342318889,0.7943282347242815,0.7
nan,0.0,0.0,0.0,0.0,0.0,0.0,0.0,0.0,0.0,1.0,False,False,584.0,1744801.5066763526,3746883.4340132643,-8.938666749178868,505212.8264405012,8.868940383288782e-06,0.000356083239480425,0.7943282347242815,0.7
nan,0.0,0.0,0.0,0.0,0.0,0.0,0.0,0.0,0.0,1.0,False,False,586.0,1744801.5066763526,3760834.712335524,-9.032021788348258,505212.8264405012,8.868940383288782e-06,0.00035344674134687613,0.7943282347242815,0.7
nan,0.0,0.0,0.0,0.0,0.0,0.0,0.0,0.0,0.0,1.0,False,False,588.0,1744801.5066763526,3774782.3820737684,-9.125156267577747,505212.8264405012,8.868940383288782e-06,0.00035084008571669226,0.7943282347242815,0.7
nan,0.0,0.0,0.0,0.0,0.0,0.0,0.0,0.0,0.0,1.0,False,False,590.0,1744801.5066763526,3788726.414904953,-9.218072679396277,505212.8264405012,8.868940383288782e-06,0.0003482628269022774,0.7943282347242815,0.7
nan,0.0,0.0,0.0,0.0,0.0,0.0,0.0,0.0,0.0,1.0,False,False,592.0,1744801.5066763526,3802666.7826774484,-9.31077347916407,505212.8264405012,8.868940383288782e-06,0.0003457145274571878,0.7943282347242815,0.7
nan,0.0,0.0,0.0,0.0,0.0,0.0,0.0,0.0,0.0,1.0,False,False,594.0,1744801.5066763526,3816603.4574079663,-9.403261085758894,505212.8264405012,8.868940383288782e-06,0.00034319475799506397,0.7943282347242815,0.7
nan,0.0,0.0,0.0,0.0,0.0,0.0,0.0,0.0,0.0,1.0,False,False,596.0,1744801.5066763526,3830536.411278565,-9.495537882247325,505212.8264405012,8.868940383288782e-06,0.0003407030970131563,0.7943282347242815,0.7
nan,0.0,0.0,0.0,0.0,0.0,0.0,0.0,0.0,0.0,1.0,False,False,598.0,1744801.5066763526,3844465.616633718,-9.587606216541339,505212.8264405012,8.868940383288782e-06,0.00033823913072031397,0.7943282347242815,0.7
nan,0.0,0.0,0.0,0.0,0.0,0.0,0.0,0.0,0.0,1.0,False,False,600.0,1744801.5066763526,3858391.045977445,-9.679468402040552,505212.8264405012,8.868940383288782e-06,0.00033580245286931026,0.7943282347242815,0.7
