qber,gain,error_gain,double_click_gain,detection_rate_hz,error_rate_hz,rate_bits_per_pulse,rate_bits_per_second,eta_total_baseline,eta_total_faded,fading_factor,clipped,visible,time_s,cumulative_rate_integral_bits,distance_m,elevation_deg,atmospheric_path_m,eta_atmospheric,eta_geometric,eta_pointing,eta_optical
nan,0.0,0.0,0.0,0.0,0.0,0.0,0.0,0.0,0.0,1.5477703448666593,False,False,-600.0,0.0,7135892.143506424,-29.157457869585684,505212.8264405012,8.868940383288782e-06,9.818653066641673e-05,0.7943282347242815,0.7
nan,0.0,0.0,0.0,0.0,0.0,0.0,0.0,0.0,0.0,0.9163976121727619,False,False,-598.0,0.0,7123553.036223553,-29.085672455694432,505212.8264405012,8.868940383288782e-06,9.852695715789012e-05,0.7943282347242815,0.7
nan,0.0,0.0,0.0,0.0,0.0,0.0,0.0,0.0,0.0,0.9323626479646957,False,False,-596.0,0.0,7111205.324602805,-29.01385832328188,505212.8264405012,8.868940383288782e-06,9.886939639900206e-05,0.7943282347242815,0.7
nan,0.0,0.0,0.0,0.0,0.0,0.0,0.0,0.0,0.0,0.9589637847114758,False,False,-594.0,0.0,7098849.024594535,-28.94201530238453,505212.8264405012,8.868940383288782e-06,9.921386403581771e-05,0.7943282347242815,0.7
nan,0.0,0.0,0.0,0.0,0.0,0.0,0.0,0.0,0.0,0.7711692717844534,False,False,-592.0,0.0,7086484.152165611,-28.870143221716248,505212.8264405012,8.868940383288782e-06,9.956037586712847e-05,0.7943282347242815,0.7
nan,0.0,0.0,0.0,0.0,0.0,0.0,0.0,0.0,0.0,0.9100431808741648,False,False,-590.0,0.0,7074110.723299464,-28.79824190865539,505212.8264405012,8.868940383288782e-06,9.990894784624e-05,0.7943282347242815,0.7
nan,0.0,0.0,0.0,0.0,0.0,0.0,0.0,0.0,0.0,0.7470147743117661,False,False,-588.0,0.0,7061728.753996119,-28.72631118923168,505212.8264405012,8.868940383288782e-06,0.00010025959608278533,0.7943282347242815,0.7
nan,0.0,0.0,0.0,0.0,0.0,0.0,0.0,0.0,0.0,0.6158458003942715,False,False,-586.0,0.0,7049338.260272237,-28.65435088811301,505212.8264405012,8.868940383288782e-06,0.0001006123368445623,0.7943282347242815,0.7
nan,0.0,0.0,0.0,0.0,0.0,0.0,0.0,0.0,0.0,1.6355256966977942,False,False,-584.0,0.0,7036939.2581611555,-28.58236082859205,505212.8264405012,8.868940383288782e-06,0.0001009671865593965,0.7943282347242815,0.7
nan,0.0,0.0,0.0,0.0,0.0,0.0,0.0,0.0,0.0,1.259301515094956,False,False,-582.0,0.0,7024531.763712929,-28.51034083257269,505212.8264405012,8.868940383288782e-06,0.00010132416181702981,0.7943282347242815,0.7
nan,0.0,0.0,0.0,0.0,0.0,0.0,0.0,0.0,0.0,0.8771245786726367,False,False,-580.0,0.0,7012115.792994367,-28.43829072055636,505212.8264405012,8.868940383288782e-06,0.00010168327937103478,0.7943282347242815,0.7
nan,0.0,0.0,0.0,0.0,0.0,0.0,0.0,0.0,0.0,1.1606742369943033,False,False,-578.0,0.0,6999691.3620890835,-28.366210311628144,505212.8264405012,8.868940383288782e-06,0.00010204455614075568,0.7943282347242815,0.7
nan,0.0,0.0,0.0,0.0,0.0,0.0,0.0,0.0,0.0,0.9304521059854342,False,False,-576.0,0.0,6987258.487097537,-28.29409942344279,505212.8264405012,8.868940383288782e-06,0.00010240800921327595,0.7943282347242815,0.7
nan,0.0,0.0,0.0,0.0,0.0,0.0,0.0,0.0,0.0,0.8274478730866577,False,False,-574.0,0.0,6974817.184137066,-28.22195787221044,505212.8264405012,8.868940383288782e-06,0.00010277365584541378,0.7943282347242815,0.7
nan,0.0,0.0,0.0,0.0,0.0,0.0,0.0,0.0,0.0,0.7417809435678782,False,False,-572.0,0.0,6962367.46934195,-28.14978547268235,505212.8264405012,8.868940383288782e-06,0.00010314151346574419,0.7943282347242815,0.7
nan,0.0,0.0,0.0,0.0,0.0,0.0,0.0,0.0,0.0,1.1135459374533074,False,False,-570.0,0.0,6949909.358863434,-28.07758203813629,505212.8264405012,8.868940383288782e-06,0.00010351159967665041,0.7943282347242815,0.7
nan,0.0,0.0,0.0,0.0,0.0,0.0,0.0,0.0,0.0,0.5587032474835032,False,False,-568.0,0.0,6937442.8688697945,-28.00534738036186,505212.8264405012,8.868940383288782e-06,0.00010388393225640287,0.7943282347242815,0.7
nan,0.0,0.0,0.0,0.0,0.0,0.0,0.0,0.0,0.0,0.833915967550399,False,False,-566.0,0.0,6924968.015546372,-27.933081309645633,505212.8264405012,8.868940383288782e-06,0.00010425852916126812,0.7943282347242815,0.7
nan,0.0,0.0,0.0,0.0,0.0,0.0,0.0,0.0,0.0,0.8148932513225308,False,False,-564.0,0.0,6912484.815095625,-27.860783634756004,505212.8264405012,8.868940383288782e-06,0.00010463540852764645,0.7943282347242815,0.7
nan,0.0,0.0,0.0,0.0,0.0,0.0,0.0,0.0,0.0,0.7678564893506514,False,False,-562.0,0.0,6899993.283737176,-27.78845416292804,505212.8264405012,8.868940383288782e-06,0.00010501458867424,0.7943282347242815,0.7
nan,0.0,0.0,0.0,0.0,0.0,0.0,0.0,0.0,0.0,0.5723700713923667,False,False,-560.0,0.0,6887493.437707862,-27.716092699848005,505212.8264405012,8.868940383288782e-06,0.00010539608810425121,0.7943282347242815,0.7
nan,0.0,0.0,0.0,0.0,0.0,0.0,0.0,0.0,0.0,0.8912341193993192,False,False,-558.0,0.0,6874985.29326178,-27.643699049637725,505212.8264405012,8.868940383288782e-06,0.00010577992550761208,0.7943282347242815,0.7
nan,0.0,0.0,0.0,0.0,0.0,0.0,0.0,0.0,0.0,0.6613413503666461,False,False,-556.0,0.0,6862468.866670343,-27.571273014838813,505212.8264405012,8.868940383288782e-06,0.00010616611976324514,0.7943282347242815,0.7
nan,0.0,0.0,0.0,0.0,0.0,0.0,0.0,0.0,0.0,0.973017082870375,False,False,-554.0,0.0,6849944.174222332,-27.498814396396696,505212.8264405012,8.868940383288782e-06,0.00010655468994135578,0.7943282347242815,0.7
nan,0.0,0.0,0.0,0.0,0.0,0.0,0.0,0.0,0.0,0.8150346287415577,False,False,-552.0,0.0,6837411.232223943,-27.426322993644348,505212.8264405012,8.868940383288782e-06,0.0001069456553057579,0.7943282347242815,0.7
nan,0.0,0.0,0.0,0.0,0.0,0.0,0.0,0.0,0.0,0.7765894132626701,False,False,-550.0,0.0,6824870.056998839,-27.35379860428599,505212.8264405012,8.868940383288782e-06,0.00010733903531623221,0.7943282347242815,0.7
nan,0.0,0.0,0.0,0.0,0.0,0.0,0.0,0.0,0.0,0.727890608712211,False,False,-548.0,0.0,6812320.664888214,-27.281241024380417,505212.8264405012,8.868940383288782e-06,0.00010773484963091721,0.7943282347242815,0.7
nan,0.0,0.0,0.0,0.0,0.0,0.0,0.0,0.0,0.0,0.9134599489357158,False,False,-546.0,0.0,6799763.072250837,-27.208650048324277,505212.8264405012,8.868940383288782e-06,0.000108133118108736,0.7943282347242815,0.7
nan,0.0,0.0,0.0,0.0,0.0,0.0,0.0,0.0,0.0,0.9125392430757618,False,False,-544.0,0.0,6787197.295463121,-27.136025468835044,505212.8264405012,8.868940383288782e-06,0.00010853386081185566,0.7943282347242815,0.7
nan,0.0,0.0,0.0,0.0,0.0,0.0,0.0,0.0,0.0,0.7955049727037201,False,False,-542.0,0.0,6774623.350919156,-27.06336707693382,505212.8264405012,8.868940383288782e-06,0.00010893709800818404,0.7943282347242815,0.7
nan,0.0,0.0,0.0,0.0,0.0,0.0,0.0,0.0,0.0,0.7459322226926588,False,False,-540.0,0.0,6762041.255030794,-26.9906746619279,505212.8264405012,8.868940383288782e-06,0.00010934285017390008,0.7943282347242815,0.7
nan,0.0,0.0,0.0,0.0,0.0,0.0,0.0,0.0,0.0,0.8970584030042248,False,False,-538.0,0.0,6749451.024227693,-26.917948011393175,505212.8264405012,8.868940383288782e-06,0.00010975113799602197,0.7943282347242815,0.7
nan,0.0,0.0,0.0,0.0,0.0,0.0,0.0,0.0,0.0,0.8914483341304172,False,False,-536.0,0.0,6736852.674957375,-26.845186911156283,505212.8264405012,8.868940383288782e-06,0.00011016198237501204,0.7943282347242815,0.7
nan,0.0,0.0,0.0,0.0,0.0,0.0,0.0,0.0,0.0,0.7508890953112071,False,False,-534.0,0.0,6724246.223685294,-26.77239114527648,505212.8264405012,8.868940383288782e-06,0.00011057540442741875,0.7943282347242815,0.7
nan,0.0,0.0,0.0,0.0,0.0,0.0,0.0,0.0,0.0,0.8914163567109711,False,False,-532.0,0.0,6711631.686894893,-26.699560496027424,505212.8264405012,8.868940383288782e-06,0.00011099142548855706,0.7943282347242815,0.7
nan,0.0,0.0,0.0,0.0,0.0,0.0,0.0,0.0,0.0,1.1500751883343003,False,False,-530.0,0.0,6699009.081087666,-26.62669474387863,505212.8264405012,8.868940383288782e-06,0.00011141006711522781,0.7943282347242815,0.7
nan,0.0,0.0,0.0,0.0,0.0,0.0,0.0,0.0,0.0,1.2384745356164208,False,False,-528.0,0.0,6686378.422783221,-26.553793667476683,505212.8264405012,8.868940383288782e-06,0.00011183135108847647,0.7943282347242815,0.7
nan,0.0,0.0,0.0,0.0,0.0,0.0,0.0,0.0,0.0,1.2788641309445614,False,False,-526.0,0.0,6673739.72851935,-26.4808570436263,505212.8264405012,8.868940383288782e-06,0.00011225529941639157,0.7943282347242815,0.7
nan,0.0,0.0,0.0,0.0,0.0,0.0,0.0,0.0,0.0,1.0014969530238291,False,False,-524.0,0.0,6661093.014852089,-26.4078846472711,505212.8264405012,8.868940383288782e-06,0.0001126819343369446,0.7943282347242815,0.7
nan,0.0,0.0,0.0,0.0,0.0,0.0,0.0,0.0,0.0,1.3654120055979428,False,False,-522.0,0.0,6648438.298355786,-26.334876251474107,505212.8264405012,8.868940383288782e-06,0.00011311127832087075,0.7943282347242815,0.7
nan,0.0,0.0,0.0,0.0,0.0,0.0,0.0,0.0,0.0,0.8128432386706882,False,False,-520.0,0.0,6635775.595623166,-26.26183162739811,505212.8264405012,8.868940383288782e-06,0.00011354335407459234,0.7943282347242815,0.7
nan,0.0,0.0,0.0,0.0,0.0,0.0,0.0,0.0,0.0,1.787504690264417,False,False,-518.0,0.0,6623104.923265407,-26.188750544285625,505212.8264405012,8.868940383288782e-06,0.00011397818454318446,0.7943282347242815,0.7
nan,0.0,0.0,0.0,0.0,0.0,0.0,0.0,0.0,0.0,1.1573230778487162,False,False,-516.0,0.0,6610426.297912202,-26.115632769438772,505212.8264405012,8.868940383288782e-06,0.00011441579291338459,0.7943282347242815,0.7
nan,0.0,0.0,0.0,0.0,0.0,0.0,0.0,0.0,0.0,1.0585121873141934,False,False,-514.0,0.0,6597739.7362118345,-26.042478068198744,505212.8264405012,8.868940383288782e-06,0.00011485620261664669,0.7943282347242815,0.7
nan,0.0,0.0,0.0,0.0,0.0,0.0,0.0,0.0,0.0,0.6608969559230474,False,False,-512.0,0.0,6585045.254831249,-25.969286203925158,505212.8264405012,8.868940383288782e-06,0.00011529943733223978,0.7943282347242815,0.7
nan,0.0,0.0,0.0,0.0,0.0,0.0,0.0,0.0,0.0,0.4917967595011085,False,False,-510.0,0.0,6572342.87045612,-25.896056937974993,505212.8264405012,8.868940383288782e-06,0.00011574552099039278,0.7943282347242815,0.7
nan,0.0,0.0,0.0,0.0,0.0,0.0,0.0,0.0,0.0,0.6513292054610339,False,False,-508.0,0.0,6559632.599790938,-25.82279002968141,505212.8264405012,8.868940383288782e-06,0.00011619447777548552,0.7943282347242815,0.7
nan,0.0,0.0,0.0,0.0,0.0,0.0,0.0,0.0,0.0,0.8577524342365761,False,False,-506.0,0.0,6546914.459559074,-25.749485236332212,505212.8264405012,8.868940383288782e-06,0.00011664633212928769,0.7943282347242815,0.7
nan,0.0,0.0,0.0,0.0,0.0,0.0,0.0,0.0,0.0,1.0028062591761833,False,False,-504.0,0.0,6534188.466502856,-25.676142313148013,505212.8264405012,8.868940383288782e-06,0.00011710110875424538,0.7943282347242815,0.7
nan,0.0,0.0,0.0,0.0,0.0,0.0,0.0,0.0,0.0,1.8717710875608984,False,False,-502.0,0.0,6521454.63738366,-25.60276101326022,505212.8264405012,8.868940383288782e-06,0.00011755883261681671,0.7943282347242815,0.7
nan,0.0,0.0,0.0,0.0,0.0,0.0,0.0,0.0,0.0,1.209203176250492,False,False,-500.0,0.0,6508712.988981972,-25.529341087688667,505212.8264405012,8.868940383288782e-06,0.00011801952895085765,0.7943282347242815,0.7
nan,0.0,0.0,0.0,0.0,0.0,0.0,0.0,0.0,0.0,0.9215811040551053,False,False,-498.0,0.0,6495963.538097479,-25.45588228531893,505212.8264405012,8.868940383288782e-06,0.00011848322326105822,0.7943282347242815,0.7
nan,0.0,0.0,0.0,0.0,0.0,0.0,0.0,0.0,0.0,0.9234391592666091,False,False,-496.0,0.0,6483206.301549151,-25.38238435287944,505212.8264405012,8.868940383288782e-06,0.00011894994132642997,0.7943282347242815,0.7
nan,0.0,0.0,0.0,0.0,0.0,0.0,0.0,0.0,0.0,0.8656307855024434,False,False,-494.0,0.0,6470441.296175314,-25.30884703491824,505212.8264405012,8.868940383288782e-06,0.00011941970920384664,0.7943282347242815,0.7
nan,0.0,0.0,0.0,0.0,0.0,0.0,0.0,0.0,0.0,0.6400466179438049,False,False,-492.0,0.0,6457668.53883375,-25.235270073779446,505212.8264405012,8.868940383288782e-06,0.00011989255323163713,0.7943282347242815,0.7
nan,0.0,0.0,0.0,0.0,0.0,0.0,0.0,0.0,0.0,0.8468485536402375,False,False,-490.0,0.0,6444888.046401767,-25.16165320957945,505212.8264405012,8.868940383288782e-06,0.00012036850003323369,0.7943282347242815,0.7
nan,0.0,0.0,0.0,0.0,0.0,0.0,0.0,0.0,0.0,1.207861382785253,False,False,-488.0,0.0,6432099.835776299,-25.087996180182678,505212.8264405012,8.868940383288782e-06,0.0001208475765208744,0.7943282347242815,0.7
nan,0.0,0.0,0.0,0.0,0.0,0.0,0.0,0.0,0.0,0.7781449548064829,False,False,-486.0,0.0,6419303.923873986,-25.014298721177294,505212.8264405012,8.868940383288782e-06,0.0001213298098993626,0.7943282347242815,0.7
nan,0.0,0.0,0.0,0.0,0.0,0.0,0.0,0.0,0.0,0.8778307560541195,False,False,-484.0,0.0,6406500.327631266,-24.940560565850284,505212.8264405012,8.868940383288782e-06,0.0001218152276698828,0.7943282347242815,0.7
nan,0.0,0.0,0.0,0.0,0.0,0.0,0.0,0.0,0.0,1.020736689781772,False,False,-482.0,0.0,6393689.064004465,-24.86678144516238,505212.8264405012,8.868940383288782e-06,0.00012230385763387493,0.7943282347242815,0.7
nan,0.0,0.0,0.0,0.0,0.0,0.0,0.0,0.0,0.0,0.6995249933734682,False,False,-480.0,0.0,6380870.149969897,-24.79296108772271,505212.8264405012,8.868940383288782e-06,0.00012279572789696756,0.7943282347242815,0.7
nan,0.0,0.0,0.0,0.0,0.0,0.0,0.0,0.0,0.0,0.8879543064255958,False,False,-478.0,0.0,6368043.602523945,-24.71909921976295,505212.8264405012,8.868940383288782e-06,0.00012329086687297162,0.7943282347242815,0.7
nan,0.0,0.0,0.0,0.0,0.0,0.0,0.0,0.0,0.0,1.3695266220025217,False,False,-476.0,0.0,6355209.438683172,-24.645195565111287,505212.8264405012,8.868940383288782e-06,0.00012378930328793466,0.7943282347242815,0.7
nan,0.0,0.0,0.0,0.0,0.0,0.0,0.0,0.0,0.0,1.1833742110059406,False,False,-474.0,0.0,6342367.675484402,-24.571249845165905,505212.8264405012,8.868940383288782e-06,0.0001242910661842581,0.7943282347242815,0.7
nan,0.0,0.0,0.0,0.0,0.0,0.0,0.0,0.0,0.0,0.7278165176867505,False,False,-472.0,0.0,6329518.329984832,-24.497261778868285,505212.8264405012,8.868940383288782e-06,0.00012479618492487713,0.7943282347242815,0.7
nan,0.0,0.0,0.0,0.0,0.0,0.0,0.0,0.0,0.0,1.805623938360727,False,False,-470.0,0.0,6316661.419262125,-24.423231082675954,505212.8264405012,8.868940383288782e-06,0.00012530468919750554,0.7943282347242815,0.7
nan,0.0,0.0,0.0,0.0,0.0,0.0,0.0,0.0,0.0,1.1610441564640603,False,False,-468.0,0.0,6303796.960414516,-24.349157470535076,505212.8264405012,8.868940383288782e-06,0.00012581660901894595,0.7943282347242815,0.7
nan,0.0,0.0,0.0,0.0,0.0,0.0,0.0,0.0,0.0,1.250283959683973,False,False,-466.0,0.0,6290924.970560908,-24.275040653852482,505212.8264405012,8.868940383288782e-06,0.00012633197473946705,0.7943282347242815,0.7
nan,0.0,0.0,0.0,0.0,0.0,0.0,0.0,0.0,0.0,1.0254892715365413,False,False,-464.0,0.0,6278045.466840988,-24.20088034146754,505212.8264405012,8.868940383288782e-06,0.0001268508170472481,0.7943282347242815,0.7
nan,0.0,0.0,0.0,0.0,0.0,0.0,0.0,0.0,0.0,1.5074788493345697,False,False,-462.0,0.0,6265158.466415323,-24.126676239623407,505212.8264405012,8.868940383288782e-06,0.00012737316697289356,0.7943282347242815,0.7
nan,0.0,0.0,0.0,0.0,0.0,0.0,0.0,0.0,0.0,1.9663608044635477,False,False,-460.0,0.0,6252263.986465479,-24.052428051938136,505212.8264405012,8.868940383288782e-06,0.00012789905589401704,0.7943282347242815,0.7
nan,0.0,0.0,0.0,0.0,0.0,0.0,0.0,0.0,0.0,1.231629066874172,False,False,-458.0,0.0,6239362.044194117,-23.978135479375215,505212.8264405012,8.868940383288782e-06,0.00012842851553989797,0.7943282347242815,0.7
nan,0.0,0.0,0.0,0.0,0.0,0.0,0.0,0.0,0.0,0.8223798398701634,False,False,-456.0,0.0,6226452.656825119,-23.90379822021381,505212.8264405012,8.868940383288782e-06,0.00012896157799621,0.7943282347242815,0.7
nan,0.0,0.0,0.0,0.0,0.0,0.0,0.0,0.0,0.0,1.0126689490467,False,False,-454.0,0.0,6213535.841603692,-23.829415970018545,505212.8264405012,8.868940383288782e-06,0.0001294982757098247,0.7943282347242815,0.7
nan,0.0,0.0,0.0,0.0,0.0,0.0,0.0,0.0,0.0,0.8102839974250317,False,False,-452.0,0.0,6200611.615796492,-23.75498842160898,505212.8264405012,8.868940383288782e-06,0.0001300386414936898,0.7943282347242815,0.7
nan,0.0,0.0,0.0,0.0,0.0,0.0,0.0,0.0,0.0,0.712108058083788,False,False,-450.0,0.0,6187679.996691733,-23.680515265028497,505212.8264405012,8.868940383288782e-06,0.00013058270853178534,0.7943282347242815,0.7
nan,0.0,0.0,0.0,0.0,0.0,0.0,0.0,0.0,0.0,1.0823288886895992,False,False,-448.0,0.0,6174741.001599304,-23.605996187512925,505212.8264405012,8.868940383288782e-06,0.00013113051038415733,0.7943282347242815,0.7
nan,0.0,0.0,0.0,0.0,0.0,0.0,0.0,0.0,0.0,0.9724005898840369,False,False,-446.0,0.0,6161794.647850905,-23.53143087345874,505212.8264405012,8.868940383288782e-06,0.0001316820809920312,0.7943282347242815,0.7
nan,0.0,0.0,0.0,0.0,0.0,0.0,0.0,0.0,0.0,0.5147343439559816,False,False,-444.0,0.0,6148840.952800151,-23.456819004390635,505212.8264405012,8.868940383288782e-06,0.00013223745468300685,0.7943282347242815,0.7
nan,0.0,0.0,0.0,0.0,0.0,0.0,0.0,0.0,0.0,0.9774615331493425,False,False,-442.0,0.0,6135879.933822712,-23.382160258928923,505212.8264405012,8.868940383288782e-06,0.00013279666617633571,0.7943282347242815,0.7
nan,0.0,0.0,0.0,0.0,0.0,0.0,0.0,0.0,0.0,1.5912389370015738,False,False,-440.0,0.0,6122911.608316426,-23.30745431275631,505212.8264405012,8.868940383288782e-06,0.0001333597505882826,0.7943282347242815,0.7
nan,0.0,0.0,0.0,0.0,0.0,0.0,0.0,0.0,0.0,1.2291266738383608,False,False,-438.0,0.0,6109935.993701444,-23.232700838584197,505212.8264405012,8.868940383288782e-06,0.00013392674343757212,0.7943282347242815,0.7
nan,0.0,0.0,0.0,0.0,0.0,0.0,0.0,0.0,0.0,0.7850496041277483,False,False,-436.0,0.0,6096953.107420344,-23.15789950611871,505212.8264405012,8.868940383288782e-06,0.00013449768065092386,0.7943282347242815,0.7
nan,0.0,0.0,0.0,0.0,0.0,0.0,0.0,0.0,0.0,1.3090262481988943,False,False,-434.0,0.0,6083962.966938274,-23.083049982026022,505212.8264405012,8.868940383288782e-06,0.0001350725985686747,0.7943282347242815,0.7
nan,0.0,0.0,0.0,0.0,0.0,0.0,0.0,0.0,0.0,0.7111848780227312,False,False,-432.0,0.0,6070965.589743088,-23.00815192989738,505212.8264405012,8.868940383288782e-06,0.00013565153395049269,0.7943282347242815,0.7
nan,0.0,0.0,0.0,0.0,0.0,0.0,0.0,0.0,0.0,0.7649666607951342,False,False,-430.0,0.0,6057960.993345473,-22.933205010213545,505212.8264405012,8.868940383288782e-06,0.0001362345239811828,0.7943282347242815,0.7
nan,0.0,0.0,0.0,0.0,0.0,0.0,0.0,0.0,0.0,0.8670585004252247,False,False,-428.0,0.0,6044949.195279099,-22.858208880308784,505212.8264405012,8.868940383288782e-06,0.00013682160627658592,0.7943282347242815,0.7
nan,0.0,0.0,0.0,0.0,0.0,0.0,0.0,0.0,0.0,0.8171306589720857,False,False,-426.0,0.0,6031930.213100755,-22.783163194334346,505212.8264405012,8.868940383288782e-06,0.00013741281888957413,0.7943282347242815,0.7
nan,0.0,0.0,0.0,0.0,0.0,0.0,0.0,0.0,0.0,0.820523368453912,False,False,-424.0,0.0,6018904.064390494,-22.708067603221448,505212.8264405012,8.868940383288782e-06,0.00013800820031614275,0.7943282347242815,0.7
nan,0.0,0.0,0.0,0.0,0.0,0.0,0.0,0.0,0.0,1.0817168598014908,False,False,-422.0,0.0,6005870.766751778,-22.632921754643696,505212.8264405012,8.868940383288782e-06,0.0001386077895016016,0.7943282347242815,0.7
nan,0.0,0.0,0.0,0.0,0.0,0.0,0.0,0.0,0.0,1.1346395108847338,False,False,-420.0,0.0,5992830.33781163,-22.55772529297905,505212.8264405012,8.868940383288782e-06,0.00013921162584686717,0.7943282347242815,0.7
nan,0.0,0.0,0.0,0.0,0.0,0.0,0.0,0.0,0.0,0.8774570696170353,False,False,-418.0,0.0,5979782.7952207755,-22.482477859271214,505212.8264405012,8.868940383288782e-06,0.00013981974921485802,0.7943282347242815,0.7
nan,0.0,0.0,0.0,0.0,0.0,0.0,0.0,0.0,0.0,0.7195706024975633,False,False,-416.0,0.0,5966728.1566538075,-22.40717909119045,505212.8264405012,8.868940383288782e-06,0.00014043219993699403,0.7943282347242815,0.7
nan,0.0,0.0,0.0,0.0,0.0,0.0,0.0,0.0,0.0,1.3422068246348082,False,False,-414.0,0.0,5953666.439809335,-22.331828622993935,505212.8264405012,8.868940383288782e-06,0.000141049018819803,0.7943282347242815,0.7
nan,0.0,0.0,0.0,0.0,0.0,0.0,0.0,0.0,0.0,1.2508676196625417,False,False,-412.0,0.0,5940597.662410138,-22.25642608548548,505212.8264405012,8.868940383288782e-06,0.00014167024715163612,0.7943282347242815,0.7
nan,0.0,0.0,0.0,0.0,0.0,0.0,0.0,0.0,0.0,0.9310351952360701,False,False,-410.0,0.0,5927521.842203338,-22.18097110597469,505212.8264405012,8.868940383288782e-06,0.00014229592670949334,0.7943282347242815,0.7
nan,0.0,0.0,0.0,0.0,0.0,0.0,0.0,0.0,0.0,0.7226022483519662,False,False,-408.0,0.0,5914438.996960549,-22.105463308235564,505212.8264405012,8.868940383288782e-06,0.00014292609976596253,0.7943282347242815,0.7
nan,0.0,0.0,0.0,0.0,0.0,0.0,0.0,0.0,0.0,0.5941568755106724,False,False,-406.0,0.0,5901349.144478053,-22.029902312464476,505212.8264405012,8.868940383288782e-06,0.00014356080909627282,0.7943282347242815,0.7
nan,0.0,0.0,0.0,0.0,0.0,0.0,0.0,0.0,0.0,0.6322762283889402,False,False,-404.0,0.0,5888252.302576963,-21.95428773523766,505212.8264405012,8.868940383288782e-06,0.00014420009798546545,0.7943282347242815,0.7
nan,0.0,0.0,0.0,0.0,0.0,0.0,0.0,0.0,0.0,0.6123670363955771,False,False,-402.0,0.0,5875148.4891033955,-21.878619189467894,505212.8264405012,8.868940383288782e-06,0.00014484401023568406,0.7943282347242815,0.7
nan,0.0,0.0,0.0,0.0,0.0,0.0,0.0,0.0,0.0,0.476475888645488,False,False,-400.0,0.0,5862037.721928644,-21.802896284360756,505212.8264405012,8.868940383288782e-06,0.00014549259017358618,0.7943282347242815,0.7
nan,0.0,0.0,0.0,0.0,0.0,0.0,0.0,0.0,0.0,0.8633952521703125,False,False,-398.0,0.0,5848920.018949353,-21.727118625370156,505212.8264405012,8.868940383288782e-06,0.00014614588265787927,0.7943282347242815,0.7
nan,0.0,0.0,0.0,0.0,0.0,0.0,0.0,0.0,0.0,1.9805957208151355,False,False,-396.0,0.0,5835795.398087702,-21.65128581415323,505212.8264405012,8.868940383288782e-06,0.00014680393308698247,0.7943282347242815,0.7
nan,0.0,0.0,0.0,0.0,0.0,0.0,0.0,0.0,0.0,2.025950520957025,False,False,-394.0,0.0,5822663.877291585,-21.575397448524576,505212.8264405012,8.868940383288782e-06,0.0001474667874068172,0.7943282347242815,0.7
nan,0.0,0.0,0.0,0.0,0.0,0.0,0.0,0.0,0.0,1.1137238231000555,False,False,-392.0,0.0,5809525.474534794,-21.499453122409957,505212.8264405012,8.868940383288782e-06,0.0001481344921187297,0.7943282347242815,0.7
nan,0.0,0.0,0.0,0.0,0.0,0.0,0.0,0.0,0.0,0.970982147162151,False,False,-390.0,0.0,5796380.207817209,-21.42345242579907,505212.8264405012,8.868940383288782e-06,0.0001488070942875461,0.7943282347242815,0.7
nan,0.0,0.0,0.0,0.0,0.0,0.0,0.0,0.0,0.0,1.1319744229597992,False,False,-388.0,0.0,5783228.09516499,-21.347394944697935,505212.8264405012,8.868940383288782e-06,0.00014948464154976456,0.7943282347242815,0.7
nan,0.0,0.0,0.0,0.0,0.0,0.0,0.0,0.0,0.0,1.198097668572287,False,False,-386.0,0.0,5770069.154630768,-21.271280261080346,505212.8264405012,8.868940383288782e-06,0.00015016718212188635,0.7943282347242815,0.7
nan,0.0,0.0,0.0,0.0,0.0,0.0,0.0,0.0,0.0,0.8125061915759304,False,False,-384.0,0.0,5756903.4042938445,-21.195107952838747,505212.8264405012,8.868940383288782e-06,0.00015085476480888825,0.7943282347242815,0.7
nan,0.0,0.0,0.0,0.0,0.0,0.0,0.0,0.0,0.0,1.8202596726477427,False,False,-382.0,0.0,5743730.862260394,-21.11887759373435,505212.8264405012,8.868940383288782e-06,0.00015154743901283932,0.7943282347242815,0.7
nan,0.0,0.0,0.0,0.0,0.0,0.0,0.0,0.0,0.0,1.4837325807154413,False,False,-380.0,0.0,5730551.5466636615,-21.04258875334652,505212.8264405012,8.868940383288782e-06,0.0001522452547416654,0.7943282347242815,0.7
nan,0.0,0.0,0.0,0.0,0.0,0.0,0.0,0.0,0.0,1.0403094359212215,False,False,-378.0,0.0,5717365.475664173,-20.966240997021405,505212.8264405012,8.868940383288782e-06,0.00015294826261806317,0.7943282347242815,0.7
nan,0.0,0.0,0.0,0.0,0.0,0.0,0.0,0.0,0.0,1.4855767215957913,False,False,-376.0,0.0,5704172.667449949,-20.889833885819883,505212.8264405012,8.868940383288782e-06,0.00015365651388856715,0.7943282347242815,0.7
nan,0.0,0.0,0.0,0.0,0.0,0.0,0.0,0.0,0.0,1.0832018285401561,False,False,-374.0,0.0,5690973.140236715,-20.813366976464593,505212.8264405012,8.868940383288782e-06,0.00015437006043277296,0.7943282347242815,0.7
nan,0.0,0.0,0.0,0.0,0.0,0.0,0.0,0.0,0.0,1.2278109939910817,False,False,-372.0,0.0,5677766.912268112,-20.736839821286342,505212.8264405012,8.868940383288782e-06,0.00015508895477272,0.7943282347242815,0.7
nan,0.0,0.0,0.0,0.0,0.0,0.0,0.0,0.0,0.0,1.05523836814594,False,False,-370.0,0.0,5664554.001815934,-20.660251968169625,505212.8264405012,8.868940383288782e-06,0.0001558132500824354,0.7943282347242815,0.7
nan,0.0,0.0,0.0,0.0,0.0,0.0,0.0,0.0,0.0,1.533706563943654,False,False,-368.0,0.0,5651334.427180331,-20.58360296049731,505212.8264405012,8.868940383288782e-06,0.00015654300019764443,0.7943282347242815,0.7
nan,0.0,0.0,0.0,0.0,0.0,0.0,0.0,0.0,0.0,1.0181176495851665,False,False,-366.0,0.0,5638108.206690058,-20.506892337094612,505212.8264405012,8.868940383288782e-06,0.00015727825962564846,0.7943282347242815,0.7
nan,0.0,0.0,0.0,0.0,0.0,0.0,0.0,0.0,0.0,1.1410748600791598,False,False,-364.0,0.0,5624875.358702691,-20.430119632172143,505212.8264405012,8.868940383288782e-06,0.00015801908355537631,0.7943282347242815,0.7
nan,0.0,0.0,0.0,0.0,0.0,0.0,0.0,0.0,0.0,1.5356588665350852,False,False,-362.0,0.0,5611635.90160487,-20.353284375268075,505212.8264405012,8.868940383288782e-06,0.0001587655278676097,0.7943282347242815,0.7
nan,0.0,0.0,0.0,0.0,0.0,0.0,0.0,0.0,0.0,0.8256888423606205,False,False,-360.0,0.0,5598389.853812536,-20.276386091189536,505212.8264405012,8.868940383288782e-06,0.0001595176491453888,0.7943282347242815,0.7
nan,0.0,0.0,0.0,0.0,0.0,0.0,0.0,0.0,0.0,0.8659915612866348,False,False,-358.0,0.0,5585137.233771171,-20.19942429995307,505212.8264405012,8.868940383288782e-06,0.00016027550468459973,0.7943282347242815,0.7
nan,0.0,0.0,0.0,0.0,0.0,0.0,0.0,0.0,0.0,0.7979237703407869,False,False,-356.0,0.0,5571878.059956055,-20.12239851672415,505212.8264405012,8.868940383288782e-06,0.00016103915250474798,0.7943282347242815,0.7
nan,0.0,0.0,0.0,0.0,0.0,0.0,0.0,0.0,0.0,0.6728714756839084,False,False,-354.0,0.0,5558612.350872506,-20.045308251755912,505212.8264405012,8.868940383288782e-06,0.00016180865135992248,0.7943282347242815,0.7
nan,0.0,0.0,0.0,0.0,0.0,0.0,0.0,0.0,0.0,0.6108466494829504,False,False,-352.0,0.0,5545340.125056143,-19.968153010326766,505212.8264405012,8.868940383288782e-06,0.0001625840607499531,0.7943282347242815,0.7
nan,0.0,0.0,0.0,0.0,0.0,0.0,0.0,0.0,0.0,0.8767391045880889,False,False,-350.0,0.0,5532061.40107314,-19.89093229267726,505212.8264405012,8.868940383288782e-06,0.00016336544093176571,0.7943282347242815,0.7
nan,0.0,0.0,0.0,0.0,0.0,0.0,0.0,0.0,0.0,0.8802717080326076,False,False,-348.0,0.0,5518776.197520493,-19.813645593945825,505212.8264405012,8.868940383288782e-06,0.00016415285293093905,0.7943282347242815,0.7
nan,0.0,0.0,0.0,0.0,0.0,0.0,0.0,0.0,0.0,0.6039679702991281,False,False,-346.0,0.0,5505484.533026289,-19.736292404103654,505212.8264405012,8.868940383288782e-06,0.00016494635855346734,0.7943282347242815,0.7
nan,0.0,0.0,0.0,0.0,0.0,0.0,0.0,0.0,0.0,0.8495026696007437,False,False,-344.0,0.0,5492186.426249975,-19.658872207888436,505212.8264405012,8.868940383288782e-06,0.00016574602039773296,0.7943282347242815,0.7
nan,0.0,0.0,0.0,0.0,0.0,0.0,0.0,0.0,0.0,0.6420424318254667,False,False,-342.0,0.0,5478881.895882642,-19.581384484737292,505212.8264405012,8.868940383288782e-06,0.00016655190186669303,0.7943282347242815,0.7
nan,0.0,0.0,0.0,0.0,0.0,0.0,0.0,0.0,0.0,0.7745058227163925,False,False,-340.0,0.0,5465570.960647296,-19.503828708718416,505212.8264405012,8.868940383288782e-06,0.00016736406718028513,0.7943282347242815,0.7
nan,0.0,0.0,0.0,0.0,0.0,0.0,0.0,0.0,0.0,1.108206281203275,False,False,-338.0,0.0,5452253.639299153,-19.426204348461905,505212.8264405012,8.868940383288782e-06,0.0001681825813880557,0.7943282347242815,0.7
nan,0.0,0.0,0.0,0.0,0.0,0.0,0.0,0.0,0.0,0.7306557708549701,False,False,-336.0,0.0,5438929.950625928,-19.348510867089338,505212.8264405012,8.868940383288782e-06,0.0001690075103820164,0.7943282347242815,0.7
nan,0.0,0.0,0.0,0.0,0.0,0.0,0.0,0.0,0.0,1.1615157961730773,False,False,-334.0,0.0,5425599.913448129,-19.270747722142364,505212.8264405012,8.868940383288782e-06,0.00016983892090973222,0.7943282347242815,0.7
nan,0.0,0.0,0.0,0.0,0.0,0.0,0.0,0.0,0.0,1.3200815212213879,False,False,-332.0,0.0,5412263.5466193585,-19.192914365510116,505212.8264405012,8.868940383288782e-06,0.00017067688058764802,0.7943282347242815,0.7
nan,0.0,0.0,0.0,0.0,0.0,0.0,0.0,0.0,0.0,0.8872578105990238,False,False,-330.0,0.0,5398920.869026624,-19.115010243355574,505212.8264405012,8.868940383288782e-06,0.0001715214579146556,0.7943282347242815,0.7
nan,0.0,0.0,0.0,0.0,0.0,0.0,0.0,0.0,0.0,0.8960463520958524,False,False,-328.0,0.0,5385571.899590637,-19.03703479604068,505212.8264405012,8.868940383288782e-06,0.0001723727222859096,0.7943282347242815,0.7
nan,0.0,0.0,0.0,0.0,0.0,0.0,0.0,0.0,0.0,1.065904029191086,False,False,-326.0,0.0,5372216.657266148,-18.958987458050334,505212.8264405012,8.868940383288782e-06,0.00017323074400689328,0.7943282347242815,0.7
nan,0.0,0.0,0.0,0.0,0.0,0.0,0.0,0.0,0.0,1.0689226259646682,False,False,-324.0,0.0,5358855.16104225,-18.880867657915214,505212.8264405012,8.868940383288782e-06,0.00017409559430774473,0.7943282347242815,0.7
nan,0.0,0.0,0.0,0.0,0.0,0.0,0.0,0.0,0.0,1.1734858663533758,False,False,-322.0,0.0,5345487.429942715,-18.80267481813331,505212.8264405012,8.868940383288782e-06,0.00017496734535784345,0.7943282347242815,0.7
nan,0.0,0.0,0.0,0.0,0.0,0.0,0.0,0.0,0.0,0.8364625736341028,False,False,-320.0,0.0,5332113.483026322,-18.72440835509029,505212.8264405012,8.868940383288782e-06,0.00017584607028066698,0.7943282347242815,0.7
nan,0.0,0.0,0.0,0.0,0.0,0.0,0.0,0.0,0.0,0.791672458198602,False,False,-318.0,0.0,5318733.339387203,-18.646067678978564,505212.8264405012,8.868940383288782e-06,0.00017673184316892033,0.7943282347242815,0.7
nan,0.0,0.0,0.0,0.0,0.0,0.0,0.0,0.0,0.0,1.0922666109192536,False,False,-316.0,0.0,5305347.0181551725,-18.567652193715084,505212.8264405012,8.868940383288782e-06,0.0001776247390999466,0.7943282347242815,0.7
nan,0.0,0.0,0.0,0.0,0.0,0.0,0.0,0.0,0.0,0.7402966908588827,False,False,-314.0,0.0,5291954.538496094,-18.489161296857763,505212.8264405012,8.868940383288782e-06,0.0001785248341514218,0.7943282347242815,0.7
nan,0.0,0.0,0.0,0.0,0.0,0.0,0.0,0.0,0.0,1.1397820621360917,False,False,-312.0,0.0,5278555.919612224,-18.410594379520752,505212.8264405012,8.868940383288782e-06,0.00017943220541734257,0.7943282347242815,0.7
nan,0.0,0.0,0.0,0.0,0.0,0.0,0.0,0.0,0.0,0.5003147161024337,False,False,-310.0,0.0,5265151.180742574,-18.331950826288097,505212.8264405012,8.868940383288782e-06,0.00018034693102431218,0.7943282347242815,0.7
nan,0.0,0.0,0.0,0.0,0.0,0.0,0.0,0.0,0.0,0.5017563307868312,False,False,-308.0,0.0,5251740.341163284,-18.253230015126206,505212.8264405012,8.868940383288782e-06,0.00018126909014812889,0.7943282347242815,0.7
nan,0.0,0.0,0.0,0.0,0.0,0.0,0.0,0.0,0.0,0.3881181827506757,False,False,-306.0,0.0,5238323.420187992,-18.17443131729483,505212.8264405012,8.868940383288782e-06,0.00018219876303068782,0.7943282347242815,0.7
nan,0.0,0.0,0.0,0.0,0.0,0.0,0.0,0.0,0.0,0.9336582544858038,False,False,-304.0,0.0,5224900.437168215,-18.095554097256635,505212.8264405012,8.868940383288782e-06,0.00018313603099719787,0.7943282347242815,0.7
nan,0.0,0.0,0.0,0.0,0.0,0.0,0.0,0.0,0.0,1.141135461631212,False,False,-302.0,0.0,5211471.411493741,-18.016597712585295,505212.8264405012,8.868940383288782e-06,0.00018408097647372467,0.7943282347242815,0.7
nan,0.0,0.0,0.0,0.0,0.0,0.0,0.0,0.0,0.0,0.7728336377223468,False,False,-300.0,0.0,5198036.362593007,-17.937561513872083,505212.8264405012,8.868940383288782e-06,0.00018503368300506413,0.7943282347242815,0.7
nan,0.0,0.0,0.0,0.0,0.0,0.0,0.0,0.0,0.0,0.9556957167705408,False,False,-298.0,0.0,5184595.309933525,-17.858444844630984,505212.8264405012,8.868940383288782e-06,0.00018599423527295344,0.7943282347242815,0.7
nan,0.0,0.0,0.0,0.0,0.0,0.0,0.0,0.0,0.0,1.1991220584913485,False,False,-296.0,0.0,5171148.273022262,-17.779247041202186,505212.8264405012,8.868940383288782e-06,0.00018696271911463008,0.7943282347242815,0.7
nan,0.0,0.0,0.0,0.0,0.0,0.0,0.0,0.0,0.0,0.8717772369452667,False,False,-294.0,0.0,5157695.271406071,-17.69996743265413,505212.8264405012,8.868940383288782e-06,0.00018793922154174193,0.7943282347242815,0.7
nan,0.0,0.0,0.0,0.0,0.0,0.0,0.0,0.0,0.0,0.5228862293968619,False,False,-292.0,0.0,5144236.32467211,-17.62060534068379,505212.8264405012,8.868940383288782e-06,0.00018892383075961897,0.7943282347242815,0.7
nan,0.0,0.0,0.0,0.0,0.0,0.0,0.0,0.0,0.0,0.8253608629615556,False,False,-290.0,0.0,5130771.452448263,-17.541160079515386,505212.8264405012,8.868940383288782e-06,0.00018991663618691428,0.7943282347242815,0.7
nan,0.0,0.0,0.0,0.0,0.0,0.0,0.0,0.0,0.0,1.2100370791990276,False,False,-288.0,0.0,5117300.6744035855,-17.461630955797503,505212.8264405012,8.868940383288782e-06,0.00019091772847562105,0.7943282347242815,0.7
nan,0.0,0.0,0.0,0.0,0.0,0.0,0.0,0.0,0.0,0.5978327008017088,False,False,-286.0,0.0,5103824.010248741,-17.382017268498387,505212.8264405012,8.868940383288782e-06,0.00019192719953147518,0.7943282347242815,0.7
nan,0.0,0.0,0.0,0.0,0.0,0.0,0.0,0.0,0.0,0.8855135395365965,False,False,-284.0,0.0,5090341.479736457,-17.302318308799588,505212.8264405012,8.868940383288782e-06,0.00019294514253475134,0.7943282347242815,0.7
nan,0.0,0.0,0.0,0.0,0.0,0.0,0.0,0.0,0.0,0.9470298558610956,False,False,-282.0,0.0,5076853.102661979,-17.222533359987736,505212.8264405012,8.868940383288782e-06,0.0001939716519614611,0.7943282347242815,0.7
nan,0.0,0.0,0.0,0.0,0.0,0.0,0.0,0.0,0.0,0.6838020121254321,False,False,-280.0,0.0,5063358.898863548,-17.142661697344707,505212.8264405012,8.868940383288782e-06,0.00019500682360496213,0.7943282347242815,0.7
nan,0.0,0.0,0.0,0.0,0.0,0.0,0.0,0.0,0.0,0.7425952231050471,False,False,-278.0,0.0,5049858.888222861,-17.06270258803573,505212.8264405012,8.868940383288782e-06,0.00019605075459798807,0.7943282347242815,0.7
nan,0.0,0.0,0.0,0.0,0.0,0.0,0.0,0.0,0.0,0.7817399862599304,False,False,-276.0,0.0,5036353.090665566,-16.982655290995776,505212.8264405012,8.868940383288782e-06,0.00019710354343510726,0.7943282347242815,0.7
nan,0.0,0.0,0.0,0.0,0.0,0.0,0.0,0.0,0.0,0.9397851926946015,False,False,-274.0,0.0,5022841.526161749,-16.902519056813954,505212.8264405012,8.868940383288782e-06,0.00019816528999562103,0.7943282347242815,0.7
nan,0.0,0.0,0.0,0.0,0.0,0.0,0.0,0.0,0.0,0.9485809978090817,False,False,-272.0,0.0,5009324.214726442,-16.822293127616014,505212.8264405012,8.868940383288782e-06,0.0001992360955669105,0.7943282347242815,0.7
nan,0.0,0.0,0.0,0.0,0.0,0.0,0.0,0.0,0.0,1.315878268105295,False,False,-270.0,0.0,4995801.17642012,-16.74197673694484,505212.8264405012,8.868940383288782e-06,0.00020031606286824316,0.7943282347242815,0.7
nan,0.0,0.0,0.0,0.0,0.0,0.0,0.0,0.0,0.0,1.0725604533349715,False,False,-268.0,0.0,4982272.431349228,-16.661569109638904,505212.8264405012,8.868940383288782e-06,0.00020140529607504782,0.7943282347242815,0.7
nan,0.0,0.0,0.0,0.0,0.0,0.0,0.0,0.0,0.0,1.101590842555955,False,False,-266.0,0.0,4968737.999666714,-16.581069461708694,505212.8264405012,8.868940383288782e-06,0.00020250390084366934,0.7943282347242815,0.7
nan,0.0,0.0,0.0,0.0,0.0,0.0,0.0,0.0,0.0,0.9494782054146103,False,False,-264.0,0.0,4955197.901572556,-16.50047700021101,505212.8264405012,8.868940383288782e-06,0.00020361198433661482,0.7943282347242815,0.7
nan,0.0,0.0,0.0,0.0,0.0,0.0,0.0,0.0,0.0,0.9695346025534212,False,False,-262.0,0.0,4941652.1573143145,-16.419790923121166,505212.8264405012,8.868940383288782e-06,0.00020472965524830097,0.7943282347242815,0.7
nan,0.0,0.0,0.0,0.0,0.0,0.0,0.0,0.0,0.0,1.3748219424291985,False,False,-260.0,0.0,4928100.787187685,-16.339010419202864,505212.8264405012,8.868940383288782e-06,0.00020585702383131492,0.7943282347242815,0.7
nan,0.0,0.0,0.0,0.0,0.0,0.0,0.0,0.0,0.0,1.6646399861466017,False,False,-258.0,0.0,4914543.811537073,-16.258134667876003,505212.8264405012,8.868940383288782e-06,0.00020699420192319925,0.7943282347242815,0.7
nan,0.0,0.0,0.0,0.0,0.0,0.0,0.0,0.0,0.0,1.1846929941917212,False,False,-256.0,0.0,4900981.250756162,-16.177162839082158,505212.8264405012,8.868940383288782e-06,0.00020814130297377455,0.7943282347242815,0.7
nan,0.0,0.0,0.0,0.0,0.0,0.0,0.0,0.0,0.0,1.6821759522769288,False,False,-254.0,0.0,4887413.125288503,-16.096094093147606,505212.8264405012,8.868940383288782e-06,0.0002092984420730109,0.7943282347242815,0.7
nan,0.0,0.0,0.0,0.0,0.0,0.0,0.0,0.0,0.0,1.1064085157466523,False,False,-252.0,0.0,4873839.4556281185,-16.01492758064424,505212.8264405012,8.868940383288782e-06,0.00021046573597946022,0.7943282347242815,0.7
nan,0.0,0.0,0.0,0.0,0.0,0.0,0.0,0.0,0.0,1.0312454061231386,False,False,-250.0,0.0,4860260.262320099,-15.933662442247789,505212.8264405012,8.868940383288782e-06,0.00021164330314926485,0.7943282347242815,0.7
nan,0.0,0.0,0.0,0.0,0.0,0.0,0.0,0.0,0.0,1.375086914121953,False,False,-248.0,0.0,4846675.565961238,-15.852297808593798,505212.8264405012,8.868940383288782e-06,0.00021283126376575224,0.7943282347242815,0.7
nan,0.0,0.0,0.0,0.0,0.0,0.0,0.0,0.0,0.0,0.9614530410746659,False,False,-246.0,0.0,4833085.387200645,-15.770832800130897,505212.8264405012,8.868940383288782e-06,0.00021402973976963226,0.7943282347242815,0.7
nan,0.0,0.0,0.0,0.0,0.0,0.0,0.0,0.0,0.0,1.174953139158863,False,False,-244.0,0.0,4819489.7467404045,-15.689266526971716,505212.8264405012,8.868940383288782e-06,0.00021523885488980958,0.7943282347242815,0.7
nan,0.0,0.0,0.0,0.0,0.0,0.0,0.0,0.0,0.0,0.6780740229967362,False,False,-242.0,0.0,4805888.665336219,-15.607598088740925,505212.8264405012,8.868940383288782e-06,0.00021645873467482553,0.7943282347242815,0.7
nan,0.0,0.0,0.0,0.0,0.0,0.0,0.0,0.0,0.0,0.8820734120538958,False,False,-240.0,0.0,4792282.163798079,-15.52582657442087,505212.8264405012,8.868940383288782e-06,0.00021768950652494522,0.7943282347242815,0.7
nan,0.0,0.0,0.0,0.0,0.0,0.0,0.0,0.0,0.0,0.6794024573459357,False,False,-238.0,0.0,4778670.262990943,-15.44395106219424,505212.8264405012,8.868940383288782e-06,0.0002189312997249027,0.7943282347242815,0.7
nan,0.0,0.0,0.0,0.0,0.0,0.0,0.0,0.0,0.0,1.0903635069114872,False,False,-236.0,0.0,4765052.983835421,-15.361970619284103,505212.8264405012,8.868940383288782e-06,0.00022018424547732323,0.7943282347242815,0.7
nan,0.0,0.0,0.0,0.0,0.0,0.0,0.0,0.0,0.0,1.1505666888855575,False,False,-234.0,0.0,4751430.347308488,-15.279884301791075,505212.8264405012,8.868940383288782e-06,0.00022144847693683403,0.7943282347242815,0.7
nan,0.0,0.0,0.0,0.0,0.0,0.0,0.0,0.0,0.0,0.9745686440817906,False,False,-232.0,0.0,4737802.374444189,-15.197691154527533,505212.8264405012,8.868940383288782e-06,0.00022272412924488453,0.7943282347242815,0.7
nan,0.0,0.0,0.0,0.0,0.0,0.0,0.0,0.0,0.0,1.285303603267799,False,False,-230.0,0.0,4724169.086334381,-15.115390210848904,505212.8264405012,8.868940383288782e-06,0.00022401133956528814,0.7943282347242815,0.7
nan,0.0,0.0,0.0,0.0,0.0,0.0,0.0,0.0,0.0,0.5583913367699823,False,False,-228.0,0.0,4710530.504129463,-15.032980492481876,505212.8264405012,8.868940383288782e-06,0.0002253102471205082,0.7943282347242815,0.7
nan,0.0,0.0,0.0,0.0,0.0,0.0,0.0,0.0,0.0,1.0584394312466305,False,False,-226.0,0.0,4696886.649039145,-14.950461009349695,505212.8264405012,8.868940383288782e-06,0.00022662099322869877,0.7943282347242815,0.7
nan,0.0,0.0,0.0,0.0,0.0,0.0,0.0,0.0,0.0,0.8862022075554732,False,False,-224.0,0.0,4683237.542333207,-14.867830759394069,505212.8264405012,8.868940383288782e-06,0.00022794372134152626,0.7943282347242815,0.7
nan,0.0,0.0,0.0,0.0,0.0,0.0,0.0,0.0,0.0,0.948737909984647,False,False,-222.0,0.0,4669583.205342295,-14.785088728394003,505212.8264405012,8.868940383288782e-06,0.00022927857708278384,0.7943282347242815,0.7
nan,0.0,0.0,0.0,0.0,0.0,0.0,0.0,0.0,0.0,0.8712542660004045,False,False,-220.0,0.0,4655923.659458713,-14.702233889781368,505212.8264405012,8.868940383288782e-06,0.00023062570828782098,0.7943282347242815,0.7
nan,0.0,0.0,0.0,0.0,0.0,0.0,0.0,0.0,0.0,0.6747006049920393,False,False,-218.0,0.0,4642258.926137246,-14.619265204452974,505212.8264405012,8.868940383288782e-06,0.00023198526504380774,0.7943282347242815,0.7
nan,0.0,0.0,0.0,0.0,0.0,0.0,0.0,0.0,0.0,1.3760493604230224,False,False,-216.0,0.0,4628589.026895982,-14.536181620579397,505212.8264405012,8.868940383288782e-06,0.0002333573997308534,0.7943282347242815,0.7
nan,0.0,0.0,0.0,0.0,0.0,0.0,0.0,0.0,0.0,1.334318119573812,False,False,-214.0,0.0,4614913.983317165,-14.452982073410181,505212.8264405012,8.868940383288782e-06,0.0002347422670639988,0.7943282347242815,0.7
nan,0.0,0.0,0.0,0.0,0.0,0.0,0.0,0.0,0.0,1.4136368601208866,False,False,-212.0,0.0,4601233.8170480495,-14.369665485075496,505212.8264405012,8.868940383288782e-06,0.00023614002413610685,0.7943282347242815,0.7
nan,0.0,0.0,0.0,0.0,0.0,0.0,0.0,0.0,0.0,1.2951203722965297,False,False,-210.0,0.0,4587548.549801788,-14.286230764384134,505212.8264405012,8.868940383288782e-06,0.0002375508304616694,0.7943282347242815,0.7
nan,0.0,0.0,0.0,0.0,0.0,0.0,0.0,0.0,0.0,1.6789236380541428,False,False,-208.0,0.0,4573858.203358319,-14.202676806617909,505212.8264405012,8.868940383288782e-06,0.00023897484802155595,0.7943282347242815,0.7
nan,0.0,0.0,0.0,0.0,0.0,0.0,0.0,0.0,0.0,1.56590052522831,False,False,-206.0,0.0,4560162.7995652845,-14.119002493321968,505212.8264405012,8.868940383288782e-06,0.00024041224130872454,0.7943282347242815,0.7
nan,0.0,0.0,0.0,0.0,0.0,0.0,0.0,0.0,0.0,1.0866487356412555,False,False,-204.0,0.0,4546462.360338953,-14.03520669209153,505212.8264405012,8.868940383288782e-06,0.00024186317737492178,0.7943282347242815,0.7
nan,0.0,0.0,0.0,0.0,0.0,0.0,0.0,0.0,0.0,1.0259812045988936,False,False,-202.0,0.0,4532756.9076651735,-13.951288256354426,505212.8264405012,8.868940383288782e-06,0.0002433278258783925,0.7943282347242815,0.7
nan,0.0,0.0,0.0,0.0,0.0,0.0,0.0,0.0,0.0,0.8432677818009159,False,False,-200.0,0.0,4519046.463600339,-13.867246025149687,505212.8264405012,8.868940383288782e-06,0.00024480635913262715,0.7943282347242815,0.7
nan,0.0,0.0,0.0,0.0,0.0,0.0,0.0,0.0,0.0,0.6590574358293388,False,False,-198.0,0.0,4505331.050272367,-13.783078822901892,505212.8264405012,8.868940383288782e-06,0.0002462989521561715,0.7943282347242815,0.7
nan,0.0,0.0,0.0,0.0,0.0,0.0,0.0,0.0,0.0,1.4424912785503667,False,False,-196.0,0.0,4491610.68988171,-13.698785459191475,505212.8264405012,8.868940383288782e-06,0.00024780578272352416,0.7943282347242815,0.7
nan,0.0,0.0,0.0,0.0,0.0,0.0,0.0,0.0,0.0,0.8409180291168188,False,False,-194.0,0.0,4477885.404702371,-13.614364728520354,505212.8264405012,8.868940383288782e-06,0.00024932703141715103,0.7943282347242815,0.7
nan,0.0,0.0,0.0,0.0,0.0,0.0,0.0,0.0,0.0,0.9346848245262919,False,False,-192.0,0.0,4464155.217082951,-13.52981541007355,505212.8264405012,8.868940383288782e-06,0.00025086288168064296,0.7943282347242815,0.7
nan,0.0,0.0,0.0,0.0,0.0,0.0,0.0,0.0,0.0,0.6943368047493953,False,False,-190.0,0.0,4450420.149447708,-13.4451362674759,505212.8264405012,8.868940383288782e-06,0.00025241351987304625,0.7943282347242815,0.7
nan,0.0,0.0,0.0,0.0,0.0,0.0,0.0,0.0,0.0,0.7687704258086296,False,False,-188.0,0.0,4436680.224297648,-13.36032604854447,505212.8264405012,8.868940383288782e-06,0.000253979135324394,0.7943282347242815,0.7
nan,0.0,0.0,0.0,0.0,0.0,0.0,0.0,0.0,0.0,0.8406626568197836,False,False,-186.0,0.0,4422935.4642116185,-13.275383485035897,505212.8264405012,8.868940383288782e-06,0.00025555992039247186,0.7943282347242815,0.7
nan,0.0,0.0,0.0,0.0,0.0,0.0,0.0,0.0,0.0,0.8579685633828386,False,False,-184.0,0.0,4409185.891847446,-13.190307292389283,505212.8264405012,8.868940383288782e-06,0.0002571560705208455,0.7943282347242815,0.7
nan,0.0,0.0,0.0,0.0,0.0,0.0,0.0,0.0,0.0,0.8372704765218794,False,False,-182.0,0.0,4395431.529943075,-13.105096169463815,505212.8264405012,8.868940383288782e-06,0.0002587677842981846,0.7943282347242815,0.7
nan,0.0,0.0,0.0,0.0,0.0,0.0,0.0,0.0,0.0,0.9954684382004947,False,False,-180.0,0.0,4381672.401317752,-13.019748798271502,505212.8264405012,8.868940383288782e-06,0.00026039526351891493,0.7943282347242815,0.7
nan,0.0,0.0,0.0,0.0,0.0,0.0,0.0,0.0,0.0,0.898306722548315,False,False,-178.0,0.0,4367908.528873205,-12.934263843704805,505212.8264405012,8.868940383288782e-06,0.00026203871324523406,0.7943282347242815,0.7
nan,0.0,0.0,0.0,0.0,0.0,0.0,0.0,0.0,0.0,0.88606866277764,False,False,-176.0,0.0,4354139.935594874,-12.848639953258756,505212.8264405012,8.868940383288782e-06,0.00026369834187052335,0.7943282347242815,0.7
nan,0.0,0.0,0.0,0.0,0.0,0.0,0.0,0.0,0.0,0.8646603161315044,False,False,-174.0,0.0,4340366.64455315,-12.762875756747897,505212.8264405012,8.868940383288782e-06,0.00026537436118419385,0.7943282347242815,0.7
nan,0.0,0.0,0.0,0.0,0.0,0.0,0.0,0.0,0.0,0.9940792071756114,False,False,-172.0,0.0,4326588.678904639,-12.676969866017616,505212.8264405012,8.868940383288782e-06,0.0002670669864380033,0.7943282347242815,0.7
nan,0.0,0.0,0.0,0.0,0.0,0.0,0.0,0.0,0.0,0.7858258854817471,False,False,-170.0,0.0,4312806.061893459,-12.590920874649871,505212.8264405012,8.868940383288782e-06,0.00026877643641388043,0.7943282347242815,0.7
nan,0.0,0.0,0.0,0.0,0.0,0.0,0.0,0.0,0.0,1.1570224128868176,False,False,-168.0,0.0,4299018.816852558,-12.504727357663004,505212.8264405012,8.868940383288782e-06,0.0002705029334932979,0.7943282347242815,0.7
nan,0.0,0.0,0.0,0.0,0.0,0.0,0.0,0.0,0.0,0.8654640682979011,False,False,-166.0,0.0,4285226.967205061,-12.418387871205848,505212.8264405012,8.868940383288782e-06,0.0002722467037282321,0.7943282347242815,0.7
nan,0.0,0.0,0.0,0.0,0.0,0.0,0.0,0.0,0.0,0.7124646477894495,False,False,-164.0,0.0,4271430.536465635,-12.331900952245658,505212.8264405012,8.868940383288782e-06,0.00027400797691375377,0.7943282347242815,0.7
nan,0.0,0.0,0.0,0.0,0.0,0.0,0.0,0.0,0.0,1.4705862383063357,False,False,-162.0,0.0,4257629.548241903,-12.24526511824987,505212.8264405012,8.868940383288782e-06,0.00027578698666228825,0.7943282347242815,0.7
nan,0.0,0.0,0.0,0.0,0.0,0.0,0.0,0.0,0.0,0.9921080418258814,False,False,-160.0,0.0,4243824.026235858,-12.158478866861586,505212.8264405012,8.868940383288782e-06,0.00027758397047959553,0.7943282347242815,0.7
nan,0.0,0.0,0.0,0.0,0.0,0.0,0.0,0.0,0.0,0.7066131177211669,False,False,-158.0,0.0,4230013.994245336,-12.071540675568526,505212.8264405012,8.868940383288782e-06,0.00027939916984250627,0.7943282347242815,0.7
nan,0.0,0.0,0.0,0.0,0.0,0.0,0.0,0.0,0.0,0.5383700268602747,False,False,-156.0,0.0,4216199.476165492,-11.984449001365405,505212.8264405012,8.868940383288782e-06,0.00028123283027847083,0.7943282347242815,0.7
nan,0.0,0.0,0.0,0.0,0.0,0.0,0.0,0.0,0.0,0.666284742638443,False,False,-154.0,0.0,4202380.495990324,-11.897202280409545,505212.8264405012,8.868940383288782e-06,0.00028308520144696027,0.7943282347242815,0.7
nan,0.0,0.0,0.0,0.0,0.0,0.0,0.0,0.0,0.0,1.0514958821632145,False,False,-152.0,0.0,4188557.077814223,-11.809798927669489,505212.8264405012,8.868940383288782e-06,0.00028495653722277397,0.7943282347242815,0.7
nan,0.0,0.0,0.0,0.0,0.0,0.0,0.0,0.0,0.0,0.6806749727129628,False,False,-150.0,0.0,4174729.2458335506,-11.722237336566542,505212.8264405012,8.868940383288782e-06,0.00028684709578130364,0.7943282347242815,0.7
nan,0.0,0.0,0.0,0.0,0.0,0.0,0.0,0.0,0.0,0.6111216924913083,False,False,-148.0,0.0,4160897.02434826,-11.634515878609086,505212.8264405012,8.868940383288782e-06,0.000288757139685804,0.7943282347242815,0.7
nan,0.0,0.0,0.0,0.0,0.0,0.0,0.0,0.0,0.0,0.7980256540016322,False,False,-146.0,0.0,4147060.437763541,-11.54663290301939,505212.8264405012,8.868940383288782e-06,0.00029068693597672675,0.7943282347242815,0.7
nan,0.0,0.0,0.0,0.0,0.0,0.0,0.0,0.0,0.0,0.5910260099616612,False,False,-144.0,0.0,4133219.510591497,-11.458586736352952,505212.8264405012,8.868940383288782e-06,0.0002926367562631731,0.7943282347242815,0.7
nan,0.0,0.0,0.0,0.0,0.0,0.0,0.0,0.0,0.0,0.7848117937872585,False,False,-142.0,0.0,4119374.2674528756,-11.370375682109788,505212.8264405012,8.868940383288782e-06,0.0002946068768165193,0.7943282347242815,0.7
nan,0.0,0.0,0.0,0.0,0.0,0.0,0.0,0.0,0.0,0.9085903587932537,False,False,-140.0,0.0,4105524.733078808,-11.281998020338037,505212.8264405012,8.868940383288782e-06,0.0002965975786662778,0.7943282347242815,0.7
nan,0.0,0.0,0.0,0.0,0.0,0.0,0.0,0.0,0.0,0.9838152582432147,False,False,-138.0,0.0,4091670.9323126078,-11.193452007229164,505212.8264405012,8.868940383288782e-06,0.0002986091476982537,0.7943282347242815,0.7
nan,0.0,0.0,0.0,0.0,0.0,0.0,0.0,0.0,0.0,0.933983816009241,False,False,-136.0,0.0,4077812.8901115963,-11.104735874704948,505212.8264405012,8.868940383288782e-06,0.0003006418747550562,0.7943282347242815,0.7
nan,0.0,0.0,0.0,0.0,0.0,0.0,0.0,0.0,0.0,0.6933298475573402,False,False,-134.0,0.0,4063950.6315489723,-11.015847829995822,505212.8264405012,8.868940383288782e-06,0.00030269605573903516,0.7943282347242815,0.7
nan,0.0,0.0,0.0,0.0,0.0,0.0,0.0,0.0,0.0,0.5330698780173814,False,False,-132.0,0.0,4050084.181815716,-10.926786055210465,505212.8264405012,8.868940383288782e-06,0.00030477199171770363,0.7943282347242815,0.7
nan,0.0,0.0,0.0,0.0,0.0,0.0,0.0,0.0,0.0,1.523663534527004,False,False,-130.0,0.0,4036213.566222536,-10.837548706896422,505212.8264405012,8.868940383288782e-06,0.0003068699890317196,0.7943282347242815,0.7
nan,0.0,0.0,0.0,0.0,0.0,0.0,0.0,0.0,0.0,0.7543989581790808,False,False,-128.0,0.0,4022338.810201858,-10.748133915591465,505212.8264405012,8.868940383288782e-06,0.0003089903594054945,0.7943282347242815,0.7
nan,0.0,0.0,0.0,0.0,0.0,0.0,0.0,0.0,0.0,0.8671299203114005,False,False,-126.0,0.0,4008459.9393098606,-10.65853978536564,505212.8264405012,8.868940383288782e-06,0.00031113342006050163,0.7943282347242815,0.7
nan,0.0,0.0,0.0,0.0,0.0,0.0,0.0,0.0,0.0,1.0031802701394497,False,False,-124.0,0.0,3994576.9792285445,-10.568764393353494,505212.8264405012,8.868940383288782e-06,0.0003132994938313634,0.7943282347242815,0.7
nan,0.0,0.0,0.0,0.0,0.0,0.0,0.0,0.0,0.0,0.7916557027673696,False,False,-122.0,0.0,3980689.955767855,-10.478805789276517,505212.8264405012,8.868940383288782e-06,0.0003154889092847891,0.7943282347242815,0.7
nan,0.0,0.0,0.0,0.0,0.0,0.0,0.0,0.0,0.0,0.8615896415037219,False,False,-120.0,0.0,3966798.89486785,-10.388661994955477,505212.8264405012,8.868940383288782e-06,0.0003177020008414476,0.7943282347242815,0.7
nan,0.0,0.0,0.0,0.0,0.0,0.0,0.0,0.0,0.0,0.6933049559348425,False,False,-118.0,0.0,3952903.822600906,-10.298331003812157,505212.8264405012,8.868940383288782e-06,0.00031993910890085593,0.7943282347242815,0.7
nan,0.0,0.0,0.0,0.0,0.0,0.0,0.0,0.0,0.0,0.5408787927194768,False,False,-116.0,0.0,3939004.7651739884,-10.207810780360772,505212.8264405012,8.868940383288782e-06,0.00032220057996936824,0.7943282347242815,0.7
nan,0.0,0.0,0.0,0.0,0.0,0.0,0.0,0.0,0.0,1.108541549958104,False,False,-114.0,0.0,3925101.748930955,-10.117099259688125,505212.8264405012,8.868940383288782e-06,0.0003244867667913537,0.7943282347242815,0.7
nan,0.0,0.0,0.0,0.0,0.0,0.0,0.0,0.0,0.0,2.135927036086443,False,False,-112.0,0.0,3911194.80035492,-10.026194346922853,505212.8264405012,8.868940383288782e-06,0.0003267980284836546,0.7943282347242815,0.7
nan,0.0,0.0,0.0,0.0,0.0,0.0,0.0,0.0,0.0,1.098177117941335,False,False,-110.0,0.0,3897283.946070664,-9.935093916693024,505212.8264405012,8.868940383288782e-06,0.000329134730673416,0.7943282347242815,0.7
nan,0.0,0.0,0.0,0.0,0.0,0.0,0.0,0.0,0.0,0.9749834162363463,False,False,-108.0,0.0,3883369.2128471085,-9.84379581257208,505212.8264405012,8.868940383288782e-06,0.000331497245639384,0.7943282347242815,0.7
nan,0.0,0.0,0.0,0.0,0.0,0.0,0.0,0.0,0.0,1.6633931897440586,False,False,-106.0,0.0,3869450.627599825,-9.75229784651268,505212.8264405012,8.868940383288782e-06,0.000333885952456775,0.7943282347242815,0.7
nan,0.0,0.0,0.0,0.0,0.0,0.0,0.0,0.0,0.0,1.086704824958994,False,False,-104.0,0.0,3855528.2173936223,-9.660597798268203,505212.8264405012,8.868940383288782e-06,0.0003363012371458141,0.7943282347242815,0.7
nan,0.0,0.0,0.0,0.0,0.0,0.0,0.0,0.0,0.0,0.7581173021307148,False,False,-102.0,0.0,3841602.009445176,-9.568693414801606,505212.8264405012,8.868940383288782e-06,0.0003387434928240512,0.7943282347242815,0.7
nan,0.0,0.0,0.0,0.0,0.0,0.0,0.0,0.0,0.0,1.014339433299718,False,False,-100.0,0.0,3827672.0311257234,-9.476582409681175,505212.8264405012,8.868940383288782e-06,0.00034121311986256447,0.7943282347242815,0.7
nan,0.0,0.0,0.0,0.0,0.0,0.0,0.0,0.0,0.0,1.3640305818302707,False,False,-98.0,0.0,3813738.3099638177,-9.384262462463193,505212.8264405012,8.868940383288782e-06,0.00034371052604616355,0.7943282347242815,0.7
nan,0.0,0.0,0.0,0.0,0.0,0.0,0.0,0.0,0.0,0.8420920857238159,False,False,-96.0,0.0,3799800.8736481424,-9.291731218060605,505212.8264405012,8.868940383288782e-06,0.000346236126737709,0.7943282347242815,0.7
nan,0.0,0.0,0.0,0.0,0.0,0.0,0.0,0.0,0.0,1.3157681223520215,False,False,-94.0,0.0,3785859.7500303946,-9.198986286097954,505212.8264405012,8.868940383288782e-06,0.0003487903450466684,0.7943282347242815,0.7
nan,0.0,0.0,0.0,0.0,0.0,0.0,0.0,0.0,0.0,1.3486524474965014,False,False,-92.0,0.0,3771914.9671282265,-9.106025240251844,505212.8264405012,8.868940383288782e-06,0.0003513736120020344,0.7943282347242815,0.7
nan,0.0,0.0,0.0,0.0,0.0,0.0,0.0,0.0,0.0,1.6794828918718778,False,False,-90.0,0.0,3757966.553128259,-9.012845617576499,505212.8264405012,8.868940383288782e-06,0.00035398636672973223,0.7943282347242815,0.7
nan,0.0,0.0,0.0,0.0,0.0,0.0,0.0,0.0,0.0,1.4047677011031354,False,False,-88.0,0.0,3744014.5363891623,-8.91944491781445,505212.8264405012,8.868940383288782e-06,0.0003566290566346516,0.7943282347242815,0.7
nan,0.0,0.0,0.0,0.0,0.0,0.0,0.0,0.0,0.0,1.1219182824660576,False,False,-86.0,0.0,3730058.945444812,-8.825820602691463,505212.8264405012,8.868940383288782e-06,0.0003593021375874347,0.7943282347242815,0.7
nan,0.0,0.0,0.0,0.0,0.0,0.0,0.0,0.0,0.0,0.7361609674061671,False,False,-84.0,0.0,3716099.809007506,-8.731970095195669,505212.8264405012,8.868940383288782e-06,0.0003620060741161714,0.7943282347242815,0.7
nan,0.0,0.0,0.0,0.0,0.0,0.0,0.0,0.0,0.0,0.9053107339674066,False,False,-82.0,0.0,3702137.1559712663,-8.637890778840188,505212.8264405012,8.868940383288782e-06,0.0003647413396031381,0.7943282347242815,0.7
nan,0.0,0.0,0.0,0.0,0.0,0.0,0.0,0.0,0.0,1.232094166180442,False,False,-80.0,0.0,3688171.0154152173,-8.543579996909177,505212.8264405012,8.868940383288782e-06,0.00036750841648673855,0.7943282347242815,0.7
nan,0.0,0.0,0.0,0.0,0.0,0.0,0.0,0.0,0.0,0.7659306245200131,False,False,-78.0,0.0,3674201.416607036,-8.44903505168634,505212.8264405012,8.868940383288782e-06,0.0003703077964687993,0.7943282347242815,0.7
nan,0.0,0.0,0.0,0.0,0.0,0.0,0.0,0.0,0.0,1.052035683850963,False,False,-76.0,0.0,3660228.389006486,-8.354253203666117,505212.8264405012,8.868940383288782e-06,0.0003731399807273852,0.7943282347242815,0.7
nan,0.0,0.0,0.0,0.0,0.0,0.0,0.0,0.0,0.0,1.0661073798254572,False,False,-74.0,0.0,3646251.962269038,-8.25923167074633,505212.8264405012,8.868940383288782e-06,0.00037600548013529833,0.7943282347242815,0.7
nan,0.0,0.0,0.0,0.0,0.0,0.0,0.0,0.0,0.0,0.981786540494872,False,False,-72.0,0.0,3632272.166249566,-8.16396762740243,505212.8264405012,8.868940383288782e-06,0.00037890481548443487,0.7943282347242815,0.7
nan,0.0,0.0,0.0,0.0,0.0,0.0,0.0,0.0,0.0,1.2946159994556723,False,False,-70.0,0.0,3618289.0310061467,-8.068458203842473,505212.8264405012,8.868940383288782e-06,0.0003818385177161793,0.7943282347242815,0.7
nan,0.0,0.0,0.0,0.0,0.0,0.0,0.0,0.0,0.0,0.9909033341088488,False,False,-68.0,0.0,3604302.586803927,-7.97270048514246,505212.8264405012,8.868940383288782e-06,0.0003848071281580216,0.7943282347242815,0.7
nan,0.0,0.0,0.0,0.0,0.0,0.0,0.0,0.0,0.0,1.403739272741755,False,False,-66.0,0.0,3590312.8641191055,-7.87669151036152,505212.8264405012,8.868940383288782e-06,0.00038781119876658496,0.7943282347242815,0.7
nan,0.0,0.0,0.0,0.0,0.0,0.0,0.0,0.0,0.0,1.4371620637523068,False,False,-64.0,0.0,3576319.8936429936,-7.780428271636163,505212.8264405012,8.868940383288782e-06,0.0003908512923772667,0.7943282347242815,0.7
nan,0.0,0.0,0.0,0.0,0.0,0.0,0.0,0.0,0.0,0.6299721363568158,False,False,-62.0,0.0,3562323.70628618,-7.683907713253494,505212.8264405012,8.868940383288782e-06,0.0003939279829606928,0.7943282347242815,0.7
nan,0.0,0.0,0.0,0.0,0.0,0.0,0.0,0.0,0.0,0.6831937155276312,False,False,-60.0,0.0,3548324.333182794,-7.587126730702224,505212.8264405012,8.868940383288782e-06,0.00039704185588620246,0.7943282347242815,0.7
nan,0.0,0.0,0.0,0.0,0.0,0.0,0.0,0.0,0.0,0.9130747198101461,False,False,-58.0,0.0,3534321.805694876,-7.490082169701413,505212.8264405012,8.868940383288782e-06,0.0004001935081925751,0.7943282347242815,0.7
nan,0.0,0.0,0.0,0.0,0.0,0.0,0.0,0.0,0.0,1.1773948415075404,False,False,-56.0,0.0,3520316.1554168444,-7.392770825205906,505212.8264405012,8.868940383288782e-06,0.0004033835488662357,0.7943282347242815,0.7
nan,0.0,0.0,0.0,0.0,0.0,0.0,0.0,0.0,0.0,1.2465142537804652,False,False,-54.0,0.0,3506307.4141800827,-7.295189440388232,505212.8264405012,8.868940383288782e-06,0.0004066125991271627,0.7943282347242815,0.7
nan,0.0,0.0,0.0,0.0,0.0,0.0,0.0,0.0,0.0,0.7626495272120953,False,False,-52.0,0.0,3492295.614057626,-7.197334705595754,505212.8264405012,8.868940383288782e-06,0.0004098812927227531,0.7943282347242815,0.7
nan,0.0,0.0,0.0,0.0,0.0,0.0,0.0,0.0,0.0,0.8889871076955018,False,False,-50.0,0.0,3478280.7873689746,-7.099203257283061,505212.8264405012,8.868940383288782e-06,0.00041319027622988333,0.7943282347242815,0.7
nan,0.0,0.0,0.0,0.0,0.0,0.0,0.0,0.0,0.0,1.4190160044676248,False,False,-48.0,0.0,3464262.9666850185,-7.000791676918274,505212.8264405012,8.868940383288782e-06,0.00041654020936543945,0.7943282347242815,0.7
nan,0.0,0.0,0.0,0.0,0.0,0.0,0.0,0.0,0.0,1.1288780160208822,False,False,-46.0,0.0,3450242.1848330833,-6.902096489862975,505212.8264405012,8.868940383288782e-06,0.0004199317653055768,0.7943282347242815,0.7
nan,0.0,0.0,0.0,0.0,0.0,0.0,0.0,0.0,0.0,0.7288289199588014,False,False,-44.0,0.0,3436218.474902106,-6.803114164224823,505212.8264405012,8.868940383288782e-06,0.0004233656310139912,0.7943282347242815,0.7
nan,0.0,0.0,0.0,0.0,0.0,0.0,0.0,0.0,0.0,0.8374402323383628,False,False,-42.0,0.0,3422191.8702479345,-6.703841109682059,505212.8264405012,8.868940383288782e-06,0.00042684250757949545,0.7943282347242815,0.7
nan,0.0,0.0,0.0,0.0,0.0,0.0,0.0,0.0,0.0,0.8442665852519649,False,False,-40.0,0.0,3408162.4044987606,-6.604273676279266,505212.8264405012,8.868940383288782e-06,0.0004303631105631938,0.7943282347242815,0.7
nan,0.0,0.0,0.0,0.0,0.0,0.0,0.0,0.0,0.0,1.7387208226131503,False,False,-38.0,0.0,3394130.1115606986,-6.504408153193325,505212.8264405012,8.868940383288782e-06,0.0004339281703555666,0.7943282347242815,0.7
nan,0.0,0.0,0.0,0.0,0.0,0.0,0.0,0.0,0.0,1.1162428916394824,False,False,-36.0,0.0,3380095.0256234803,-6.404240767468958,505212.8264405012,8.868940383288782e-06,0.0004375384325437974,0.7943282347242815,0.7
nan,0.0,0.0,0.0,0.0,0.0,0.0,0.0,0.0,0.0,1.3429289539425333,False,False,-34.0,0.0,3366057.181166325,-6.303767682722808,505212.8264405012,8.868940383288782e-06,0.00044119465828965494,0.7943282347242815,0.7
nan,0.0,0.0,0.0,0.0,0.0,0.0,0.0,0.0,0.0,1.445304153437301,False,False,-32.0,0.0,3352016.612963935,-6.2029849978153075,505212.8264405012,8.868940383288782e-06,0.00044489762471829736,0.7943282347242815,0.7
nan,0.0,0.0,0.0,0.0,0.0,0.0,0.0,0.0,0.0,1.4203136910600465,False,False,-30.0,0.0,3337973.3560926504,-6.101888745489135,505212.8264405012,8.868940383288782e-06,0.00044864812531834425,0.7943282347242815,0.7
nan,0.0,0.0,0.0,0.0,0.0,0.0,0.0,0.0,0.0,0.8690436285716422,False,False,-28.0,0.0,3323927.445936769,-6.000474890973636,505212.8264405012,8.868940383288782e-06,0.00045244697035359,0.7943282347242815,0.7
nan,0.0,0.0,0.0,0.0,0.0,0.0,0.0,0.0,0.0,0.7820908651911312,False,False,-26.0,0.0,3309878.918195016,-5.898739330553899,505212.8264405012,8.868940383288782e-06,0.00045629498728674676,0.7943282347242815,0.7
nan,0.0,0.0,0.0,0.0,0.0,0.0,0.0,0.0,0.0,0.7622651921451749,False,False,-24.0,0.0,3295827.8088871907,-5.796677890103763,505212.8264405012,8.868940383288782e-06,0.0004601930212156134,0.7943282347242815,0.7
nan,0.0,0.0,0.0,0.0,0.0,0.0,0.0,0.0,0.0,0.6207410214657605,False,False,-22.0,0.0,3281774.1543609775,-5.6942863235813705,505212.8264405012,8.868940383288782e-06,0.00046414193532208557,0.7943282347242815,0.7
nan,0.0,0.0,0.0,0.0,0.0,0.0,0.0,0.0,0.0,1.256983039144965,False,False,-20.0,0.0,3267717.991298938,-5.59156031148637,505212.8264405012,8.868940383288782e-06,0.000468142611334438,0.7943282347242815,0.7
nan,0.0,0.0,0.0,0.0,0.0,0.0,0.0,0.0,0.0,0.7283559302652538,False,False,-18.0,0.0,3253659.35672569,-5.48849545927758,505212.8264405012,8.868940383288782e-06,0.00047219595000332017,0.7943282347242815,0.7
nan,0.0,0.0,0.0,0.0,0.0,0.0,0.0,0.0,0.0,0.9117903875147741,False,False,-16.0,0.0,3239598.2880152613,-5.385087295749966,505212.8264405012,8.868940383288782e-06,0.0004763028715919335,0.7943282347242815,0.7
nan,0.0,0.0,0.0,0.0,0.0,0.0,0.0,0.0,0.0,0.6406811344670781,False,False,-14.0,0.0,3225534.8228986524,-5.281331271369675,505212.8264405012,8.868940383288782e-06,0.0004804643163808667,0.7943282347242815,0.7
nan,0.0,0.0,0.0,0.0,0.0,0.0,0.0,0.0,0.0,0.5335741515781912,False,False,-12.0,0.0,3211468.9994715857,-5.177222756565766,505212.8264405012,8.868940383288782e-06,0.000484681245188087,0.7943282347242815,0.7
nan,0.0,0.0,0.0,0.0,0.0,0.0,0.0,0.0,0.0,1.0356278403789991,False,False,-10.0,0.0,3197400.856202471,-5.0727570399776845,505212.8264405012,8.868940383288782e-06,0.0004889546399046051,0.7943282347242815,0.7
nan,0.0,0.0,0.0,0.0,0.0,0.0,0.0,0.0,0.0,0.6226265308803348,False,False,-8.0,0.0,3183330.431940576,-4.967929326656656,505212.8264405012,8.868940383288782e-06,0.0004932855040463495,0.7943282347242815,0.7
nan,0.0,0.0,0.0,0.0,0.0,0.0,0.0,0.0,0.0,0.8274752520585684,False,False,-6.0,0.0,3169257.7659244183,-4.862734736219995,505212.8264405012,8.868940383288782e-06,0.0004976748633228088,0.7943282347242815,0.7
nan,0.0,0.0,0.0,0.0,0.0,0.0,0.0,0.0,0.0,1.0292454174541161,False,False,-4.0,0.0,3155182.8977903803,-4.757168300956739,505212.8264405012,8.868940383288782e-06,0.00050212376622302,0.7943282347242815,0.7
nan,0.0,0.0,0.0,0.0,0.0,0.0,0.0,0.0,0.0,1.0680090905705697,False,False,-2.0,0.0,3141105.8675815626,-4.651224963883112,505212.8264405012,8.868940383288782e-06,0.0005066332846194996,0.7943282347242815,0.7
nan,0.0,0.0,0.0,0.0,0.0,0.0,0.0,0.0,0.0,1.0962112254518297,False,False,0.0,0.0,3127026.7157568666,-4.544899576746228,505212.8264405012,8.868940383288782e-06,0.0005112045143907492,0.7943282347242815,0.7
nan,0.0,0.0,0.0,0.0,0.0,0.0,0.0,0.0,0.0,1.3035464704874042,False,False,2.0,0.0,3112945.483200336,-4.438186897974668,505212.8264405012,8.868940383288782e-06,0.0005158385760629752,0.7943282347242815,0.7
nan,0.0,0.0,0.0,0.0,0.0,0.0,0.0,0.0,0.0,1.4212748750575126,False,False,4.0,0.0,3098862.2112307446,-4.331081590573918,505212.8264405012,8.868940383288782e-06,0.0005205366154717026,0.7943282347242815,0.7
nan,0.0,0.0,0.0,0.0,0.0,0.0,0.0,0.0,0.0,1.5165071147465556,False,False,6.0,0.0,3084776.9416114534,-4.223578219965347,505212.8264405012,8.868940383288782e-06,0.0005252998044439782,0.7943282347242815,0.7
nan,0.0,0.0,0.0,0.0,0.0,0.0,0.0,0.0,0.0,1.3584658948434882,False,False,8.0,0.0,3070689.716560531,-4.115671251766624,505212.8264405012,8.868940383288782e-06,0.0005301293415018942,0.7943282347242815,0.7
nan,0.0,0.0,0.0,0.0,0.0,0.0,0.0,0.0,0.0,1.131245961054028,False,False,10.0,0.0,3056600.5787611646,-4.007355049512073,505212.8264405012,8.868940383288782e-06,0.0005350264525881825,0.7943282347242815,0.7
nan,0.0,0.0,0.0,0.0,0.0,0.0,0.0,0.0,0.0,0.5710994853956748,False,False,12.0,0.0,3042509.5713723497,-3.8986238723106683,505212.8264405012,8.868940383288782e-06,0.0005399923918146733,0.7943282347242815,0.7
nan,0.0,0.0,0.0,0.0,0.0,0.0,0.0,0.0,0.0,0.9149354612642442,False,False,14.0,0.0,3028416.73803989,-3.7894718724400387,505212.8264405012,8.868940383288782e-06,0.0005450284422344248,0.7943282347242815,0.7
nan,0.0,0.0,0.0,0.0,0.0,0.0,0.0,0.0,0.0,1.0762730206492401,False,False,16.0,0.0,3014322.1229076907,-3.679893092874394,505212.8264405012,8.868940383288782e-06,0.0005501359166383844,0.7943282347242815,0.7
nan,0.0,0.0,0.0,0.0,0.0,0.0,0.0,0.0,0.0,0.7881516761971888,False,False,18.0,0.0,3000225.770629386,-3.569881464744161,505212.8264405012,8.868940383288782e-06,0.0005553161583774552,0.7943282347242815,0.7
nan,0.0,0.0,0.0,0.0,0.0,0.0,0.0,0.0,0.0,0.7025292401530275,False,False,20.0,0.0,2986127.7263802793,-3.4594308047251454,505212.8264405012,8.868940383288782e-06,0.0005605705422108929,0.7943282347242815,0.7
nan,0.0,0.0,0.0,0.0,0.0,0.0,0.0,0.0,0.0,1.2371454262840726,False,False,22.0,0.0,2972028.035869639,-3.348534812355001,505212.8264405012,8.868940383288782e-06,0.0005659004751819842,0.7943282347242815,0.7
nan,0.0,0.0,0.0,0.0,0.0,0.0,0.0,0.0,0.0,1.2675590851040528,False,False,24.0,0.0,2957926.74535333,-3.237187067274808,505212.8264405012,8.868940383288782e-06,0.0005713073975220082,0.7943282347242815,0.7
nan,0.0,0.0,0.0,0.0,0.0,0.0,0.0,0.0,0.0,0.8402676619939291,False,False,26.0,0.0,2943823.901646816,-3.1253810263930126,505212.8264405012,8.868940383288782e-06,0.0005767927835835059,0.7943282347242815,0.7
nan,0.0,0.0,0.0,0.0,0.0,0.0,0.0,0.0,0.0,1.0681736862388764,False,False,28.0,0.0,2929719.552138536,-3.0131100209695445,505212.8264405012,8.868940383288782e-06,0.0005823581428039442,0.7943282347242815,0.7
nan,0.0,0.0,0.0,0.0,0.0,0.0,0.0,0.0,0.0,0.958923996431499,False,False,30.0,0.0,2915613.7448036615,-2.900367253617188,505212.8264405012,8.868940383288782e-06,0.0005880050207008893,0.7943282347242815,0.7
nan,0.0,0.0,0.0,0.0,0.0,0.0,0.0,0.0,0.0,1.097511411247326,False,False,32.0,0.0,2901506.5282182605,-2.787145795217804,505212.8264405012,8.868940383288782e-06,0.00059373499989986,0.7943282347242815,0.7
nan,0.0,0.0,0.0,0.0,0.0,0.0,0.0,0.0,0.0,1.8167524781568085,False,False,34.0,0.0,2887397.9515738715,-2.6734385817502355,505212.8264405012,8.868940383288782e-06,0.0005995497011960743,0.7943282347242815,0.7
nan,0.0,0.0,0.0,0.0,0.0,0.0,0.0,0.0,0.0,1.6449792630638445,False,False,36.0,0.0,2873288.0646925005,-2.5592384110274407,505212.8264405012,8.868940383288782e-06,0.0006054507846513578,0.7943282347242815,0.7
nan,0.0,0.0,0.0,0.0,0.0,0.0,0.0,0.0,0.0,1.092985922192951,False,False,38.0,0.0,2859176.9180420684,-2.444537939339412,505212.8264405012,8.868940383288782e-06,0.0006114399507275264,0.7943282347242815,0.7
nan,0.0,0.0,0.0,0.0,0.0,0.0,0.0,0.0,0.0,1.0969612313270296,False,False,40.0,0.0,2845064.5627523093,-2.329329677998961,505212.8264405012,8.868940383288782e-06,0.0006175189414576231,0.7943282347242815,0.7
nan,0.0,0.0,0.0,0.0,0.0,0.0,0.0,0.0,0.0,0.8947835520961318,False,False,42.0,0.0,2830951.0506311413,-2.213605989786954,505212.8264405012,8.868940383288782e-06,0.0006236895416564359,0.7943282347242815,0.7
nan,0.0,0.0,0.0,0.0,0.0,0.0,0.0,0.0,0.0,1.0839563001459773,False,False,44.0,0.0,2816836.4341815286,-2.0973590852939257,505212.8264405012,8.868940383288782e-06,0.0006299535801717875,0.7943282347242815,0.7
nan,0.0,0.0,0.0,0.0,0.0,0.0,0.0,0.0,0.0,0.8972611904009631,False,False,46.0,0.0,2802720.7666188465,-1.9805810191542206,505212.8264405012,8.868940383288782e-06,0.0006363129311781523,0.7943282347242815,0.7
nan,0.0,0.0,0.0,0.0,0.0,0.0,0.0,0.0,0.0,1.2686433480190509,False,False,48.0,0.0,2788604.1018887735,-1.8632636861691827,505212.8264405012,8.868940383288782e-06,0.0006427695155142165,0.7943282347242815,0.7
nan,0.0,0.0,0.0,0.0,0.0,0.0,0.0,0.0,0.0,0.6222371859983747,False,False,50.0,0.0,2774486.4946857207,-1.7453988173155972,505212.8264405012,8.868940383288782e-06,0.0006493253020660767,0.7943282347242815,0.7
nan,0.0,0.0,0.0,0.0,0.0,0.0,0.0,0.0,0.0,1.0721780791025883,False,False,52.0,0.0,2760368.000471824,-1.6269779756355385,505212.8264405012,8.868940383288782e-06,0.0006559823091978278,0.7943282347242815,0.7
nan,0.0,0.0,0.0,0.0,0.0,0.0,0.0,0.0,0.0,1.0038903957978358,False,False,54.0,0.0,2746248.6754965186,-1.5079925520032509,505212.8264405012,8.868940383288782e-06,0.000662742606231384,0.7943282347242815,0.7
nan,0.0,0.0,0.0,0.0,0.0,0.0,0.0,0.0,0.0,0.8935619050739367,False,False,56.0,0.0,2732128.5768167083,-1.3884337607652706,505212.8264405012,8.868940383288782e-06,0.000669608314977444,0.7943282347242815,0.7
nan,0.0,0.0,0.0,0.0,0.0,0.0,0.0,0.0,0.0,0.9325640642316425,False,False,58.0,0.0,2718007.7623175653,-1.268292635248991,505212.8264405012,8.868940383288782e-06,0.000676581611319598,0.7943282347242815,0.7
nan,0.0,0.0,0.0,0.0,0.0,0.0,0.0,0.0,0.0,1.2066130381049984,False,False,60.0,0.0,2703886.2907339693,-1.1475600231353191,505212.8264405012,8.868940383288782e-06,0.0006836647268536599,0.7943282347242815,0.7
nan,0.0,0.0,0.0,0.0,0.0,0.0,0.0,0.0,0.0,1.020427453732655,False,False,62.0,0.0,2689764.221672614,-1.0262265816905647,505212.8264405012,8.868940383288782e-06,0.0006908599505844012,0.7943282347242815,0.7
nan,0.0,0.0,0.0,0.0,0.0,0.0,0.0,0.0,0.0,0.8170758297793587,False,False,64.0,0.0,2675641.6156348097,-0.9042827728526281,505212.8264405012,8.868940383288782e-06,0.0006981696306819558,0.7943282347242815,0.7
nan,0.0,0.0,0.0,0.0,0.0,0.0,0.0,0.0,0.0,0.9869438446389066,False,False,66.0,0.0,2661518.5340400003,-0.7817188581664719,505212.8264405012,8.868940383288782e-06,0.0007055961763002593,0.7943282347242815,0.7
nan,0.0,0.0,0.0,0.0,0.0,0.0,0.0,0.0,0.0,0.6589930193592379,False,False,68.0,0.0,2647395.0392500227,-0.658524893563332,505212.8264405012,8.868940383288782e-06,0.0007131420594600067,0.7943282347242815,0.7
nan,0.0,0.0,0.0,0.0,0.0,0.0,0.0,0.0,0.0,0.777366200969976,False,False,70.0,0.0,2633271.1945941397,-0.5346907239782146,505212.8264405012,8.868940383288782e-06,0.0007208098169986986,0.7943282347242815,0.7
nan,0.0,0.0,0.0,0.0,0.0,0.0,0.0,0.0,0.0,0.8747331838868313,False,False,72.0,0.0,2619147.0643948675,-0.4102059777999672,505212.8264405012,8.868940383288782e-06,0.0007286020525904844,0.7943282347242815,0.7
nan,0.0,0.0,0.0,0.0,0.0,0.0,0.0,0.0,0.0,0.6675901003304134,False,False,74.0,0.0,2605022.713994638,-0.2850600611477576,505212.8264405012,8.868940383288782e-06,0.0007365214388386078,0.7943282347242815,0.7
nan,0.0,0.0,0.0,0.0,0.0,0.0,0.0,0.0,0.0,0.8817369517555054,False,False,76.0,0.0,2590898.209783313,-0.1592421519678158,505212.8264405012,8.868940383288782e-06,0.0007445707194434086,0.7943282347242815,0.7
nan,0.0,0.0,0.0,0.0,0.0,0.0,0.0,0.0,0.0,0.43069835847820426,False,False,78.0,0.0,2576773.619226595,-0.03274119394388163,505212.8264405012,8.868940383288782e-06,0.0007527527114489462,0.7943282347242815,0.7
nan,0.0,0.0,0.0,0.0,0.0,0.0,0.0,0.0,0.0,1.0329638431760895,False,False,80.0,0.0,2562649.01089536,0.09445410978552227,494819.17250010505,1.1266999498825075e-05,0.0007610703075714646,0.7943282347242815,0.7
nan,0.0,0.0,0.0,0.0,0.0,0.0,0.0,0.0,0.0,1.2949940854106634,False,False,82.0,0.0,2548524.454495955,0.22235530310969126,481092.7492580849,1.5455124482618126e-05,0.0007695264786130504,0.7943282347242815,0.7
nan,0.0,0.0,0.0,0.0,0.0,0.0,0.0,0.0,0.0,0.7568249375195963,False,False,84.0,0.0,2534400.020901481,0.35097418363603755,467691.6174357625,2.104184541171826e-05,0.0007781242759640032,0.7943282347242815,0.7
nan,0.0,0.0,0.0,0.0,0.0,0.0,0.0,0.0,0.0,0.9150459445438246,False,False,86.0,0.0,2520275.7821841245,0.48032280959548235,454619.21990578197,2.8432025563666914e-05,0.0007868668341975778,0.7943282347242815,0.7
nan,0.0,0.0,0.0,0.0,0.0,0.0,0.0,0.0,0.0,0.5975422045278697,False,False,88.0,0.0,2506151.811648551,0.6104135069708777,441878.12835468206,3.8125778152180094e-05,0.000795757373760943,0.7943282347242815,0.7
nan,0.0,0.0,0.0,0.0,0.0,0.0,0.0,0.0,0.0,0.8113505263679808,False,False,90.0,0.0,2492028.183866416,0.7412588768567662,429470.02832649695,5.073407151284214e-05,0.0008047992037663741,0.7943282347242815,0.7
nan,0.0,0.0,0.0,0.0,0.0,0.0,0.0,0.0,0.0,0.4006221320618334,False,False,92.0,0.0,2477904.9747120407,0.872871803059465,417395.7148293634,6.699507099911733e-05,0.0008139957248868631,0.7943282347242815,0.7
nan,0.0,0.0,0.0,0.0,0.0,0.0,0.0,0.0,0.0,0.8931324205751396,False,False,94.0,0.0,2463782.261399283,1.0052654599457769,405655.09850241494,8.779080169660613e-05,0.0008233504323605551,0.7943282347242815,0.7
nan,0.0,0.0,0.0,0.0,0.0,0.0,0.0,0.0,0.0,0.906898106472816,False,False,96.0,0.0,2449660.122519661,1.1384533205505962,394247.2220545477,0.00011416363265462961,0.0008328669191085999,0.7943282347242815,0.7
nan,0.0,0.0,0.0,0.0,0.0,0.0,0.0,0.0,0.0,1.3777835578198268,False,False,98.0,0.0,2435538.6380817797,1.2724491649524041,383170.2864170927,0.00014733201746574187,0.0008425488789712229,0.7943282347242815,0.7
nan,0.0,0.0,0.0,0.0,0.0,0.0,0.0,0.0,0.0,0.901361899061969,False,False,100.0,0.0,2421417.8895521024,1.407267088927481,372421.6858122688,0.00018870488456259474,0.0008524001100670602,0.7943282347242815,0.7
nan,0.0,0.0,0.0,0.0,0.0,0.0,0.0,0.0,0.0,1.5117125403531309,False,False,102.0,0.0,2407297.959897128,1.5429215128929483,361998.0507377501,0.00023989405892659645,0.0008624245182810227,0.7943282347242815,0.7
nan,0.0,0.0,0.0,0.0,0.0,0.0,0.0,0.0,0.0,0.7195750254825737,False,False,104.0,0.0,2393178.9336270345,1.6794271911504177,351895.2977133746,0.0003027241182325814,0.0008726261208861979,0.7943282347242815,0.7
nan,0.0,0.0,0.0,0.0,0.0,0.0,0.0,0.0,0.0,1.010444474139919,False,False,106.0,0.0,2379060.8968408285,1.8167992214408415,342108.684531038,0.0003792391414261899,0.0008830090503055908,0.7943282347242815,0.7
nan,0.0,0.0,0.0,0.0,0.0,0.0,0.0,0.0,0.0,1.19149365525039,False,False,108.0,0.0,2364943.9372730865,1.9550530548237621,332632.8696965285,0.00047170589423185794,0.0008935775580197262,0.7943282347242815,0.7
nan,0.0,0.0,0.0,0.0,0.0,0.0,0.0,0.0,0.0,1.0670802147517418,False,False,110.0,0.0,2350828.1443423373,2.09420450589279,323461.9747480842,0.0005826131094546173,0.0009043360186264727,0.7943282347242815,0.7
nan,0.0,0.0,0.0,0.0,0.0,0.0,0.0,0.0,0.0,1.0875011118594449,False,False,112.0,0.0,2336713.609201146,2.2342697633406132,314589.64817733737,0.0007146666533795172,0.0009152889340597233,0.7943282347242815,0.7
nan,0.0,0.0,0.0,0.0,0.0,0.0,0.0,0.0,0.0,0.802700139680619,False,False,114.0,0.0,2322600.4247879917,2.3752654008875282,306009.1297574146,0.0008707805148565889,0.0009264409379738862,0.7943282347242815,0.7
nan,0.0,0.0,0.0,0.0,0.0,0.0,0.0,0.0,0.0,0.7371707300830705,False,False,116.0,0.0,2308488.6858809916,2.5172083885876457,297713.3141914992,0.001054063701923191,0.0009377968003014826,0.7943282347242815,0.7
nan,0.0,0.0,0.0,0.0,0.0,0.0,0.0,0.0,0.0,0.7875542644920142,False,False,118.0,0.0,2294378.4891535533,2.660116104527672,289694.8131268222,0.0012678032733104763,0.0009493614319914996,0.7943282347242815,0.7
nan,0.0,0.0,0.0,0.0,0.0,0.0,0.0,0.0,0.0,0.9402379743280694,False,False,120.0,0.0,2280269.933232047,2.8040063469339827,281946.0147225161,0.0015154438611229616,0.000961139889936494,0.7943282347242815,0.7
nan,0.0,0.0,0.0,0.0,0.0,0.0,0.0,0.0,0.0,1.0192027610979257,False,False,122.0,0.0,2266163.1187555604,2.9488973467043857,274459.14011052286,0.0018005641499523814,0.0009731373820968736,0.7943282347242815,0.7
nan,0.0,0.0,0.0,0.0,0.0,0.0,0.0,0.0,0.0,0.8982862606171454,False,False,124.0,0.0,2252058.148437847,3.0948077803815917,267226.2962379927,0.0021268508621751173,0.0009853592728311347,0.7943282347242815,0.7
nan,0.0,0.0,0.0,0.0,0.0,0.0,0.0,0.0,0.0,1.1315491662521737,False,False,126.0,0.0,2237955.1271315417,3.24175678358602,260239.5247221952,0.0024980708566423506,0.000997811088441319,0.7943282347242815,0.7
nan,0.0,0.0,0.0,0.0,0.0,0.0,0.0,0.0,0.0,0.7270036471699105,False,False,128.0,0.0,2223854.161894751,3.3897639649269085,253490.84648122374,0.0029180419777758934,0.0010104985229433669,0.7943282347242815,0.7
nan,0.0,0.0,0.0,0.0,0.0,0.0,0.0,0.0,0.0,0.5687406910792109,False,False,130.0,0.0,2209755.362060114,3.53884942041092,246972.30202208646,0.0033906032953787244,0.0010234274440725287,0.7943282347242815,0.7
nan,0.0,0.0,0.0,0.0,0.0,0.0,0.0,0.0,0.0,1.0054025076380502,False,False,132.0,0.0,2195658.839306441,3.689033748368717,240675.98737057272,0.003919585354800881,0.0010366038995345142,0.7943282347242815,0.7
nan,0.0,0.0,0.0,0.0,0.0,0.0,0.0,0.0,0.0,0.6865762802647553,False,False,134.0,0.0,2181564.7077330467,3.840338064920862,234594.08571383226,0.004508781016042076,0.0010500341235135462,0.7943282347242815,0.7
nan,0.0,0.0,0.0,0.0,0.0,0.0,0.0,0.0,0.0,0.9267924638699417,False,False,136.0,0.0,2167473.0839368817,3.992784020004942,228718.89489669053,0.005161917403157097,0.0010637245434490814,0.7943282347242815,0.7
nan,0.0,0.0,0.0,0.0,0.0,0.0,0.0,0.0,0.0,0.4153609525275904,False,False,138.0,0.0,2153384.0870925966,4.146393813987768,223042.85096786366,0.005882629416351823,0.0010776817870935197,0.7943282347242815,0.7
nan,0.0,0.0,0.0,0.0,0.0,0.0,0.0,0.0,0.0,0.8618651094591614,False,False,140.0,0.0,2139297.8390356633,4.301190214886408,217558.54801234294,0.006674435182923568,0.0010919126898638273,0.7943282347242815,0.7
nan,0.0,0.0,0.0,0.0,0.0,0.0,0.0,0.0,0.0,0.8195433465098476,False,False,142.0,0.0,2125214.464348685,4.457196576223924,212258.75453422917,0.007540713743656149,0.0011064243025006707,0.7943282347242815,0.7
nan,0.0,0.0,0.0,0.0,0.0,0.0,0.0,0.0,0.0,1.1042860821175278,False,False,144.0,0.0,2111134.090451041,4.614436855546364,207136.4266708715,0.008484685192077217,0.0011212238990493098,0.7943282347242815,0.7
nan,0.0,0.0,0.0,0.0,0.0,0.0,0.0,0.0,0.0,1.0340197103748676,False,False,146.0,0.0,2097056.8476920074,4.772935633628628,202184.71852651885,0.00950939340803149,0.0011363189851772303,0.7943282347242815,0.7
nan,0.0,0.0,0.0,0.0,0.0,0.0,0.0,0.0,0.0,0.8570112220323115,False,False,148.0,0.0,2082982.8694475268,4.932718134399092,197396.98991348335,0.010617691456592552,0.001151717306844229,0.7943282347242815,0.7
nan,0.0,0.0,0.0,0.0,0.0,0.0,0.0,0.0,0.0,0.8158709429658965,False,False,150.0,0.0,2068912.2922207576,5.093810245612588,192766.8117819901,0.011812229660213744,0.0011674268593414843,0.7943282347242815,0.7
nan,0.0,0.0,0.0,0.0,0.0,0.0,0.0,0.0,0.0,0.9618194333425224,False,False,152.0,0.0,2054845.255746618,5.256238540304753,188287.96960955072,0.013095446296883024,0.0011834558967169252,0.7943282347242815,0.7
nan,0.0,0.0,0.0,0.0,0.0,0.0,0.0,0.0,0.0,0.7312222109998594,False,False,154.0,0.0,2040781.903100466,5.420030299060451,183954.46500534832,0.014469560831003099,0.0011998129416051506,0.7943282347242815,0.7
nan,0.0,0.0,0.0,0.0,0.0,0.0,0.0,0.0,0.0,0.7483536307650416,False,False,156.0,0.0,2026722.3808111316,5.58521353313182,179760.51576921678,0.015936569546063872,0.0012165067954810075,0.7943282347242815,0.7
nan,0.0,0.0,0.0,0.0,0.0,0.0,0.0,0.0,0.0,0.9625991164302226,False,False,158.0,0.0,2012666.8389784887,5.7518170084427895,175700.5546259935,0.017498243419382137,0.0012335465493569517,0.7943282347242815,0.7
nan,0.0,0.0,0.0,0.0,0.0,0.0,0.0,0.0,0.0,0.8617738820886063,False,False,160.0,0.0,1998615.4313957782,5.919870270517964,171769.22683745806,0.01915612805812208,0.0012509415949453046,0.7943282347242815,0.7
nan,0.0,0.0,0.0,0.0,0.0,0.0,0.0,0.0,0.0,0.8761638549953404,False,False,162.0,0.0,1984568.3156769094,6.089403670377275,167961.38687514418,0.020911545502007495,0.0012687016363075933,0.7943282347242815,0.7
nan,0.0,0.0,0.0,0.0,0.0,0.0,0.0,0.0,0.0,0.5701100066944967,False,False,164.0,0.0,1970525.6533889633,6.26044839143757,164272.09431869962,0.02276559769071657,0.001286836702014302,0.7943282347242815,0.7
nan,0.0,0.0,0.0,0.0,0.0,0.0,0.0,0.0,0.0,0.633951355345826,False,False,166.0,0.0,1956487.6101901478,6.43303647746641,160696.60912665323,0.024719171391958464,0.0013053571578395236,0.7943282347242815,0.7
nan,0.0,0.0,0.0,0.0,0.0,0.0,0.0,0.0,0.0,1.3941831530455386,False,False,168.0,0.0,1942454.3559734647,6.607200861634055,157230.386409487,0.026772944388835453,0.0013242737200162512,0.7943282347242815,0.7
nan,0.0,0.0,0.0,0.0,0.0,0.0,0.0,0.0,0.0,0.890776741797764,False,False,170.0,0.0,1928426.0650163544,6.782975396712402,153869.0708192961,0.028927392731249703,0.001343597469079361,0.7943282347242815,0.7
nan,0.0,0.0,0.0,0.0,0.0,0.0,0.0,0.0,0.0,1.074755015793819,False,False,172.0,0.0,1914402.916136607,6.960394886472218,150608.49065548292,0.031182798865361537,0.0013633398643247022,0.7943282347242815,0.7
nan,0.0,0.0,0.0,0.0,0.0,0.0,0.0,0.0,0.0,1.406745501167284,False,False,174.0,0.0,1900385.0928548397,7.139495118331824,147444.65177279085,0.033539260466239895,0.0013835127589141509,0.7943282347242815,0.7
nan,0.0,0.0,0.0,0.0,0.0,0.0,0.0,0.0,0.0,1.1026122059470957,False,False,176.0,0.0,1886372.7835638614,7.3203128973138885,144373.731365632,0.03599669981173827,0.0014041284156579956,0.7943282347242815,0.7
nan,0.0,0.0,0.0,0.0,0.0,0.0,0.0,0.0,0.0,0.7384829795920729,False,False,178.0,0.0,1872366.181705254,7.502886081368904,141392.07169202916,0.03855487354910281,0.0014251995235076112,0.7943282347242815,0.7
nan,0.0,0.0,0.0,0.0,0.0,0.0,0.0,0.0,0.0,0.8782825619326674,False,False,180.0,0.0,1858365.485953527,7.687253618127217,138496.17379046525,0.041213382720122524,0.001446739214793035,0.7943282347242815,0.7
nan,0.0,0.0,0.0,0.0,0.0,0.0,0.0,0.0,0.0,0.5868286798456169,False,False,182.0,0.0,1844370.9004082147,7.873455583144438,135682.69123434174,0.043971682924786384,0.0014687610832418202,0.7943282347242815,0.7
nan,0.0,0.0,0.0,0.0,0.0,0.0,0.0,0.0,0.0,0.8082479520796295,False,False,184.0,0.0,1830382.6347943125,8.061533219708593,132948.4239611926,0.04682909451725541,0.0014912792028173303,0.7943282347242815,0.7
nan,0.0,0.0,0.0,0.0,0.0,0.0,0.0,0.0,0.0,1.029398139462184,False,False,186.0,0.0,1816400.9046714585,8.251528980279451,130290.31220693627,0.04978481274153114,0.0015143081474166072,0.7943282347242815,0.7
nan,0.0,0.0,0.0,0.0,0.0,0.0,0.0,0.0,0.0,0.7286091011136356,False,False,188.0,0.0,1802425.9316523084,8.443486569636084,127705.43056960696,0.052837917726979385,0.0015378630114698858,0.7943282347242815,0.7
nan,0.0,0.0,0.0,0.0,0.0,0.0,0.0,0.0,0.0,0.8622814234923111,False,False,190.0,0.0,1788457.9436305568,8.637450989810272,125190.98222199205,0.0559873842757657,0.0015619594314859658,0.7943282347242815,0.7
nan,0.0,0.0,0.0,0.0,0.0,0.0,0.0,0.0,0.0,0.645747218463935,False,False,192.0,0.0,1774497.1750190936,8.833468586888467,122744.29328810243,0.05923209138546942,0.0015866136085898135,0.7943282347242815,0.7
nan,0.0,0.0,0.0,0.0,0.0,0.0,0.0,0.0,0.0,0.9255678644082473,False,False,194.0,0.0,1760543.866998812,9.031587099769029,120362.8073946437,0.06257083146031593,0.0016118423321010618,0.7943282347242815,0.7
nan,0.0,0.0,0.0,0.0,0.0,0.0,0.0,0.0,0.0,1.274030380937795,False,False,196.0,0.0,1746598.2677786143,9.231855710965066,118044.08040551028,0.0660023191735965,0.0016376630042044152,0.7943282347242815,0.7
nan,0.0,0.0,0.0,0.0,0.0,0.0,0.0,0.0,0.0,1.3301159028047511,False,False,198.0,0.0,1732660.6328671814,9.434325099548255,115785.77534445345,0.06952519995232066,0.0016640936657655104,0.7943282347242815,0.7
nan,0.0,0.0,0.0,0.0,0.0,0.0,0.0,0.0,0.0,1.1850218041633247,False,False,200.0,0.0,1718731.2253571237,9.639047496333811,113585.65750890897,0.07313805806234491,0.0016911530233482748,0.7943282347242815,0.7
nan,0.0,0.0,0.0,0.0,0.0,0.0,0.0,0.0,0.0,1.3447259721662383,False,False,202.0,0.0,1704810.3162221487,9.846076741410887,111441.58977591133,0.07683942427892326,0.0017188604774925557,0.7943282347242815,0.7
0.19611346418631384,5.265593836219744e-06,1.0326538482191558e-06,4.371173276305863e-12,420.4255605426574,82.45111311049337,0.0,0.0,3.9165562699715425e-05,3.2656066995069676e-05,0.8337954249616067,False,True,204.0,0.0,1690898.1846279239,10.055468344128654,109351.52809954024,0.0806277831331375,0.00174723615231353,0.7943282347242815,0.7
0.18164025097248276,5.70960300244128e-06,1.0370937223166752e-06,4.845843875811876e-12,455.87698509248224,82.80560998477726,0.0,0.0,4.173009896777085e-05,3.7096183022858796e-05,0.888955069373525,False,True,206.0,0.0,1676995.1182573654,10.267279545653798,107313.51719796681,0.08450157972967787,0.0017763009264872573,0.7943282347242815,0.7
0.20790806526013017,4.951784366825254e-06,1.0295159072919973e-06,4.038047769534151e-12,395.3697878838817,82.20056766124591,0.0,0.0,4.441680480040303e-05,2.951795626949269e-05,0.6645673051480924,False,True,208.0,0.0,1663101.413651089,10.481569384219519,105325.68642704564,0.0884592261357686,0.0018060764656897422,0.7943282347242815,0.7
0.16767159255039038,6.215434426600581e-06,1.042151788700642e-06,5.391362509378737e-12,496.2645399736503,83.20946574366882,0.0,0.0,4.722986232594075e-05,4.2154527424925074e-05,0.8925397057905868,False,True,210.0,0.0,1649217.376563854,10.698398763193891,103386.24583674686,0.09249910734421708,0.0018365852565598241,0.7943282347242815,0.7
0.13010888801432655,8.159233743428322e-06,1.0615888294064299e-06,7.53481129497648e-12,651.4650629874867,84.76139492548509,0.0,0.0,5.017361192342825e-05,6.159266030156358e-05,1.227590718315483,False,True,212.0,0.0,1635343.322337834,10.917830522100271,101493.48240575228,0.09661958681709523,0.0018678506422594135,0.7943282347242815,0.7
0.1258636244590985,8.45818823689811e-06,1.0645782278533082e-06,7.871109528545901e-12,675.3347563977965,85.00008016342902,0.0,0.0,5.325256176600413e-05,6.458223007573273e-05,1.2127534889215665,False,True,214.0,0.0,1621479.5762936193,11.139929510729,99645.75644937759,0.10081901161830688,0.001899896859707748,0.7943282347242815,0.7
0.1441036824104709,7.307755399268334e-06,1.053074463189568e-06,6.5866688360763914e-12,583.4797091474346,84.08157469993584,0.0,0.0,5.647139774962254e-05,5.3077811010422414e-05,0.9399060962817622,False,True,216.0,0.0,1607626.4741399132,11.36476266648742,97841.4981951737,0.1050957171461436,0.0019327490785695633,0.7943282347242815,0.7
0.10677500146288886,1.0126535915054166e-05,1.0812608871439052e-06,9.780351621703752e-12,808.5421456468614,86.33208878425093,0.0,0.0,5.9834993827042786e-05,8.126586188764468e-05,1.3581661280445572,False,True,218.0,0.0,1593784.3624029218,11.592399095140854,96079.20452081772,0.10944803147732751,0.0019664334420804396,0.7943282347242815,0.7
0.13311899873643654,7.959751133264209e-06,1.0595941010513476e-06,7.311394786115553e-12,635.5375929232613,84.60212802930955,0.0,0.0,6.334842276932346e-05,5.9597818122506975e-05,0.9407940327026939,False,True,220.0,0.0,1579953.5988765184,11.822910155105456,94357.43584815419,0.11387427933648514,0.0020009771097958427,0.7943282347242815,0.7
0.14056417140875135,7.505863220744818e-06,1.0550554443314171e-06,6.805985407249756e-12,599.2974107178106,84.23974396495919,0.0,0.0,6.701696737805095e-05,5.5058903898764526e-05,0.8215666278685886,False,True,222.0,0.0,1566134.553094312,12.056369545461113,92674.81318766181,0.11837278570467379,0.0020364083023537596,0.7943282347242815,0.7
0.13358450204855382,7.929769414167636e-06,1.059294298551436e-06,7.277883974295871e-12,633.1437354687603,84.57819062775563,0.0,0.0,7.084613217357477e-05,5.929799854954662e-05,0.836996978243852,False,True,224.0,0.0,1552327.6068248244,12.29285339786065,91030.01532720032,0.12294187908205716,0.0020727563483441303,0.7943282347242815,0.7
0.14440678938173931,7.291275401934673e-06,1.0529096712914369e-06,6.568459557081919e-12,582.1638818481304,84.06841707169872,0.0,0.0,7.484165558563504e-05,5.291300983411707e-05,0.7069994566538302,False,True,226.0,0.0,1538533.1545910507,12.532440372519293,89421.7761592131,0.12757989441940096,0.0021100517333815638,0.7943282347242815,0.7
0.13104560659644546,8.09609328637768e-06,1.0609574557747726e-06,7.464010026541062e-12,646.4236824947798,84.71098359083648,0.0,0.0,7.900952267463426e-05,6.0961250599171535e-05,0.7715683949922525,False,True,228.0,0.0,1524751.6042157582,12.775211758477655,87848.8821403555,0.13228517573388007,0.0021483261514810108,0.7943282347242815,0.7
0.08494418564813803,1.3076319051619363e-05,1.1107572731150395e-06,1.3290921670591295e-11,1044.0643426190522,88.68719534803398,0.0,0.0,8.335597841286408e-05,0.00011076403547423981,1.3288073343176778,False,True,230.0,0.0,1510983.37739395,13.021251578339507,86310.16987786733,0.13705607842395442,0.0021876125588391596,0.7943282347242815,0.7
0.07657213530691018,1.4720772772246643e-05,1.1272010045387492e-06,1.532280053362106e-11,1175.3639450543076,90.00012703556217,0.0,0.0,8.788754155666137e-05,0.0001272088012388483,1.4474042507701321,False,True,232.0,0.0,1497228.9102940282,13.270646697695248,84804.52383695456,0.14189097129835318,0.002227945230127168,0.7943282347242815,0.7
0.08592231957889057,1.2907853324064706e-05,1.1090726983877327e-06,1.3085789920975738e-11,1030.613381503859,88.55269232785565,0.0,0.0,9.261101914163181e-05,0.00010907935631119634,1.1778226535265657,False,True,234.0,0.0,1483488.6541892479,13.52348693945048,83330.87416370382,0.14678823833356788,0.0022693598174031064,0.7943282347242815,0.7
0.12390770785561123,8.603423708263254e-06,1.0660305114015227e-06,8.035125689096436e-12,686.9309232041606,85.11603614936645,0.0,0.0,9.753352163443153e-05,6.603459717924612e-05,0.6770451437891525,False,True,236.0,0.0,1469763.0761211934,13.779865203289667,81888.19461816933,0.15174628017395855,0.002311893411754735,0.7943282347242815,0.7
0.06030483198032175,1.9481049944946513e-05,1.1748014437302557e-06,2.150641665241779e-11,1555.443051214071,93.80073185842353,0.0,0.0,0.00010266247877575637,0.00017481238703063784,1.7027875141460114,False,True,238.0,0.0,1456052.6595970853,14.039877590514026,80475.50061247761,0.15676351538797567,0.0023555846077852756,0.7943282347242815,0.7
0.06894441594154987,1.662570283794578e-05,1.14624937177994e-06,1.774346130992564e-11,1327.4609953731538,91.52102301119054,0.0,0.0,0.0001080056561503194,0.00014625840046474415,1.3541735282936072,False,True,240.0,0.0,1442357.9053228355,14.303623534501986,79091.84734897394,0.16183838149344026,0.002400473571056378,0.7943282347242815,0.7
0.08106010866245196,1.3791053107365459e-05,1.1179042634526898e-06,1.4167464816160626e-11,1101.1314988358918,89.25783894728598,0.0,0.0,0.00011357117252066571,0.00011791147204812025,1.0382165599872166,False,True,242.0,0.0,1428679.3319739094,14.571205937052842,77736.32805360854,0.1669693357642615,0.002446602108603272,0.7943282347242815,0.7
0.08262204056525022,1.3494441495874209e-05,1.1149382926775147e-06,1.380247529396325e-11,1077.4488702657027,89.0210242660759,0.0,0.0,0.00011936751796236279,0.00011494531546668304,0.9629530497813141,False,True,244.0,0.0,1415017.4770061502,14.84273131088103,76408.0723000386,0.1721548558299908,0.0024940137426374027,0.7943282347242815,0.7
0.07359606389408373,1.540964769297125e-05,1.134089416197232e-06,1.6189884292268306e-11,1230.3664070173338,90.55012470398192,0.0,0.0,0.00012540357283901944,0.0001340976542281132,1.0693288172917876,False,True,246.0,0.0,1401372.8975088813,15.118309928542216,75106.24442003836,0.17739344007918637,0.0025427537875510656,0.7943282347242815,0.7
0.06640335179680516,1.7374711700053454e-05,1.1537390933867162e-06,1.8714932812435055e-11,1387.2647858852436,92.11903161245742,0.0,0.0,0.00013168862765625735,0.000153748616421045,1.1675162780370842,False,True,248.0,0.0,1387746.1711027185,15.398055978079258,73830.04199597462,0.18268360787698745,0.002592869430336895,0.7943282347242815,0.7
0.06939740623845285,1.6498909086959208e-05,1.1449814963990093e-06,1.7580108014620853e-11,1317.337287489504,91.41979089297065,0.0,0.0,0.00013823240383349086,0.00014499044195456166,1.0488889575356821,False,True,250.0,0.0,1374137.896884689,15.682087725688419,72578.69443151071,0.18802389960571098,0.002644409814532039,0.7943282347242815,0.7
0.05224912663196393,2.319548834096175e-05,1.2119440076171536e-06,2.6643133821410446e-11,1852.0183081212779,96.76633910574424,0.0,0.0,0.0001450450754332588,0.00021195756360460808,1.4613220267663516,False,True,252.0,0.0,1360548.696423413,15.970527685714325,71351.46159658984,0.1934128765377357,0.002697426127792408,0.7943282347242815,0.7
0.05276236737995295,2.2917095583422834e-05,1.2091602164540528e-06,2.6248672598936248e-11,1829.7903439486095,96.544070355707,0.0,0.0,0.00015213729188683976,0.00020917357184069188,1.3749000606391488,False,True,254.0,0.0,1346979.2148072603,16.263502798292077,70147.63254320406,0.19884912054812548,0.0027519716931961873,0.7943282347242815,0.7
0.060552332776057524,1.9385672968975747e-05,1.1738477207052426e-06,2.1378116772268996e-11,1547.8277812497317,93.72458289026054,0.0,0.0,0.00015952020175453887,0.0001738585987356175,1.0898845213544914,False,True,256.0,0.0,1333430.121748594,16.561144614963755,68966.52428851234,0.20433123367417358,0.0028081020643674973,0.7943282347242815,0.7
0.07740474253250106,1.4538937901036529e-05,1.1253827449257538e-06,1.5095493257073437e-11,1160.8455393373947,89.85495009241336,0.0,0.0,0.00016720547755793503,0.00012539042592417935,0.7499181710762605,False,True,258.0,0.0,1319902.1127473724,16.863589492603854,67807.48066205023,0.20985783752832693,0.0028658751245004854,0.7943282347242815,0.7
0.06558428753028352,1.7630735131772688e-05,1.156299202252451e-06,1.9049545051695684e-11,1407.7066957895383,92.32344069496644,0.0,0.0,0.00017520534171953619,0.00015630889555009488,0.8921468604553724,False,True,260.0,0.0,1306395.9103176086,17.170978795995833,66669.87121398938,0.2154275725700121,0.0029253511893505436,0.7943282347242815,0.7
0.09588040909359667,1.141115778174989e-05,1.0941064763457584e-06,1.1288017054737803e-11,911.1113686423521,87.35773075525549,0.0,0.0,0.00018353259364292524,9.411221889505486e-05,0.512782046104336,False,True,262.0,0.0,1292912.2652803918,17.483459109407274,65553.09018157277,0.22103909724113696,0.0029865931142425773,0.7943282347242815,0.7
0.069585701984659,1.6446771598480044e-05,1.144460147061586e-06,1.7513029630548404e-11,1313.1744269459577,91.37816432733678,0.0,0.0,0.00019220063796353075,0.00014446905848110333,0.7516575387669405,False,True,264.0,0.0,1279451.9581273731,17.80118245751567,64456.55551096843,0.22669108696952953,0.003049666405125684,0.7943282347242815,0.7
0.07732085060419737,1.4557055477499755e-05,1.1255639118127717e-06,1.5118112225811222e-11,1162.292117344956,89.8694151636656,0.0,0.0,0.0002012235139957829,0.00012557160432459438,0.6240404107405958,False,True,266.0,0.0,1266015.8004588995,18.12430653603931,63379.707932021345,0.23238223304345731,0.0031146393336784007,0.7943282347242815,0.7
0.05260064164522292,2.3004095247000386e-05,1.210030170460043e-06,2.6371779609222232e-11,1836.7367365995235,96.61353087848774,0.0,0.0,0.00021061592639780432,0.00021004358845256687,0.9972825514431589,False,True,268.0,0.0,1252604.6365011798,18.45299495242733,62322.010083417124,0.23811124136025097,0.0031815830564385773,0.7943282347242815,0.7
0.04257779140293971,3.008140539651744e-05,1.2807998040801846e-06,3.6888364827452885e-11,2401.8167977082803,102.26405460089981,2.4907209954215587e-06,199.06328189749667,0.0002203932770677503,0.00028081856851065756,1.2741703025012516,False,True,270.0,199.06328189749667,1239219.3447071663,18.787417476961306,61282.94568606862,0.24387683105056757,0.0032505717378956377,0.7943282347242815,0.7
0.04599823597631383,2.7223199250021755e-05,1.2522191431327103e-06,3.252180112976574e-11,2173.606464996859,99.98206309656683,1.1394760375730174e-06,91.06914829071374,0.0002305716982787477,0.00025223568808034987,1.0939577145127832,False,True,272.0,489.19571208570704,1225860.8394460848,19.127750304614366,60262.01876252571,0.24967773297991527,0.0033216826774399646,0.7943282347242815,0.7
0.04485288720957954,2.8117805746863506e-05,1.2611647697449363e-06,3.387112562518235e-11,2245.035338852009,100.69631683504936,1.557291740255166e-06,124.46179449922262,0.00024116808704924145,0.00026118200059773084,1.082987404317732,False,True,274.0,704.7266548756434,1212530.0727868383,19.47417632800376,59258.752900474516,0.25551268812767286,0.0033949964400131955,0.7943282347242815,0.7
0.08218581891316226,1.3575988366076453e-05,1.115753721421557e-06,1.3902647545698503e-11,1083.9598906143385,89.0861312791612,0.0,0.0,0.0002522001407346198,0.00011576079520639905,0.4590036899630819,False,True,276.0,829.188449374866,1199228.0363808214,19.82688542175968,58272.69055839952,0.2613804458438239,0.0034705969902429573,0.7943282347242815,0.7
0.05136073140763165,2.369370286091969e-05,1.2169259086919297e-06,2.7352896262940854e-11,1891.7976996465047,97.16411352911953,0.0,0.0,0.000263686393811646,0.00021693982561130543,0.822719073500121,False,True,278.0,829.188449374866,1185955.7634499785,20.186074738612138,57303.39241171532,0.26727976198234743,0.0035485718297751253,0.7943282347242815,0.7
0.04934369397612392,2.4908395370271755e-05,1.2290722385869914e-06,2.9103961156381946e-11,1988.7834898566248,98.13392390825305,8.354816569935374e-08,6.677332423503471,0.0002756462558111185,0.00022908704589502435,0.8310907224947108,False,True,280.0,835.8657817983694,1172714.3308862713,20.55194901747248,56350.436737719974,0.27320939690995016,0.003629012137434014,0.7943282347242815,0.7
0.05534061181872898,2.161395402154062e-05,1.1961294393739356e-06,2.4422625005598495e-11,1725.7424362174481,95.50364226181746,0.0,0.0,0.0002881000503343494,0.00019614186606409977,0.6808116341405384,False,True,282.0,842.5431142218729,1159504.8614690613,20.924720903752206,55413.418837888006,0.27916811338786496,0.003712012911744535,0.7943282347242815,0.7
0.04386774101870283,2.8935685759936307e-05,1.2693431691154534e-06,3.511859107263252e-11,2310.338070822622,101.3493121564963,1.943484400189453e-06,155.32706542782438,0.00030106905506647173,0.00026936103404966714,0.8946818994406319,False,True,284.0,997.8701796496973,1146328.526207257,21.304611282119726,54491.950496051686,0.2851546743242732,0.0037976731152382973,0.7943282347242815,0.7
0.03345577887209676,4.1779896682405e-05,1.3977789847055907e-06,5.644645464006997e-11,3335.8699946224633,111.60412888615174,8.37916496422427e-06,669.6792135309777,0.0003145755426717019,0.0003978076848659825,1.2645855475202774,False,True,286.0,1822.8764586084994,1133186.5468134233,21.69184962184306,53585.65947124362,0.2911678403935236,0.003886095819835649,0.7943282347242815,0.7
0.02952413051157765,5.0193062112796486e-05,1.4819065165939269e-06,7.218719055820578e-11,4007.609954450014,118.32119933467997,1.2828398140357261e-05,1025.270610398114,0.00032864282242463575,0.00048194320826690717,1.4664650355399933,False,True,288.0,3517.8262825375914,1120080.1983174332,22.08667433480321,52694.189023952276,0.2972063675184452,0.003977388352445084,0.7943282347242815,0.7
0.032002817156817076,4.453878151390893e-05,1.4253664811770521e-06,6.145378521603146e-11,3556.1501259495676,113.80682226295605,9.823835357323202e-06,785.1400902165041,0.0003432952823939089,0.0004253977239488919,1.239159830518078,False,True,290.0,5328.23698315221,1107010.8118275967,22.4893331461842,51817.197474730165,0.30326900421084063,0.0040716624397477775,0.7943282347242815,0.7
0.03822954700527332,3.471481421822887e-05,1.3271316219351112e-06,4.4310618474609004e-11,2771.7662396291225,105.96336774553122,4.766391484821657e-06,380.9393077430148,0.00035855843195158033,0.00032715415791336833,0.9124151846958857,False,True,292.0,6494.316381111729,1093979.7774475678,22.90008347775311,50954.35779413947,0.30935448876492677,0.004169034350934943,0.7943282347242815,0.7
0.05157040528536022,2.357419736259995e-05,1.2157309122663495e-06,2.7182199213989866e-11,1882.2559142977366,97.06870035110053,0.0,0.0,0.00037445894433145406,0.00021574474238357066,0.5761505918058756,False,True,294.0,6875.255688854744,1080988.547357725,23.31919284353215,50105.35722309533,0.3154615462979837,0.004269625036935451,0.7943282347242815,0.7
0.035479934169099024,3.846091742889095e-05,1.3645908184602042e-06,5.062228018150445e-11,3070.8697389077415,108.95425617832498,6.664401776159258e-06,532.6319936614307,0.0003910246989007672,0.00036461656068939894,0.932464270708204,False,True,296.0,7407.887682516175,1068038.6390700461,23.746939257532294,49269.896922825865,0.3215888856313543,0.004373560264407553,0.7943282347242815,0.7
0.03266963569498169,4.322871885323981e-05,1.4122664964961314e-06,5.905725115128086e-11,3451.5496106820938,112.7608683641399,9.135850004209588e-06,730.154958385219,0.0004082848227432791,0.00041229652241234357,1.0098257379299818,False,True,298.0,8670.674634562825,1055131.6388658832,24.183611653061543,48447.691653639595,0.3277351960051261,0.004480970742466225,0.7943282347242815,0.7
0.02683107255059169,5.8223975769927255e-05,1.562211718066811e-06,8.85202487705219e-11,4648.829440986192,124.73308000642713,1.717207154356625e-05,1372.4254642428753,0.0004262697310733719,0.0005622566985140038,1.3190162414258428,False,True,300.0,10773.25505719092,1042269.20542635,24.629510312938734,47638.46948188302,0.33389914361844253,0.004591992239772787,0.7943282347242815,0.7
0.028310135945771857,5.352086231170777e-05,1.5151828879793844e-06,7.880022427010382e-11,4273.314508868452,120.97811468510518,1.4619010213675016e-05,1168.3798211748851,0.00044501116591274083,0.0005152229360416364,1.1577752998284607,False,True,302.0,13314.06034260868,1029453.0736653535,25.08494730972764,46841.97151442595,0.3400793679877238,0.004706765689220129,0.7943282347242815,0.7
0.02368443768597197,7.161166742902981e-05,1.696082074811405e-06,1.1858681717260875e-10,5717.754987699317,135.42181170981988,2.4545249453123867e-05,1961.704229463324,0.00046454223235820687,0.0006961423066690544,1.4985554771525305,False,True,304.0,16444.14439324689,1016685.0587755464,25.550246954857144,46057.951660190156,0.34627447811376966,0.004825437276999759,0.7943282347242815,0.7
0.03248885621100183,4.3576210746305644e-05,1.4157412451570368e-06,5.968961611249765e-11,3479.294719490394,113.03830585722136,9.318000033185605e-06,744.712744115673,0.00048489743165324974,0.0004157715921695947,0.857442347656964,False,True,306.0,19150.56136682589,1003967.0604977194,26.02574625520197,45286.17641821347,0.3524830484489175,0.004948158512329296,0.7943282347242815,0.7
0.04209918138415611,3.0529922823073476e-05,1.2852847585728577e-06,3.758826135799466e-11,2437.6281793564226,102.62215086985627,2.70680556080183e-06,216.3331819911082,0.0005061126901422144,0.0002853038787065222,0.563716113552406,False,True,308.0,20111.60729293267,991301.0676242774,26.51179537536215,44526.424691860484,0.35870361465457706,0.005075086273544954,0.7943282347242815,0.7
0.026239169035615146,6.0346124754361174e-05,1.5834321680740023e-06,9.304954531567033e-11,4818.270097460409,126.4274035465135,1.8331413096120937e-05,1465.0823032529045,0.0005282253830354122,0.0005834794465500352,1.1046031964558558,False,True,310.0,21793.02277817668,978689.1627475203,27.00875810349027,43778.48762878557,0.3649346691395993,0.005206382825615175,0.7943282347242815,0.7
0.028545963091892473,5.28403185895018e-05,1.5083777842197582e-06,7.743000484613219e-11,4218.977242307149,120.43476864443416,1.4251662765161174e-05,1139.0206963141495,0.0005512743517410124,0.0005084171368831587,0.9222579198134218,False,True,312.0,24397.125777743735,966133.5272634187,27.517012318069035,43042.16848637043,0.3711746563691395,0.005342215803401872,0.7943282347242815,0.7
0.024488955878619458,6.763547056289148e-05,1.6563220544443146e-06,1.0928641463002346e-10,5400.279913041013,132.2472165226563,2.2342035437621615e-05,1785.6190663902075,0.0005752999133266258,0.0006563775694446929,1.1409311113037406,False,True,314.0,27321.76554044809,953636.4466414072,28.03695045252751,42317.28252231642,0.377421967934211,0.0054827581541768665,0.7943282347242815,0.7
0.023029118051115054,7.521335150193407e-05,1.7320971507580514e-06,1.2728145793236736e-10,6005.327499432473,138.29739592003799,2.6548739253892074e-05,2121.827043589111,0.0006003438604542342,0.00073216179167892,1.2195707158976345,False,True,316.0,31229.21165042741,941200.315970416,28.568979953997747,41603.65691017887,0.3836749373715119,0.005628188031985138,0.7943282347242815,0.7
0.019844424648896714,9.954382802211427e-05,1.97538999444758e-06,1.9274530956599304e-10,7947.967693004714,157.7228459956975,4.022064828466339e-05,3214.512690224024,0.0006264494498875842,0.000975487818377792,1.5571692473396577,False,True,318.0,36565.55138424054,928827.6457908342,29.113523731841646,40901.13067960556,0.38993183472364673,0.005778688635426261,0.7943282347242815,0.7
0.030204989108905553,4.85017199926773e-05,1.4649939241420044e-06,6.891018903446979e-11,3872.566599220205,116.9708319529577,1.1924218740156384e-05,953.0068284815717,0.0006536613773972368,0.0004650289523913122,0.7114217980003266,False,True,320.0,40733.070902946136,916521.0682214021,29.67102059081702,40209.55468106104,0.396190860830168,0.0059344479792928445,0.7943282347242815,0.7
0.02962256793956052,4.9941272817087655e-05,1.479388747012306e-06,7.169575624223064e-11,3987.5061144882475,118.1201707858411,1.2693526468759736e-05,1014.4914032398025,0.0006820257365835127,0.0004794251892397387,0.7029429587823686,False,True,322.0,42700.56913466751,904283.343389022,30.241925642885118,39528.7915748363,0.4024501413402746,0.00609565858925438,0.7943282347242815,0.7
0.03336661197221207,4.1939325261509024e-05,1.3993731923771633e-06,5.6731711791459587e-11,3348.5993945384375,111.73141664794834,8.462205104194299e-06,676.3159435469239,0.0007115899588007465,0.0003994020373959994,0.561281159825692,False,True,324.0,44391.37648145424,892117.3661681629,30.826710690684276,38858.715844104605,0.4087077204390673,0.006262517107401285,0.7943282347242815,0.7
0.02348053722557909,7.26947934940062e-05,1.7069128047417971e-06,1.2117452691226448e-10,5804.235999560456,136.28657945372552,2.514702291129083e-05,2009.7991384321413,0.0007424027309944947,0.0007069743488856579,0.9522787556810596,False,True,326.0,47077.4915634333,880026.1732348463,31.42586457459227,38199.21383179963,0.41496155428001413,0.006435223794964423,0.7943282347242815,0.7
0.02377817880234738,7.112446813916759e-05,1.6912103206349863e-06,1.174304183094825e-10,5678.855095131195,135.03283184465099,2.4274782083657782e-05,1940.087949554386,0.0007745138878590621,0.0006912699660408956,0.8925210727359942,False,True,328.0,51027.37865141983,868012.9504380951,32.03989347406247,37550.18380096044,0.4212095041185865,0.006613981916899388,0.7943282347242815,0.7
0.020776910978294323,9.093105958462081e-05,1.8892665301516432e-06,1.6823132813603447e-10,7260.290650151577,150.84641251474193,3.53587004799402e-05,2825.9363349431233,0.0008079742742808596,0.0008893519306405568,1.1007181279776856,False,True,330.0,55793.40293591734,856081.0404890344,32.66932115253433,36911.53601824499,0.4274493291428246,0.006798996991278483,0.7943282347242815,0.7
0.02517356626373201,6.458394994286213e-05,1.625808343460191e-06,1.0236117734825224e-10,5156.634598364718,129.81088275978735,2.065818189903039e-05,1651.0422060181165,0.0008428355735627705,0.00062586034575956,0.7425651756889788,False,True,332.0,60270.381476878574,844233.9509646466,33.314689133679266,36283.19286007081,0.4336786790004951,0.006990475884573207,0.7943282347242815,0.7
0.018882232668008175,0.00011032658877258894,2.083212318671683e-06,2.2550637493067636e-10,8808.905390388954,166.33180113179563,4.633195859371771e-05,3702.9405346315657,0.000879150096419416,0.0010833267419835054,1.2322432158008692,False,True,334.0,65624.36421752826,832475.362619191,33.976556795034234,35665.08894088611,0.43989508602400185,0.007188625731956629,0.7943282347242815,0.7
0.023193985778529613,7.427354498342598e-05,1.7226995460665616e-06,1.2498795015465893e-10,5930.289679457153,137.54705448789014,2.602529987429191e-05,2079.992747026335,0.0009169705252086914,0.0007227630239975327,0.7882074768248855,False,True,336.0,71407.29749918616,820809.137991609,34.655501363194446,35057.17126277022,0.4460959571594385,0.007393652659730811,0.7943282347242815,0.7
0.019488694648117696,0.0001032755212518923,2.012705098303319e-06,2.038227112996424e-10,8245.92064317548,160.7022295074572,4.233290958288765e-05,3383.328734663567,0.0009563496073192416,0.0010128085353573815,1.0590358668064923,False,True,338.0,76870.61898087605,809239.3302915397,35.35211779267307,34459.39938549099,0.45227856560959473,0.007605760284930437,0.7943282347242815,0.7
0.02592141613271171,6.15504501767952e-05,1.5954748321884475e-06,9.565959817475236e-11,4914.428138994068,127.3889368451732,1.8991143806114086e-05,1517.8092688749912,0.000997339791085947,0.0005955234348348371,0.5971118771731802,False,True,340.0,81771.7569844146,797770.1925399303,36.06701850829506,33871.745615841515,0.45844004220692597,0.007825147965118856,0.7943282347242815,0.7
0.02274084684597729,7.691504448468955e-05,1.7491132467778554e-06,1.3147878238714447e-10,6141.197307928774,139.65602743053628,2.749763340450263e-05,2197.6645156066884,0.001039992797065595,0.0007491800159840618,0.7203703891968486,False,True,342.0,85487.23076889629,786406.1869323113,36.80083298856736,33294.195214882624,0.4645773665381616,0.008052008769450796,0.7943282347242815,0.7
0.027255942924023044,5.6790444144535464e-05,1.5478771042333773e-06,8.551113281019483e-11,4534.370681745154,123.58854849800936,1.6391381877534077e-05,1310.0312228366747,0.001084359116999919,0.0005479205578286312,0.5052943708764631,False,True,344.0,88994.92650733965,775151.9943836725,37.554207164880964,32726.746621295206,0.4706873578508388,0.008286527140314609,0.7943282347242815,0.7
0.02442594474516845,6.793088573232853e-05,1.6592760613882084e-06,1.0996663054498467e-10,5423.867013008553,132.48307596488874,2.2505385730594427e-05,1798.6743405368736,0.0011304874323430354,0.0006593319213944279,0.5832279975266103,False,True,346.0,92103.6320707132,764012.5242031796,38.327802608659546,32169.411688764285,0.4767666657798911,0.008528876213408013,0.7943282347242815,0.7
0.021498925858050934,8.522176278533868e-05,1.8321763596144005e-06,1.5279093944966895e-10,6804.438113514261,146.28811050813906,3.214779636250663e-05,2569.3146126990664,0.001178423943877175,0.0008322539336609207,0.7062432310418711,False,True,348.0,96471.62102394913,752992.9238347363,39.122295475713585,31622.215934804444,0.48281176094343153,0.008779214763089174,0.7943282347242815,0.7
0.019032074077493032,0.00010849637849410765,2.064911112639579e-06,2.1978344259639378e-10,8662.774259470994,164.87056142285184,4.5293025218850955e-05,3619.9069521251417,0.0012282116037225903,0.001065022636519352,0.867132856660344,False,True,350.0,102660.84258877335,742098.588585324,39.93837517412631,31085.198797961766,0.488818925468307,0.009037683739465887,0.7943282347242815,0.7
0.016210922256604893,0.00015777418282576303,2.5576650118878116e-06,3.9702317692266756e-10,12597.306460937021,204.21395568087658,7.341882837746515e-05,5867.776020177508,0.0012798892410220224,0.0015578662948144185,1.2171883666827488,False,True,352.0,112148.52556107599,731335.1712471023,40.776742719053296,30558.413899709194,0.49478424351988187,0.009304402364160847,0.7943282347242815,0.7
0.016151300560973438,0.00015930329281477488,2.5729553626041897e-06,4.032922851654849e-10,12719.396569718221,205.43479695173355,7.429521324177261e-05,5937.818408552207,0.0013334905728091427,0.0015731598193206124,1.1797307393081755,False,True,354.0,123954.11998980571,720708.5915012491,41.6381087349431,30041.92930670979,0.5007035919255958,0.009579463753288385,0.7943282347242815,0.7
0.01652745471873223,0.00015012389577116877,2.481165889557669e-06,3.663536044721506e-10,11986.477687719465,198.1059672208777,6.903663100349886e-05,5517.542255421099,0.0013890430921330744,0.001481351644911258,1.0664547797695971,False,True,356.0,135409.48065377903,710225.0449713778,42.52319106298983,29535.82778836426,0.506572630999181,0.009862930039211475,0.7943282347242815,0.7
0.013539824065191124,0.00027681174285773736,3.7479822974726897e-06,1.0235798103787547e-09,22101.729790709487,299.25353290259994,0.00014191739667876842,11342.315254560692,0.001446566826496351,0.002748500612999062,1.9000163439777287,False,True,358.0,152269.3381637608,699891.011772028,43.43271192924695,29040.207063722846,0.5123867956916556,0.010154826967480553,0.7943282347242815,0.7
0.013519801409890668,0.0002783861881960355,3.76372597966685e-06,1.0337475864360556e-09,22227.439650696142,300.51056992774147,0.00014282559550222147,11414.900276626324,0.0015060729611744564,0.002764249438239642,1.8354020751318993,False,True,360.0,175026.55369494783,689713.2643732394,44.367394626936516,28555.180030899464,0.5181412872166508,0.010455137952395286,0.7943282347242815,0.7
0.013760601108759046,0.0002605628195419329,3.585501023490105e-06,9.215124947208495e-10,20804.35234274321,286.28039391456605,0.00013254651739323257,10593.376297418159,0.001567562324132749,0.0025859677093134437,1.6496745740199679,False,True,362.0,197034.83026899231,679698.8745755494,45.3279596652868,28080.874971175035,0.5238310653201358,0.010763797584332086,0.7943282347242815,0.7
0.015180082634782271,0.00018916837274519642,2.871591530159376e-06,5.350188634285075e-10,15103.941098016463,229.279073978774,9.14382163192648e-05,7307.920664267485,0.001631023732170101,0.0018718626633858228,1.1476612059441234,False,True,364.0,214936.12723067796,669855.219361301,46.31512033697729,27617.435718812885,0.5294508413904709,0.011080684594819168,0.7943282347242815,0.7
0.014082729338948512,0.0002400068229100934,3.3799511265437924e-06,7.998832507341492e-10,19163.0813531337,269.86848799643315,0.00012069804606891919,9646.423350210594,0.0016964322017169924,0.0023803562815683716,1.403154384336236,False,True,366.0,231890.47124515605,660189.9853579969,47.3295776572512,27165.021786546276,0.5349950726301749,0.011405614301817689,0.7943282347242815,0.7
0.012725039778475136,0.00035956331665786754,4.575457507351816e-06,1.624523925434055e-09,28708.938375882808,365.3223828309001,0.0001896875340593109,15160.197844037802,0.001763747032533711,0.0035762797404686425,2.0276602452059906,False,True,368.0,256697.09243940446,650711.1716183174,48.372014630315505,26723.80843546125,0.5404579575388375,0.01173833057825215,0.7943282347242815,0.7
0.012820742510820589,0.00034736609598428817,4.453491273603548e-06,1.5274235808540504e-09,27735.064678394287,355.5841227626482,0.00018264269571581076,14597.160617599237,0.0018329097785021614,0.0034542644056168342,1.8845796155005679,False,True,370.0,286454.4509010415,641427.0903898558,49.443089803160994,26293.98667677833,0.5458334329847703,0.012078497411953003,0.7943282347242815,0.7
0.015841885850705884,0.0001677400630569658,2.6573189315386593e-06,4.387142962648272e-10,13393.021229836177,212.17071351914524,7.913325164082914e-05,6324.483877479729,0.001903842126871263,0.0016575413199475914,0.8706296055501002,False,True,372.0,307376.09539612045,632346.3655166823,50.543430073815465,25875.763191892474,0.5511151731701208,0.012425690155137935,0.7943282347242815,0.7
0.015432121780113689,0.00018039214546679326,2.7838335570195372e-06,4.944765786065966e-10,14403.212863416937,222.27213493315017,8.639594294501527e-05,6904.932337615269,0.0019764437157584677,0.001784084170868636,0.9026739069996673,False,True,374.0,320605.5116112154,623477.9280856579,51.67362273072806,25469.36015582469,0.5562965908215272,0.012779386596505541,0.7943282347242815,0.7
0.015723219625127557,0.0001712177168339517,2.6920937654931224e-06,4.537256221724568e-10,13670.690678722543,214.94727196873868,8.11287064779585e-05,6483.964521633523,0.0020505899294049833,0.0016923237526055618,0.8252862887591674,False,True,376.0,333994.40847046423,614831.0089045642,52.83420671291101,25075.014948318312,0.5613708409610636,0.01313895802882184,0.7943282347242815,0.7
0.01713608177247276,0.00013732090465578767,2.353142251251513e-06,3.1762015223953136e-10,10964.23691417528,187.88406033407202,6.171332717460797e-05,4932.249524042814,0.0021261297215472916,0.001353303330344585,0.6365102357723113,False,True,378.0,345410.6225161406,606415.1273784188,54.02566309706123,24692.979735883455,0.5663308276331875,0.01350366052906851,0.7943282347242815,0.7
0.014852064643561431,0.00020195558182262922,2.999457356357749e-06,5.968206768453526e-10,16124.921772062415,239.48838053104214,9.879043180353261e-05,7895.52407155648,0.0022028835290748678,0.0019997597659721644,0.9077918735049928,False,True,380.0,358238.39611173986,598240.0763369767,55.24840483850377,24323.52090763834,0.5711692139757334,0.013872626715851924,0.7943282347242815,0.7
0.01567968849141533,0.0001725298765535603,2.7052147198221667e-06,4.5945180961622175e-10,13775.45863135939,215.99490016609377,8.188178494062983e-05,6544.152021791605,0.002280641350556255,0.0017054476054480649,0.7477929859651546,False,True,382.0,372678.0722050879,590315.9023629241,56.502765817709665,23966.918347548926,0.5758784360291006,0.014244858298326949,0.7943282347242815,0.7
0.016338319628926214,0.00015460323785815205,2.525957115793394e-06,3.8417038647138617e-10,12344.125840303574,201.6822735185672,7.1601956523464e-05,5722.5680764899225,0.002359161076701205,0.0015261518917065616,0.6469044893876288,False,True,384.0,384944.79230336944,582652.8811793582,57.78898927344081,23623.464525980125,0.5804507206721554,0.014619219780181464,0.7943282347242815,0.7
0.014655430076244275,0.00021048481957964705,3.0847455554604095e-06,6.398437953535318e-10,16805.92939941299,246.29812317939502,0.00010369758650994591,8287.713450629042,0.0024381671716772867,0.0020850697361820387,0.8551791527681255,False,True,386.0,398955.0738304884,575261.4876798932,59.10721573715019,23293.46339435324,0.5848781080546859,0.014994433728305051,0.7943282347242815,0.7
0.013745339058441901,0.00026162445982849745,3.59611690632441e-06,9.280214830682133e-10,20889.117846209007,287.1280074278924,0.0001331586491707511,10642.299063480907,0.002517349814502162,0.0025965868847782625,1.0314763843386505,False,True,388.0,417885.0863445984,568152.3602280318,60.45747062071088,22977.229068278575,0.5891524788617994,0.015369078054897175,0.7943282347242815,0.7
0.013453049742992544,0.0002837669698000265,3.81753116013802e-06,1.0688673601824987e-09,22657.062252130894,304.80658550799563,0.00014592968212969877,11662.984936648705,0.002596364617376887,0.0028180723826487677,1.0853916140237163,False,True,390.0,440190.370344728,561336.2589173701,61.839651650087085,22675.084286922356,0.5932655866927076,0.01574158578945447,0.7943282347242815,0.7
0.013195112748081994,0.00030667157027285303,4.046565946381646e-06,1.224779839984502e-09,24485.85493768809,323.09361663597457,0.00015914692084930117,12719.332444853417,0.00267483304153415,0.003047186026149642,1.1392060658866128,False,True,392.0,464572.6877262301,554824.0175732078,63.253516380016684,22387.358639693957,0.5972090957623227,0.01611024782819444,0.7943282347242815,0.7
0.014281944062509615,0.0002288419354561159,3.268307721340683e-06,7.373283952208225e-10,18271.633168515633,260.95444284343563,0.00011426615488249942,9132.374056560344,0.002752343629568706,0.002268681227672256,0.8242725229871677,False,True,394.0,486424.3942276439,548626.4893912035,64.69867006746455,22114.386555621422,0.6009746240380153,0.01647321913752197,0.7943282347242815,0.7
0.01339947344488598,0.00028823854277020943,3.862244699642053e-06,1.0984891636864418e-09,23014.09008811116,308.37668899385915,0.00014850954522350232,11869.172628984692,0.0028284541648972428,0.0028628009048313,1.0121432902679917,False,True,396.0,507425.94091318897,542754.4862508414,66.1745542223867,21856.505056133756,0.6045537918038134,0.016828528849634265,0.7943282347242815,0.7
0.012608737575991064,0.00037559028618532796,4.735719354602182e-06,1.7565930302937609e-09,29988.594167226576,378.11831412745613,0.00019894581352762302,15900.137604080855,0.0029026948526955382,0.003736608368831069,1.2872894184385697,False,True,398.0,535195.2511462545,537218.7119101828,67.68043619056714,21614.05127830858,0.6079382755014098,0.01717409461736461,0.7943282347242815,0.7
0.013606938673647513,0.0002716617830546932,3.696485221998946e-06,9.906643265111288e-10,21690.536902630334,295.14180543257925,0.00013894694976418639,11104.911341153316,0.0029745725913999325,0.0026969868880113174,0.9066804743003518,False,True,400.0,562200.3000914886,532029.6894817137,69.21540015193048,21387.35978293971,0.611119866532665,0.017507741488175632,0.7943282347242815,0.7
0.011886201336759274,0.0005194281559012095,6.1740276410233615e-06,3.169668384761396e-09,41473.17100385852,492.95846062570917,0.0002820869914198668,22544.94276791755,0.003043576369147489,0.005175631044388634,1.7005096691029762,False,True,402.0,595850.1542005595,527197.68380294,70.77833993548677,21176.759669846433,0.6140905345257509,0.017827225412129596,0.7943282347242815,0.7
0.012757452412660837,0.00035533755926370425,4.533202002737757e-06,1.5905496065445454e-09,28371.53741477225,361.9485384429834,0.00018724671727331777,14965.123003931894,0.003109183775554751,0.003534007056137418,1.1366349856585332,False,True,404.0,633360.219972409,522732.6195434017,72.36795405558507,20982.571531504618,0.616842494371189,0.018130261316773477,0.7943282347242815,0.7
0.013066340417337953,0.00031954832265931887,4.1753271636560076e-06,1.3169958571187701e-09,25513.985098964542,333.3744147059587,0.00016657998765865132,13313.397647801674,0.003170868567066351,0.003175993881036628,1.001616375406887,False,True,406.0,661638.7406241426,518643.9961234275,73.98274336031052,20805.104284911977,0.6193682761334791,0.018414555467752582,0.7943282347242815,0.7
0.012753327427525772,0.0003558698248730658,4.538524398182463e-06,1.5948094519664753e-09,28414.035578157764,362.37349926561245,0.00018755414976163288,14989.693608266307,0.0032281091657915973,0.0035393316056605037,1.096410134814195,False,True,408.0,689941.8318802105,514940.8007484525,75.62101164909427,20644.65193030992,0.621660796746448,0.018677841596161107,0.7943282347242815,0.7
0.013794483868002047,0.00025823642996399655,3.5622382672687906e-06,9.073273040355437e-10,20618.604320247294,284.4230046763686,0.00013120520802810867,10486.176235768451,0.0032803979103897627,0.002562697777322443,0.7812155254720164,False,True,410.0,715417.7017242453,511631.42107336246,77.28086956126593,20501.49029338627,0.6237134322182707,0.018917920024807293,0.7943282347242815,0.7
0.014798530649104894,0.0002042084350625247,3.0219847850785185e-06,6.080444757002434e-10,16304.79836635807,241.28705835202533,0.00010008634673352059,7999.096121375616,0.0033272508171953985,0.0020222928744400527,0.6077969427458676,False,True,412.0,733902.9740813894,508723.5591905622,78.96024196001423,20375.8738144179,0.6255200889163074,0.01913269878207421,0.7943282347242815,0.7
0.012628743536599917,0.0003727324018152024,4.7071419103051e-06,1.7326700368319966e-09,29760.409526396255,375.8365794530433,0.0001972947891071079,15768.184510882224,0.0033682175551508456,0.0037080188280287836,1.1008845976585737,False,True,414.0,757670.2547136472,506224.14876898803,80.65687893824212,20268.032452960142,0.6270752723844141,0.019320235473062643,0.7943282347242815,0.7
0.01469860758582282,0.00020855078642781813,3.0654061714172425e-06,6.299618423920283e-10,16651.508645124522,244.75399128662158,0.00010258467235302032,8198.767179667731,0.00340289129432571,0.0020657253516708,0.6070500562610913,False,True,416.0,781637.2064041971,504139.2772461842,82.36837045711447,20178.168779574662,0.6283741520787198,0.019478778503575836,0.7943282347242815,0.7
0.01245149604140316,0.0003996762314812141,4.9765670141312705e-06,1.9646419419843102e-09,31911.710033582985,397.3485311575641,0.00021286224644679642,17012.36607699665,0.0034309180597636574,0.003977561223141726,1.159328539433473,False,True,418.0,806848.3396608615,502474.1149805097,84.09216449949123,20106.455326363175,0.6294126204005761,0.01960680614284974,0.7943282347242815,0.7
0.012730829349463662,0.00035880115108295654,4.567836224828249e-06,1.6183701048329757e-09,28648.08410207723,364.71386989262817,0.00018924729499901336,15125.01307933578,0.0034520052142599485,0.003568655346172556,1.0337919918054397,False,True,420.0,838985.718817194,501232.85319797223,85.82558848536088,20053.032265397633,0.6301873444649364,0.019703061882189322,0.7943282347242815,0.7
0.012724216216901417,0.00035967199720579477,4.576544259611295e-06,1.6254023633125496e-09,28717.61585494853,365.40915337228137,0.00018975030999664967,15165.21501943955,0.0034659287082431838,0.0035773669369229557,1.0321524872726704,False,True,422.0,869275.9469159694,500418.6524146788,87.5658735625345,20018.00547840503,0.6306958091713889,0.019766584609858386,0.7943282347242815,0.7
0.012888101025841333,0.0003392659300311539,4.372493580867529e-06,1.4645678406750647e-09,27088.31581829233,349.11695088604733,0.00017796481030806288,14223.294888230743,0.0034725387731751644,0.003373234927367641,0.9714030994917522,False,True,424.0,898664.4568236397,500033.6027834645,89.3101812616165,20001.4450723138,0.630936350342377,0.019796732281285354,0.7943282347242815,0.7
0.0132432491406016,0.0003021206296919461,4.00105876952588e-06,1.1929741350106766e-09,24122.49008194036,319.46014604682733,0.0001565203027657277,12509.408002505768,0.003471763795592335,0.003001662763236805,0.8645930253226447,False,True,426.0,925397.1597143762,500078.6975093856,88.94436810202372,20003.38438387189,0.6309081769510739,0.019793198012879782,0.7943282347242815,0.7
0.01364237788963343,0.00026901895291181526,3.6700582150964855e-06,9.739769002085498e-10,21479.523030539473,293.03177007170376,0.00013742273965963215,10983.093495528845,0.0034636121886947955,0.002670551440013784,0.7710307316536315,False,True,428.0,948889.6612124108,500553.82011634577,87.20066597737485,20023.81950281233,0.6306113817714579,0.019756017853653426,0.7943282347242815,0.7
0.013946069268642449,0.0002483176953026572,3.4630557793205072e-06,8.480505676557582e-10,19826.653837628746,276.50388778496614,0.00012548748708212968,10029.204821237134,0.0034481721718297533,0.0024634853024640274,0.7144322208124523,False,True,430.0,969901.9595291767,501457.74594374193,85.46158582552387,20062.709327904486,0.6300469401263714,0.019685569869659317,0.7943282347242815,0.7
0.012658732413346002,0.00036852898227974275,4.665109773241994e-06,1.6977777486332886e-09,29424.792107096728,372.480569602073,0.00019486652518255492,15574.112919955998,0.0034256094684733487,0.003665969047734954,1.070165493607397,False,True,432.0,995505.2772703698,502788.15782846574,83.72995382785972,20119.976154188407,0.6292166967719676,0.01958256458440839,0.7943282347242815,0.7
0.014617373988516282,0.00021221943735159893,3.1020908834008227e-06,6.487698549319862e-10,16944.428051565712,247.68304185124228,0.00010469584514899084,8367.496228883248,0.003396163032759243,0.0021024195808281554,0.6190573186706015,False,True,434.0,1019446.8864192091,504541.6755063967,82.00852079472337,20195.506773797206,0.6281233413166728,0.019448027223325816,0.7943282347242815,0.7
0.012285491029616005,0.00042870021226512183,5.266792612177631e-06,2.2306141399987963e-09,34229.09792368543,420.5212754932852,0.00022963547392304207,18352.915145146933,0.003360139005708808,0.004267921294722946,1.2701621234930562,False,True,436.0,1046167.2977932392,506713.8978711407,80.29993595809209,20289.154057866654,0.626770372910495,0.019283272581742002,0.7943282347242815,0.7
0.012296272344712053,0.0004266878347264298,5.246669821971666e-06,2.2116344816277225e-09,34068.421847815625,418.91459339527916,0.00022847238734349833,18259.95899627257,0.003317903178491408,0.004247788908834896,1.280263069872428,False,True,438.0,1082780.1719346587,509299.4568762393,78.60672324517165,20400.738973717125,0.6251620552410766,0.01908987364730907,0.7943282347242815,0.7
0.012522527705706669,0.00038842396320249036,4.864049840763573e-06,1.8660169392283705e-09,31013.28502291884,388.36472094447885,0.00020636050537137712,16492.734243925086,0.0032698722962499105,0.003864994183300293,1.1820015686034298,False,True,440.0,1117532.8651748563,512292.0815773572,76.9312605190536,20530.05298064363,0.6233033631184985,0.018869625338844603,0.7943282347242815,0.7
0.012913968270272596,0.00033625477847304164,4.3423835399284004e-06,1.4415332822025047e-09,26847.893727057293,346.7128477148686,0.00017622598292897616,14084.32441126022,0.003216504569333265,0.003343113237873982,1.0393621914135696,False,True,442.0,1148109.9238300417,515684.6705945668,75.27576214563179,20676.860739480617,0.6211999221146857,0.01862450486241881,0.7943282347242815,0.7
0.014152917541859406,0.0002359509608347613,3.3393944926168747e-06,7.768734357296286e-10,18839.245497284744,266.6302880739171,0.00011836121959315167,9459.65961860584,0.0031582897684368947,0.00233978800642183,0.7408401945271289,False,True,444.0,1171653.9078599077,519469.37113836576,73.64226511117845,20840.90306606595,0.6188579428369577,0.018356630228845542,0.7943282347242815,0.7
0.012738218129794426,0.0003578331387720792,4.558156575747744e-06,1.6105708416035932e-09,28570.79422156777,363.94100893580037,0.00018868816107083455,15080.326004802699,0.0030957392675620343,0.00355897175326642,1.1496354975880096,False,True,446.0,1196193.8934833163,523637.6626871755,72.0326187806582,21021.900056624872,0.6162841514613238,0.018068218429908526,0.7943282347242815,0.7
0.011941083128224032,0.0005047456509857659,6.0272097770305845e-06,3.0066394611947726e-09,40300.86251382934,481.23594941676396,0.00027359720262394317,21866.42228190578,0.0030293763669813124,0.005028730769524685,1.6599887766787038,False,True,448.0,1233140.6417700248,528180.4434244317,70.44847826047553,21219.55431401784,0.6134857181296886,0.017761544645981953,0.7943282347242815,0.7
0.0138810754001115,0.0002524755869260688,3.504632658808166e-06,8.726619005228218e-10,20158.636130760457,279.8235480944978,0.00012788411795468138,10220.748236924388,0.0029597271819233376,0.002505074632526757,0.8463870075007619,False,True,450.0,1265227.812288855,533088.1176315926,68.89130121703762,21433.55420711123,0.6104701847381323,0.01743890367248914,0.7943282347242815,0.7
0.013664058022538698,0.00026742738776102114,3.654143343182548e-06,9.639941446493896e-10,21352.446257914118,291.7610645912778,0.00013650488014223163,10909.736371952795,0.00288731232643581,0.0026546315184139964,0.9194126641958952,False,True,452.0,1286358.2968977322,538350.6823776237,67.3623479086893,21663.577101182454,0.6072453935153768,0.017102574526838235,0.7943282347242815,0.7
0.013468124713598486,0.0002825336881248269,3.8051989474581077e-06,1.060767205160977e-09,22558.59223037642,303.8219335219234,0.00014521818805974285,11606.120942296717,0.00281263956094548,0.0028057360728665965,0.9975455482548347,False,True,454.0,1308874.1542119817,543957.8120325073,65.86268411586524,21909.292504251425,0.6038194176302445,0.016754788951346307,0.7943282347242815,0.7
0.012348333455439963,0.0004172303990890366,5.152100095697718e-06,2.123511641610709e-09,33313.30327946025,411.36377739697684,0.00022300652751808036,17823.116813932822,0.002736197510996879,0.004153174629102334,1.517863609045243,False,True,456.0,1338303.3919682112,549898.9393478141,64.39318660356254,22170.36508259207,0.6002004948781573,0.016397704279901625,0.7943282347242815,0.7
0.01222734014367747,0.0004398901597060793,5.378686608582838e-06,2.3376151899508373e-09,35122.54699545905,429.45532882577504,0.00023610317230263634,18869.826219543385,0.00265845050741614,0.004379869387651529,1.6475271499067734,False,True,458.0,1374996.3350016873,556163.3320779634,62.95455072082211,22446.457507281593,0.5963969653000626,0.01603338090235837,0.7943282347242815,0.7
0.015320283622533949,0.00018418383572073993,2.8217486019279352e-06,5.118053489718843e-10,14705.956210132055,225.29942007978752,8.857400242382703e-05,7079.007101034059,0.0025798345475494737,0.001822007986464289,0.7062499369174559,False,True,460.0,1400945.1683222647,562740.1643490714,61.54729973194074,22737.23310261812,0.5924172133848375,0.015663764352721175,0.7943282347242815,0.7
0.017058698901628866,0.00013882621724114344,2.368194639568784e-06,3.231815907161772e-10,11084.426945380663,189.08590175835053,6.257360247284395e-05,5001.004404463782,0.0025007543351432218,0.0013683585349238525,0.5471783116375102,False,True,462.0,1413025.1798277625,569618.582207986,60.1717954809085,23042.358275689367,0.588269615314077,0.015290671872747488,0.7943282347242815,0.7
0.014296750518930413,0.00022805344381191556,3.2604231911618715e-06,7.330039598162397e-10,18208.676918602116,260.324911185061,0.00011381202605626075,9096.079194662323,0.0024215813237066547,0.002260794509527713,0.9336025544114994,False,True,464.0,1427122.2634268887,576787.7629940902,58.82825001088506,23361.5047143594,0.5839624915281268,0.014915783165470304,0.7943282347242815,0.7
0.013815687345265625,0.0002568016144398287,3.5478908148601233e-06,8.986319451471856e-10,20504.043049517637,283.27744808600244,0.00013037799221582685,10420.063533971253,0.00234265266487875,0.0025483459262060954,1.0878035674733675,False,True,466.0,1446638.4061555222,584236.9683648869,57.51673779102125,23694.35134800915,0.5795040647323988,0.014540634953761549,0.7943282347242815,0.7
0.015191221723405727,0.00018876250211615397,2.8675330227113376e-06,5.331102783174214e-10,15071.534803108332,228.95502690604474,9.120495640244173e-05,7289.278076573684,0.002264270948784548,0.0018678031899952326,0.8249026871090062,False,True,468.0,1464347.747766067,591955.5909696496,56.23720824035327,24040.58607154002,0.5749024233242822,0.014166618895227039,0.7943282347242815,0.7
0.014971052809254842,0.0001971220068922985,2.9511239750508976e-06,5.730788311406459e-10,15738.990286893373,235.62925474942972,9.601058498650083e-05,7673.35328984795,0.0021867046165677585,0.0019514143698867148,0.8923996204616085,False,True,470.0,1479310.3791324887,599933.1949018278,54.98949827987765,24399.907238242122,0.5701654901064134,0.013794982372428561,0.7943282347242815,0.7
0.013059319738149926,0.0003202815206781205,4.182658784756453e-06,1.322345443391681e-09,25572.526490046228,333.95979994582257,0.00016700327147780398,13347.227316548002,0.0021101889249098863,0.003183328207585149,1.5085512818342037,False,True,472.0,1500330.9597388846,608159.5501703942,53.77334468672069,24772.02493121422,0.5653009960605996,0.013426831671564363,0.7943282347242815,0.7
0.01327754722152991,0.0002989595434110124,3.969449454966738e-06,1.171123327264893e-09,23870.09661732415,316.93633501900274,0.00015469598273791594,12363.604786234218,0.002034927346990911,0.0029700423972399076,1.4595324013074817,False,True,474.0,1526041.791841667,616624.6615141183,52.58839606649084,25156.66202615921,0.5603164588870777,0.013063137077776852,0.7943282347242815,0.7
0.014497902688124887,0.00021785570224095786,3.1584507711425177e-06,6.781845727701758e-10,17394.449435512186,252.18303522956452,0.0001079400686700087,8626.78090287523,0.0019610933026498723,0.0021587943524157744,1.1008116490422786,False,True,476.0,1547032.1775307762,625318.7919428608,51.4342242998782,25553.55506057822,0.5552191659650785,0.012704739445748674,0.7943282347242815,0.7
0.016691410936769745,0.00014644575609016876,2.4443862948469574e-06,3.520207507703559e-10,11692.800661872596,195.16934084904878,6.69313040856227e-05,5349.280420189475,0.001888832121216142,0.0014445647931693095,0.7647925810575549,False,True,478.0,1561008.2388538409,634232.4814292139,50.31033535624868,25962.454925804195,0.5500161613597555,0.01235235784518153,0.7943282347242815,0.7
0.018615463452483157,0.0001137425470643086,2.117370227867982e-06,2.363652685217848e-10,9081.648830968796,169.059101901186,4.827263625450139e-05,3858.043279969516,0.0018182631525348145,0.001117490152383658,0.6145920907134818,False,True,480.0,1570215.562554,643356.5611949593,49.21617939968521,26383.12739907724,0.544714236484703,0.01200659792778906,0.7943282347242815,0.7
0.01882576031488654,0.00011103248333454606,2.0902709184227985e-06,2.2773138120542117e-10,8865.266766926097,166.89538728167983,4.673282674925503e-05,3734.978699803875,0.0017494819542324725,0.0010903864689703845,0.6232624842642378,False,True,482.0,1577808.5845337734,652682.1640430717,48.151160141306235,26815.353533038433,0.5393199240264651,0.011667960711998483,0.7943282347242815,0.7
0.016412903040893323,0.000152805307027061,2.5079786883690876e-06,3.769712980352458e-10,12200.572026433827,200.24680571329378,7.057210149623975e-05,5640.260053240936,0.001682562495591818,0.001508169819474317,0.896352928004519,False,True,484.0,1587183.823286818,662200.7311801852,47.1146434156908,27258.92991972978,0.5338394947449123,0.011336851530865435,0.7943282347242815,0.7
0.015575531349023848,0.00017575264383228202,2.7374408136835314e-06,4.736605017296711e-10,14032.776947545328,218.56795726035142,8.373178300755891e-05,6692.007477052904,0.0016175593300379707,0.0017376808913803418,1.0742609925408741,False,True,486.0,1599516.090817112,671904.0159593469,46.10596497898962,27713.668845615757,0.528278956777802,0.011013588935719746,0.7943282347242815,0.7
0.01636899720014791,0.00015385861717944402,2.518511273828948e-06,3.81181086939549e-10,12284.67241947873,201.0877684391816,7.117540946446316e-05,5688.477603247631,0.0015545096988717083,0.00151870453630695,0.9769669095080293,False,True,488.0,1611896.5758974126,681784.0849509442,45.12443754209558,28179.398353218858,0.5226440570991715,0.010698413391390165,0.7943282347242815,0.7
0.016599811256433727,0.0001484781458291495,2.4647091964691243e-06,3.599073792991866e-10,11855.074589909847,196.79200062344697,6.809448880604557e-05,5442.244412674393,0.001493435538322775,0.0014648916880026926,0.9808871226192066,False,True,490.0,1623027.2979133346,691833.3167229568,44.16935706445897,28655.962223970164,0.5169402848050585,0.010391495637672022,0.7943282347242815,0.7
0.02157159249294349,8.468661461873432e-05,1.8268251401622877e-06,1.5137675632625137e-10,6761.70979550948,145.86084826427475,3.184739702449532e-05,2545.306111460153,0.0014343453701694444,0.0008269019973254678,0.5765013186662169,False,True,492.0,1631014.8484374692,702044.3986820742,43.24000834319601,29143.219895685434,0.5111728759273656,0.010092944625602044,0.7943282347242815,0.7
0.024135029994340574,6.932893099126632e-05,1.6732558289497806e-06,1.1320917716569879e-10,5535.492402268523,133.59927516219517,2.3279197586930685e-05,1860.5188939720601,0.001377236063077185,0.0006733133335268416,0.4888873821837374,False,True,494.0,1635420.6734429013,712410.3222959896,42.3356699384831,29641.046326882133,0.5053468195044897,0.009802814966036941,0.7943282347242815,0.7
0.019479521477002798,0.00010337545404555637,2.013704377275331e-06,2.041231496673594e-10,8253.899667403251,160.7820158402079,4.2389517097038294e-05,3387.852917648173,0.0013220944575095,0.0010138079665607388,0.7668196177680853,False,True,496.0,1640669.0452545215,722924.3769856994,41.455618480305404,30149.331818985047,0.49946686466483625,0.009521113852169038,0.7943282347242815,0.7
0.015868137634495762,0.0001669897213771155,2.649815882358168e-06,4.3550685431679506e-10,13333.111021954275,211.5716407923829,7.870279889758146e-05,6290.081254331584,0.0012688988516599132,0.0016500366471303306,1.3003689340342857,False,True,498.0,1650346.9794265013,733580.1429456221,40.59913240382127,30667.981806222087,0.49353752850741256,0.00924780743729985,0.7943282347242815,0.7
0.01640368889386309,0.00015302515887712992,2.510177099154411e-06,3.7784817051257194e-10,12218.12585610177,200.42233540955803,7.069802011506184e-05,5650.323714952065,0.0012176203494565123,0.0015103686742133908,1.2404266033230698,False,True,500.0,1662287.384395785,744371.4831195557,39.76549516130297,31196.91662191508,0.48756310458938473,0.008982826664865216,0.7943282347242815,0.7
0.019012547218311044,0.00010873143727170502,2.067261585243117e-06,2.2051474137278682e-10,8681.542269576916,165.05823232809433,4.5426423723353715e-05,3630.5684208947673,0.001168224074431097,0.0010673734796295827,0.9136718742501292,False,True,502.0,1671568.2765316318,755292.534532373,38.95399795813969,31736.071248812095,0.48154767185495073,0.00872607255984662,0.7943282347242815,0.7
0.018770378358550062,0.00011173357653451141,2.09728150690679e-06,2.2995102068537584e-10,8921.244783984794,167.4551400246358,4.713105493528697e-05,3766.805873462155,0.0011206702552513938,0.0010973981819558756,0.9792337905048638,False,True,504.0,1678965.6508259887,766337.6991511338,38.163942059018986,32285.395060088376,0.475495103862981,0.008477420999807776,0.7943282347242815,0.7
0.020449879217731514,9.377663795043662e-05,1.9177209195313663e-06,1.7616802706606818e-10,7487.4927315743735,153.11832200433855,3.696282711398074e-05,2954.1412655388317,0.0010749151901050468,0.0009178103425426031,0.85384442511498,False,True,506.0,1685686.5979649897,777501.634425253,37.3946407083947,32844.85155676339,0.469409078191387,0.008236726990336563,0.7943282347242815,0.7
0.021071365419706087,8.851276080939707e-05,1.8650847273218457e-06,1.616124097054206e-10,7067.204238674201,148.91564300879986,3.3997351430805965e-05,2717.1346626454874,0.0010309120980129978,0.0008651667729497613,0.8392245804635549,False,True,508.0,1691357.873893174,788779.243633482,36.6454207068839,33414.41810645438,0.4632930859151013,0.008003828474095503,0.7943282347242815,0.7
0.0192466946123318,0.00010597825521409407,2.039731113653429e-06,2.120178761684187e-10,8461.717469972155,162.86009204038695,4.3864622876213104e-05,3505.7462497750025,0.0009886118656356408,0.0010398387030617511,1.051816935651661,False,True,510.0,1697580.7548055947,800165.6661457868,35.91562368249589,33994.08568765057,0.45715044107144126,0.007778549705387747,0.7943282347242815,0.7
0.018009494498339634,0.00012234736428679908,2.203414184009463e-06,2.64743079105905e-10,9768.691017786961,175.92918714081412,5.31694013696192e-05,4249.402302633371,0.0009479636983051898,0.0012035484833609598,1.2696145279747688,False,True,512.0,1705335.9033580031,811656.267690615,35.204607092695404,34583.85864304409,0.450984290041573,0.007560704223483962,0.7943282347242815,0.7
0.02114966039028212,8.789123520018974e-05,1.8588697757664226e-06,1.5992999205382072e-10,7017.5792085692965,148.4194170231454,3.36477720733404e-05,2689.195598290776,0.0009089156839461359,0.0008589509686113261,0.9450282174492977,False,True,514.0,1712274.5012589272,823246.6307025263,34.5117449903556,35183.7544448922,0.44479762078986557,0.007350097458230299,0.7943282347242815,0.7
0.017283916819822515,0.0001345340143757773,2.325274713907741e-06,3.074423200417391e-10,10741.720718549866,185.65900740118002,6.0121232732084726e-05,4805.0062296706155,0.0008714152782958075,0.0013254306388803224,1.5210091811477242,False,True,516.0,1719768.7030868887,834932.5448114804,33.83642858373722,35793.803474882225,0.4385932719145021,0.007146529000929088,0.7943282347242815,0.7
0.02348754272139257,7.265703683353226e-05,1.7065352566373824e-06,1.2108393122056798e-10,5801.221360445151,136.2564345397106,2.5126034798975817e-05,2008.1217275435113,0.0008354097194603185,0.0007065967548389254,0.8458086354266894,False,True,518.0,1726581.8310441028,846709.9975231519,33.178066617790876,36414.04882050528,0.43237394147304636,0.006949794572364523,0.7943282347242815,0.7
0.026515648866468934,5.933593184502789e-05,1.5733307339674917e-06,9.088237189911347e-11,4737.612353363007,125.62086562721903,1.777901791502252e-05,1420.9338025352633,0.000800846379376401,0.0005733769129107,0.7159636700326649,False,True,520.0,1730010.8865741815,858575.1651293297,32.536085601374076,37044.54608965443,0.42614219555445865,0.0067596877183113925,0.7943282347242815,0.7
0.034231252908116586,4.0442839532535264e-05,1.38440906836059e-06,5.407393878308049e-11,3229.1141339928645,110.5366225898836,7.685065340431843e-06,614.2054172567576,0.00076767305923574,0.0003844365636621973,0.5007816270704155,False,True,522.0,1732046.0257939736,870524.4038785415,31.90992990241707,37685.36324477191,0.41990047657720275,0.0065760012610576795,0.7943282347242815,0.7
0.028943123693553806,5.173249971878774e-05,1.497300138337611e-06,7.521911691911237e-11,4130.524660473745,119.55028616736593,1.3654924647466456e-05,1091.3282215809288,0.0007358382353854204,0.0004973383689070215,0.6758800304071229,False,True,524.0,1733751.5594328113,882554.2414294648,31.29906173068524,38336.58045764241,0.4136511112989406,0.006398528533502724,0.7943282347242815,0.7
0.03252900693272206,4.349855183022735e-05,1.4149646940488353e-06,5.954808512524043e-11,3473.0941285715185,112.9763029862992,9.277270865731865e-06,741.4575895812238,0.0007052912616690025,0.00041499496919668126,0.5884022555655042,False,True,526.0,1735584.3452439734,894661.3686031917,30.702961025583924,38998.289985720476,0.40739631852846253,0.006227064420349437,0.7943282347242815,0.7
0.0334826589359948,4.173207318583315e-05,1.3973007731732253e-06,5.636098470913929e-11,3332.051580027888,111.56594661121635,8.354266768921056e-06,667.6893011805004,0.0006759825336321822,0.00039732942993025815,0.587780615861969,False,True,528.0,1736993.4921347352,906842.6314449962,30.121125264423796,39670.59607066994,0.40113821653516707,0.006061406228856729,0.7943282347242815,0.7
0.026330362467881355,6.000914478018407e-05,1.580062533449817e-06,9.232437387741297e-11,4791.364301278307,126.15835876832489,1.814704263508004e-05,1450.3470562592752,0.0006478636194938119,0.0005801094440094819,0.895419076722864,False,True,530.0,1739111.528492175,919095.023601682,29.55306920472337,40353.61485968724,0.39487883015464076,0.005901354409606762,0.7943282347242815,0.7
0.026292474672810696,6.014869054282018e-05,1.5814579226998278e-06,9.262439965801383e-11,4802.506179536003,126.26977209146722,1.8223379420047838e-05,1456.4480410637257,0.0006208873622869318,0.0005815049854784641,0.9365708191202193,False,True,532.0,1742018.323589498,931415.6790167952,28.998324572450237,41047.4743500381,0.38862009759210264,0.005746713145805549,0.7943282347242815,0.7
0.02649368639885205,5.94149393353532e-05,1.5741207701576668e-06,9.105113876741119e-11,4743.920619712493,125.68394519971068,1.782218735620659e-05,1424.38398850775,0.0005950079571082374,0.0005741670347277802,0.9649737081135101,False,True,534.0,1744899.1556190695,943801.864942887,28.45643970659861,41752.31435715523,0.3823638769277914,0.005597290827798526,0.7943282347242815,0.7
0.034615234509415796,3.981197017580498e-05,1.3781006839173568e-06,5.296679618931724e-11,3178.7430626223213,110.03293655785022,7.359069622363155e-06,588.1512033795021,0.0005701810069813062,0.0003781276169332348,0.6631711900316456,False,True,536.0,1746911.6908109568,956250.9752674842,27.92697916914615,42468.28650660472,0.3761119523300233,0.005452900427760324,0.7943282347242815,0.7
0.038837294383502065,3.3983210255602835e-05,1.3198159407932939e-06,4.311040101247822e-11,2713.352124213206,105.37925521416895,4.4012119820420585e-06,351.753449335498,0.0005463635604412667,0.0003198378669797408,0.5853938478646453,False,True,538.0,1747851.5954636717,968760.5241473698,27.409523328226157,43195.5542501396,0.36986603998352013,0.005313359787919014,0.7943282347242815,0.7
0.035852672132212465,3.790640715467013e-05,1.3590459874265411e-06,4.967048596081998e-11,3026.5954746714183,108.51153523023231,6.380737815288526e-06,509.9610164179864,0.0005235141335837738,0.0003590712462067752,0.6858864415917739,False,True,540.0,1748713.3099294251,981328.1399442151,26.903667921275662,43934.29290609356,0.36362779374114196,0.005178491834201464,0.7943282347242815,0.7
0.03252222519561931,4.3511649529165944e-05,1.4150956646203976e-06,5.957194690690245e-11,3474.139899967747,112.9867601878374,9.28413924989061e-06,742.0065242449158,0.0005015927189916436,0.0004151259518844823,0.8276155856468845,False,True,542.0,1749965.277470088,993951.5594533171,26.409023603965746,44684.68972431128,0.3573988105083658,0.005048124725839447,0.7943282347242815,0.7
0.029010402058879958,5.1549421617794866e-05,1.4954694470349472e-06,7.485608557007876e-11,4115.906990439348,119.40411662960008,1.3556461224278876e-05,1083.458832676025,0.0004805607836542198,0.0004955074933489203,1.0311026413371573,False,True,544.0,1751790.742827009,1006628.6224162966,25.925215489878948,45446.94397582043,0.35118063537030525,0.004922091950250534,0.7943282347242815,0.7
0.022951672133712357,7.566308081766746e-05,1.7365942235536842e-06,1.2838516659969565e-10,6041.235643041858,138.65645976159368,2.679937941713346e-05,2141.8586944893395,0.0004603812577267828,0.000736659424129623,1.600107327928627,False,True,546.0,1755016.0603541743,1019357.2663079244,25.451882685154125,46221.26706747531,0.3449747664712765,0.004800232371399629,0.7943282347242815,0.7
0.03975618957442618,3.293379852940745e-05,1.3093223377410807e-06,4.140731494762247e-11,2629.5629967284935,104.54140499583418,3.880962564481459e-06,310.1741007632401,0.0004410185157376942,0.00030934339858856917,0.7014295036368908,False,True,548.0,1757468.0931494269,1032135.5213867748,24.988677821668475,47007.882681857154,0.33878265965680743,0.004682390238849092,0.7943282347242815,0.7
0.03439922659866893,4.0164421011316816e-05,1.3816250195726267e-06,5.358435736423698e-11,3206.884112747481,110.31433327007197,7.541072351968275e-06,602.6972166568206,0.000422438351638815,0.0003816522662327187,0.9034507988020738,False,True,550.0,1758380.964466847,1044961.5059991488,24.535266591754823,47807.02694266575,0.3326057328886331,0.004568415163810387,0.7943282347242815,0.7
0.02337110544249635,7.328972032334924e-05,1.7128617815280627e-06,1.2260575831275236e-10,5851.737279280879,136.76156897586014,2.5477831826814803e-05,2036.2380324416279,0.0004046079489047545,0.0007129240514613069,1.7620119757685002,False,True,552.0,1761019.8997159454,1057833.422125551,24.09132728695214,48618.94860596203,0.32644537044238303,0.004458162067710801,0.7943282347242815,0.7
0.03535929464208748,3.8643880610678164e-05,1.3664203606266207e-06,5.0937664893288974e-11,3085.4782333442936,109.10033396456842,6.758187444423158e-06,540.1275272655074,0.00038749584671975005,0.0003664462630466866,0.9456779115150433,False,True,554.0,1763596.2652756525,1070749.5511590089,23.656550342854935,49443.90927763516,0.32030292689770007,0.004351491108076626,0.7943282347242815,0.7
0.0466739226441246,2.6721641039195014e-05,1.2472038067874534e-06,3.177223959546985e-11,2133.560100144117,99.58161907071725,9.074733160663052e-07,72.52703809966022,0.0003710719031438564,0.0002472199706860454,0.6662319852069307,False,True,556.0,1764208.9198410176,1083708.249904618,23.230637891747538,50282.18365749672,0.3141797309303736,0.004248267585902031,0.7943282347242815,0.7
0.03934948391542542,3.339016562103585e-05,1.3138857850383412e-06,4.2145271732674816e-11,2666.0011262688527,104.90576843662228,4.1066753543956645e-06,328.21350734838325,0.00035530725602019123,0.0003139072208502453,0.8834810309429952,False,True,558.0,1764609.6603864657,1096707.9467898258,22.813303324385508,51134.059810509825,0.30807708891531627,0.0041483618381133675,0.7943282347242815,0.7
0.043935717541316456,2.8877725621194236e-05,1.2687635961284272e-06,3.502975173438203e-11,2305.7103071595475,101.30303678746388,1.9159900427537183e-06,153.12966273403376,0.0003401742822716814,0.00026878141590739533,0.790128560314657,False,True,560.0,1765091.0035565482,1109747.1382752429,22.404270862002203,51999.83946570501,0.30199628834891973,0.004051649118244098,0.7943282347242815,0.7
0.07241979806844459,1.5700031517321642e-05,1.136993112152649e-06,1.65582043409252e-11,1253.5517847586373,90.78196712055882,0.0,0.0,0.00032564655613673445,0.00013700153764105785,0.4207062382798018,False,True,562.0,1765244.1332192821,1122824.3854559967,22.003275139377504,52879.83834338184,0.29593860109897746,0.0039580094680003956,0.7943282347242815,0.7
0.0442789406319612,2.8588587147884364e-05,1.2658723530728207e-06,3.458756367473391e-11,2282.6243631052257,101.07218865900452,1.7791163818754796e-06,142.1904526860871,0.00031169880680647174,0.0002658899480932998,0.853034860214868,False,True,564.0,1765386.3236719682,1135938.310843989,21.61006079959795,53774.38651129842,0.28990528648960784,0.0038673275820146117,0.7943282347242815,0.7
0.06708490921132086,1.716727050234153e-05,1.1516647830557682e-06,1.8444767409448747e-11,1370.7018711332985,91.95341058076494,0.0,0.0,0.0002983068758510599,0.0001516741686161562,0.5084501260101185,False,True,566.0,1765528.5141246542,1149087.5953217307,21.224382100959367,54683.828770615946,0.28389759422814204,0.003779492667748313,0.7943282347242815,0.7
0.050660210426806046,2.4101908715555052e-05,1.2210077672176895e-06,2.7938094459754827e-11,1924.3904480790493,97.49002504302021,0.0,0.0,0.00028544767475731966,0.00022102198171223287,0.7742994645170612,False,True,568.0,1765528.5141246542,1162270.9752587914,20.846002536313282,55608.52507246091,0.27791676718026986,0.0036943983022128587,0.7943282347242815,0.7
0.0547236959954093,2.191209226472514e-05,1.1991106757181782e-06,2.4837429469509623e-11,1749.546957019615,95.74167580563483,0.0,0.0,0.0002730991428437414,0.00019912331338125194,0.7291246369644738,False,True,570.0,1765528.5141246542,1175487.2397822558,20.474694465030527,56548.85096599355,0.27196404399952323,0.0036119422869190965,0.7943282347242815,0.7
0.055946434510931765,2.1328968161138065e-05,1.1932797204128595e-06,2.4027764916729795e-11,1702.988052982965,95.27610957911065,0.0,0.0,0.0002612402057694738,0.00019329194626813213,0.7399012173443882,False,True,572.0,1765528.5141246542,1188735.2281929748,20.110238757646723,57505.1980790804,0.266040661615782,0.003532026502244143,0.7943282347242815,0.7
0.05792122297397939,2.0450030459630473e-05,1.184490774076927e-06,2.2820087351021974e-11,1632.8102368938125,94.57436580532263,0.0,0.0,0.00024985073481304497,0.00018450238564353513,0.7384504423474766,False,True,574.0,1765528.5141246542,1202013.8275197216,19.752424453167443,58477.97463260076,0.26014785758790954,0.003454556762209154,0.7943282347242815,0.7
0.0589864360052506,2.0005347751160515e-05,1.1800441648866138e-06,2.221491185784343e-11,1597.3050341024161,94.2193311749468,0.0,0.0,0.00023891150705947147,0.00018005546860798015,0.753649210220584,False,True,576.0,1765528.5141246542,1215321.97020379,19.40104842893226,59467.605989679214,0.2542868723239378,0.0033794426704930884,0.7943282347242815,0.7
0.06771207978174194,1.698071137190849e-05,1.1497992831654004e-06,1.8202525917493532e-11,1355.8062621238935,91.8044617895184,0.0,0.0,0.00022840416660451743,0.0001498085454581929,0.6558923494490663,False,True,578.0,1765528.5141246542,1228658.6319068773,19.055915082879554,60474.53524110597,0.24845895117241773,0.0033065974783617856,0.7943282347242815,0.7
0.062459653010090314,1.8680858147996156e-05,1.1667999178545582e-06,2.0435592581536664e-11,1491.552615445859,93.16185880704101,0.0,0.0,0.00021831118685813018,0.00016681031637399141,0.7640942215315486,False,True,580.0,1765528.5141246542,1242022.8294354985,18.716836028000298,61499.22382838554,0.24266534638744314,0.0032359379450653614,0.7943282347242815,0.7
0.059136035061333844,1.9944440286978365e-05,1.1794351200894319e-06,2.2132326831046367e-11,1592.441944474448,94.17070266157961,0.0,0.0,0.0002086158340068776,0.00017944638179971423,0.8601762308885829,False,True,582.0,1765528.5141246542,1255413.6187754879,18.38362979873127,62542.152205957565,0.23690731896926118,0.0031673842011485237,0.7943282347242815,0.7
0.050312587201122694,2.4309741603408627e-05,1.2230859942582567e-06,2.8237308350849776e-11,1940.9846369004508,97.6559588000934,0.0,0.0,0.0001993021316765173,0.00022310036089965188,1.1194078007241837,False,True,584.0,1765528.5141246542,1268830.0932304952,18.05612156900508,63603.82054421575,0.23118614038191102,0.003100859615024951,0.7943282347242815,0.7
0.061412930899199636,1.9061180385497774e-05,1.1706029538717543e-06,2.094296238683435e-11,1521.9190270723295,93.46550804377011,0.0,0.0,0.00019035482681978278,0.00017061361052104476,0.8962925362673998,False,True,586.0,1765528.5141246542,1282271.3816587059,17.73414288165003,64684.74947509981,0.2255030941484929,0.003036290663086978,0.7943282347242815,0.7
0.0656471364821716,1.7610822813959717e-05,1.156100088831355e-06,1.9023473913820887e-11,1406.1168186287446,92.30754270239814,0.0,0.0,0.0001817593568412257,0.00015610976886319778,0.8588816090473191,False,True,588.0,1765528.5141246542,1295736.6468023162,17.41753138881406,65785.4808821512,0.21985947732404823,0.002973606803553577,0.7943282347242815,0.7
0.07898608469013249,1.4205669645099429e-05,1.1220502256678679e-06,1.4680582395931417e-11,1134.236101224329,89.58886874991055,0.0,0.0,0.0001735018179598209,0.00012205769546579377,0.7034951961947717,False,True,590.0,1765528.5141246542,1309225.083704599,17.10613060307463,66906.57873706505,0.21425660184529433,0.0029127403542014855,0.7943282347242815,0.7
0.0632656585193444,1.8398185662684776e-05,1.1639733315109133e-06,2.0060348080187726e-11,1468.9829411064607,92.93617312278354,0.0,0.0,0.00016556893480095656,0.00016398353911377866,0.9904245582718533,False,True,592.0,1765528.5141246542,1322735.918209681,16.79978965888615,68048.62998489056,0.20869579575584862,0.002853626374075072,0.7943282347242815,0.7
0.054249947376255624,2.214668482626363e-05,1.201456486383321e-06,2.516505910920364e-11,1768.277742616015,95.92897448352291,0.0,0.0,0.0001579480312019187,0.00020146929067708225,1.2755416395125974,False,True,594.0,1765528.5141246542,1336268.405540414,16.498363084013082,69212.24548017335,0.2031784043048736,0.0027962025492290665,0.7943282347242815,0.7
0.08629417026198127,1.284494205269534e-05,1.108443616500575e-06,1.3009330323758458e-11,1025.5903000903284,88.50246397503128,0.0,0.0,0.00015062700220885053,0.00010845023549669289,0.7199919928454938,False,True,596.0,1765528.5141246542,1349821.8289499904,16.201710580593144,70398.0609764858,0.19770579091632998,0.0027404090825233138,0.7943282347242815,0.7
0.08855796221792105,1.2474793766007338e-05,1.1047423150064348e-06,1.2561055310047693e-11,996.0362164000395,88.20693761963572,0.0,0.0,0.00014359428723818209,0.00010474870576893538,0.7294768321471388,False,True,598.0,1765528.5141246542,1363395.4984431977,15.909696815477618,71606.7381719779,0.192279338025158,0.0026861885874596763,0.7943282347242815,0.7
0.15968942596774174,6.5468704666020975e-06,1.0454659866968505e-06,5.7515500901375935e-12,522.7276868163079,83.4740842451417,0.0,0.0,0.00013683884437205084,4.54689089745142e-05,0.3322807144650307,False,True,600.0,1765528.5141246542,1376988.7495634288,15.622191219496473,72838.9658136357,0.18690044777645629,0.002633485986027121,0.7943282347242815,0.7
