qber,gain,error_gain,double_click_gain,detection_rate_hz,error_rate_hz,rate_bits_per_pulse,rate_bits_per_second,eta_total_baseline,eta_total_faded,fading_factor,clipped,visible,time_s,cumulative_rate_integral_bits,distance_m,elevation_deg,atmospheric_path_m,eta_atmospheric,eta_geometric,eta_pointing,eta_optical
nan,0.0,0.0,0.0,0.0,0.0,0.0,0.0,0.0,0.0,0.71053547355054,False,False,-600.0,0.0,4348697.350471533,-12.814763156879211,505212.8264405012,8.868940383288782e-06,0.00026435872677546015,0.7943282347242815,0.7
nan,0.0,0.0,0.0,0.0,0.0,0.0,0.0,0.0,0.0,0.7735524979703035,False,False,-598.0,0.0,4334922.2092731185,-12.728943130327584,505212.8264405012,8.868940383288782e-06,0.00026604128276611625,0.7943282347242815,0.7
nan,0.0,0.0,0.0,0.0,0.0,0.0,0.0,0.0,0.0,1.2666548871793517,False,False,-596.0,0.0,4321142.40264336,-12.642980855945362,505212.8264405012,8.868940383288782e-06,0.0002677405307328824,0.7943282347242815,0.7
nan,0.0,0.0,0.0,0.0,0.0,0.0,0.0,0.0,0.0,1.1192124033016002,False,False,-594.0,0.0,4307357.953861325,-12.556874920014439,505212.8264405012,8.868940383288782e-06,0.0002694566908718331,0.7943282347242815,0.7
nan,0.0,0.0,0.0,0.0,0.0,0.0,0.0,0.0,0.0,1.3095670378702982,False,False,-592.0,0.0,4293568.886295434,-12.470623890132897,505212.8264405012,8.868940383288782e-06,0.00027118998700643857,0.7943282347242815,0.7
nan,0.0,0.0,0.0,0.0,0.0,0.0,0.0,0.0,0.0,1.2608176722881137,False,False,-590.0,0.0,4279775.223404823,-12.38422631490674,505212.8264405012,8.868940383288782e-06,0.000272940646659163,0.7943282347242815,0.7
nan,0.0,0.0,0.0,0.0,0.0,0.0,0.0,0.0,0.0,0.8862690374832467,False,False,-588.0,0.0,4265976.988740728,-12.297680723635338,505212.8264405012,8.868940383288782e-06,0.00027470890112470987,0.7943282347242815,0.7
nan,0.0,0.0,0.0,0.0,0.0,0.0,0.0,0.0,0.0,1.0814717608477595,False,False,-586.0,0.0,4252174.205947894,-12.21098562599078,505212.8264405012,8.868940383288782e-06,0.00027649498554495685,0.7943282347242815,0.7
nan,0.0,0.0,0.0,0.0,0.0,0.0,0.0,0.0,0.0,0.9158065078114492,False,False,-584.0,0.0,4238366.898766014,-12.1241395116908,505212.8264405012,8.868940383288782e-06,0.000278299138985624,0.7943282347242815,0.7
nan,0.0,0.0,0.0,0.0,0.0,0.0,0.0,0.0,0.0,0.8600757486668873,False,False,-582.0,0.0,4224555.091031204,-12.03714085016506,505212.8264405012,8.868940383288782e-06,0.0002801216045147211,0.7943282347242815,0.7
nan,0.0,0.0,0.0,0.0,0.0,0.0,0.0,0.0,0.0,0.944790877208383,False,False,-580.0,0.0,4210738.806677498,-11.949988090214987,505212.8264405012,8.868940383288782e-06,0.00028196262928282205,0.7943282347242815,0.7
nan,0.0,0.0,0.0,0.0,0.0,0.0,0.0,0.0,0.0,0.6218759863173633,False,False,-578.0,0.0,4196918.0697383825,-11.862679659666561,505212.8264405012,8.868940383288782e-06,0.0002838224646052142,0.7943282347242815,0.7
nan,0.0,0.0,0.0,0.0,0.0,0.0,0.0,0.0,0.0,1.1381174904790055,False,False,-576.0,0.0,4183092.9043483576,-11.775213965016196,505212.8264405012,8.868940383288782e-06,0.00028570136604597225,0.7943282347242815,0.7
nan,0.0,0.0,0.0,0.0,0.0,0.0,0.0,0.0,0.0,0.8453036542367164,False,False,-574.0,0.0,4169263.334744527,-11.687589391069402,505212.8264405012,8.868940383288782e-06,0.00028759959350400965,0.7943282347242815,0.7
nan,0.0,0.0,0.0,0.0,0.0,0.0,0.0,0.0,0.0,1.2077585419328938,False,False,-572.0,0.0,4155429.385268236,-11.599804300572224,505212.8264405012,8.868940383288782e-06,0.00028951741130115713,0.7943282347242815,0.7
nan,0.0,0.0,0.0,0.0,0.0,0.0,0.0,0.0,0.0,1.0822326739141637,False,False,-570.0,0.0,4141591.0803667214,-11.511857033835042,505212.8264405012,8.868940383288782e-06,0.0002914550882723285,0.7943282347242815,0.7
nan,0.0,0.0,0.0,0.0,0.0,0.0,0.0,0.0,0.0,1.5341949403794521,False,False,-568.0,0.0,4127748.444594815,-11.423745908348797,505212.8264405012,8.868940383288782e-06,0.00029341289785782395,0.7943282347242815,0.7
nan,0.0,0.0,0.0,0.0,0.0,0.0,0.0,0.0,0.0,0.9463930409018899,False,False,-566.0,0.0,4113901.502616675,-11.335469218393275,505212.8264405012,8.868940383288782e-06,0.00029539111819783253,0.7943282347242815,0.7
nan,0.0,0.0,0.0,0.0,0.0,0.0,0.0,0.0,0.0,0.8731101751725335,False,False,-564.0,0.0,4100050.2792075532,-11.247025234637363,505212.8264405012,8.868940383288782e-06,0.0002973900322291923,0.7943282347242815,0.7
nan,0.0,0.0,0.0,0.0,0.0,0.0,0.0,0.0,0.0,1.0159869280807678,False,False,-562.0,0.0,4086194.7992555965,-11.158412203731103,505212.8264405012,8.868940383288782e-06,0.0002994099277844709,0.7943282347242815,0.7
nan,0.0,0.0,0.0,0.0,0.0,0.0,0.0,0.0,0.0,0.5281307786542295,False,False,-560.0,0.0,4072335.087763698,-11.069628347889237,505212.8264405012,8.868940383288782e-06,0.0003014510976934264,0.7943282347242815,0.7
nan,0.0,0.0,0.0,0.0,0.0,0.0,0.0,0.0,0.0,0.9681723398950326,False,False,-558.0,0.0,4058471.1698513683,-10.980671864466112,505212.8264405012,8.868940383288782e-06,0.00030351383988692004,0.7943282347242815,0.7
nan,0.0,0.0,0.0,0.0,0.0,0.0,0.0,0.0,0.0,1.4765552256190746,False,False,-556.0,0.0,4044603.07075667,-10.891540925521769,505212.8264405012,8.868940383288782e-06,0.0003055984575033398,0.7943282347242815,0.7
nan,0.0,0.0,0.0,0.0,0.0,0.0,0.0,0.0,0.0,1.5361171086267114,False,False,-554.0,0.0,4030730.8158381768,-10.802233677378956,505212.8264405012,8.868940383288782e-06,0.0003077052589976123,0.7943282347242815,0.7
nan,0.0,0.0,0.0,0.0,0.0,0.0,0.0,0.0,0.0,1.404978229911957,False,False,-552.0,0.0,4016854.430576973,-10.712748240170765,505212.8264405012,8.868940383288782e-06,0.0003098345582528706,0.7943282347242815,0.7
nan,0.0,0.0,0.0,0.0,0.0,0.0,0.0,0.0,0.0,1.0575123553790737,False,False,-550.0,0.0,4002973.9405787117,-10.623082707378899,505212.8264405012,8.868940383288782e-06,0.0003119866746948503,0.7943282347242815,0.7
nan,0.0,0.0,0.0,0.0,0.0,0.0,0.0,0.0,0.0,1.4186819163473876,False,False,-548.0,0.0,3989089.371575702,-10.533235145362001,505212.8264405012,8.868940383288782e-06,0.0003141619334090943,0.7943282347242815,0.7
nan,0.0,0.0,0.0,0.0,0.0,0.0,0.0,0.0,0.0,1.4915654063451853,False,False,-546.0,0.0,3975200.7494290457,-10.443203592874184,505212.8264405012,8.868940383288782e-06,0.00031636066526104115,0.7943282347242815,0.7
nan,0.0,0.0,0.0,0.0,0.0,0.0,0.0,0.0,0.0,1.2562972705407152,False,False,-544.0,0.0,3961308.100130827,-10.352986060573159,505212.8264405012,8.868940383288782e-06,0.00031858320701907896,0.7943282347242815,0.7
nan,0.0,0.0,0.0,0.0,0.0,0.0,0.0,0.0,0.0,1.0585709682413527,False,False,-542.0,0.0,3947411.4498063396,-10.262580530517994,505212.8264405012,8.868940383288782e-06,0.00032082990148064926,0.7943282347242815,0.7
nan,0.0,0.0,0.0,0.0,0.0,0.0,0.0,0.0,0.0,0.8972461783150366,False,False,-540.0,0.0,3933510.8247163654,-10.171984955656027,505212.8264405012,8.868940383288782e-06,0.0003231010976014865,0.7943282347242815,0.7
nan,0.0,0.0,0.0,0.0,0.0,0.0,0.0,0.0,0.0,0.6626417047680475,False,False,-538.0,0.0,3919606.251259513,-10.081197259298783,505212.8264405012,8.868940383288782e-06,0.0003253971506280795,0.7943282347242815,0.7
nan,0.0,0.0,0.0,0.0,0.0,0.0,0.0,0.0,0.0,1.176137718268022,False,False,-536.0,0.0,3905697.7559745912,-9.990215334586695,505212.8264405012,8.868940383288782e-06,0.0003277184222334514,0.7943282347242815,0.7
nan,0.0,0.0,0.0,0.0,0.0,0.0,0.0,0.0,0.0,0.5628849819736161,False,False,-534.0,0.0,3891785.365543048,-9.899037043942034,505212.8264405012,8.868940383288782e-06,0.0003300652806563489,0.7943282347242815,0.7
nan,0.0,0.0,0.0,0.0,0.0,0.0,0.0,0.0,0.0,0.7095563013543863,False,False,-532.0,0.0,3877869.1067914525,-9.80766021851017,505212.8264405012,8.868940383288782e-06,0.0003324381008439396,0.7943282347242815,0.7
nan,0.0,0.0,0.0,0.0,0.0,0.0,0.0,0.0,0.0,0.8968965633663277,False,False,-530.0,0.0,3863949.006694047,-9.716082657588618,505212.8264405012,8.868940383288782e-06,0.00033483726459811804,0.7943282347242815,0.7
nan,0.0,0.0,0.0,0.0,0.0,0.0,0.0,0.0,0.0,1.186963169291148,False,False,-528.0,0.0,3850025.092375336,-9.624302128043455,505212.8264405012,8.868940383288782e-06,0.00033726316072552477,0.7943282347242815,0.7
nan,0.0,0.0,0.0,0.0,0.0,0.0,0.0,0.0,0.0,1.6922263596596507,False,False,-526.0,0.0,3836097.391112754,-9.532316363713162,505212.8264405012,8.868940383288782e-06,0.00033971618519138566,0.7943282347242815,0.7
nan,0.0,0.0,0.0,0.0,0.0,0.0,0.0,0.0,0.0,1.5560885977503203,False,False,-524.0,0.0,3822165.930339376,-9.440123064799176,505212.8264405012,8.868940383288782e-06,0.00034219674127728187,0.7943282347242815,0.7
nan,0.0,0.0,0.0,0.0,0.0,0.0,0.0,0.0,0.0,1.0543225060560797,False,False,-522.0,0.0,3808230.7376466966,-9.347719897243048,505212.8264405012,8.868940383288782e-06,0.0003447052397429662,0.7943282347242815,0.7
nan,0.0,0.0,0.0,0.0,0.0,0.0,0.0,0.0,0.0,1.2142599040970052,False,False,-520.0,0.0,3794291.840787476,-9.255104492089842,505212.8264405012,8.868940383288782e-06,0.00034724209899234106,0.7943282347242815,0.7
nan,0.0,0.0,0.0,0.0,0.0,0.0,0.0,0.0,0.0,0.73420584464467,False,False,-518.0,0.0,3780349.267678637,-9.162274444837239,505212.8264405012,8.868940383288782e-06,0.0003498077452437247,0.7943282347242815,0.7
nan,0.0,0.0,0.0,0.0,0.0,0.0,0.0,0.0,0.0,1.2927748726561321,False,False,-516.0,0.0,3766403.0464042476,-9.069227314770247,505212.8264405012,8.868940383288782e-06,0.00035240261270452685,0.7943282347242815,0.7
nan,0.0,0.0,0.0,0.0,0.0,0.0,0.0,0.0,0.0,1.0226241473400468,False,False,-514.0,0.0,3752453.2052185484,-8.97596062428094,505212.8264405012,8.868940383288782e-06,0.00035502714375046856,0.7943282347242815,0.7
nan,0.0,0.0,0.0,0.0,0.0,0.0,0.0,0.0,0.0,0.8120702297688749,False,False,-512.0,0.0,3738499.7725490704,-8.882471858172906,505212.8264405012,8.868940383288782e-06,0.0003576817891094755,0.7943282347242815,0.7
nan,0.0,0.0,0.0,0.0,0.0,0.0,0.0,0.0,0.0,0.7532938909260091,False,False,-510.0,0.0,3724542.7769998084,-8.788758462950014,505212.8264405012,8.868940383288782e-06,0.00036036700805039087,0.7943282347242815,0.7
nan,0.0,0.0,0.0,0.0,0.0,0.0,0.0,0.0,0.0,0.8608946916446834,False,False,-508.0,0.0,3710582.24735448,-8.694817846089082,505212.8264405012,8.868940383288782e-06,0.0003630832685766428,0.7943282347242815,0.7
nan,0.0,0.0,0.0,0.0,0.0,0.0,0.0,0.0,0.0,0.824383345834833,False,False,-506.0,0.0,3696618.2125798524,-8.600647375295997,505212.8264405012,8.868940383288782e-06,0.0003658310476250225,0.7943282347242815,0.7
nan,0.0,0.0,0.0,0.0,0.0,0.0,0.0,0.0,0.0,1.7148194574605677,False,False,-504.0,0.0,3682650.7018291457,-8.506244377744833,505212.8264405012,8.868940383288782e-06,0.00036861083126972196,0.7943282347242815,0.7
nan,0.0,0.0,0.0,0.0,0.0,0.0,0.0,0.0,0.0,0.9700666908706702,False,False,-502.0,0.0,3668679.7444455237,-8.411606139299693,505212.8264405012,8.868940383288782e-06,0.00037142311493179136,0.7943282347242815,0.7
nan,0.0,0.0,0.0,0.0,0.0,0.0,0.0,0.0,0.0,0.9699321809974464,False,False,-500.0,0.0,3654705.3699656553,-8.316729903718471,505212.8264405012,8.868940383288782e-06,0.00037426840359417916,0.7943282347242815,0.7
nan,0.0,0.0,0.0,0.0,0.0,0.0,0.0,0.0,0.0,0.9686503125502107,False,False,-498.0,0.0,3640727.6081233667,-8.22161287183841,505212.8264405012,8.868940383288782e-06,0.0003771472120225272,0.7943282347242815,0.7
nan,0.0,0.0,0.0,0.0,0.0,0.0,0.0,0.0,0.0,0.9682391880108342,False,False,-496.0,0.0,3626746.4888533805,-8.126252200742757,505212.8264405012,8.868940383288782e-06,0.00038006006499188957,0.7943282347242815,0.7
nan,0.0,0.0,0.0,0.0,0.0,0.0,0.0,0.0,0.0,0.9754271964400741,False,False,-494.0,0.0,3612762.042295135,-8.030645002908008,505212.8264405012,8.868940383288782e-06,0.00038300749751956633,0.7943282347242815,0.7
nan,0.0,0.0,0.0,0.0,0.0,0.0,0.0,0.0,0.0,0.8420331150629227,False,False,-492.0,0.0,3598774.2987967078,-7.934788345331388,505212.8264405012,8.868940383288782e-06,0.00038599005510422707,0.7943282347242815,0.7
nan,0.0,0.0,0.0,0.0,0.0,0.0,0.0,0.0,0.0,0.7753461743218143,False,False,-490.0,0.0,3584783.2889188146,-7.838679248637827,505212.8264405012,8.868940383288782e-06,0.0003890082939715322,0.7943282347242815,0.7
nan,0.0,0.0,0.0,0.0,0.0,0.0,0.0,0.0,0.0,0.6958919904170069,False,False,-488.0,0.0,3570789.0434389217,-7.742314686165902,505212.8264405012,8.868940383288782e-06,0.000392062781326439,0.7943282347242815,0.7
nan,0.0,0.0,0.0,0.0,0.0,0.0,0.0,0.0,0.0,0.561598366739672,False,False,-486.0,0.0,3556791.593355445,-7.645691583032456,505212.8264405012,8.868940383288782e-06,0.00039515409561240985,0.7943282347242815,0.7
nan,0.0,0.0,0.0,0.0,0.0,0.0,0.0,0.0,0.0,0.8349705565692833,False,False,-484.0,0.0,3542790.9698920576,-7.548806815174823,505212.8264405012,8.868940383288782e-06,0.00039828282677773115,0.7943282347242815,0.7
nan,0.0,0.0,0.0,0.0,0.0,0.0,0.0,0.0,0.0,1.1969874207972995,False,False,-482.0,0.0,3528787.2045020913,-7.451657208370375,505212.8264405012,8.868940383288782e-06,0.0004014495765491707,0.7943282347242815,0.7
nan,0.0,0.0,0.0,0.0,0.0,0.0,0.0,0.0,0.0,0.8924385195137197,False,False,-480.0,0.0,3514780.328873061,-7.354239537232879,505212.8264405012,8.868940383288782e-06,0.00040465495871319553,0.7943282347242815,0.7
nan,0.0,0.0,0.0,0.0,0.0,0.0,0.0,0.0,0.0,0.7976051225449096,False,False,-478.0,0.0,3500770.37493128,-7.256550524184536,505212.8264405012,8.868940383288782e-06,0.0004078995994049973,0.7943282347242815,0.7
nan,0.0,0.0,0.0,0.0,0.0,0.0,0.0,0.0,0.0,0.8187921741787568,False,False,-476.0,0.0,3486757.3748466074,-7.158586838403586,505212.8264405012,8.868940383288782e-06,0.0004111841374055636,0.7943282347242815,0.7
nan,0.0,0.0,0.0,0.0,0.0,0.0,0.0,0.0,0.0,0.7941406264827814,False,False,-474.0,0.0,3472741.3610372944,-7.060345094746306,505212.8264405012,8.868940383288782e-06,0.0004145092244470569,0.7943282347242815,0.7
nan,0.0,0.0,0.0,0.0,0.0,0.0,0.0,0.0,0.0,0.5981555474501917,False,False,-472.0,0.0,3458722.366174962,-6.961821852643164,505212.8264405012,8.868940383288782e-06,0.0004178755255267601,0.7943282347242815,0.7
nan,0.0,0.0,0.0,0.0,0.0,0.0,0.0,0.0,0.0,1.177405192182833,False,False,-470.0,0.0,3444700.4231897006,-6.863013614967864,505212.8264405012,8.868940383288782e-06,0.00042128371922986224,0.7943282347242815,0.7
nan,0.0,0.0,0.0,0.0,0.0,0.0,0.0,0.0,0.0,1.1666056612050235,False,False,-468.0,0.0,3430675.5652752863,-6.763916826879124,505212.8264405012,8.868940383288782e-06,0.0004247344980613763,0.7943282347242815,0.7
nan,0.0,0.0,0.0,0.0,0.0,0.0,0.0,0.0,0.0,0.8434187563345764,False,False,-466.0,0.0,3416647.8258945416,-6.664527874633704,505212.8264405012,8.868940383288782e-06,0.0004282285687874671,0.7943282347242815,0.7
nan,0.0,0.0,0.0,0.0,0.0,0.0,0.0,0.0,0.0,0.9918408710236888,False,False,-464.0,0.0,3402617.2387848175,-6.564843084370735,505212.8264405012,8.868940383288782e-06,0.00043176665278650843,0.7943282347242815,0.7
nan,0.0,0.0,0.0,0.0,0.0,0.0,0.0,0.0,0.0,0.8574672851940086,False,False,-462.0,0.0,3388583.83796362,-6.464858720865541,505212.8264405012,8.868940383288782e-06,0.00043534948641017534,0.7943282347242815,0.7
nan,0.0,0.0,0.0,0.0,0.0,0.0,0.0,0.0,0.0,0.865841089003743,False,False,-460.0,0.0,3374547.657734382,-6.364570986253017,505212.8264405012,8.868940383288782e-06,0.00043897782135489963,0.7943282347242815,0.7
nan,0.0,0.0,0.0,0.0,0.0,0.0,0.0,0.0,0.0,1.0202954144279701,False,False,-458.0,0.0,3360508.7326923674,-6.263976018718997,505212.8264405012,8.868940383288782e-06,0.00044265242504403076,0.7943282347242815,0.7
nan,0.0,0.0,0.0,0.0,0.0,0.0,0.0,0.0,0.0,1.277349223794727,False,False,-456.0,0.0,3346467.0977307395,-6.163069891159,505212.8264405012,8.868940383288782e-06,0.00044637408102104543,0.7943282347242815,0.7
nan,0.0,0.0,0.0,0.0,0.0,0.0,0.0,0.0,0.0,1.6249812021014358,False,False,-454.0,0.0,3332422.78804678,-6.061848609803461,505212.8264405012,8.868940383288782e-06,0.00045014358935417724,0.7943282347242815,0.7
nan,0.0,0.0,0.0,0.0,0.0,0.0,0.0,0.0,0.0,1.8691517784125213,False,False,-452.0,0.0,3318375.8391482653,-5.960308112808271,505212.8264405012,8.868940383288782e-06,0.0004539617670528359,0.7943282347242815,0.7
nan,0.0,0.0,0.0,0.0,0.0,0.0,0.0,0.0,0.0,1.1413769840722512,False,False,-450.0,0.0,3304326.286860002,-5.858444268809676,505212.8264405012,8.868940383288782e-06,0.0004578294484962144,0.7943282347242815,0.7
nan,0.0,0.0,0.0,0.0,0.0,0.0,0.0,0.0,0.0,0.8876217130553201,False,False,-448.0,0.0,3290274.1673305444,-5.756252875442598,505212.8264405012,8.868940383288782e-06,0.00046174748587448055,0.7943282347242815,0.7
nan,0.0,0.0,0.0,0.0,0.0,0.0,0.0,0.0,0.0,0.9564600360478412,False,False,-446.0,0.0,3276219.517039074,-5.653729657821284,505212.8264405012,8.868940383288782e-06,0.0004657167496429805,0.7943282347242815,0.7
nan,0.0,0.0,0.0,0.0,0.0,0.0,0.0,0.0,0.0,0.9910213894756832,False,False,-444.0,0.0,3262162.3728024648,-5.550870266980887,505212.8264405012,8.868940383288782e-06,0.0004697381289898862,0.7943282347242815,0.7
nan,0.0,0.0,0.0,0.0,0.0,0.0,0.0,0.0,0.0,0.7893200247773312,False,False,-442.0,0.0,3248102.771782528,-5.44767027827928,505212.8264405012,8.868940383288782e-06,0.00047381253231773974,0.7943282347242815,0.7
nan,0.0,0.0,0.0,0.0,0.0,0.0,0.0,0.0,0.0,0.7493353514199445,False,False,-440.0,0.0,3234040.751493451,-5.344125189757581,505212.8264405012,8.868940383288782e-06,0.00047794088773936547,0.7943282347242815,0.7
nan,0.0,0.0,0.0,0.0,0.0,0.0,0.0,0.0,0.0,1.0966593443973762,False,False,-438.0,0.0,3219976.3498094347,-5.240230420458162,505212.8264405012,8.868940383288782e-06,0.00048212414358863226,0.7943282347242815,0.7
nan,0.0,0.0,0.0,0.0,0.0,0.0,0.0,0.0,0.0,1.5896255249903284,False,False,-436.0,0.0,3205909.6049725222,-5.135981308699218,505212.8264405012,8.868940383288782e-06,0.0004863632689465784,0.7943282347242815,0.7
nan,0.0,0.0,0.0,0.0,0.0,0.0,0.0,0.0,0.0,1.0820755389639958,False,False,-434.0,0.0,3191840.555600648,-5.0313731103039565,505212.8264405012,8.868940383288782e-06,0.0004906592541834162,0.7943282347242815,0.7
nan,0.0,0.0,0.0,0.0,0.0,0.0,0.0,0.0,0.0,0.8351161746892937,False,False,-432.0,0.0,3177769.2406958938,-4.92640099678377,505212.8264405012,8.868940383288782e-06,0.0004950131115169655,0.7943282347242815,0.7
nan,0.0,0.0,0.0,0.0,0.0,0.0,0.0,0.0,0.0,0.840480618614606,False,False,-430.0,0.0,3163695.699652969,-4.821060053473373,505212.8264405012,8.868940383288782e-06,0.0004994258755880805,0.7943282347242815,0.7
nan,0.0,0.0,0.0,0.0,0.0,0.0,0.0,0.0,0.0,0.6907482097452486,False,False,-428.0,0.0,3149619.9722679197,-4.715345277616794,505212.8264405012,8.868940383288782e-06,0.0005038986040536551,0.7943282347242815,0.7
nan,0.0,0.0,0.0,0.0,0.0,0.0,0.0,0.0,0.0,0.7860976210650419,False,False,-426.0,0.0,3135542.0987470686,-4.6092515764025705,505212.8264405012,8.868940383288782e-06,0.0005084323781978206,0.7943282347242815,0.7
nan,0.0,0.0,0.0,0.0,0.0,0.0,0.0,0.0,0.0,1.0008617040495156,False,False,-424.0,0.0,3121462.1197162024,-4.502773764946723,505212.8264405012,8.868940383288782e-06,0.0005130283035619638,0.7943282347242815,0.7
nan,0.0,0.0,0.0,0.0,0.0,0.0,0.0,0.0,0.0,0.9504495862568589,False,False,-422.0,0.0,3107380.0762300077,-4.395906564221587,505212.8264405012,8.868940383288782e-06,0.0005176875105942282,0.7943282347242815,0.7
nan,0.0,0.0,0.0,0.0,0.0,0.0,0.0,0.0,0.0,1.3461641519584824,False,False,-420.0,0.0,3093296.009781764,-4.288644598929341,505212.8264405012,8.868940383288782e-06,0.0005224111553191795,0.7943282347242815,0.7
nan,0.0,0.0,0.0,0.0,0.0,0.0,0.0,0.0,0.0,1.1308868525054645,False,False,-418.0,0.0,3079209.962313306,-4.180982395317922,505212.8264405012,8.868940383288782e-06,0.0005272004200283443,0.7943282347242815,0.7
nan,0.0,0.0,0.0,0.0,0.0,0.0,0.0,0.0,0.0,1.1630183202951385,False,False,-416.0,0.0,3065121.9762252555,-4.0729143789379565,505212.8264405012,8.868940383288782e-06,0.0005320565139923666,0.7943282347242815,0.7
nan,0.0,0.0,0.0,0.0,0.0,0.0,0.0,0.0,0.0,0.9857165075989115,False,False,-414.0,0.0,3051032.0943875425,-3.9644348723386833,505212.8264405012,8.868940383288782e-06,0.0005369806741955409,0.7943282347242815,0.7
nan,0.0,0.0,0.0,0.0,0.0,0.0,0.0,0.0,0.0,1.395542019210619,False,False,-412.0,0.0,3036940.360150217,-3.855538092700977,505212.8264405012,8.868940383288782e-06,0.0005419741660935256,0.7943282347242815,0.7
nan,0.0,0.0,0.0,0.0,0.0,0.0,0.0,0.0,0.0,0.7812769854199372,False,False,-410.0,0.0,3022846.817354561,-3.746218149405435,505212.8264405012,8.868940383288782e-06,0.0005470382843950659,0.7943282347242815,0.7
nan,0.0,0.0,0.0,0.0,0.0,0.0,0.0,0.0,0.0,0.8155129901094536,False,False,-408.0,0.0,3008751.510344515,-3.636469041533531,505212.8264405012,8.868940383288782e-06,0.0005521743538685859,0.7943282347242815,0.7
nan,0.0,0.0,0.0,0.0,0.0,0.0,0.0,0.0,0.0,0.6499339130923305,False,False,-406.0,0.0,2994654.4839784307,-3.5262846552996856,505212.8264405012,8.868940383288782e-06,0.0005573837301745486,0.7943282347242815,0.7
nan,0.0,0.0,0.0,0.0,0.0,0.0,0.0,0.0,0.0,1.0445017125052567,False,False,-404.0,0.0,2980555.783641143,-3.415658761412065,505212.8264405012,8.868940383288782e-06,0.0005626678007245203,0.7943282347242815,0.7
nan,0.0,0.0,0.0,0.0,0.0,0.0,0.0,0.0,0.0,1.252046824862672,False,False,-402.0,0.0,2966455.4552564025,-3.3045850123596168,505212.8264405012,8.868940383288782e-06,0.0005680279855679033,0.7943282347242815,0.7
nan,0.0,0.0,0.0,0.0,0.0,0.0,0.0,0.0,0.0,0.9142664864861704,False,False,-400.0,0.0,2952353.5452996506,-3.193056939623317,505212.8264405012,8.868940383288782e-06,0.0005734657383073543,0.7943282347242815,0.7
nan,0.0,0.0,0.0,0.0,0.0,0.0,0.0,0.0,0.0,1.4935129883054787,False,False,-398.0,0.0,2938250.100811171,-3.0810679508088996,505212.8264405012,8.868940383288782e-06,0.0005789825470439338,0.7943282347242815,0.7
nan,0.0,0.0,0.0,0.0,0.0,0.0,0.0,0.0,0.0,1.0368605654377272,False,False,-396.0,0.0,2924145.169409608,-2.9686113266985084,505212.8264405012,8.868940383288782e-06,0.0005845799353530882,0.7943282347242815,0.7
nan,0.0,0.0,0.0,0.0,0.0,0.0,0.0,0.0,0.0,0.6696240531419841,False,False,-394.0,0.0,2910038.799305892,-2.855680218218784,505212.8264405012,8.868940383288782e-06,0.0005902594632925929,0.7943282347242815,0.7
nan,0.0,0.0,0.0,0.0,0.0,0.0,0.0,0.0,0.0,0.7753623939926205,False,False,-392.0,0.0,2895931.0393175557,-2.742267643322601,505212.8264405012,8.868940383288782e-06,0.0005960227284436554,0.7943282347242815,0.7
nan,0.0,0.0,0.0,0.0,0.0,0.0,0.0,0.0,0.0,0.9786208421524409,False,False,-390.0,0.0,2881821.9388834788,-2.6283664837813387,505212.8264405012,8.868940383288782e-06,0.000601871366986401,0.7943282347242815,0.7
nan,0.0,0.0,0.0,0.0,0.0,0.0,0.0,0.0,0.0,0.9032263023486703,False,False,-388.0,0.0,2867711.5480790585,-2.5139694818852374,505212.8264405012,8.868940383288782e-06,0.0006078070548110369,0.7943282347242815,0.7
nan,0.0,0.0,0.0,0.0,0.0,0.0,0.0,0.0,0.0,1.76139354662268,False,False,-386.0,0.0,2853599.9176318385,-2.39906923704822,505212.8264405012,8.868940383288782e-06,0.0006138315086660241,0.7943282347242815,0.7
nan,0.0,0.0,0.0,0.0,0.0,0.0,0.0,0.0,0.0,1.5195792428125026,False,False,-384.0,0.0,2839487.098937581,-2.283658202314434,505212.8264405012,8.868940383288782e-06,0.0006199464873446706,0.7943282347242815,0.7
nan,0.0,0.0,0.0,0.0,0.0,0.0,0.0,0.0,0.0,1.8375789356653884,False,False,-382.0,0.0,2825373.144076843,-2.1677286807628873,505212.8264405012,8.868940383288782e-06,0.0006261537929115719,0.7943282347242815,0.7
nan,0.0,0.0,0.0,0.0,0.0,0.0,0.0,0.0,0.0,1.7896138347759636,False,False,-380.0,0.0,2811258.105832026,-2.0512728218070198,505212.8264405012,8.868940383288782e-06,0.0006324552719704452,0.7943282347242815,0.7
nan,0.0,0.0,0.0,0.0,0.0,0.0,0.0,0.0,0.0,0.752307906693228,False,False,-378.0,0.0,2797142.0377049497,-1.9342826173854506,505212.8264405012,8.868940383288782e-06,0.0006388528169749133,0.7943282347242815,0.7
nan,0.0,0.0,0.0,0.0,0.0,0.0,0.0,0.0,0.0,0.7877868219428082,False,False,-376.0,0.0,2783024.993934955,-1.8167498980403398,505212.8264405012,8.868940383288782e-06,0.0006453483675838953,0.7943282347242815,0.7
nan,0.0,0.0,0.0,0.0,0.0,0.0,0.0,0.0,0.0,0.4158881856433447,False,False,-374.0,0.0,2768907.0295175556,-1.6986663288792943,505212.8264405012,8.868940383288782e-06,0.0006519439120633164,0.7943282347242815,0.7
nan,0.0,0.0,0.0,0.0,0.0,0.0,0.0,0.0,0.0,0.5877106731259206,False,False,-372.0,0.0,2754788.20022365,-1.5800234054172546,505212.8264405012,8.868940383288782e-06,0.0006586414887359341,0.7943282347242815,0.7
nan,0.0,0.0,0.0,0.0,0.0,0.0,0.0,0.0,0.0,1.0909958206720354,False,False,-370.0,0.0,2740668.562619336,-1.4608124492937518,505212.8264405012,8.868940383288782e-06,0.0006654431874811334,0.7943282347242815,0.7
nan,0.0,0.0,0.0,0.0,0.0,0.0,0.0,0.0,0.0,0.7932392686355717,False,False,-368.0,0.0,2726548.1740863267,-1.341024603861524,505212.8264405012,8.868940383288782e-06,0.0006723511512866507,0.7943282347242815,0.7
nan,0.0,0.0,0.0,0.0,0.0,0.0,0.0,0.0,0.0,0.747314332115608,False,False,-366.0,0.0,2712427.092842996,-1.220650829641987,505212.8264405012,8.868940383288782e-06,0.0006793675778542518,0.7943282347242815,0.7
nan,0.0,0.0,0.0,0.0,0.0,0.0,0.0,0.0,0.0,0.9563623696518754,False,False,-364.0,0.0,2698305.37796608,-1.099681899642858,505212.8264405012,8.868940383288782e-06,0.0006864947212614868,0.7943282347242815,0.7
nan,0.0,0.0,0.0,0.0,0.0,0.0,0.0,0.0,0.0,1.190974417712145,False,False,-362.0,0.0,2684183.089413057,-0.9781083945329896,505212.8264405012,8.868940383288782e-06,0.0006937348936817239,0.7943282347242815,0.7
nan,0.0,0.0,0.0,0.0,0.0,0.0,0.0,0.0,0.0,0.9384287163385329,False,False,-360.0,0.0,2670060.2880452294,-0.8559206976696633,505212.8264405012,8.868940383288782e-06,0.000701090467164785,0.7943282347242815,0.7
nan,0.0,0.0,0.0,0.0,0.0,0.0,0.0,0.0,0.0,0.8840996853835977,False,False,-358.0,0.0,2655937.0356515287,-0.733108989972977,505212.8264405012,8.868940383288782e-06,0.0007085638754805799,0.7943282347242815,0.7
nan,0.0,0.0,0.0,0.0,0.0,0.0,0.0,0.0,0.0,1.1640582266081305,False,False,-356.0,0.0,2641813.3949730773,-0.6096632446417802,505212.8264405012,8.868940383288782e-06,0.0007161576160282621,0.7943282347242815,0.7
nan,0.0,0.0,0.0,0.0,0.0,0.0,0.0,0.0,0.0,1.1033077842062358,False,False,-354.0,0.0,2627689.4297285383,-0.4855732217057833,505212.8264405012,8.868940383288782e-06,0.0007238742518135288,0.7943282347242815,0.7
nan,0.0,0.0,0.0,0.0,0.0,0.0,0.0,0.0,0.0,0.9306589737276261,False,False,-352.0,0.0,2613565.20464026,-0.3608284624076343,505212.8264405012,8.868940383288782e-06,0.0007317164134968134,0.7943282347242815,0.7
nan,0.0,0.0,0.0,0.0,0.0,0.0,0.0,0.0,0.0,1.0333980241219107,False,False,-350.0,0.0,2599440.785461276,-0.23541828340924786,505212.8264405012,8.868940383288782e-06,0.0007396868015152337,0.7943282347242815,0.7
nan,0.0,0.0,0.0,0.0,0.0,0.0,0.0,0.0,0.0,1.004887222099463,False,False,-348.0,0.0,2585316.2390031707,-0.10933177081561174,505212.8264405012,8.868940383288782e-06,0.0007477881882812845,0.7943282347242815,0.7
nan,0.0,0.0,0.0,0.0,0.0,0.0,0.0,0.0,0.0,1.0453805964281155,False,False,-346.0,0.0,2571191.6331648473,0.01744222599011089,503277.06221451395,9.273194689943775e-06,0.0007560234204614194,0.7943282347242815,0.7
nan,0.0,0.0,0.0,0.0,0.0,0.0,0.0,0.0,0.0,1.7265910824346127,False,False,-344.0,0.0,2557067.036962241,0.1449151007076763,489355.9299372432,1.2777347333893417e-05,0.0007643954213377679,0.7943282347242815,0.7
nan,0.0,0.0,0.0,0.0,0.0,0.0,0.0,0.0,0.0,1.091256880398821,False,False,-342.0,0.0,2542942.5205589985,0.2730984966833125,475757.5942517386,1.7475276558336437e-05,0.0007729071932564279,0.7943282347242815,0.7
nan,0.0,0.0,0.0,0.0,0.0,0.0,0.0,0.0,0.0,0.8633873761096956,False,False,-340.0,0.0,2528818.155298174,0.40200431368432965,462486.0133188185,2.3721375419719504e-05,0.0007815618201658906,0.7943282347242815,0.7
nan,0.0,0.0,0.0,0.0,0.0,0.0,0.0,0.0,0.0,1.3659708721034793,False,False,-338.0,0.0,2514694.01373497,0.5316447148914201,449544.2881762095,3.1956346257690926e-05,0.0007903624702493417,0.7943282347242815,0.7
nan,0.0,0.0,0.0,0.0,0.0,0.0,0.0,0.0,0.0,0.8953144876186679,False,False,-336.0,0.0,2500570.169670573,0.6620321341176916,436934.6415143916,4.272219764487997e-05,0.0007993123986547408,0.7943282347242815,0.7
nan,0.0,0.0,0.0,0.0,0.0,0.0,0.0,0.0,0.0,1.5078100037565227,False,False,-334.0,0.0,2486446.6981871193,0.7931792832622915,424658.4068764173,5.667818458337703e-05,0.000808414950326765,0.7943282347242815,0.7
nan,0.0,0.0,0.0,0.0,0.0,0.0,0.0,0.0,0.0,1.0708508203323035,False,False,-332.0,0.0,2472323.6756838327,0.9250991600076395,412716.0284542959,7.46173318294398e-05,0.000817673562944896,0.7943282347242815,0.7
nan,0.0,0.0,0.0,0.0,0.0,0.0,0.0,0.0,0.0,1.0174867644484524,False,False,-330.0,0.0,2458201.17991439,1.0578050557692638,401107.0713652324,9.748308987315727e-05,0.0008270917699721112,0.7943282347242815,0.7
nan,0.0,0.0,0.0,0.0,0.0,0.0,0.0,0.0,0.0,1.2003179079565507,False,False,-328.0,0.0,2444079.2900255504,1.1913105639081727,389830.2420101672,0.00012638559573869017,0.0008366732038188712,0.7943282347242815,0.7
nan,0.0,0.0,0.0,0.0,0.0,0.0,0.0,0.0,0.0,1.4581025102174503,False,False,-326.0,0.0,2429958.0865971087,1.3256295882152023,378883.41785732005,0.00016261695379419757,0.0008464215991272895,0.7943282347242815,0.7
nan,0.0,0.0,0.0,0.0,0.0,0.0,0.0,0.0,0.0,1.4746488887082363,False,False,-324.0,0.0,2415837.6516832146,1.4607763516780738,368263.68576834624,0.00020766492153315993,0.0008563407961806183,0.7943282347242815,0.7
nan,0.0,0.0,0.0,0.0,0.0,0.0,0.0,0.0,0.0,1.0593332937443944,False,False,-322.0,0.0,2401718.068855126,1.5967654055419045,357967.3878001213,0.00026322438641157206,0.0008664347444434074,0.7943282347242815,0.7
nan,0.0,0.0,0.0,0.0,0.0,0.0,0.0,0.0,0.0,0.896317400033454,False,False,-320.0,0.0,2387599.4232454333,1.7336116386743994,347990.1732807099,0.0003312060545262686,0.0008767075062379704,0.7943282347242815,0.7
nan,0.0,0.0,0.0,0.0,0.0,0.0,0.0,0.0,0.0,1.0286198162152822,False,False,-318.0,0.0,2373481.8015938406,1.871330287247478,338327.05587398465,0.0004137418397525237,0.0008871632605630233,0.7943282347242815,0.7
nan,0.0,0.0,0.0,0.0,0.0,0.0,0.0,0.0,0.0,1.0197085749468338,False,False,-316.0,0.0,2359365.292294537,2.009936944747756,328972.4743141445,0.0005131865397676123,0.0008978063070606775,0.7943282347242815,0.7
nan,0.0,0.0,0.0,0.0,0.0,0.0,0.0,0.0,0.0,0.8183743638614543,False,False,-314.0,0.0,2345249.985445253,2.1494475723287567,319920.3555061041,0.0006321155075936519,0.000908641070138225,0.7943282347242815,0.7
nan,0.0,0.0,0.0,0.0,0.0,0.0,0.0,0.0,0.0,1.012473210512648,False,False,-312.0,0.0,2331135.9728980395,2.2898785095176803,311164.1787448569,0.0007733181664477339,0.000919672103251502,0.7943282347242815,0.7
nan,0.0,0.0,0.0,0.0,0.0,0.0,0.0,0.0,0.0,1.2884455303309412,False,False,-310.0,0.0,2317023.348311865,2.431246485291572,302697.03989790095,0.0009397873632261427,0.0009309040933568993,0.7943282347242815,0.7
nan,0.0,0.0,0.0,0.0,0.0,0.0,0.0,0.0,0.0,1.117660538403558,False,False,-308.0,0.0,2302912.2072070963,2.5735686295368545,294511.71451422485,0.001134704702934579,0.0009423418655394577,0.7943282347242815,0.7
nan,0.0,0.0,0.0,0.0,0.0,0.0,0.0,0.0,0.0,1.5663893615677946,False,False,-306.0,0.0,2288802.6470219386,2.716862484907473,286600.7189602166,0.0013614221443840127,0.0009539903878248375,0.7943282347242815,0.7
nan,0.0,0.0,0.0,0.0,0.0,0.0,0.0,0.0,0.0,1.2854485605412478,False,False,-304.0,0.0,2274694.7671709163,2.8611460190978963,278956.3688303546,0.001623440259182748,0.0009658547761833226,0.7943282347242815,0.7
nan,0.0,0.0,0.0,0.0,0.0,0.0,0.0,0.0,0.0,1.020676898328963,False,False,-302.0,0.0,2260588.669105491,3.0064376375473225,271570.8340309834,0.00192438365579757,0.0009779402997344114,0.7943282347242815,0.7
nan,0.0,0.0,0.0,0.0,0.0,0.0,0.0,0.0,0.0,1.007064595974157,False,False,-300.0,0.0,2246484.456376887,3.1527561965924806,264436.19008347526,0.002267974144432842,0.0009902523861609887,0.7943282347242815,0.7
nan,0.0,0.0,0.0,0.0,0.0,0.0,0.0,0.0,0.0,0.833513784684588,False,False,-298.0,0.0,2232382.23470124,3.3001210170872524,257544.4653310278,0.002658002265009335,0.0010027966273424684,0.7943282347242815,0.7
nan,0.0,0.0,0.0,0.0,0.0,0.0,0.0,0.0,0.0,0.6817235066576469,False,False,-296.0,0.0,2218282.112027147,3.44855189850797,250887.68386129613,0.0030982978195993344,0.001015578785216806,0.7943282347242815,0.7
nan,0.0,0.0,0.0,0.0,0.0,0.0,0.0,0.0,0.0,0.9641984762553182,False,False,-294.0,0.0,2204184.1986057367,3.598069133564253,244457.90406887623,0.0035927000441440117,0.0010286047978817134,0.7943282347242815,0.7
nan,0.0,0.0,0.0,0.0,0.0,0.0,0.0,0.0,0.0,0.7558728736758973,False,False,-292.0,0.0,2190088.607063355,3.748693523336085,238247.25287805637,0.004145028025090197,0.0010418807859459782,0.7943282347242815,0.7
nan,0.0,0.0,0.0,0.0,0.0,0.0,0.0,0.0,0.0,0.793455240344712,False,False,-290.0,0.0,2175995.452476993,3.90044639295888,232247.95572656768,0.004759051918592777,0.001055413059142249,0.7943282347242815,0.7
nan,0.0,0.0,0.0,0.0,0.0,0.0,0.0,0.0,0.0,0.8707148298144051,False,False,-288.0,0.0,2161904.852452563,4.053349607878908,226452.36247490472,0.005438465467540132,0.001069208123213302,0.7943282347242815,0.7
nan,0.0,0.0,0.0,0.0,0.0,0.0,0.0,0.0,0.0,1.0284517482148123,False,False,-286.0,0.0,2147816.927206152,4.207425590703162,220852.9694547455,0.0061868602393127,0.0010832726870843195,0.7943282347242815,0.7
nan,0.0,0.0,0.0,0.0,0.0,0.0,0.0,0.0,0.0,1.1168608598287348,False,False,-284.0,0.0,2133731.7996483897,4.36269733866809,215442.4379053803,0.007007701929158985,0.0010976136703343808,0.7943282347242815,0.7
nan,0.0,0.0,0.0,0.0,0.0,0.0,0.0,0.0,0.0,1.0277167944587111,False,False,-282.0,0.0,2119649.5954720583,4.519188441753491,210213.60907009148,0.007904308994296774,0.0011122382109810093,0.7943282347242815,0.7
nan,0.0,0.0,0.0,0.0,0.0,0.0,0.0,0.0,0.0,0.5728397475167281,False,False,-280.0,0.0,2105570.443243092,4.676923101468212,205159.5162374225,0.008879833805575079,0.0011271536735923166,0.7943282347242815,0.7
nan,0.0,0.0,0.0,0.0,0.0,0.0,0.0,0.0,0.0,0.7474852464528158,False,False,-278.0,0.0,2091494.4744951199,4.835926150336589,200273.39401607425,0.009937246429581341,0.001142367657742,0.7943282347242815,0.7
nan,0.0,0.0,0.0,0.0,0.0,0.0,0.0,0.0,0.0,0.7033790229201745,False,False,-276.0,0.0,2077421.8238277135,4.996223072115042,195548.68512952988,0.011079321086317014,0.0011578880068232264,0.7943282347242815,0.7
nan,0.0,0.0,0.0,0.0,0.0,0.0,0.0,0.0,0.0,0.8278287256175869,False,False,-274.0,0.0,2063352.6290084897,5.157840022770027,190979.0450079572,0.012308625267533983,0.00117372281723825,0.7943282347242815,0.7
nan,0.0,0.0,0.0,0.0,0.0,0.0,0.0,0.0,0.0,1.1955262915012868,False,False,-272.0,0.0,2049287.0310792679,5.320803852249838,186558.3444424756,0.013627511449243087,0.0011898804479814316,0.7943282347242815,0.7
nan,0.0,0.0,0.0,0.0,0.0,0.0,0.0,0.0,0.0,1.2992254894274715,False,False,-270.0,0.0,2035225.1744664465,5.485142127084742,182280.6705511839,0.015038111289208301,0.0012063695306342432,0.7943282347242815,0.7
nan,0.0,0.0,0.0,0.0,0.0,0.0,0.0,0.0,0.0,1.1380514404816684,False,False,-268.0,0.0,2021167.2070958074,5.6508831538506445,178140.32628929056,0.016542332166103804,0.0012231989797917705,0.7943282347242815,0.7
nan,0.0,0.0,0.0,0.0,0.0,0.0,0.0,0.0,0.0,1.1737639392756276,False,False,-266.0,0.0,2007113.2805119364,5.818056003534373,174131.82871679452,0.01814185589138323,0.0012403780039412162,0.7943282347242815,0.7
nan,0.0,0.0,0.0,0.0,0.0,0.0,0.0,0.0,0.0,0.6806447349374721,False,False,-264.0,0.0,1993063.5500024902,5.9866905368391885,170249.9062184087,0.019838139406815725,0.0012579161168139333,0.7943282347242815,0.7
nan,0.0,0.0,0.0,0.0,0.0,0.0,0.0,0.0,0.0,0.890819494272815,False,False,-262.0,0.0,1979018.17472752,6.156817430472231,166489.49485166985,0.02163241726942529,0.0012758231492336351,0.7943282347242815,0.7
nan,0.0,0.0,0.0,0.0,0.0,0.0,0.0,0.0,0.0,1.1087547803062188,False,False,-260.0,0.0,1964977.3178541057,6.328468204456598,162845.73398065378,0.02352570572048491,0.0012941092614845327,0.7943282347242815,0.7
nan,0.0,0.0,0.0,0.0,0.0,0.0,0.0,0.0,0.0,0.8290712660401123,False,False,-258.0,0.0,1950941.1466965303,6.501675250513425,159313.9613354439,0.025518808135049205,0.0013127849562244078,0.7943282347242815,0.7
nan,0.0,0.0,0.0,0.0,0.0,0.0,0.0,0.0,0.0,1.0156939294263514,False,False,-256.0,0.0,1936909.8328622836,6.6764718615610406,155889.70762091264,0.027612321652674514,0.0013318610919688433,0.7943282347242815,0.7
nan,0.0,0.0,0.0,0.0,0.0,0.0,0.0,0.0,0.0,0.8790154030187818,False,False,-254.0,0.0,1922883.5524041408,6.852892262381525,152568.6907829547,0.02980664479752086,0.0013513488971742223,0.7943282347242815,0.7
nan,0.0,0.0,0.0,0.0,0.0,0.0,0.0,0.0,0.0,1.2253406443746955,False,False,-252.0,0.0,1908862.4859786353,7.030971641505613,149346.8100265195,0.0321019859058876,0.0013712599849484493,0.7943282347242815,0.7
nan,0.0,0.0,0.0,0.0,0.0,0.0,0.0,0.0,0.0,1.4269244572050315,False,False,-250.0,0.0,1894846.8190112205,7.210746184371867,146220.13966652684,0.03449837219137997,0.0013916063684198373,0.7943282347242815,0.7
nan,0.0,0.0,0.0,0.0,0.0,0.0,0.0,0.0,0.0,0.9542394922845958,False,False,-248.0,0.0,1880836.741868443,7.3922531078159945,143184.92288134235,0.03699565929095105,0.0014124004767961777,0.7943282347242815,0.7
nan,0.0,0.0,0.0,0.0,0.0,0.0,0.0,0.0,0.0,1.4368062432187756,False,False,-246.0,0.0,1866832.450037475,7.575530695951619,140237.56542806188,0.039593541148920185,0.0014336551721475608,0.7943282347242815,0.7
nan,0.0,0.0,0.0,0.0,0.0,0.0,0.0,0.0,0.0,1.0532254045996703,False,False,-244.0,0.0,1852834.1443133585,7.760618337504372,137374.62936926988,0.042291560110475496,0.001455383766948266,0.7943282347242815,0.7
nan,0.0,0.0,0.0,0.0,0.0,0.0,0.0,0.0,0.0,1.7609194300947393,False,False,-242.0,0.0,1838842.0309943575,7.947556564666382,134592.82685311325,0.04508911710992419,0.00147760004241478,0.7943282347242815,0.7
nan,0.0,0.0,0.0,0.0,0.0,0.0,0.0,0.0,0.0,1.0435089908960018,False,False,-240.0,0.0,1824856.3220857922,8.136387093539465,131889.0139806117,0.04798548185330497,0.0015003182676788967,0.7943282347242815,0.7
nan,0.0,0.0,0.0,0.0,0.0,0.0,0.0,0.0,0.0,1.0050203677642897,False,False,-238.0,0.0,1810877.2355128056,8.327152866240727,129260.18478854962,0.05097980290744249,0.0015235532198367631,0.7943282347242815,0.7
nan,0.0,0.0,0.0,0.0,0.0,0.0,0.0,0.0,0.0,1.033414740863384,False,False,-236.0,0.0,1796904.9953424882,8.519898094746052,126703.46536998182,0.054071117620723516,0.001547320204916794,0.7943282347242815,0.7
nan,0.0,0.0,0.0,0.0,0.0,0.0,0.0,0.0,0.0,0.7978797787866859,False,False,-234.0,0.0,1782939.8320158515,8.714668306551884,124216.10815003361,0.057258361812093525,0.0015716350798114969,0.7943282347242815,0.7
nan,0.0,0.0,0.0,0.0,0.0,0.0,0.0,0.0,0.0,0.5527623955346462,False,False,-232.0,0.0,1768981.982590127,8.911510392239427,121795.48633038405,0.060540379175650874,0.0015965142752204934,0.7943282347242815,0.7
nan,0.0,0.0,0.0,0.0,0.0,0.0,0.0,0.0,0.0,0.6252564094838557,False,False,-230.0,0.0,1755031.6909919332,9.11047265502919,119439.08851229583,0.06391593035798933,0.0016219748196542945,0.7943282347242815,0.7
nan,0.0,0.0,0.0,0.0,0.0,0.0,0.0,0.0,0.0,1.10513754794419,False,False,-228.0,0.0,1741089.20828186,9.311604862418355,117144.51350498166,0.0673837016743727,0.001648034364550858,0.7943282347242815,0.7
nan,0.0,0.0,0.0,0.0,0.0,0.0,0.0,0.0,0.0,0.9200253092509576,False,False,-226.0,0.0,1727154.7929310587,9.514958299997897,114909.46532356611,0.0709423134377334,0.0016747112105594156,0.7943282347242815,0.7
nan,0.0,0.0,0.0,0.0,0.0,0.0,0.0,0.0,0.0,0.8604941782093618,False,False,-224.0,0.0,1713228.7111104543,9.720585827551814,112731.74837883108,0.07459032788139469,0.0017020243350487254,0.7943282347242815,0.7
nan,0.0,0.0,0.0,0.0,0.0,0.0,0.0,0.0,0.0,1.404120927992877,False,False,-222.0,0.0,1699311.2369932458,9.928541937544562,110609.26285896744,0.07832625666285828,0.0017299934208995448,0.7943282347242815,0.7
0.14849879329114066,7.075852428326723e-06,1.0507555471127057e-06,6.330926368187471e-12,564.9636709602527,83.89642339093058,0.0,0.0,4.016471718538695e-05,5.075876462287942e-05,1.2637650201442694,False,True,-220.0,0.0,1685402.653071383,10.138882816109142,108540.00030222096,0.0821485679411695,0.0017586388866439818,0.7943282347242815,0.7
0.14045034191724634,7.512412727414602e-06,1.055120936188854e-06,6.813249351984891e-12,599.8203488893765,84.24497309043494,0.0,0.0,4.277704427155445e-05,5.512439945727754e-05,1.2886444212307053,False,True,-218.0,0.0,1671503.2504867467,10.351666406653603,106522.03935809212,0.08605569302500532,0.0017879819180172684,0.7943282347242815,0.7
0.13017522334551399,8.154729959281451e-06,1.0615437937718171e-06,7.529758453652464e-12,651.1054632854575,84.75779910466879,0.0,0.0,4.551317536379667e-05,6.154762209271903e-05,1.3523034066675321,False,True,-216.0,0.0,1657613.329377831,10.566952476208714,104553.5417336855,0.09004603259273228,0.0018180445009904353,0.7943282347242815,0.7
0.17120605042110493,6.079160854377258e-06,1.0407891197525202e-06,5.243898421923939e-12,485.38392616803395,83.1006649371183,0.0,0.0,4.837735401375432e-05,4.079178332549826e-05,0.8431999673628412,False,True,-214.0,0.0,1643733.1992427255,10.78480268464656,102632.74832111529,0.09411796248884699,0.0018488494563555192,0.7943282347242815,0.7
0.152946820416634,6.8556763127680775e-06,1.0485538938435107e-06,6.089101696853706e-12,547.3839506701848,83.7206348021004,0.0,0.0,5.137398575048875e-05,4.8556988130236706e-05,0.9451668470121526,False,True,-212.0,0.0,1629863.1793192853,11.005280656905756,100757.9755012157,0.09826983910405775,0.0018804204759380206,0.7943282347242815,0.7
0.14223250862354686,7.411164385577783e-06,1.0541085023822155e-06,6.7010514879036254e-12,591.7362861616447,84.16413642435172,0.0,0.0,5.4507647773803176e-05,5.4111908483915786e-05,0.992739747429028,False,True,-210.0,0.0,1616003.5989834056,11.228452058365054,98927.61161841804,0.10250000434835091,0.001912782160514558,0.7943282347242815,0.7
0.14318098170965549,7.358384596721345e-06,1.0535807303557697e-06,6.642644301852111e-12,587.5221418494389,84.12199704616214,0.0,0.0,5.7783099040642324e-05,5.358410669765424e-05,0.9273318251754776,False,True,-208.0,0.0,1602154.798166375,11.454384673514452,97140.11362115275,0.10680679022854435,0.0019459600595169606,0.7943282347242815,0.7
0.16641480407942302,6.26537510775556e-06,1.0426511710412355e-06,5.44549628768614e-12,500.25199884752686,83.24933837855093,0.0,0.0,6.12052907653192e-05,4.265393735299496e-05,0.6968995134186012,False,True,-206.0,0.0,1588317.1277923423,11.683148488080702,95394.00386216039,0.1111885230426523,0.0019799807126073227,0.7943282347242815,0.7
0.12843678800227915,8.274425979105806e-06,1.0627406953189633e-06,7.664183141285895e-12,660.6624606146528,84.85336439502825,0.0,0.0,6.477937735620868e-05,6.274459212356621e-05,0.9685889967504071,False,True,-204.0,0.0,1574490.9502370025,11.914815774769332,93687.86705271919,0.11564352720492733,0.0020148716932118717,0.7943282347242815,0.7
0.16951502080193462,6.14360625540906e-06,1.0414335421845624e-06,5.3135901238806286e-12,490.5294984806609,83.15211813891179,0.0,0.0,6.85107278130451e-05,4.143624127434598e-05,0.6048139115879619,False,True,-202.0,0.0,1560676.6398086445,12.149461182796108,92020.34736481891,0.12017012871599088,0.0020506616541048897,0.7943282347242815,0.7
0.1606880822672406,6.503482482131308e-06,1.0450321281122738e-06,5.704274538488607e-12,519.2634208171963,83.43944328264243,0.0,0.0,7.240493761043021e-05,4.503502629864529e-05,0.62198833097479,False,True,-200.0,0.0,1546874.5832528123,12.387161831386152,90390.14567534445,0.12476665829279988,0.002087380375137154,0.7943282347242815,0.7
0.1504058450686899,6.979745532975645e-06,1.0497945252516152e-06,6.225251828265492e-12,557.2901213841236,83.81969165521188,0.0,0.0,7.646784109472598e-05,4.979768891512174e-05,0.6512239420154926,False,True,-198.0,0.0,1533085.1802818694,12.62799740742887,88796.01694631674,0.12943145417356022,0.0021250588132066934,0.7943282347242815,0.7
0.13293569717099038,7.971619362439522e-06,1.0597127775276637e-06,7.324664919842455e-12,636.485198655659,84.61160362230633,0.0,0.0,8.070552442306585e-05,5.971650135965343e-05,0.7399307765675864,False,True,-196.0,0.0,1519308.8441308567,12.872050267484513,87236.76773526835,0.13416286461289745,0.002163729154572737,0.7943282347242815,0.7
0.09623457157768556,1.1364292806966272e-05,1.0936378495617728e-06,1.1232440825611597e-11,907.3694861679217,87.32031376403462,0.0,0.0,8.512433907426913e-05,9.364356381030332e-05,1.1000797754047917,False,True,-194.0,0.0,1505546.0021411108,13.119405544348485,85711.2538301542,0.13895925008185384,0.002203424869616813,0.7943282347242815,0.7
0.0699770035930813,1.633947054613025e-05,1.1433871891156026e-06,1.737514898558638e-11,1304.6070921905362,91.2924951777765,0.0,0.0,8.973091596336696e-05,0.00014339603036732558,1.598067163672637,False,True,-192.0,0.0,1491797.096373203,13.370151258385876,84218.3780030075,0.14381898518796682,0.00224418077015768,0.7943282347242815,0.7
0.05986880759938908,1.965137944929292e-05,1.1765046553123065e-06,2.173598977263966e-11,1569.042823541593,93.93672291781381,0.0,0.0,9.453218019222508e-05,0.00017651571540179051,1.867255309703608,False,True,-190.0,0.0,1478062.5842508348,13.624378433862026,82757.08787702593,0.14874046032938573,0.0022860330694294533,0.7943282347242815,0.7
0.06683430985461668,1.7242965445497194e-05,1.152421695396808e-06,1.8543251578756274e-11,1376.7456507897466,92.01384541587782,0.0,0.0,9.953536647024796e-05,0.0001524311310713412,1.5314268332643781,False,True,-188.0,0.0,1464342.9392374626,13.882181220500453,81326.37390178343,0.15372208309695806,0.0023290194448343554,0.7943282347242815,0.7
0.07337545629344978,1.5463287687369398e-05,1.1346257898576134e-06,1.6257795022613875e-11,1234.6492334968893,90.59295087019227,0.0,0.0,0.00010474803524038364,0.0001346340624523429,1.285313487201689,False,True,-186.0,0.0,1450638.651547495,14.14365702051287,79925.26743143231,0.15876227943774882,0.0023731791035834547,0.7943282347242815,0.7
0.13068645391682449,8.120186477437833e-06,1.0611983758797007e-06,7.491017122969622e-12,648.3473768912314,84.73021959218995,0.0,0.0,0.00011017808954649531,6.120218446329856e-05,0.5554841685421597,False,True,-184.0,0.0,1436950.2288940393,14.408906621352749,78552.83890105966,0.16385949459247687,0.0024185528513399673,0.7943282347242815,0.7
0.07791459409768885,1.442979130505592e-05,1.1242913324477919e-06,1.4959366223409924e-11,1152.1308491763673,89.76780746100223,0.0,0.0,0.00011583379267929395,0.00012429894415495337,1.0730801545892283,False,True,-182.0,0.0,1423278.1972752868,14.678034334457116,77208.19609647425,0.16901219381896196,0.0024651831639803355,0.7943282347242815,0.7
0.04592262626452658,2.7280497682432927e-05,1.2527920993806508e-06,3.260774869752575e-11,2178.1813954442055,100.02781015932923,1.1660853723537168e-06,93.19581824704046,0.00012172378663886692,0.00025280868801976907,2.0769045640176147,False,True,-180.0,93.19581824704046,1409623.1018017675,14.951148140248803,75890.48251290251,0.1742188629129851,0.002513114262588175,0.7943282347242815,0.7
0.05792052901295451,2.0450326603668914e-05,1.1844937353722008e-06,2.2820491682609573e-11,1632.8338821895256,94.57460224669357,0.0,0.0,0.0001278571114523315,0.0001845053471444827,1.4430589354685304,False,True,-178.0,186.39163649408093,1395985.5075668166,15.228359839682609,74598.87579833776,0.17947800853698764,0.0025623921917951016,0.7943282347242815,0.7
0.06462633813730247,1.793991200682163e-05,1.159390819506307e-06,1.9455356724892942e-11,1432.3925840373486,92.57028748136212,0.0,0.0,0.00013424322538583612,0.0001594007192896699,1.187402335064039,False,True,-176.0,186.39163649408093,1382366.000562767,15.509785212629884,73332.58627739019,0.1847881583666504,0.002613064901580242,0.7943282347242815,0.7
0.0596792916689285,1.9726344542457092e-05,1.1772542695110727e-06,2.1837211103666263e-11,1575.0283291265253,93.99657504076701,0.0,0.0,0.00014089202609008833,0.0001772653810934966,1.258164752206421,False,True,-174.0,186.39163649408093,1368765.1886455123,15.79554418340322,72090.8555517824,0.19014786106424403,0.0026651823326367093,0.7943282347242815,0.7
0.05632039140398749,2.1156775525248206e-05,1.191557878428282e-06,2.3789964041209622e-11,1689.2395209622566,95.13863099567862,0.0,0.0,0.00014781387271873726,0.00019156998332979557,1.2960216778456117,False,True,-172.0,186.39163649408093,1355183.7025502676,16.085760993735096,70872.95517374013,0.19555568608722454,0.002718796505408196,0.7943282347242815,0.7
0.061012472128777154,1.9210813273718254e-05,1.1720992094338771e-06,2.114336558468735e-11,1533.866300801075,93.5849749268961,0.0,0.0,0.00015501960905839313,0.00017210996803754223,1.1102464332284019,False,True,-170.0,186.39163649408093,1341622.1969615095,16.380564383531777,69678.18538876326,0.20101022333960425,0.0027739616128918602,0.7943282347242815,0.7
0.06836727820432191,1.679009700292624e-05,1.1478932328766097e-06,1.7955730594226783e-11,1340.5868670433986,91.65227529621633,0.0,0.0,0.00016252058770816437,0.00014790236958182027,0.9100531302988284,False,True,-168.0,186.39163649408093,1328081.3516402738,16.68008777973334,68505.87394445529,0.2065100826728086,0.0028307341172945197,0.7943282347242815,0.7
0.05977399957082283,1.968881044176054e-05,1.1768789468958066e-06,2.178651691810328e-11,1572.0314600523734,93.96660781849054,0.0,0.0,0.00017032869534546247,0.00017689003268932333,1.0385216203914032,False,True,-166.0,186.39163649408093,1314561.8726121704,16.984469493616427,67355.37496220399,0.212053893242268,0.0028891728506174152,0.7943282347242815,0.7
0.08002192835538981,1.3995524762100629e-05,1.1199488798089006e-06,1.4420087694666305e-11,1117.4573136881127,89.4210890961565,0.0,0.0,0.00017845637911246076,0.00011995621700370446,0.6721878903981892,False,True,-164.0,186.39163649408093,1301064.493419694,17.29385292688536,66226.06786879669,0.21764030272469256,0.0029493391192300295,0.7943282347242815,0.7
0.09684250837378634,1.1284738071542933e-05,1.092842341189382e-06,1.1138198036972374e-11,901.0175256342181,87.25679727116002,0.0,0.0,0.00018691667415560626,9.284800744677963e-05,0.4967347502100567,False,True,-162.0,186.39163649408093,1287589.9764426113,17.608386786900365,65117.35638504001,0.2232679764010909,0.003011296812475267,0.7943282347242815,0.7
0.05170735696519442,2.3496789244835105e-05,1.2149568690186298e-06,2.7071783349497065e-11,1876.0753480949318,97.00689771754601,0.0,0.0,0.00019572323234630615,0.00021497064298711107,1.0983399385452066,False,True,-160.0,186.39163649408093,1274139.1142904353,17.928225311396407,64028.667568831,0.2289355961088334,0.0030751125153259595,0.7943282347242815,0.7
0.05865720039206889,2.014071120307811e-05,1.1813977330777396e-06,2.2398715517324393e-11,1608.1129803511342,94.32740534154361,0.0,0.0,0.00020489035220708115,0.0001814091302992471,0.8853961562616587,False,True,-158.0,186.39163649408093,1260712.731271253,18.253528503047054,62959.4509101114,0.23464185906614135,0.0031408556250856023,0.7943282347242815,0.7
0.04721294450695163,2.6334588650133028e-05,1.243333472552129e-06,3.119720821369923e-11,2102.65632695306,99.2725964816256,7.295985257346025e-07,58.31093778358891,0.00021443301006162678,0.00024334934411499937,1.1348501988805837,False,True,-156.0,244.70257427766984,1247311.6849414047,18.58446237422743,61909.17747536128,0.24038547657132042,0.0032085984720937872,0.7943282347242815,0.7
0.03630882958143216,3.724917655070359e-05,1.3524740034281756e-06,4.855026123319938e-11,2974.1196184483724,107.98680238103599,6.045679247210103e-06,483.1824818843431,0.00022436689242042777,0.00035249869318508016,1.571081585979066,False,True,-154.0,786.1959939456019,1233936.8677407876,18.921199202326015,60877.33909940198,0.24616517257850667,0.00327841644435805,0.7943282347242815,0.7
0.034585477756873075,3.986015517940615e-05,1.3785825103428604e-06,5.305108036490997e-11,3182.5903413488772,110.07140745996068,7.383933382755934e-06,590.1383636247474,0.00023470842960477862,0.0003786094861650194,1.6131056170524136,False,True,-152.0,1859.5168394546924,1220589.2087188477,19.263917795948423,59863.447622478816,0.25197968215065236,0.0033503881159876094,0.7943282347242815,0.7
0.04715174466365795,2.6377968885890678e-05,1.2437672536534312e-06,3.126150924470272e-11,2106.1199742646763,99.30723125755786,7.494828179864883e-07,59.90012921897865,0.00024547483060228484,0.00024378315790629312,0.9931085696572594,False,True,-150.0,2509.5553322984188,1207269.6753565918,19.612803772344236,58867.03417062381,0.2578277497903531,0.0034245953792502322,0.7943282347242815,0.7
0.04351015024529776,2.9244457367239513e-05,1.272430733890796e-06,3.559298682659443e-11,2334.99160091208,101.59583537719293,2.0902699857802914e-06,167.0584558391429,0.0002566841191340477,0.0002724488399471938,1.061416814044944,False,True,-148.0,2736.5139173565403,1193979.2754902758,19.968049846371766,57887.648477524635,0.2637081276479019,0.003501123580009235,0.7943282347242815,0.7
0.0561008305054946,2.1257536210465952e-05,1.1925654359077645e-06,2.3929044954650495e-11,1697.2846472824717,95.21907831677214,0.0,0.0,0.00026835517089924947,0.00019257761155090178,0.7176221382490244,False,True,-146.0,2903.572373195683,1180719.0593427387,20.32985613129393,56924.85824618097,0.26961957360565336,0.003580061656222512,0.7943282347242815,0.7
0.048526002435044305,2.543705455799581e-05,1.2343585714216595e-06,2.987518521112161e-11,2030.9937024647581,98.5560053513645,3.2123613023617833e-07,25.67381833068071,0.0002805077519449874,0.00023437377085353838,0.8355340243841222,False,True,-144.0,2929.246191526364,1167490.1216686727,20.69843045166873,55978.24854879218,0.27556084923685836,0.0036615022790977025,0.7943282347242815,0.7
0.03598872731451576,3.7707964736262614e-05,1.3570616604787313e-06,4.933134698087927e-11,3010.751057576324,108.35309882300426,6.279437184750126e-06,501.86487236559054,0.0002931625580886356,0.00035708674699436936,1.2180503176207336,False,True,-142.0,3456.784882222635,1154293.6040204733,21.07398866856262,55047.42126337942,0.28153071763679427,0.0037455419963952495,0.7943282347242815,0.7
0.03856872966099688,3.430266915371321e-05,1.3230103732401814e-06,4.3633179040215785e-11,2738.858969307209,105.63431116680628,4.560426801328762e-06,364.47820835595337,0.00030634125529489445,0.00032303256503722757,1.0544860003471146,False,True,-140.0,4323.127962944179,1141130.6971416555,21.45675501726638,54131.99454583628,0.2875279411228495,0.0038322813772522,0.7943282347242815,0.7
0.07005249073161066,1.631893168425219e-05,1.1431818105608641e-06,1.7348782774100945e-11,1302.9671893065358,91.2760969524889,0.0,0.0,0.0003200665208814836,0.00014319063839465814,0.44737774510218065,False,True,-138.0,4687.606171300132,1128002.6434951879,21.84696245763942,53231.60233609224,0.2935512788002901,0.003921825157761839,0.7943282347242815,0.7
0.07576927484861348,1.4900471246182118e-05,1.128997901225835e-06,1.5548080340165633e-11,1189.711772475653,90.14359827933887,0.0,0.0,0.0003343620853927074,0.00012900581259305896,0.38582667781109803,False,True,-136.0,4687.606171300132,1114910.7399344528,22.24485303713672,52345.893897308546,0.29959948398892816,0.004014282386384946,0.7943282347242815,0.7
0.056398918588329065,2.1120969422060575e-05,1.191199834941382e-06,2.374058895486375e-11,1686.3806219526218,95.11004340644166,0.0,0.0,0.00034925277494188164,0.00019121191472875275,0.5474886055252443,False,True,-134.0,4687.606171300132,1101856.3405249293,22.650678266490583,51474.533386941854,0.30567130150646443,0.0041097665680846236,0.7943282347242815,0.7
0.032683215454381485,4.320283967743836e-05,1.4120077174188192e-06,5.901025195099837e-11,3449.4833162942004,112.74020643273772,9.122294514020581e-06,729.0715771595766,0.0003647645537759076,0.00041203771946995814,1.129599121418724,False,True,-132.0,5416.677748459709,1088840.8595250382,23.064699507918615,50617.19945884806,0.31176546480201206,0.004208395805865287,0.7943282347242815,0.7
0.03282622455526508,4.2932174389890964e-05,1.4093011971683614e-06,5.851949108572841e-11,3427.8723434816357,112.52410729391092,8.980604251713346e-06,717.7474149271778,0.00038092456676403044,0.00040933095002067195,1.0745722007324308,False,True,-130.0,6863.496740546463,1075865.7745349882,23.487188375609854,49773.58489540666,0.3178806929345849,0.0043102929381532585,0.7943282347242815,0.7
0.03263653029689612,4.3291938478783546e-05,1.4128986617741824e-06,5.917212015260822e-11,3456.597312296239,112.81134290692593,9.16897024286224e-06,732.8019924831948,0.00039776118144952733,0.0004129287460179818,1.038132339895966,False,True,-128.0,8314.046147956837,1062932.6298227909,23.91842714810056,48943.39626895408,0.32401568738922365,0.00441558567017822,0.7943282347242815,0.7
0.04228949346855733,3.0349984259308348e-05,1.283485461104838e-06,3.730699474641506e-11,2423.2611822261415,102.47848793836093,2.619994879168562e-06,209.39510292828157,0.0004153040292328883,0.00028350443829398836,0.6826431200719432,False,True,-126.0,9256.243243368313,1050043.039836975,24.358709191983287,48126.35363176378,0.3301691287237437,0.004524406697196127,0.7943282347242815,0.7
0.03441014728807578,4.014645248546683e-05,1.3814453431186497e-06,5.355281357121782e-11,3205.449435522542,110.29998720081004,7.5317859800764625e-06,601.9550316954769,0.00043358404517262285,0.0003814725737585892,0.879812294769088,False,True,-124.0,10067.593377992072,1037198.6929158471,24.808339396199692,47322.1902339551,0.3363396730380577,0.004636893817030879,0.7943282347242815,0.7
0.05041543927804457,2.4247877198505606e-05,1.2224673805227409e-06,2.8148153692337243e-11,1936.0451413909257,97.60656626534742,0.0,0.0,0.0004526335057962381,0.00022248170183031596,0.49152724882561055,False,True,-122.0,10669.54840968755,1024401.3552034198,25.267634615937045,46530.65226873332,0.34252594825787214,0.0047531900289982144,0.7943282347242815,0.7
0.03395952956478691,4.090148955755928e-05,1.3889953438737574e-06,5.488379290284217e-11,3265.734541844538,110.90280872451541,7.92268467631781e-06,633.1964182282487,0.00047248606420618333,0.00038902325046291804,0.8233539143985339,False,True,-120.0,11302.744827915798,1011652.8747824094,25.736924124884638,45751.498644443476,0.3487265502239948,0.004873443615804872,0.7943282347242815,0.7
0.025310109116838033,6.400797791669261e-05,1.6200489054196491e-06,1.0107473090323735e-10,5110.646744099632,129.3510267507747,2.0341107752338994e-05,1625.7010215332784,0.0004931767816421724,0.0006201002551472864,1.2573589800446123,False,True,-118.0,13561.642267677325,998955.1860348519,26.216550074297977,44984.50078302358,0.35494003857773065,0.004997808204483329,0.7943282347242815,0.7
0.031619993829615556,4.5327407923297613e-05,1.4332523588471379e-06,6.291282784104694e-11,3619.1171360416356,114.43646151029245,1.0239598867630123e-05,818.368721206107,0.0005147421545218816,0.00043328434241295355,0.8417502600217576,False,True,-116.0,16005.712010416712,986310.3142410462,26.706867956960174,44229.442444431246,0.3611649324330021,0.005126442801819502,0.7943282347242815,0.7
0.02434404683457585,6.831872659984932e-05,1.6631542800253148e-06,1.1086228737947566e-10,5454.833741396749,132.7927280753871,2.271992918061176e-05,1815.8210716836247,0.0005372201358224994,0.0006632105943034759,1.2345229638276336,False,True,-114.0,18639.901803306442,973720.3804275309,27.208247073722802,43486.11957671483,0.36739970582518283,0.005259511799051491,0.7943282347242815,0.7
0.029533347500564414,5.016937865065988e-05,1.4816696935773355e-06,7.214091244510039e-11,4005.7189744097604,118.30229046084794,1.2815708158966814e-05,1024.2564023244502,0.0005606501494858162,0.0004817063617602944,0.8591924254404948,False,True,-112.0,21479.979277314516,961187.6064747509,27.72107099983169,42754.34019141085,0.37364278292670555,0.0053971849398531556,0.7943282347242815,0.7
0.026886182605509845,5.803396044964762e-05,1.5603116579701623e-06,8.811904952842574e-11,4633.657876291864,124.58137179344203,1.706847296522704e-05,1364.1456637184383,0.0005850730963257376,0.0005603564348508416,0.9577545752315106,False,True,-110.0,23868.381343357403,948714.3204948152,28.245738047704975,42033.92426402934,0.3798925330190668,0.005539637244760327,0.7943282347242815,0.7
0.02682903063394839,5.823104005344433e-05,1.5622823574405337e-06,8.853517811625033e-11,4649.393480950131,124.738720129691,1.7175923752859992e-05,1372.733340326137,0.000610531349688748,0.0005623273454627705,0.9210458164833761,False,True,-108.0,26605.260347401978,936302.9624894056,28.78266172220924,41324.703659383435,0.3861472652111788,0.0056870488842408065,0.7943282347242815,0.7
0.025392192276097635,6.366664838399782e-05,1.6166357773411734e-06,1.0031546374158653e-10,5083.393662191591,129.078509285465,2.0153323687518156e-05,1610.6929526648657,0.0006370687388620647,0.0006166867419108251,0.9680065969213212,False,True,-106.0,29588.68664039298,923956.0902972686,29.332271163775037,40626.52208151485,0.3924052228944676,0.005839604991545835,0.7943282347242815,0.7
0.019825162768127187,9.973897041075455e-05,1.9773413227186302e-06,1.9331774963806347e-10,7963.548622845026,157.87864765979776,4.0331026643371344e-05,3223.334344024371,0.0006647305179372688,0.0009774394367261777,1.470429610722972,False,True,-104.0,34422.71393708222,911676.3858399303,29.89501157389042,39939.23504805389,0.3986645779248464,0.00599749540530201,0.7943282347242815,0.7
0.019671111925154392,0.00010132762890027446,1.9932271292078075e-06,1.9800605622561234e-10,8090.393316291182,159.14703244328484,4.12299478831759e-05,3295.1778835022146,0.0006935633175211815,0.000993327618912761,1.4322089906123454,False,True,-102.0,40941.2261646088,899466.6616731435,30.47134461660306,39262.70988875149,0.4049234245232178,0.00616091433050425,0.7943282347242815,0.7
0.024318838634681123,6.84389970511984e-05,1.664356925607511e-06,1.1114063792796015e-10,5464.436603580562,132.88875199192069,2.2786479335809016e-05,1821.1398899409508,0.0007236150763340442,0.0006644133810621562,0.9181862053347289,False,True,-100.0,46057.54393805197,887329.8678501263,31.061748788635548,38596.82576799014,0.41117977288632096,0.006330059905147012,0.7943282347242815,0.7
0.03809590400294784,3.487993832622502e-05,1.3287827821046095e-06,4.458297533295273e-11,2784.950392798298,106.09520281701585,4.849082413104436e-06,387.5481280795272,0.000754934949351492,0.00032880545645418635,0.4355414419966097,False,True,-98.0,48266.23195607244,875269.0991007987,31.666719749563164,37941.47373096712,0.4174315425017392,0.0065051336581814735,0.7943282347242815,0.7
0.02317760030930089,7.436589576099667e-05,1.723623008591514e-06,1.2521254848800988e-10,5937.663325931675,137.62078733963853,2.6076716109355675e-05,2084.102032856992,0.000787573188726583,0.0007236866004131805,0.9188817125469952,False,True,-96.0,50737.882117008965,863287.6023289063,32.28677060221207,37296.55677325491,0.42367655516196495,0.0066863398428119,0.7943282347242815,0.7
0.020021266912245855,9.778729410865299e-05,1.9578255159756283e-06,1.8762655254836802e-10,7807.719170587474,156.32042949019063,3.9227510681524685e-05,3135.1391951517094,0.0008215809932760859,0.0009579207459781198,1.1659480365513009,False,True,-94.0,55957.123345017666,851388.7844260371,32.922432111987305,36661.98993330044,0.4299125276752037,0.0068738846273515945,0.7943282347242815,0.7
0.02039207560478057,9.42982250830593e-05,1.9229365352903607e-06,1.776401928918297e-10,7529.138283704949,153.53475712015913,3.725710826880778e-05,2977.6607896397395,0.0008570103218287213,0.0009230267044021014,1.0770310238883842,False,True,-92.0,62069.92332980911,839576.2203980368,33.57425285223802,36037.70040740937,0.4361370642724576,0.007067975123959602,0.7943282347242815,0.7
0.02249779399256413,7.841080350757348e-05,1.764070104104813e-06,1.3521551215739913e-10,6260.624545424208,140.8502412877443,2.833282173522357e-05,2264.414396633673,0.0008939136652217087,0.0007641387679533214,0.8548239026682733,False,True,-90.0,67311.99851608253,827853.6617950961,34.2427992609903,35423.62768653175,0.44234764871470794,0.007268818233593723,0.7943282347242815,0.7
0.017227067798764595,0.00013559220405396939,2.335856092221654e-06,3.112887564021711e-10,10826.21071197742,186.5038659389465,6.072566253276e-05,4853.313438715804,0.0009323437711961487,0.0013360139650791865,1.4329628258953775,False,True,-88.0,74429.72635143201,816225.0454316784,34.928655592423915,34819.72371406437,0.4485416361074613,0.007476619283474829,0.7943282347242815,0.7
0.02451265489391931,6.752502626811616e-05,1.6552176656131674e-06,1.0903255204536362e-10,5391.461609544025,132.15903780856743,2.228097982095686e-05,1780.7393823734496,0.0009723533158941131,0.0006552730518533664,0.6739042703328674,False,True,-86.0,81063.77917252126,804694.5023764379,35.632423744338475,34225.953063688394,0.4547162444347254,0.0076915804313031026,0.7943282347242815,0.7
0.023903596238878288,7.048291224527871e-05,1.6847950760514328e-06,1.1591481405851632e-10,5627.630768930351,134.52061368199927,2.3918833578496126e-05,1911.6398504881977,0.0010139945151144607,0.0006848539528245946,0.6754020289225012,False,True,-84.0,84756.15840538291,793266.3671851113,36.354722940537656,33642.29313596616,0.4608685458308113,0.007913898808459979,0.7943282347242815,0.7
0.02604235893869671,6.108643756991967e-05,1.590834933482136e-06,9.465057399804615e-11,4877.379561680221,127.01846922553953,1.873680904192725e-05,1497.4823382582247,0.0010573186679547217,0.000590883024223324,0.5588504602555905,False,True,-82.0,88165.28059412933,781945.1873410348,37.096189244571526,33068.734372168365,0.4669954576148474,0.008143764372545662,0.7943282347242815,0.7
0.020006223078549747,9.793430499842471e-05,1.9592955528412142e-06,1.8805261760067017e-10,7819.457093727881,156.43780297026825,3.931060128598027e-05,3141.7799583878086,0.0011023756249789053,0.0009593909987559495,0.8702940966916863,False,True,-80.0,92804.54289077537,770735.7328581571,37.85747487862429,32505.28048346223,0.473093733120905,0.008381357437945594,0.7943282347242815,0.7
0.020296142706552493,9.517679405853832e-05,1.931721794564251e-06,1.80132110534543e-10,7599.28665926905,154.23620650452517,3.775296711180037e-05,3017.2907959011577,0.0011492131726362786,0.0009318132265701198,0.8108271369989204,False,True,-78.0,98963.61364506434,759643.0059901689,38.63924731854828,31951.948693142185,0.4791599523665194,0.008626845851816582,0.7943282347242815,0.7
0.014993996096293958,0.00019621648292417223,2.9420691789935683e-06,5.686824882874671e-10,15666.689719526103,234.90628449642304,9.548989924007625e-05,7631.739069021509,0.0011978763253489338,0.0019423573489679867,1.6215007408232984,False,True,-76.0,109612.643509987,748672.2509764041,39.44218813314642,31408.76998916883,0.4851905126127008,0.008880381782097846,0.7943282347242815,0.7
0.01663621584809006,0.00014766369262988425,2.45656506351678e-06,3.5673709514336145e-10,11790.045468126562,196.14174126654953,6.76283179477105e-05,5404.98712807458,0.0012484065165382482,0.0014567459498631052,1.1668842885429411,False,True,-74.0,122649.3697070831,737828.963740386,40.26699153286715,30875.78938369552,0.4911816188815109,0.009142098084081424,0.7943282347242815,0.7
0.017704539610644773,0.00012718971127259146,2.2518352812920673e-06,2.813574100305647e-10,10155.322898096474,179.79531650823685,5.592957775738376e-05,4470.000985253539,0.0013008406799262945,0.0012519779956984176,0.9624376105530115,False,True,-72.0,132524.3578204112,727118.9014401304,41.11436259014065,30353.066175666754,0.49712927451128097,0.009412104212960766,0.7943282347242815,0.7
0.016348094921916207,0.0001543651860750911,2.5235767145948474e-06,3.832135271391801e-10,12325.11885696142,201.49221299750468,7.146558710358509e-05,5711.669166366527,0.0013552102127993332,0.0015237710060667102,1.1243798133126495,False,True,-70.0,142706.02797203127,716548.091750488,41.9850150907721,29840.67421187774,0.5030292718455812,0.009690481651901046,0.7943282347242815,0.7
0.018250664151686222,0.00011877132255849336,2.167655518866656e-06,2.52771593402737e-10,9483.16589091424,173.07407576980208,5.113304276134118e-05,4086.652549277141,0.0014115398136395894,0.0011677837543056116,0.8273119489945777,False,True,-68.0,152504.34968767493,706122.8417367907,42.87966897321423,29338.702141069007,0.508877183170445,0.009977278828873164,0.7943282347242815,0.7
0.019753960751373464,0.00010046700892771825,1.9846213511660338e-06,1.9546006775197116e-10,8021.678059165329,158.45991354090557,4.0742905487335845e-05,3256.252504900051,0.0014698461877103394,0.0009847205507570976,0.6699480251678926,False,True,-66.0,159847.2547418521,695849.7461558931,43.799047310330685,28847.25365479335,0.5146683520339868,0.010272505501146664,0.7943282347242815,0.7
0.01648990399262611,0.00015099245033728132,2.4898510096731347e-06,3.697772636966763e-10,12055.826473759125,198.79942110404812,6.953393667563323e-05,5557.287895090609,0.0015301366159280597,0.0014900384984491823,0.9737944200135639,False,True,-64.0,168660.79514184277,685735.6949953064,44.74387278661483,28366.447707830048,0.5203978851045994,0.010576126594372938,0.7943282347242815,0.7
0.017220488862219236,0.00013571574028483645,2.3370913940028646e-06,3.117392464520963e-10,10836.074326742453,186.60249725384824,6.079623295585464e-05,4858.953564627914,0.0015924073847914217,0.0013372494949923975,0.8397659466817623,False,True,-62.0,179077.0366015613,675787.8800337436,45.71486362296644,27896.418709859972,0.5260606447480717,0.010888055494072589,0.7943282347242815,0.7
0.014893861265682406,0.00020023092806455899,2.9822116636923754e-06,5.882963203446369e-10,15987.218685661957,238.11141712837463,9.779846970832803e-05,7816.244525371934,0.0016566420783831034,0.001982509759531515,1.1967037330516566,False,True,-60.0,191752.23469156114,666013.8001772077,46.71272890132913,27437.316679041942,0.5316512425290953,0.01120814680155858,0.7943282347242815,0.7
0.014939620168347312,0.0001983762431668865,2.963665723336988e-06,5.791950070270267e-10,15839.133405637065,236.63063687599913,9.673183267999922e-05,7730.996812824913,0.0017228097376490803,0.0019639592133644185,1.1399745255935267,False,True,-58.0,207299.476029758,656421.265294154,47.73816324305046,26989.307346934766,0.5371640338698926,0.01153618858437251,0.7943282347242815,0.7
0.01513929326973973,0.0001906696146329079,2.8866032135558507e-06,5.421067259280279e-10,15223.806108836276,230.47766536332762,9.230106004941361e-05,7376.880818778501,0.0017908628974103503,0.0018868779339480156,1.0536138398291162,False,True,-56.0,222407.3536613614,647018.3982418703,48.791840798113206,26552.572203019736,0.5425931141263536,0.011871894173641985,0.7943282347242815,0.7
0.015160130247872706,0.00018989975006901083,2.878904945084678e-06,5.384663632475738e-10,15162.337117705216,229.8630055665659,9.185856658961422e-05,7341.51587806946,0.001860735517982314,0.0018791778230958967,1.0099112984813556,False,True,-54.0,237125.75035820936,637813.6347447691,49.87440850778112,26127.308465886017,0.5479323163698923,0.012214893587772195,0.7943282347242815,0.7
0.015268444333150622,0.00018599595914123396,2.8398689483388883e-06,5.201876697078887e-10,14850.643215725451,226.74621925078497,8.961516344431043e-05,7162.218721324791,0.0019323408359463506,0.001840132575347532,0.9522815753393421,False,True,-52.0,251629.48495760362,628815.7207548752,50.986478611142516,25713.728966925373,0.553175211191096,0.012564724693813771,0.7943282347242815,0.7
0.014526379014787845,0.00021648527816299046,3.144747201717374e-06,6.709746659345116e-10,17285.029429130867,251.08888876931695,0.00010715117314787941,8563.730833438323,0.002005569167560123,0.0021450871348329364,1.069565273304707,False,True,-50.0,267355.4345123667,620033.7068967217,52.12862037694384,25312.06193131584,0.5583151088665133,0.012920824254748834,0.7943282347242815,0.7
0.015226126998309285,0.00018750187652692086,2.854927384420204e-06,5.272030574073429e-10,14970.881536549467,227.94854355214585,9.0480498949825e-05,7231.378023385038,0.002080285708466749,0.001855194562014114,0.8917979652811555,False,True,-48.0,283150.54336919007,611476.9395748172,53.30135105644123,24922.55064015899,0.5633450642518745,0.013282519052555524,0.7943282347242815,0.7
0.018278285111168167,0.00011837505887735428,2.1636930762116e-06,2.514606109091448e-10,9451.526652217242,172.75769888503154,5.0907504846582174e-05,4068.6271190556213,0.002156328384636548,0.0011638206475760105,0.5397232888404304,False,True,-46.0,294450.54851163074,603155.048303747,54.50512607114079,24545.452956806002,0.5682578847838263,0.01364901732260277,0.7943282347242815,0.7
0.015480387811343765,0.0001788035654350468,2.7679485349855058e-06,4.873010935496435e-10,14276.37443434559,221.0038127836232,8.548361056063724e-05,6832.016953295027,0.0022335058215679658,0.0017681955169830043,0.7916681926271836,False,True,-44.0,305351.1925839814,595077.9288112118,55.74032847159262,24181.0407001185,0.5730461419811834,0.014019400783533363,0.7943282347242815,0.7
0.015346010952865027,0.00018329754420118432,2.812886120944636e-06,5.077293225907665e-10,14635.191236512122,224.59180501278928,8.80648328006257e-05,7038.313271246105,0.0023115955112902997,0.0018131434424913065,0.7843688195601469,False,True,-42.0,319221.5228085225,587255.721465431,57.00725773004608,23829.598847317357,0.5777021868391395,0.014392617596547247,0.7943282347242815,0.7
0.0166800328408374,0.00014669517876469612,2.4468803993876446e-06,3.529842244881998e-10,11712.715541563639,195.36847988866813,6.70740365276549e-05,5360.687875459014,0.0023903422690428108,0.0014470593855481538,0.6053774826680426,False,True,-40.0,331620.52395522763,579698.7845932448,58.30611796079273,23491.42454957928,0.5822181694996399,0.01476747663641471,0.7943282347242815,0.7
0.013918306974960425,0.00025007687524676933,3.4806467170234176e-06,8.584216891534723e-10,19967.113629459123,277.90841689872826,0.0001265014489860318,10110.242635059245,0.002469457082861081,0.0024810814868265274,1.0047072711026743,False,True,-38.0,347091.4544657459,572417.662286981,59.63700569719512,23166.825944740594,0.5865860635557559,0.015142643500371668,0.7943282347242815,0.7
0.014352290700145126,0.00022514354992494523,3.2313256777854513e-06,7.171513995588724e-10,17976.339634982945,258.0016521658159,0.00011213621332850858,8962.144971581876,0.0025486164686993025,0.002231688975387703,0.8756472395105628,False,True,-36.0,366163.842072387,565423.0463496507,60.99989739318096,22856.120753296636,0.590797695307157,0.015516638716233844,0.7943282347242815,0.7
0.016470301793971482,0.00015144985711617099,2.4944248533571955e-06,3.715862706572447e-10,12092.34761598774,199.16461463292964,6.979585570912947e-05,5578.220975309157,0.002627462449964508,0.0014946132580385023,0.5688428613161309,False,True,-34.0,380704.208019278,558725.7321022071,62.39463685844911,22559.634646665472,0.5948447782223515,0.015887838632843865,0.7943282347242815,0.7
0.014638487401313866,0.00021125356140535748,3.0924325971150108e-06,6.437922619865576e-10,16867.30874674581,246.91188658330972,0.00010413998027070627,8323.070423196348,0.0027056032821161455,0.0020927587758207073,0.7734906257889695,False,True,-32.0,394605.4994177835,552336.5678757194,63.820922879406595,22277.69938036454,0.598718952781028,0.016254479479028937,0.7943282347242815,0.7
0.014760700290111643,0.00020583098700827857,3.0382095096470634e-06,6.161903607140713e-10,16434.34924561709,242.58250367757626,0.00010101979463577092,8073.699099085224,0.002782615038886099,0.002038521721131054,0.7325920735148074,False,True,-30.0,411002.2689400651,546266.398137036,65.27829732007922,22010.65068947628,0.6024118317639803,0.016614665056041943,0.7943282347242815,0.7
0.01627727531188739,0.0001561065831861795,2.540989832519495e-06,3.9023907081853066e-10,12464.158798006762,202.88254428623947,7.246324920296146e-05,5791.404268006442,0.002858044165342926,0.0015411876808705193,0.5392455790428969,False,True,-28.0,424867.3723071568,540526.0003492489,66.7661340365536,21758.82594948962,0.605915050929385,0.01696637847764942,0.7943282347242815,0.7
0.013925170981639772,0.0002496396165494355,3.476274344241879e-06,8.558381367360049e-10,19932.201188688585,277.55930959293204,0.00012624941501489004,10090.099588311992,0.0029314110832759145,0.0024767078070532327,0.8448858712390003,False,True,-26.0,440748.8761634752,535126.0158471018,68.28362897211903,21522.561612358004,0.6092203248620829,0.01730749828707732,0.7943282347242815,0.7
0.014743728005210139,0.0002065673406546242,3.0455726853713655e-06,6.199043634996297e-10,16493.14259431653,243.17040836174883,0.00010144344389310014,8107.557974363672,0.0030022149054040204,0.00204588677626272,0.6814591362464096,False,True,-24.0,458946.53372615087,530076.8752094858,69.82979182501539,21302.190435239027,0.6123195076102511,0.01763581915792929,0.7943282347242815,0.7
0.013075797460718977,0.00031856597538928945,4.165504172066735e-06,1.3098451110267137e-09,25435.550659375072,332.59010872384545,0.00016601287478238308,13268.072880168607,0.0030699392764744447,0.0031661672730868167,1.0313452443016662,False,True,-22.0,480322.16458068317,525388.71883153,71.40343969321918,21098.038527701647,0.6152046575354662,0.017949077226250987,0.7943282347242815,0.7
0.01405198456967851,0.00024182767447079095,3.398158750184792e-06,8.103193241313213e-10,19308.46524750198,271.3222557220716,0.00012174726008642157,9730.27858173625,0.003134059311921411,0.0023985691849779315,0.7653234818671734,False,True,-20.0,503320.51604258805,521071.31363018166,73.00319309770657,20910.42225197907,0.6178681056031319,0.01824497990552559,0.7943282347242815,0.7
0.01263787532349194,0.00037144231766386026,4.694241700504754e-06,1.7219239102123493e-09,29657.404173278363,374.8065763603015,0.000196549512080803,15708.620516740859,0.003194049549857149,0.0036951131844885294,1.1568740956613495,False,True,-18.0,528759.4151410651,517133.967050175,74.62747476418224,20739.645019653835,0.6203025261400691,0.018521239811652327,0.7943282347242815,0.7
0.012598044355622989,0.00037713587676583996,4.751174503592817e-06,1.769598393220036e-09,30112.00015074765,379.352313535645,0.00019983873420165068,15971.50156663339,0.0032493927722244994,0.0037520700938586692,1.1546988489452576,False,True,-16.0,560439.5372244394,513585.43976032705,76.27451150110282,20585.994036664488,0.6225010088930383,0.018775612181063325,0.7943282347242815,0.7
0.012795734080737664,0.0003504728146804955,4.484556939179272e-06,1.5518759879032034e-09,27983.117222879755,358.0645267340796,0.0001844369683194856,14740.562385104646,0.003299589489442504,0.0034853424363084752,1.0562957748108708,False,True,-14.0,591151.6011761775,510433.85863001994,77.9423394477815,20449.737056149388,0.6244571310484455,0.01900593491627231,0.7943282347242815,0.7
0.013621518562281455,0.00027056824650817347,3.685550392175029e-06,9.837427103470614e-10,21603.224677296505,294.2687259469311,0.00013831625751288028,11054.505185809905,0.0033441678241833738,0.002686048557000345,0.8032038755878714,False,True,-12.0,616946.668747092,507686.63173853705,79.62881288066785,20331.119204838615,0.6261650277318875,0.019210170156938832,0.7943282347242815,0.7
0.012497419566914079,0.00039232826956124724,4.903090992668273e-06,1.899953607030399e-09,31325.020078919486,391.4819188682648,0.00020861640388044502,16673.03005452298,0.0033826934789650143,0.0039040524943196792,1.1541254088189459,False,True,-10.0,644674.203987425,505350.36728177086,81.331616660458,20230.359953038715,0.6276194594071666,0.01938644607082679,0.7943282347242815,0.7
0.01242190589807877,0.00040455837270209663,5.025386035985323e-06,2.0082137129514915e-09,32301.51924091667,401.24643237564766,0.00021568341874418629,17237.83967173048,0.003414779434121452,0.0040264022751827265,1.1791104968449102,False,True,-8.0,678585.0737136784,503430.7982892506,83.04828228123,20147.65030014314,0.6288158745503271,0.019533097408166826,0.7943282347242815,0.7
0.013033155830716672,0.0003230438130519798,4.210280355655357e-06,1.342595418457858e-09,25793.07869285271,336.16521395788726,0.00016859801897297486,13474.682648064489,0.0034400950021053977,0.0032109600194460525,0.9333928328958617,False,True,-6.0,709297.5960334734,501932.7150394335,84.77620735078158,20083.15024674448,0.6297504659926791,0.01964870328354079,0.7943282347242815,0.7
0.012530039683660064,0.0003872709110636386,4.852519883954579e-06,1.8560522455726321e-09,30921.22084043725,387.44412419789535,0.00020569428986456396,16439.48900068788,0.003458373864672383,0.003853459188093446,1.1142402004181493,False,True,-4.0,739211.7676822258,500859.90695677436,86.51267819578365,20036.986620531025,0.6304202194138354,0.019732120656051382,0.7943282347242815,0.7
0.013689850150095996,0.0002655583130055106,3.635453511157729e-06,9.523348296433414e-10,21203.21203548389,290.2687954664864,0.00013542702946567022,10823.592442758736,0.0034694207434185984,0.002635935788580552,0.7597625031731461,False,True,-2.0,766474.8491256724,500215.1155888594,88.25489515428656,20009.25131623353,0.6308229526218114,0.019782512079509467,0.7943282347242815,0.7
0.014547298226037576,0.0002154894751151344,3.1347896590721633e-06,6.657590041631749e-10,17205.520627729366,250.29383970582032,0.00010657796377731591,8517.91882208558,0.0034731164015361256,0.002135126953080848,0.6147582477041375,False,True,0.0,785816.3603905167,500000.0000000007,89.99999999999996,20000.0,0.6309573444801932,0.019799366489958153,0.7943282347242815,0.7
0.01354388782146523,0.00027649436825170453,3.7448087068679836e-06,1.0215361501350345e-09,22076.38936362878,299.0001410439764,0.00014173432729028086,11327.683991824204,0.0034694207434185984,0.0027453259886692123,0.791292319871271,False,True,2.0,805661.9632044265,500215.1155888595,88.25489515428653,20009.25131623353,0.6308229526218114,0.019782512079509467,0.7943282347242815,0.7
0.013095562238349926,0.000316532293245063,4.145168346638353e-06,1.2951021932792465e-09,25273.17354065947,330.96641706232464,0.0001648388506673042,13174.242582112742,0.0034583738646723123,0.003145823991653137,0.9096251922870722,False,True,4.0,830163.8897783634,500859.9069567741,86.51267819578361,20036.986620531934,0.6304202194138222,0.019732120656051396,0.7943282347242815,0.7
0.012678680692033373,0.00036578502880515367,4.637671582146773e-06,1.6751892158298962e-09,29205.704153574414,370.2897973491628,0.00019328143471375215,15447.42939682983,0.0034400950021054024,0.00363851943467131,1.0576799281544458,False,True,6.0,858785.561757306,501932.71503943315,84.77620735078158,20083.15024674448,0.6297504659926791,0.01964870328354082,0.7943282347242815,0.7
0.01282401612880248,0.00034696349674659773,4.449465478384076e-06,1.5242687913858496e-09,27702.919584138104,355.2626875619051,0.00018241018124145976,14578.577607122324,0.003414779434121369,0.0034502370150717126,1.010383564044003,False,True,8.0,888811.5687612582,503430.79828925146,83.04828228122994,20147.65030014405,0.628815874550314,0.01953309740816676,0.7943282347242815,0.7
0.012091676909724819,0.000468414143866179,5.6639124875751965e-06,2.621590810959412e-09,37400.013203910334,452.2288760811259,0.00025259179879939537,20187.629422094116,0.0033826934789650074,0.004665238830418369,1.3791491482833904,False,True,10.0,923577.7757904746,505350.3672817714,81.33161666045797,20230.359953038715,0.6276194594071666,0.019386446070826745,0.7943282347242815,0.7
0.013809682072713124,0.0002572063635484947,3.5519381076833816e-06,9.010807019540441e-10,20536.35979786225,283.6005997393248,0.00013061133913742315,10438.713075256297,0.0033441678241833855,0.00255239445778152,0.76323755025805,False,True,12.0,954204.118287825,507686.63173853623,79.62881288066781,20331.119204838615,0.6261650277318875,0.019210170156938895,0.7943282347242815,0.7
0.01286344026876884,0.00034218728450218975,4.4017056949261274e-06,1.4870871376074255e-09,27321.56815966752,351.44936007097976,0.0001796518501528238,14358.126404409099,0.0032995894894425107,0.003402458429302686,1.03117628425879,False,True,14.0,979000.9577674904,510433.8586300193,77.94233944778149,20449.737056149388,0.6244571310484455,0.01900593491627236,0.7943282347242815,0.7
0.012864111363381147,0.00034210711974752903,4.400904086637783e-06,1.4864669305975064e-09,27315.16749281734,351.38535653701086,0.00017960555530434173,14354.426429787,0.0032493927722245025,0.0034016565073807375,1.0468591351768155,False,True,16.0,1007713.5106016865,513585.4397603268,76.27451150110277,20585.994036664488,0.6225010088930383,0.018775612181063345,0.7943282347242815,0.7
0.012117065105663578,0.00046279814220465576,5.6077552198739646e-06,2.5644051817111293e-09,36951.60971515027,447.7450606775466,0.0002493451920238532,19928.154273750297,0.003194049549857139,0.004609052653173709,1.4430122580220646,False,True,18.0,1041996.0913052239,517133.96705017576,74.62747476418222,20739.645019653835,0.6203025261400691,0.01852123981165228,0.7943282347242815,0.7
0.012699897498957176,0.00036291107414159087,4.608933442834652e-06,1.651690427961445e-09,28976.236397802728,367.99523215764674,0.00019162129712104646,15314.747961127929,0.0031340593119214095,0.0036097694130212948,1.1517872043105144,False,True,20.0,1077238.9935401022,521071.3136301818,73.00319309770656,20910.42225197907,0.6178681056031319,0.018244979905525583,0.7943282347242815,0.7
0.01283810933885544,0.00034524087606267777,4.432240115134897e-06,1.510806504482323e-09,27565.378826311753,353.88734733916095,0.0001814153236985177,14499.066651104948,0.003069939276474514,0.0034330048441404727,1.1182647391263385,False,True,22.0,1107052.808152335,525388.7188315297,71.40343969321914,21098.038527700737,0.615204657535479,0.017949077226251005,0.7943282347242815,0.7
0.011964051695899595,0.0004988443823882052,5.968199979101592e-06,2.9423175029967793e-09,39829.68219965923,476.5243768679749,0.00027018508912720756,21593.719513464235,0.003002214905404028,0.0049696884564104146,1.6553406777992166,False,True,24.0,1143145.5943169042,530076.8752094852,69.82979182501535,21302.190435239027,0.6123195076102511,0.017635819157929333,0.7943282347242815,0.7
0.012277632916910895,0.0004301789626936606,5.281579392530271e-06,2.2446120572860827e-09,34347.16712863335,421.70190974114865,0.00023049015213964542,18421.222695882687,0.002931411083275845,0.004282715152076335,1.460973923619887,False,True,26.0,1183160.5365262511,535126.0158471024,68.28362897211899,21522.561612358913,0.6092203248620701,0.01730749828707728,0.7943282347242815,0.7
0.012575881512311735,0.0003803801311056443,4.783615458422186e-06,1.7970510804497027e-09,30371.03407774237,381.94252596806996,0.00020171305326111263,16121.300803073509,0.0028580441653428576,0.0037845249297856144,1.3241660068369216,False,True,28.0,1217703.0600252072,540526.0003492497,66.76613403655361,21758.82594949053,0.6059150509293724,0.016966378477649372,0.7943282347242815,0.7
0.013616717526571263,0.00027092736548786867,3.6891414060664396e-06,9.86013166961724e-10,21631.89813807529,294.55544650973405,0.0001385233758250881,11071.058485454847,0.002782615038886096,0.002689640719367377,0.9665874300902444,False,True,30.0,1244895.4193137356,546266.3981370364,65.27829732007919,22010.65068947628,0.6024118317639803,0.016614665056041922,0.7943282347242815,0.7
0.01360334487489478,0.00027193268831498206,3.6991941419059707e-06,9.923827012021059e-10,21712.167035803057,295.35809616935086,0.00013910319584606827,11117.39883288772,0.0027056032821162084,0.0026996966771273972,0.9978168990894366,False,True,32.0,1267083.876632078,552336.5678757188,63.82092287940653,22277.69938036363,0.5987189527810406,0.016254479479028975,0.7943282347242815,0.7
0.016014800449847412,0.00016291823336893717,2.6091029970452005e-06,4.182971066635768e-10,13008.027530647627,208.32096514944314,7.636765804306033e-05,6103.452240865856,0.002627462449964568,0.0016093150498590564,0.6124978303232301,False,True,34.0,1284304.7277058316,558725.7321022068,62.39463685844905,22559.634646664563,0.5948447782223639,0.015887838632843886,0.7943282347242815,0.7
0.015922875269457456,0.00016544657451794228,2.6343851698081935e-06,4.289455009106168e-10,13209.900154681362,210.3395924849781,7.781763490732888e-05,6219.337221081348,0.0025486164686992466,0.0016346026131220475,0.6413686143824967,False,True,36.0,1296627.517167779,565423.0463496511,60.999897393180994,22856.120753297546,0.5907976953071447,0.015516638716233823,0.7943282347242815,0.7
0.013981184384799198,0.00024612773595639057,3.441157258619468e-06,8.352254681064992e-10,19651.798937240004,274.75542443455345,0.00012422531255633498,9928.32937035606,0.0024694570828610743,0.002441580293585571,0.9887113692037903,False,True,38.0,1312775.1837592162,572417.6622869818,59.63700569719515,23166.825944740594,0.5865860635557559,0.015142643500371625,0.7943282347242815,0.7
0.016860557188679213,0.0001428354105778951,2.408284608617076e-06,3.38212640503425e-10,11404.53658701945,192.28684133582587,6.486586553294219e-05,5184.206540935243,0.0023903422690428086,0.0014084561152662982,0.5892277995110307,False,True,40.0,1327887.7196705076,579698.7845932449,58.30611796079273,23491.42454957928,0.5822181694996399,0.014767476636414707,0.7943282347242815,0.7
0.01510939983067975,0.00019178505367187717,2.8977570574767677e-06,5.474019886668869e-10,15312.867114640418,231.36823178916944,9.294222015495714e-05,7428.123585457647,0.002311595511290254,0.0018980344577700181,0.8210928116531079,False,True,42.0,1340500.0497969005,587255.7214654307,57.00725773004603,23829.598847318266,0.5777021868391274,0.014392617596547265,0.7943282347242815,0.7
0.014782619673822335,0.0002048877327687499,3.0287774293521754e-06,6.114484870851557e-10,16359.036146140967,241.82940957871418,0.0001004771337488187,8030.32858214949,0.0022335058215679627,0.002029087241277023,0.9084763611014748,False,True,44.0,1355958.5019645076,595077.9288112122,55.74032847159263,24181.0407001185,0.5730461419811834,0.014019400783533345,0.7943282347242815,0.7
0.014307506966612349,0.00022748402720689008,3.2547293040556127e-06,7.298886858541908e-10,18163.2124747433,259.8702890184501,0.00011348408192001244,9069.86925940236,0.002156328384636591,0.002255099046228984,1.0458050185194956,False,True,46.0,1373058.6998060595,603155.0483037473,54.50512607114078,24545.452956805093,0.5682578847838382,0.013649017322602756,0.7943282347242815,0.7
0.017534953251422934,0.00013005213614335903,2.2804581275214914e-06,2.9139691001481034e-10,10383.870070217075,182.0806762501062,5.7562540948505305e-05,4600.510589757614,0.0020802857084667036,0.0012806059265570238,0.6155913686975756,False,True,48.0,1386729.0796552193,611476.9395748175,53.30135105644122,24922.550640159898,0.5633450642518627,0.01328251905255551,0.7943282347242815,0.7
0.020366051031361007,9.453495506651016e-05,1.9253037191319657e-06,1.783101344448443e-10,7548.039729407991,153.72376231586347,3.7390696668059795e-05,2988.337435168252,0.002005569167560077,0.0009253942277700931,0.4614122727544239,False,True,50.0,1394317.9276801453,620033.7068967225,52.128620376943836,25312.061931316748,0.5583151088665016,0.012920824254748801,0.7943282347242815,0.7
0.015036841822335167,0.00019454753632322202,2.925380530617295e-06,5.606222577086969e-10,15533.434509943892,233.5737976836287,9.453031620736043e-05,7555.047320689723,0.001932340835946432,0.001925664621499842,0.9965450119759436,False,True,52.0,1404861.3124360032,628815.7207548752,50.98647861114249,25713.728966923554,0.5531752111911192,0.012564724693813771,0.7943282347242815,0.7
0.015204712136158425,0.00018827328305410433,2.8626410717671306e-06,5.308140880073106e-10,15032.47364404673,228.56443445211897,9.092380380648483e-05,7266.8078125143775,0.0018607355179822362,0.0018629100769353738,1.001168655583839,False,True,54.0,1419683.1675692073,637813.6347447691,49.8744085077811,26127.308465887836,0.5479323163698694,0.012214893587772195,0.7943282347242815,0.7
0.01496836173697999,0.0001972287658791642,2.9521915126174663e-06,5.73598219061997e-10,15747.51434102517,235.71449111474482,9.607197447432551e-05,7678.259657499265,0.0017908628974103518,0.0019524821702993312,1.0902465918092816,False,True,56.0,1434628.235039221,647018.3982418701,48.79184079811315,26552.572203019736,0.5425931141263536,0.011871894173641994,0.7943282347242815,0.7
0.013585017979891591,0.0002733226397809828,3.713092975736084e-06,1.0012221430241312e-09,21823.146185049398,296.46783330169865,0.00013990487461167054,11181.470564085903,0.0017228097376490441,0.0027135999822129955,1.5751013724336091,False,True,58.0,1453487.965260806,656421.265294154,47.73816324305049,26989.307346935675,0.5371640338698813,0.01153618858437251,0.7943282347242815,0.7
0.014857114832361186,0.00020174561953199233,2.99735783631266e-06,5.957797577139655e-10,16108.15756341293,239.32074665739327,9.866966324396494e-05,7885.872012629861,0.0016566420783830679,0.001997659719170087,1.2058487136339446,False,True,60.0,1472555.307837522,666013.8001772079,46.712728901329115,27437.31667904285,0.5316512425290842,0.011208146801558573,0.7943282347242815,0.7
0.020014105705295274,9.785721955271281e-05,1.958524736154282e-06,1.8782915619144815e-10,7813.302290920991,156.37625795791845,3.9267031899996935e-05,3138.297808046584,0.0015924073847914213,0.0009586200688280576,0.6019942371427904,False,True,62.0,1483579.4776581984,675787.8800337437,45.71486362296638,27896.418709859972,0.5260606447480717,0.010888055494072586,0.7943282347242815,0.7
0.0185139459259532,0.00011509869821519149,2.1309310749036614e-06,2.4074037992837787e-10,9189.92923115246,170.1418528488933,4.904363573472874e-05,3919.6630628185153,0.0015301366159280597,0.0011310532157866485,0.7391844649770969,False,True,64.0,1490637.4385290635,685735.6949953064,44.7438727866148,28366.447707830048,0.5203978851045994,0.010576126594372938,0.7943282347242815,0.7
0.016026556855826882,0.00016260044375181141,2.6059252565710866e-06,4.169676562661116e-10,12982.653967461703,208.06724194905144,7.618543645194078e-05,6088.888735749258,0.0014698461877103363,0.0016061366363713215,1.092724293059053,False,True,66.0,1500645.9903276314,695849.7461558937,43.7990473103307,28847.25365479335,0.5146683520339868,0.010272505501146644,0.7943282347242815,0.7
0.017663251891117327,0.00012787493439548204,2.2586871767875023e-06,2.8374594880645637e-10,10210.033786269512,180.34239858369676,5.632039728183009e-05,4501.2360442219715,0.0014115398136395588,0.001258831100919751,0.8918140946190821,False,True,68.0,1511236.1151076027,706122.8417367908,42.87966897321417,29338.702141069916,0.5088771831704343,0.009977278828873162,0.7943282347242815,0.7
0.018301170219279263,0.00011804873547227124,2.160430002048706e-06,2.5038335075909713e-10,9425.471718098222,172.49716230991814,5.072179161846628e-05,4053.784555497324,0.0013552102127993059,0.0011605570277264862,0.8563667959151914,False,True,70.0,1519791.135707322,716548.0917504877,41.985015090772094,29840.67421187865,0.5030292718455707,0.009690481651901055,0.7943282347242815,0.7
0.019516796216937225,0.00010297058094547568,2.009655844652488e-06,2.0290715995475352e-10,8221.573019100224,160.4587651964484,4.2160187584991644e-05,3369.5244555731856,0.0013008406799262674,0.0010097588177970357,0.776235578560066,False,True,72.0,1527214.4447183926,727118.9014401304,41.11436259014062,30353.066175667664,0.49712927451127054,0.009412104212960766,0.7943282347242815,0.7
0.01581662783419691,0.0001684683930394527,2.664601874530232e-06,4.418383106861691e-10,13451.173937901276,212.75221210883336,7.95511072631865e-05,6357.879714146574,0.0012484065165382495,0.0016648258443318089,1.33356068097775,False,True,74.0,1536941.8488881122,737828.9637403855,40.26699153286711,30875.78938369552,0.4911816188815109,0.009142098084081434,0.7943282347242815,0.7
0.015294586054861604,0.0001850776994925612,2.830686801724793e-06,5.159319572941433e-10,14777.32578192313,226.01308083234835,8.90875569310838e-05,7120.051379311595,0.0011978763253489718,0.0018309482748348064,1.5284952512116847,False,True,76.0,1550419.7799815703,748672.250976404,39.442188133146374,31408.769989167467,0.485190512612716,0.00888038178209785,0.7943282347242815,0.7
0.022127437192698877,8.080527486564894e-05,1.7880136444284162e-06,1.4128964968838672e-10,6451.808482931424,142.7619869853869,2.9671884629386604e-05,2371.43491594083,0.0011492131726362682,0.0007880853878775444,0.6857608376257078,False,True,78.0,1559911.2662768227,759643.0059901684,38.63924731854817,31951.94869314264,0.47915995236651443,0.00862684585181659,0.7943282347242815,0.7
0.016100572144309478,0.00016062784970376218,2.586200282540723e-06,4.0876018756312236e-10,12825.15436073746,206.49232304695877,7.505448526438657e-05,5998.5009101058995,0.0011023756249789055,0.0015864075073844762,1.4390807193463053,False,True,80.0,1568281.2021028693,770735.732858157,37.857474878624274,32505.28048346223,0.473093733120905,0.008381357437945595,0.7943282347242815,0.7
0.020137249977675912,9.666853685310391e-05,1.94663849158713e-06,1.843982061076245e-10,7718.393225422463,155.4272138063324,3.8595365619816675e-05,3084.616928366226,0.0010573186679547098,0.0009467320855724996,0.8954084650788109,False,True,82.0,1577364.3199413414,781945.187341035,37.096189244571455,33068.73437216882,0.4669954576148424,0.008143764372545659,0.7943282347242815,0.7
0.015812466261130902,0.00016858900181466213,2.6658079031920816e-06,4.423566499340182e-10,13460.803813182389,212.84850614364873,7.962030549233507e-05,6363.410171641062,0.0010139945151144713,0.0016660321353785617,1.643038606762563,False,True,84.0,1586812.3470413487,793266.3671851112,36.35472294053763,33642.2931359657,0.4608685458308162,0.00791389880845998,0.7943282347242815,0.7
0.02215349498177951,8.063203071447321e-05,1.7862812878037736e-06,1.408463651929063e-10,6437.975993826817,142.62366887205934,2.9574919491071446e-05,2363.6852728864123,0.0009723533158940835,0.0007863528065141538,0.808710983611033,False,True,86.0,1595539.4424858761,804694.5023764375,35.632423744338375,34225.953063689754,0.45471624443471126,0.007691580431303109,0.7943282347242815,0.7
0.018450969898791112,0.00011595635581024837,2.1395072306284046e-06,2.435260897172156e-10,9258.407960498269,170.82660658988158,4.953138337574731e-05,3958.6448059914337,0.0009323437711961575,0.0011396307826823091,1.222328949782344,False,True,88.0,1601861.772564754,816225.045431679,34.928655592423894,34819.72371406391,0.4485416361074661,0.0074766192834748195,0.7943282347242815,0.7
0.02196996138644618,8.18682987578855e-05,1.7986433624847845e-06,1.4402264966322244e-10,6536.684458873512,143.61070515683392,3.0267129778852727e-05,2419.0080697401127,0.0008939136652217282,0.0007987164914997203,0.8935051812879546,False,True,90.0,1608239.4254404854,827853.6617950958,34.24279926099028,35423.62768653083,0.4423476487147173,0.007268818233593729,0.7943282347242815,0.7
0.022480870243689992,7.851712242819822e-05,1.7651332412162452e-06,1.3548280630804548e-10,6269.113462949992,140.9351263035488,2.8392225760281738e-05,2269.1620822266145,0.0008570103218287204,0.0007652020405881533,0.8928737742100198,False,True,92.0,1612927.595592452,839576.2203980371,33.57425285223803,36037.70040740937,0.4361370642724576,0.007067975123959597,0.7943282347242815,0.7
0.01980023590652746,9.99926434081436e-05,1.9798779283985212e-06,1.9406301352091777e-10,7983.802864899973,158.08118015622924,4.047452502070176e-05,3234.8030143374517,0.0008215809932761031,0.0009799764200579557,1.1927934410340255,False,True,94.0,1618431.560689016,851388.7844260371,32.92243211198726,36661.98993329954,0.4299125276752126,0.0068738846273515945,0.7943282347242815,0.7
0.02431707733644495,6.844741618288781e-05,1.6644411127991167e-06,1.1116013365674891e-10,5465.108819909794,132.89547382583385,2.2791138303990956e-05,1821.5122437687212,0.0007875731887265984,0.0006644975781417685,0.8437280339826868,False,True,96.0,1623487.8759471222,863287.6023289069,32.286770602212094,37296.55677325399,0.42367655516197394,0.00668633984281189,0.7943282347242815,0.7
0.022683205201137834,7.726458849464096e-05,1.752608515605414e-06,1.323480520547523e-10,6169.1062657574785,139.93510333380203,2.769271644314053e-05,2213.2559327044605,0.0007549349493514918,0.0007526757255671863,0.9970073927743758,False,True,98.0,1627522.6441235954,875269.0991007988,31.666719749563164,37941.47373096712,0.4174315425017392,0.006505133658181472,0.7943282347242815,0.7
0.02247670465272848,7.854333586999934e-05,1.76539536279003e-06,1.3554874336582796e-10,6271.206446439753,140.95605511291322,2.8406872882221597e-05,2270.3327087917983,0.0007236150763340282,0.0007654641955932572,1.0578333987611819,False,True,100.0,1632006.2327650916,887329.8678501269,31.06174878863554,38596.825767991046,0.41117977288631247,0.006330059905147004,0.7943282347242815,0.7
0.02000524623435548,9.794386616965944e-05,1.9593911598687967e-06,1.8808034248562154e-10,7820.22049495115,156.44543660845105,3.9316005448027115e-05,3142.211869563299,0.0006935633175211894,0.0009594866198333377,1.383416042334194,False,True,102.0,1637418.7773434466,899466.6616731434,30.471344616603037,39262.70988875104,0.40492342452322194,0.006160914330504252,0.7943282347242815,0.7
0.019024737436496398,0.00010858457560453305,2.0657930405296335e-06,2.2005770715488385e-10,8669.816260951204,164.9409779872636,4.5343076864501095e-05,3623.9071773072483,0.0006647305179372683,0.001065904703363562,1.603514017486637,False,True,104.0,1644184.8963903172,911676.3858399305,29.89501157389039,39939.23504805389,0.3986645779248464,0.005997495405302007,0.7943282347242815,0.7
0.017751411217457966,0.00012642066300960422,2.244145175467162e-06,2.786877493682312e-10,10093.91908361562,179.18130844900733,5.54910161473634e-05,4434.9502856507415,0.0006370687388620647,0.0012442865377517809,1.9531432981224783,False,True,106.0,1652243.7538532752,923956.0902972687,29.332271163775015,40626.52208151485,0.3924052228944676,0.005839604991545832,0.7943282347242815,0.7
0.021580187993779105,8.46237578612869e-05,1.8261966033866136e-06,1.5121102316609395e-10,6756.691066700215,145.81066343527849,3.181211990484426e-05,2542.486695224236,0.0006105313496887609,0.0008262733765349834,1.3533676476338263,False,True,108.0,1659221.1908341502,936302.9624894056,28.7826617222092,41324.70365938252,0.3861472652111871,0.0056870488842408065,0.7943282347242815,0.7
0.0233808223235322,7.323650076782701e-05,1.712329612049793e-06,1.22477441160712e-10,5847.488022281915,136.71907848795615,2.5448231352862687e-05,2033.8723048063525,0.0005850730963257307,0.0007123918169129263,1.2176116478210322,False,True,110.0,1663797.5498341809,948714.3204948156,28.24573804770495,42033.92426402979,0.3798925330190628,0.005539637244760322,0.7943282347242815,0.7
0.028848705336124745,5.1991635324498296e-05,1.4998913674197058e-06,7.573409965846772e-11,4151.215058494576,119.75718000939388,1.3794368928690132e-05,1102.4728806227274,0.0005606501494858333,0.0004999298593641803,0.8916966486545326,False,True,112.0,1666933.89501961,961187.6064747515,27.7210709998317,42754.34019140949,0.37364278292671727,0.005397184939853147,0.7943282347242815,0.7
0.03310337709229557,4.241716272510449e-05,1.4041513328743977e-06,5.758969600817533e-11,3386.7518023634652,112.11292203164948,8.711431543124831e-06,696.2346068417426,0.0005372201358224987,0.0004041806135839067,0.7523556669466515,False,True,114.0,1668732.6025070744,973720.3804275317,27.20824707372281,43486.11957671483,0.36739970582518283,0.005259511799051482,0.7943282347242815,0.7
0.03954632255999242,3.316772284722442e-05,1.3116614662967672e-06,4.17850611394474e-11,2648.240427138387,104.72817014802675,3.996553784039762e-06,319.41237657418276,0.0005147421545218707,0.00031168271908306076,0.605512325627525,False,True,116.0,1669748.2494904902,986310.3142410463,26.70686795696018,44229.44244443215,0.3611649324329946,0.0051264428018195,0.7943282347242815,0.7
0.03486168143477854,3.941733297891489e-05,1.374154505319521e-06,5.227823543115573e-11,3147.2336887750193,109.71785825887767,7.155659353481602e-06,571.8942577924028,0.000493176781642172,0.00037418108862398994,0.7587159463956269,False,True,118.0,1670639.5561248567,998955.1860348524,26.216550074297977,44984.50078302358,0.35494003857773065,0.004997808204483323,0.7943282347242815,0.7
0.03161550521009537,4.5336820281417824e-05,1.4333464778163225e-06,6.293031607149844e-11,3619.868655445107,114.4439763360857,1.0244568091310232e-05,818.7658712586675,0.0004724860642062027,0.00043337847026116995,0.9172301642150331,False,True,120.0,1672030.2162539077,1011652.8747824098,25.73692412488467,45751.49864444166,0.34872655022400945,0.004873443615804869,0.7943282347242815,0.7
0.03184639105552982,4.4857684149568955e-05,1.4285553512726145e-06,6.20423058839568e-11,3581.6125568787543,114.06143409575685,9.991819187954895e-06,798.565685733917,0.00045263350579625246,0.00042858689285570653,0.9468739882650883,False,True,122.0,1673647.5478109003,1024401.3552034198,25.267634615936995,46530.65226873195,0.342525948257883,0.0047531900289982144,0.7943282347242815,0.7
0.029418176298469333,5.0466930890360016e-05,1.4846450701752788e-06,7.272314422712281e-11,4029.4767064068915,118.53985613965348,1.2975199247907544e-05,1037.003241354718,0.0004335840451726139,0.00048468203388762643,1.1178502513732256,False,True,124.0,1675483.1167379888,1037198.6929158471,24.80833939619966,47322.190233956004,0.3363396730380508,0.004636893817030879,0.7943282347242815,0.7
0.041810395293527564,3.08070800596084e-05,1.288056195131578e-06,3.802274724814698e-11,2459.757494710587,102.84343318006667,2.8408295048443566e-06,227.04463710912165,0.0004153040292328925,0.00028807553607444953,0.6936497500555279,False,True,126.0,1676747.1646164525,1050043.0398369753,24.358709191983262,48126.353631763326,0.3301691287237471,0.004524406697196126,0.7943282347242815,0.7
0.027255261838018695,5.6792685668235264e-05,1.547899518372044e-06,8.551580621191901e-11,4534.549653744755,123.59033813031031,1.63926009638823e-05,1310.1286545963299,0.00039776118144953953,0.0005479429743386979,1.3775677464096898,False,True,128.0,1678284.337908158,1062932.629822791,23.918427148100537,48943.39626895271,0.32401568738923386,0.004415585670178217,0.7943282347242815,0.7
0.030683642650166466,4.737933693559757e-05,1.453770643533709e-06,6.676682174805e-11,3782.951155911517,116.07472143102316,1.1326632504321325e-05,905.2465704917101,0.000380924566764026,0.00045380458371834783,1.1913240135007341,False,True,130.0,1680499.7131332462,1075865.7745349887,23.487188375609886,49773.58489540711,0.3178806929345816,0.004310292938153254,0.7943282347242815,0.7
0.028388339511960913,5.329325009218536e-05,1.5129068773128002e-06,7.834092488218329e-11,4255.141061018975,120.79638911149226,1.4496085279717309e-05,1158.5554205994556,0.0003647645537759074,0.0005129466922789336,1.406240510403491,False,True,132.0,1682563.5151243373,1088840.8595250384,23.064699507918615,50617.19945884806,0.31176546480201206,0.004208395805865285,0.7943282347242815,0.7
0.03208588384603067,4.4371271484946726e-05,1.4236914629666935e-06,6.114545958420022e-11,3542.7754715395513,113.67308227238458,9.735676830841262e-06,778.0942887634304,0.0003492527749418962,0.00042372254918933146,1.2132260058916482,False,True,134.0,1684500.1648337003,1101856.3405249296,22.6506782664906,51474.533386940035,0.30567130150647726,0.004109766568084623,0.7943282347242815,0.7
0.043419148888634476,2.9324089744605203e-05,1.2732270186446926e-06,3.571563998362122e-11,2341.3497606814535,101.65941385939672,2.128210956515371e-06,170.09077225145288,0.0003343620853927036,0.0002732451870412968,0.8172134311232512,False,True,136.0,1685448.3498947152,1114910.739934453,22.244853037136714,52345.893897309,0.29959948398892505,0.004014282386384945,0.7943282347242815,0.7
0.04454004869043511,2.837247266999914e-05,1.2637113141898013e-06,3.425813443329239e-11,2265.3689398172974,100.89964288126178,1.6771250558751648e-06,134.03910690467657,0.0003200665208814668,0.0002637287417621459,0.8239810306802285,False,True,138.0,1685752.4797738714,1128002.6434951879,21.8469624576394,53231.60233609451,0.2935512788002747,0.003921825157761839,0.7943282347242815,0.7
0.08510096135431637,1.304902198722771e-05,1.11048431584669e-06,1.3257645337910184e-11,1041.8848384728935,88.66540137452986,0.0,0.0,0.000306341255294904,0.00011049106126455111,0.36067966476857727,False,True,140.0,1685886.5188807761,1141130.697141656,21.456755017266364,54131.99454583491,0.2875279411228586,0.003832281377252197,0.7943282347242815,0.7
0.053011907239965926,2.2784140221926437e-05,1.207830727987141e-06,2.6060826490272877e-11,1819.174669036546,96.43791880826109,0.0,0.0,0.0002931625580886479,0.00020784398784391212,0.7089718045817545,False,True,142.0,1685886.5188807761,1154293.6040204733,21.073988668562563,55047.421263377604,0.28153071763680604,0.0037455419963952495,0.7943282347242815,0.7
0.048335576504186,2.5563407500128736e-05,1.2356220389301546e-06,3.0060332096706954e-11,2041.0822144493031,98.65688552784766,3.783646159830318e-07,30.23963838178533,0.0002805077519449928,0.00023563733249598145,0.8400385759827045,False,True,144.0,1685916.758519158,1167490.1216686736,20.698430451668738,55978.24854879127,0.2755608492368642,0.0036615022790976973,0.7943282347242815,0.7
0.036987148250039396,3.631294005558009e-05,1.3431120972305347e-06,4.696925176529329e-11,2899.3668430718776,107.23931125594825,5.570646914408234e-06,445.216970954461,0.00026835517089925223,0.00034313598386348705,1.2786635812294802,False,True,146.0,1686392.2151284942,1180719.059342739,20.329856131293887,56924.85824618052,0.26961957360565614,0.0035800616562225098,0.7943282347242815,0.7
0.06231332384835779,1.87331111594316e-05,1.1673224223649465e-06,2.0505131121858977e-11,1495.7246997930556,93.20357760619241,0.0,0.0,0.0002566841191340529,0.0001673328562634915,0.6519018661068866,False,True,148.0,1686837.4320994487,1193979.2754902763,19.968049846371805,57887.648477523726,0.26370812764790746,0.003501123580009233,0.7943282347242815,0.7
0.0546627287475503,2.1942003229444857e-05,1.199409770709017e-06,2.487914221351685e-11,1751.935165168553,95.76555671690336,0.0,0.0,0.00024547483060228744,0.00019942242958718447,0.8123946112841361,False,True,150.0,1686837.4320994487,1207269.6753565918,19.612803772344225,58867.03417062336,0.2578277497903558,0.0034245953792502322,0.7943282347242815,0.7
0.05577742240429103,2.1407714736770078e-05,1.1940671475833906e-06,2.4136710875132222e-11,1709.2754868851348,95.33898083729238,0.0,0.0,0.000234708429604781,0.00019407942885164907,0.8268958604446122,False,True,152.0,1686837.4320994487,1220589.208718848,19.263917795948398,59863.44762247836,0.2519796821506551,0.0033503881159876077,0.7943282347242815,0.7
0.07013929121848625,1.629537836917882e-05,1.1429462889512547e-06,1.7318557120977567e-11,1301.086600715702,91.25729198806896,0.0,0.0,0.00022436689242042766,0.00014295510140298622,0.6371488228981271,False,True,154.0,1686837.4320994487,1233936.867740788,18.921199202325987,60877.33909940198,0.24616517257850667,0.0032784164443580475,0.7943282347242815,0.7
0.0814110998450568,1.3723269459780905e-05,1.117226460190842e-06,1.4083901436082365e-11,1095.7193878911894,89.20372048977416,0.0,0.0,0.00021443301006163703,0.00011723362624704072,0.5467144550801337,False,True,156.0,1686837.4320994487,1247311.6849414045,18.58446237422741,61909.17747535923,0.24038547657133172,0.0032085984720937877,0.7943282347242815,0.7
0.08265202978337279,1.3488871313991078e-05,1.1148825935880733e-06,1.3795637681470738e-11,1077.0041252068584,89.0165770334126,0.0,0.0,0.00020489035220707768,0.0001148896128963318,0.5607370559850259,False,True,158.0,1686837.4320994487,1260712.7312712537,18.253528503047082,62959.45091011208,0.2346418590661377,0.0031408556250855984,0.7943282347242815,0.7
0.05407848028167669,2.2232835380087635e-05,1.202317949707833e-06,2.5285649684192378e-11,1775.156339030607,95.99775707716005,0.0,0.0,0.00019572323234631647,0.0002023308153323477,1.0337598296677404,False,True,160.0,1686837.4320994487,1274139.114290435,17.928225311396393,64028.66756882872,0.2289355961088454,0.0030751125153259612,0.7943282347242815,0.7
0.047392361687845545,2.6208230872042987e-05,1.2420699566864209e-06,3.101012476725819e-11,2092.567428846827,99.17171244411384,6.717550883754479e-07,53.68797740460165,0.00018691667415561403,0.00024208573313725716,1.2951532239211208,False,True,162.0,1686891.1200768533,1287589.9764426118,17.608386786900347,65117.35638503819,0.22326797640110024,0.0030112968124752643,0.7943282347242815,0.7
0.07636972926878473,1.4765665998874451e-05,1.1276499148073416e-06,1.5379021216143893e-11,1178.9483954613513,90.03596978325155,0.0,0.0,0.00017845637911246428,0.00012765774012393085,0.7153442245036261,False,True,164.0,1686944.8080542579,1301064.4934196947,17.293852926885346,66226.06786879578,0.21764030272469712,0.002949339119230026,0.7943282347242815,0.7
0.07136298713228667,1.5970419796814895e-05,1.1396968624573177e-06,1.690266336764737e-11,1275.1406401671522,90.99784509610427,0.0,0.0,0.00017032869534545976,0.00013970546325326263,0.8202109631023284,False,True,166.0,1686944.8080542579,1314561.8726121704,16.98446949361642,67355.37496220467,0.21205389324226465,0.0028891728506174152,0.7943282347242815,0.7
0.06224232931541948,1.8758568217352238e-05,1.1675769804701994e-06,2.0539029073330927e-11,1497.7572906420558,93.22390251871329,0.0,0.0,0.00016252058770816852,0.00016758743161492663,1.0311766280088552,False,True,168.0,1686944.8080542579,1328081.351640274,16.680087779733352,68505.87394445416,0.20651008267281398,0.0028307341172945193,0.7943282347242815,0.7
0.06244140125218829,1.8687359791857178e-05,1.166864931107364e-06,2.0444242053213707e-11,1492.0717320639917,93.16704971885528,0.0,0.0,0.00015501960905840438,0.00016687533402739852,1.076478872840709,False,True,170.0,1686944.8080542579,1341622.19696151,16.380564383531773,69678.18538876009,0.2010102233396189,0.002773961612891858,0.7943282347242815,0.7
0.09401720734587535,1.1664215051754393e-05,1.096636925047673e-06,1.1588863969607055e-11,931.3164486200775,87.5597716545381,0.0,0.0,0.00014781387271874244,9.664282079239106e-05,0.6538142801811389,False,True,172.0,1686944.8080542579,1355183.7025502683,16.08576099373507,70872.95517373855,0.19555568608723167,0.002718796505408193,0.7943282347242815,0.7
0.09233512897194315,1.1902509536357405e-05,1.0990197531293442e-06,1.1873319335682249e-11,950.342810200478,87.75002594742003,0.0,0.0,0.00014089202609008522,9.90257937178545e-05,0.7028488159758467,False,True,174.0,1686944.8080542579,1368765.188645513,15.79554418340323,72090.8555517833,0.19014786106424006,0.0026651823326367067,0.7943282347242815,0.7
0.1112583282902569,9.678174272061488e-06,1.0767774904113352e-06,9.261835259426694e-12,772.7432023663533,85.97411689294016,0.0,0.0,0.00013424322538583603,7.67822010589162e-05,0.5719633213388023,False,True,176.0,1686944.8080542579,1382366.0005627673,15.509785212629884,73332.58627739019,0.1847881583666504,0.00261306490158024,0.7943282347242815,0.7
0.07349028718685673,1.543532042631474e-05,1.134346130951026e-06,1.6222380059658848e-11,1232.4162182337545,90.5706218117385,0.0,0.0,0.000127857111452336,0.00013435438552098237,1.0508166811751296,False,True,178.0,1686944.8080542579,1395985.507566817,15.228359839682584,74598.87579833617,0.1794780085369942,0.0025623921917951008,0.7943282347242815,0.7
0.04649594760858453,2.6851949237073792e-05,1.2485068249153544e-06,3.196650177460399e-11,2143.964415182555,99.68565712299765,9.675883052137306e-07,77.33154532986225,0.00012172378663886373,0.0002485230875711583,2.041696979970637,False,True,180.0,1687022.1395995878,1409623.1018017677,14.95114814024879,75890.48251290365,0.17421886291298055,0.0025131142625881746,0.7943282347242815,0.7
0.06962135889705602,1.6436935588612025e-05,1.1443617917825507e-06,1.750038097750068e-11,1312.3890815336665,91.37031125803311,0.0,0.0,0.00011583379267929577,0.00014437069676517418,1.2463607849298983,False,True,182.0,1687099.4711449177,1423278.1972752865,14.678034334457124,77208.19609647356,0.1690121938189647,0.002465183163980337,0.7943282347242815,0.7
0.1269137436574702,8.382217111970745e-06,1.0638185538299154e-06,7.785480800282662e-12,669.2689253109129,84.93942482481978,0.0,0.0,0.00011017808954649883,6.38225124294825e-05,0.5792668278437273,False,True,184.0,1687099.4711449177,1436950.2288940393,14.408906621352763,78552.83890105829,0.16385949459248206,0.0024185528513399673,0.7943282347242815,0.7
0.08862151184996708,1.2464710474625483e-05,1.1046414870334311e-06,1.2548881708384054e-11,995.2311270666825,88.1988871207961,0.0,0.0,0.00010474803524038687,0.00010464787159773975,0.9990437659053245,False,True,186.0,1687099.4711449177,1450638.6515474957,14.143657020512862,79925.26743143094,0.1587622794377538,0.0023731791035834534,0.7943282347242815,0.7
0.06788257157227717,1.6930695498391743e-05,1.1492991489380083e-06,1.8137698935491675e-11,1351.8127995984198,91.7645291210601,0.0,0.0,9.953536647024739e-05,0.00014930837824233845,1.500053534107085,False,True,188.0,1687099.4711449177,1464342.9392374628,13.882181220500451,81326.37390178365,0.15372208309695723,0.002329019444834354,0.7943282347242815,0.7
0.0641071097197976,1.8112067344883924e-05,1.1611122885308371e-06,1.96821404604891e-11,1446.1381380539515,92.7077362862085,0.0,0.0,9.453218019222359e-05,0.0001611223037035557,1.7044175155584738,False,True,190.0,1687099.4711449177,1478062.584250835,13.624378433861997,82757.08787702661,0.14874046032938334,0.002286033069429452,0.7943282347242815,0.7
0.08475025509293548,1.311024376782824e-05,1.1110965036540108e-06,1.333229796693618e-11,1046.7730243503054,88.71428083809195,0.0,0.0,8.973091596336696e-05,0.00011110328707824529,1.2381829148339876,False,True,192.0,1687099.4711449177,1491797.0963732032,13.370151258385874,84218.3780030075,0.14381898518796682,0.0022441807701576795,0.7943282347242815,0.7
0.0891868194592974,1.237572657395379e-05,1.1037516916288458e-06,1.2441538330940985e-11,988.1263051828079,88.1278423833217,0.0,0.0,8.512433907426818e-05,0.0001037580215388906,1.2188995846225033,False,True,194.0,1687099.4711449177,1505546.002141111,13.11940554434848,85711.25383015464,0.13895925008185234,0.0022034248696168124,0.7943282347242815,0.7
0.1019068462077664,1.066291909255638e-05,1.0866244560909992e-06,1.0405891429332617e-11,851.3690717412821,86.76033705998768,0.0,0.0,8.07055244230705e-05,8.662974941881622e-05,1.0734054457621764,False,True,196.0,1687099.4711449177,1519308.8441308567,12.872050267484555,87236.76773526586,0.13416286461290514,0.002163729154572737,0.7943282347242815,0.7
0.09651945206664815,1.1326874089220734e-05,1.0932636807194996e-06,1.1188097945367097e-11,904.3818297188535,87.29043866349643,0.0,0.0,7.646784109472913e-05,9.326937238742793e-05,1.219720225550567,False,True,198.0,1687099.4711449177,1533085.1802818696,12.627997407428841,88796.01694631492,0.1294314541735656,0.0021250588132066925,0.7943282347242815,0.7
0.09273757340217814,1.1844614796358144e-05,1.0984408340977887e-06,1.1804106198045504e-11,945.7202682282444,87.70380279274441,0.0,0.0,7.240493761042789e-05,9.84468394436123e-05,1.359670247536182,False,True,200.0,1687099.4711449177,1546874.5832528127,12.387161831386141,90390.14567534582,0.12476665829279597,0.0020873803751371533,0.7943282347242815,0.7
0.13185723153690135,8.042169816050277e-06,1.0604182474940206e-06,7.403606533311253e-12,642.118222190785,84.6679310974738,0.0,0.0,6.851072781304652e-05,6.042201154470664e-05,0.8819350410287199,False,True,202.0,1687099.4711449177,1560676.639808645,12.149461182796115,92020.34736481801,0.12017012871599334,0.002050661654104888,0.7943282347242815,0.7
0.1479406314556612,7.1044839976317025e-06,1.0510418487762743e-06,6.362443628542825e-12,567.2497271865157,83.91928283302467,0.0,0.0,6.4779377356208e-05,5.104508234597003e-05,0.7879835285431039,False,True,204.0,1687099.4711449177,1574490.9502370027,11.914815774769306,93687.86705271964,0.11564352720492616,0.0020148716932118713,0.7943282347242815,0.7
0.15092238523384913,6.954161901472391e-06,1.049538701472573e-06,6.197152114021804e-12,555.2474244063419,83.79926568635646,0.0,0.0,6.120529076531758e-05,4.954185081767704e-05,0.809437390104685,False,True,206.0,1687099.4711449177,1588317.1277923428,11.683148488080692,95394.00386216152,0.1111885230426494,0.0019799807126073213,0.7943282347242815,0.7
0.15259348867920736,6.872663902603602e-06,1.0487237614179397e-06,6.10772539931842e-12,548.7403061356865,83.73419769214067,0.0,0.0,5.7783099040643836e-05,4.8726865194657015e-05,0.8432719255916545,False,True,208.0,1687099.4711449177,1602154.7981663751,11.454384673514465,97140.11362115161,0.10680679022854712,0.0019459600595169606,0.7943282347242815,0.7
0.14518644794626206,7.249224702364465e-06,1.0524891849005955e-06,6.5220207536277296e-12,578.8063898941539,84.03484379733145,0.0,0.0,5.4507647773804884e-05,5.249249978120176e-05,0.9630299953326631,False,True,210.0,1687099.4711449177,1616003.5989834056,11.228452058365017,98927.61161841667,0.10250000434835413,0.001912782160514558,0.7943282347242815,0.7
0.12227987383226253,8.728155632453224e-06,1.067277769524732e-06,8.176320320262558e-12,696.8900067902165,85.21562210527225,0.0,0.0,5.13739857504909e-05,6.728192723024569e-05,1.309649742907144,False,True,212.0,1687099.4711449177,1629863.1793192853,11.005280656905772,100757.97550121388,0.09826983910406187,0.0018804204759380206,0.7943282347242815,0.7
0.18479501661871395,5.606554247046416e-06,1.0360632852566637e-06,4.735331155558886e-12,447.6491703202719,82.72333586868815,0.0,0.0,4.837735401375484e-05,3.606568963829757e-05,0.7455076941174423,False,True,214.0,1687099.4711449177,1643733.1992427255,10.784802684646566,102632.74832111484,0.094117962488848,0.0018488494563555192,0.7943282347242815,0.7
0.14744235665147853,7.130240051576834e-06,1.0512993966952484e-06,6.3908094270361095e-12,569.306191044925,83.93984646394061,0.0,0.0,4.551317536379667e-05,5.130264471858597e-05,1.1272042503849231,False,True,216.0,1687099.4711449177,1657613.3293778314,10.566952476208714,104553.5417336855,0.09004603259273228,0.0018180445009904347,0.7943282347242815,0.7
0.17032386534729,6.112611448676666e-06,1.0411236093047077e-06,5.280061861362129e-12,488.05475215580327,83.12737188829003,0.0,0.0,4.277704427155154e-05,4.112629130761492e-05,0.9614103079806652,False,True,218.0,1687099.4711449177,1671503.2504867471,10.35166640665363,106522.03935809508,0.08605569302499952,0.0017879819180172678,0.7943282347242815,0.7
0.27275650058293727,3.729683795755519e-06,1.0172955004111618e-06,2.7593055538922254e-12,297.7925091167138,81.2248426864873,0.0,0.0,4.0164717185383764e-05,1.729689751042754e-05,0.43064905525394837,False,True,220.0,1687099.4711449177,1685402.6530713835,10.138882816109167,108540.00030222438,0.08214856794116303,0.0017586388866439812,0.7943282347242815,0.7
nan,0.0,0.0,0.0,0.0,0.0,0.0,0.0,0.0,0.0,0.6378866991395092,False,False,222.0,1687099.4711449177,1699311.2369932462,9.928541937544546,110609.26285896926,0.07832625666285499,0.0017299934208995435,0.7943282347242815,0.7
nan,0.0,0.0,0.0,0.0,0.0,0.0,0.0,0.0,0.0,0.7634046931842843,False,False,224.0,1687099.4711449177,1713228.7111104543,9.720585827551814,112731.74837883108,0.07459032788139469,0.0017020243350487254,0.7943282347242815,0.7
nan,0.0,0.0,0.0,0.0,0.0,0.0,0.0,0.0,0.0,1.0254885037854409,False,False,226.0,1687099.4711449177,1727154.7929310587,9.5149582999979,114909.46532356588,0.0709423134377338,0.0016747112105594156,0.7943282347242815,0.7
nan,0.0,0.0,0.0,0.0,0.0,0.0,0.0,0.0,0.0,1.1563615324385856,False,False,228.0,1687099.4711449177,1741089.2082818605,9.311604862418367,117144.51350498029,0.0673837016743748,0.001648034364550857,0.7943282347242815,0.7
nan,0.0,0.0,0.0,0.0,0.0,0.0,0.0,0.0,0.0,1.0234955562587869,False,False,230.0,1687099.4711449177,1755031.6909919335,9.110472655029193,119439.08851229526,0.06391593035799019,0.0016219748196542945,0.7943282347242815,0.7
nan,0.0,0.0,0.0,0.0,0.0,0.0,0.0,0.0,0.0,0.781061906641037,False,False,232.0,1687099.4711449177,1768981.9825901273,8.911510392239412,121795.48633038564,0.06054037917564865,0.0015965142752204927,0.7943282347242815,0.7
nan,0.0,0.0,0.0,0.0,0.0,0.0,0.0,0.0,0.0,1.157702135208507,False,False,234.0,1687099.4711449177,1782939.8320158517,8.714668306551873,124216.10815003465,0.05725836181209215,0.0015716350798114969,0.7943282347242815,0.7
nan,0.0,0.0,0.0,0.0,0.0,0.0,0.0,0.0,0.0,0.849193765573381,False,False,236.0,1687099.4711449177,1796904.9953424884,8.519898094746038,126703.4653699834,0.054071117620721525,0.0015473202049167932,0.7943282347242815,0.7
nan,0.0,0.0,0.0,0.0,0.0,0.0,0.0,0.0,0.0,0.6569721762946191,False,False,238.0,1687099.4711449177,1810877.2355128063,8.327152866240754,129260.18478854655,0.05097980290744608,0.001523553219836762,0.7943282347242815,0.7
nan,0.0,0.0,0.0,0.0,0.0,0.0,0.0,0.0,0.0,0.696318125858381,False,False,240.0,1687099.4711449177,1824856.3220857931,8.136387093539453,131889.01398061306,0.047985481853303424,0.0015003182676788958,0.7943282347242815,0.7
nan,0.0,0.0,0.0,0.0,0.0,0.0,0.0,0.0,0.0,0.732092020192824,False,False,242.0,1687099.4711449177,1838842.0309943585,7.947556564666374,134592.82685311403,0.04508911710992338,0.0014776000424147782,0.7943282347242815,0.7
nan,0.0,0.0,0.0,0.0,0.0,0.0,0.0,0.0,0.0,0.8394558844731129,False,False,244.0,1687099.4711449177,1852834.144313359,7.760618337504369,137374.62936927023,0.04229156011047515,0.0014553837669482655,0.7943282347242815,0.7
nan,0.0,0.0,0.0,0.0,0.0,0.0,0.0,0.0,0.0,0.8042968743209855,False,False,246.0,1687099.4711449177,1866832.450037475,7.5755306959515964,140237.56542805675,0.03959354114892486,0.0014336551721475608,0.7943282347242815,0.7
nan,0.0,0.0,0.0,0.0,0.0,0.0,0.0,0.0,0.0,0.8104137069985867,False,False,248.0,1687099.4711449177,1880836.7418684433,7.392253107815991,143184.92288134267,0.03699565929095075,0.0014124004767961777,0.7943282347242815,0.7
nan,0.0,0.0,0.0,0.0,0.0,0.0,0.0,0.0,0.0,1.1063954612384912,False,False,250.0,1687099.4711449177,1894846.8190112207,7.2107461843718434,146220.13966652547,0.03449837219138104,0.0013916063684198368,0.7943282347242815,0.7
nan,0.0,0.0,0.0,0.0,0.0,0.0,0.0,0.0,0.0,1.2597879197765016,False,False,252.0,1687099.4711449177,1908862.4859786353,7.030971641505627,149346.81002651792,0.03210198590588878,0.0013712599849484493,0.7943282347242815,0.7
nan,0.0,0.0,0.0,0.0,0.0,0.0,0.0,0.0,0.0,1.2277209057853,False,False,254.0,1687099.4711449177,1922883.5524041408,6.8528922623815145,152568.69078295585,0.02980664479752008,0.0013513488971742223,0.7943282347242815,0.7
nan,0.0,0.0,0.0,0.0,0.0,0.0,0.0,0.0,0.0,0.9614672763732621,False,False,256.0,1687099.4711449177,1936909.8328622838,6.676471861561057,155889.70762091083,0.027612321652675673,0.0013318610919688426,0.7943282347242815,0.7
nan,0.0,0.0,0.0,0.0,0.0,0.0,0.0,0.0,0.0,0.7952962045006036,False,False,258.0,1687099.4711449177,1950941.1466965305,6.501675250513423,159313.96133544398,0.025518808135049125,0.0013127849562244074,0.7943282347242815,0.7
nan,0.0,0.0,0.0,0.0,0.0,0.0,0.0,0.0,0.0,0.8374774784240717,False,False,260.0,1687099.4711449177,1964977.3178541055,6.328468204456607,162845.73398065288,0.023525705720485415,0.0012941092614845327,0.7943282347242815,0.7
nan,0.0,0.0,0.0,0.0,0.0,0.0,0.0,0.0,0.0,0.8740522210412441,False,False,262.0,1687099.4711449177,1979018.1747275204,6.1568174304722305,166489.49485166997,0.021632417269425244,0.001275823149233635,0.7943282347242815,0.7
nan,0.0,0.0,0.0,0.0,0.0,0.0,0.0,0.0,0.0,1.1697197944324484,False,False,264.0,1687099.4711449177,1993063.5500024904,5.986690536839172,170249.9062184105,0.019838139406814892,0.0012579161168139329,0.7943282347242815,0.7
nan,0.0,0.0,0.0,0.0,0.0,0.0,0.0,0.0,0.0,0.9522332887573259,False,False,266.0,1687099.4711449177,2007113.280511937,5.8180560035343705,174131.82871679487,0.018141855891383084,0.001240378003941215,0.7943282347242815,0.7
nan,0.0,0.0,0.0,0.0,0.0,0.0,0.0,0.0,0.0,0.6821379237058144,False,False,268.0,1687099.4711449177,2021167.207095808,5.650883153850658,178140.3262892892,0.01654233216610432,0.00122319897979177,0.7943282347242815,0.7
nan,0.0,0.0,0.0,0.0,0.0,0.0,0.0,0.0,0.0,0.668488717644924,False,False,270.0,1687099.4711449177,2035225.1744664467,5.485142127084718,182280.67055118197,0.015038111289208978,0.0012063695306342432,0.7943282347242815,0.7
nan,0.0,0.0,0.0,0.0,0.0,0.0,0.0,0.0,0.0,1.3709955441915358,False,False,272.0,1687099.4711449177,2049287.0310792683,5.320803852249822,186558.34444247728,0.013627511449242565,0.0011898804479814307,0.7943282347242815,0.7
nan,0.0,0.0,0.0,0.0,0.0,0.0,0.0,0.0,0.0,0.8415223051380446,False,False,274.0,1687099.4711449177,2063352.6290084906,5.15784002277,190979.04500796006,0.012308625267533178,0.0011737228172382487,0.7943282347242815,0.7
nan,0.0,0.0,0.0,0.0,0.0,0.0,0.0,0.0,0.0,0.6411629091483485,False,False,276.0,1687099.4711449177,2077421.8238277144,4.996223072115024,195548.68512953192,0.011079321086316488,0.001157888006823225,0.7943282347242815,0.7
nan,0.0,0.0,0.0,0.0,0.0,0.0,0.0,0.0,0.0,0.7608476409754665,False,False,278.0,1687099.4711449177,2091494.4744951213,4.835926150336571,200273.39401607105,0.009937246429582084,0.0011423676577419985,0.7943282347242815,0.7
nan,0.0,0.0,0.0,0.0,0.0,0.0,0.0,0.0,0.0,1.4365943774297285,False,False,280.0,1687099.4711449177,2105570.4432430915,4.676923101468205,205159.5162374233,0.008879833805574916,0.0011271536735923174,0.7943282347242815,0.7
nan,0.0,0.0,0.0,0.0,0.0,0.0,0.0,0.0,0.0,1.1408019935586295,False,False,282.0,1687099.4711449177,2119649.5954720583,4.519188441753491,210213.60907009148,0.007904308994296774,0.0011122382109810093,0.7943282347242815,0.7
nan,0.0,0.0,0.0,0.0,0.0,0.0,0.0,0.0,0.0,1.1070000994106068,False,False,284.0,1687099.4711449177,2133731.7996483906,4.3626973386681085,215442.43790537826,0.0070077019291593145,0.0010976136703343801,0.7943282347242815,0.7
nan,0.0,0.0,0.0,0.0,0.0,0.0,0.0,0.0,0.0,0.6499562229333413,False,False,286.0,1687099.4711449177,2147816.9272061526,4.207425590703168,220852.9694547449,0.006186860239312788,0.0010832726870843193,0.7943282347242815,0.7
nan,0.0,0.0,0.0,0.0,0.0,0.0,0.0,0.0,0.0,0.5460405296097064,False,False,288.0,1687099.4711449177,2161904.852452563,4.053349607878907,226452.36247490477,0.005438465467540121,0.001069208123213302,0.7943282347242815,0.7
nan,0.0,0.0,0.0,0.0,0.0,0.0,0.0,0.0,0.0,0.7774805396470906,False,False,290.0,1687099.4711449177,2175995.4524769937,3.9004463929588793,232247.95572656774,0.004759051918592767,0.0010554130591422489,0.7943282347242815,0.7
nan,0.0,0.0,0.0,0.0,0.0,0.0,0.0,0.0,0.0,0.7798172230489014,False,False,292.0,1687099.4711449177,2190088.607063356,3.748693523336084,238247.25287805643,0.004145028025090192,0.0010418807859459774,0.7943282347242815,0.7
nan,0.0,0.0,0.0,0.0,0.0,0.0,0.0,0.0,0.0,0.9888280094833661,False,False,294.0,1687099.4711449177,2204184.198605737,3.598069133564231,244457.90406887874,0.0035927000441438057,0.001028604797881713,0.7943282347242815,0.7
nan,0.0,0.0,0.0,0.0,0.0,0.0,0.0,0.0,0.0,0.7116796903465522,False,False,296.0,1687099.4711449177,2218282.1120271473,3.4485518985079655,250887.68386129657,0.0030982978195993028,0.0010155787852168057,0.7943282347242815,0.7
nan,0.0,0.0,0.0,0.0,0.0,0.0,0.0,0.0,0.0,1.1504917112381583,False,False,298.0,1687099.4711449177,2232382.2347012404,3.300121017087251,257544.46533102798,0.002658002265009324,0.0010027966273424681,0.7943282347242815,0.7
nan,0.0,0.0,0.0,0.0,0.0,0.0,0.0,0.0,0.0,1.4945289189696622,False,False,300.0,1687099.4711449177,2246484.456376888,3.152756196592469,264436.1900834765,0.002267974144432777,0.0009902523861609878,0.7943282347242815,0.7
nan,0.0,0.0,0.0,0.0,0.0,0.0,0.0,0.0,0.0,0.731867883031619,False,False,302.0,1687099.4711449177,2260588.669105491,3.006437637547322,271570.83403098345,0.001924383655797566,0.0009779402997344114,0.7943282347242815,0.7
nan,0.0,0.0,0.0,0.0,0.0,0.0,0.0,0.0,0.0,0.9278391744008695,False,False,304.0,1687099.4711449177,2274694.7671709172,2.8611460190979083,278956.36883035325,0.001623440259182798,0.0009658547761833215,0.7943282347242815,0.7
nan,0.0,0.0,0.0,0.0,0.0,0.0,0.0,0.0,0.0,0.8746852000173667,False,False,306.0,1687099.4711449177,2288802.6470219386,2.716862484907476,286600.71896021627,0.001361422144384024,0.0009539903878248375,0.7943282347242815,0.7
nan,0.0,0.0,0.0,0.0,0.0,0.0,0.0,0.0,0.0,1.383658649157607,False,False,308.0,1687099.4711449177,2302912.2072070967,2.57356862953685,294511.7145142253,0.0011347047029345663,0.0009423418655394575,0.7943282347242815,0.7
nan,0.0,0.0,0.0,0.0,0.0,0.0,0.0,0.0,0.0,1.1665076031453983,False,False,310.0,1687099.4711449177,2317023.3483118652,2.43124648529157,302697.03989790124,0.0009397873632261359,0.0009309040933568989,0.7943282347242815,0.7
nan,0.0,0.0,0.0,0.0,0.0,0.0,0.0,0.0,0.0,1.3419642402912006,False,False,312.0,1687099.4711449177,2331135.97289804,2.2898785095176803,311164.1787448569,0.0007733181664477339,0.0009196721032515017,0.7943282347242815,0.7
nan,0.0,0.0,0.0,0.0,0.0,0.0,0.0,0.0,0.0,1.0602280792058099,False,False,314.0,1687099.4711449177,2345249.985445253,2.1494475723287505,319920.35550610477,0.0006321155075936422,0.000908641070138225,0.7943282347242815,0.7
nan,0.0,0.0,0.0,0.0,0.0,0.0,0.0,0.0,0.0,1.0840635378981283,False,False,316.0,1687099.4711449177,2359365.292294537,2.0099369447477593,328972.4743141442,0.0005131865397676166,0.0008978063070606775,0.7943282347242815,0.7
nan,0.0,0.0,0.0,0.0,0.0,0.0,0.0,0.0,0.0,1.8152555099616379,False,False,318.0,1687099.4711449177,2373481.8015938397,1.8713302872474618,338327.05587398645,0.000413741839752506,0.0008871632605630241,0.7943282347242815,0.7
nan,0.0,0.0,0.0,0.0,0.0,0.0,0.0,0.0,0.0,2.1600251305670226,False,False,320.0,1687099.4711449177,2387599.4232454333,1.7336116386743923,347990.1732807107,0.00033120605452626286,0.0008767075062379704,0.7943282347242815,0.7
nan,0.0,0.0,0.0,0.0,0.0,0.0,0.0,0.0,0.0,0.8038240212716362,False,False,322.0,1687099.4711449177,2401718.068855126,1.596765405541904,357967.3878001213,0.00026322438641157206,0.0008664347444434074,0.7943282347242815,0.7
nan,0.0,0.0,0.0,0.0,0.0,0.0,0.0,0.0,0.0,0.9975744040380468,False,False,324.0,1687099.4711449177,2415837.6516832155,1.4607763516780896,368263.6857683445,0.00020766492153316844,0.0008563407961806178,0.7943282347242815,0.7
nan,0.0,0.0,0.0,0.0,0.0,0.0,0.0,0.0,0.0,1.038701824485305,False,False,326.0,1687099.4711449177,2429958.086597109,1.3256295882152045,378883.4178573198,0.00016261695379419874,0.0008464215991272893,0.7943282347242815,0.7
nan,0.0,0.0,0.0,0.0,0.0,0.0,0.0,0.0,0.0,0.7305031993976536,False,False,328.0,1687099.4711449177,2444079.2900255513,1.1913105639081882,389830.24201016553,0.0001263855957386952,0.0008366732038188704,0.7943282347242815,0.7
nan,0.0,0.0,0.0,0.0,0.0,0.0,0.0,0.0,0.0,0.6989247524539817,False,False,330.0,1687099.4711449177,2458201.179914391,1.057805055769274,401107.07136523124,9.748308987315986e-05,0.0008270917699721103,0.7943282347242815,0.7
nan,0.0,0.0,0.0,0.0,0.0,0.0,0.0,0.0,0.0,0.8970590298335022,False,False,332.0,1687099.4711449177,2472323.6756838337,0.9250991600076448,412716.0284542953,7.461733182944071e-05,0.0008176735629448954,0.7943282347242815,0.7
nan,0.0,0.0,0.0,0.0,0.0,0.0,0.0,0.0,0.0,1.2193025349639663,False,False,334.0,1687099.4711449177,2486446.69818712,0.7931792832622886,424658.4068764176,5.667818458337668e-05,0.0008084149503267648,0.7943282347242815,0.7
nan,0.0,0.0,0.0,0.0,0.0,0.0,0.0,0.0,0.0,1.2097648949845043,False,False,336.0,1687099.4711449177,2500570.1696705734,0.6620321341176912,436934.64151439164,4.272219764487997e-05,0.0007993123986547405,0.7943282347242815,0.7
nan,0.0,0.0,0.0,0.0,0.0,0.0,0.0,0.0,0.0,0.9275555158740072,False,False,338.0,1687099.4711449177,2514694.0137349702,0.5316447148914019,449544.2881762115,3.195634625768949e-05,0.0007903624702493413,0.7943282347242815,0.7
nan,0.0,0.0,0.0,0.0,0.0,0.0,0.0,0.0,0.0,0.7031846007723006,False,False,340.0,1687099.4711449177,2528818.1552981744,0.4020043136843296,462486.0133188185,2.3721375419719504e-05,0.0007815618201658901,0.7943282347242815,0.7
nan,0.0,0.0,0.0,0.0,0.0,0.0,0.0,0.0,0.0,0.4761902895015694,False,False,342.0,1687099.4711449177,2542942.520558999,0.2730984966833151,475757.59425173834,1.7475276558336542e-05,0.0007729071932564278,0.7943282347242815,0.7
nan,0.0,0.0,0.0,0.0,0.0,0.0,0.0,0.0,0.0,1.1367979592393647,False,False,344.0,1687099.4711449177,2557067.0369622414,0.14491510070766356,489355.9299372446,1.2777347333892999e-05,0.0007643954213377678,0.7943282347242815,0.7
nan,0.0,0.0,0.0,0.0,0.0,0.0,0.0,0.0,0.0,0.8723290748603604,False,False,346.0,1687099.4711449177,2571191.6331648473,0.017442225990121026,503277.0622145128,9.273194689944021e-06,0.0007560234204614194,0.7943282347242815,0.7
nan,0.0,0.0,0.0,0.0,0.0,0.0,0.0,0.0,0.0,0.7272811044956701,False,False,348.0,1687099.4711449177,2585316.2390031703,-0.10933177081561929,505212.8264405012,8.868940383288782e-06,0.0007477881882812847,0.7943282347242815,0.7
nan,0.0,0.0,0.0,0.0,0.0,0.0,0.0,0.0,0.0,0.9498904692039201,False,False,350.0,1687099.4711449177,2599440.785461276,-0.2354182834092328,505212.8264405012,8.868940383288782e-06,0.0007396868015152337,0.7943282347242815,0.7
nan,0.0,0.0,0.0,0.0,0.0,0.0,0.0,0.0,0.0,0.931164652839489,False,False,352.0,1687099.4711449177,2613565.20464026,-0.36082846240762423,505212.8264405012,8.868940383288782e-06,0.0007317164134968134,0.7943282347242815,0.7
nan,0.0,0.0,0.0,0.0,0.0,0.0,0.0,0.0,0.0,0.9423964032345311,False,False,354.0,1687099.4711449177,2627689.4297285387,-0.4855732217057782,505212.8264405012,8.868940383288782e-06,0.0007238742518135285,0.7943282347242815,0.7
nan,0.0,0.0,0.0,0.0,0.0,0.0,0.0,0.0,0.0,1.1423115597993658,False,False,356.0,1687099.4711449177,2641813.3949730787,-0.609663244641775,505212.8264405012,8.868940383288782e-06,0.0007161576160282614,0.7943282347242815,0.7
nan,0.0,0.0,0.0,0.0,0.0,0.0,0.0,0.0,0.0,0.8912467970573459,False,False,358.0,1687099.4711449177,2655937.0356515287,-0.733108989972977,505212.8264405012,8.868940383288782e-06,0.0007085638754805799,0.7943282347242815,0.7
nan,0.0,0.0,0.0,0.0,0.0,0.0,0.0,0.0,0.0,0.6936024440278505,False,False,360.0,1687099.4711449177,2670060.28804523,-0.8559206976696607,505212.8264405012,8.868940383288782e-06,0.0007010904671647849,0.7943282347242815,0.7
nan,0.0,0.0,0.0,0.0,0.0,0.0,0.0,0.0,0.0,0.816441889531209,False,False,362.0,1687099.4711449177,2684183.089413058,-0.9781083945329918,505212.8264405012,8.868940383288782e-06,0.0006937348936817236,0.7943282347242815,0.7
nan,0.0,0.0,0.0,0.0,0.0,0.0,0.0,0.0,0.0,0.9187371605027025,False,False,364.0,1687099.4711449177,2698305.37796608,-1.0996818996428748,505212.8264405012,8.868940383288782e-06,0.0006864947212614868,0.7943282347242815,0.7
nan,0.0,0.0,0.0,0.0,0.0,0.0,0.0,0.0,0.0,0.6954077886176329,False,False,366.0,1687099.4711449177,2712427.092842996,-1.220650829642006,505212.8264405012,8.868940383288782e-06,0.0006793675778542518,0.7943282347242815,0.7
nan,0.0,0.0,0.0,0.0,0.0,0.0,0.0,0.0,0.0,0.624771101333941,False,False,368.0,1687099.4711449177,2726548.1740863277,-1.3410246038615117,505212.8264405012,8.868940383288782e-06,0.0006723511512866502,0.7943282347242815,0.7
nan,0.0,0.0,0.0,0.0,0.0,0.0,0.0,0.0,0.0,0.6103853003654187,False,False,370.0,1687099.4711449177,2740668.5626193364,-1.4608124492937353,505212.8264405012,8.868940383288782e-06,0.0006654431874811333,0.7943282347242815,0.7
nan,0.0,0.0,0.0,0.0,0.0,0.0,0.0,0.0,0.0,1.0176830973564182,False,False,372.0,1687099.4711449177,2754788.2002236494,-1.5800234054172644,505212.8264405012,8.868940383288782e-06,0.0006586414887359345,0.7943282347242815,0.7
nan,0.0,0.0,0.0,0.0,0.0,0.0,0.0,0.0,0.0,1.4393640080739283,False,False,374.0,1687099.4711449177,2768907.029517555,-1.6986663288793107,505212.8264405012,8.868940383288782e-06,0.0006519439120633166,0.7943282347242815,0.7
nan,0.0,0.0,0.0,0.0,0.0,0.0,0.0,0.0,0.0,1.5853250162104555,False,False,376.0,1687099.4711449177,2783024.9939349554,-1.816749898040346,505212.8264405012,8.868940383288782e-06,0.0006453483675838951,0.7943282347242815,0.7
nan,0.0,0.0,0.0,0.0,0.0,0.0,0.0,0.0,0.0,0.8925638596432186,False,False,378.0,1687099.4711449177,2797142.0377049497,-1.9342826173854482,505212.8264405012,8.868940383288782e-06,0.0006388528169749133,0.7943282347242815,0.7
nan,0.0,0.0,0.0,0.0,0.0,0.0,0.0,0.0,0.0,0.7681471261668392,False,False,380.0,1687099.4711449177,2811258.1058320254,-2.051272821807004,505212.8264405012,8.868940383288782e-06,0.0006324552719704454,0.7943282347242815,0.7
nan,0.0,0.0,0.0,0.0,0.0,0.0,0.0,0.0,0.0,0.6176846674738439,False,False,382.0,1687099.4711449177,2825373.1440768423,-2.1677286807628717,505212.8264405012,8.868940383288782e-06,0.0006261537929115721,0.7943282347242815,0.7
nan,0.0,0.0,0.0,0.0,0.0,0.0,0.0,0.0,0.0,1.358897250606202,False,False,384.0,1687099.4711449177,2839487.098937581,-2.283658202314434,505212.8264405012,8.868940383288782e-06,0.0006199464873446706,0.7943282347242815,0.7
nan,0.0,0.0,0.0,0.0,0.0,0.0,0.0,0.0,0.0,0.9505565777874838,False,False,386.0,1687099.4711449177,2853599.9176318375,-2.3990692370482374,505212.8264405012,8.868940383288782e-06,0.0006138315086660246,0.7943282347242815,0.7
nan,0.0,0.0,0.0,0.0,0.0,0.0,0.0,0.0,0.0,0.9440519872151472,False,False,388.0,1687099.4711449177,2867711.548079059,-2.513969481885242,505212.8264405012,8.868940383288782e-06,0.0006078070548110366,0.7943282347242815,0.7
nan,0.0,0.0,0.0,0.0,0.0,0.0,0.0,0.0,0.0,0.8332738888968945,False,False,390.0,1687099.4711449177,2881821.9388834783,-2.628366483781348,505212.8264405012,8.868940383288782e-06,0.0006018713669864014,0.7943282347242815,0.7
nan,0.0,0.0,0.0,0.0,0.0,0.0,0.0,0.0,0.0,0.9523509225020729,False,False,392.0,1687099.4711449177,2895931.0393175567,-2.7422676433225917,505212.8264405012,8.868940383288782e-06,0.000596022728443655,0.7943282347242815,0.7
nan,0.0,0.0,0.0,0.0,0.0,0.0,0.0,0.0,0.0,0.712531765140344,False,False,394.0,1687099.4711449177,2910038.799305893,-2.8556802182187897,505212.8264405012,8.868940383288782e-06,0.0005902594632925924,0.7943282347242815,0.7
nan,0.0,0.0,0.0,0.0,0.0,0.0,0.0,0.0,0.0,0.7216665251214245,False,False,396.0,1687099.4711449177,2924145.1694096085,-2.9686113266985124,505212.8264405012,8.868940383288782e-06,0.0005845799353530878,0.7943282347242815,0.7
nan,0.0,0.0,0.0,0.0,0.0,0.0,0.0,0.0,0.0,0.668386072673567,False,False,398.0,1687099.4711449177,2938250.1008111713,-3.081067950808899,505212.8264405012,8.868940383288782e-06,0.0005789825470439335,0.7943282347242815,0.7
nan,0.0,0.0,0.0,0.0,0.0,0.0,0.0,0.0,0.0,0.4332468033621459,False,False,400.0,1687099.4711449177,2952353.5452996516,-3.1930569396233146,505212.8264405012,8.868940383288782e-06,0.0005734657383073538,0.7943282347242815,0.7
nan,0.0,0.0,0.0,0.0,0.0,0.0,0.0,0.0,0.0,0.7670747887923002,False,False,402.0,1687099.4711449177,2966455.4552564025,-3.3045850123596137,505212.8264405012,8.868940383288782e-06,0.0005680279855679033,0.7943282347242815,0.7
nan,0.0,0.0,0.0,0.0,0.0,0.0,0.0,0.0,0.0,1.08315857564239,False,False,404.0,1687099.4711449177,2980555.7836411437,-3.415658761412059,505212.8264405012,8.868940383288782e-06,0.0005626678007245201,0.7943282347242815,0.7
nan,0.0,0.0,0.0,0.0,0.0,0.0,0.0,0.0,0.0,1.3119675162240958,False,False,406.0,1687099.4711449177,2994654.4839784303,-3.5262846552997034,505212.8264405012,8.868940383288782e-06,0.0005573837301745487,0.7943282347242815,0.7
nan,0.0,0.0,0.0,0.0,0.0,0.0,0.0,0.0,0.0,1.6592457664851306,False,False,408.0,1687099.4711449177,3008751.510344515,-3.63646904153353,505212.8264405012,8.868940383288782e-06,0.0005521743538685859,0.7943282347242815,0.7
nan,0.0,0.0,0.0,0.0,0.0,0.0,0.0,0.0,0.0,1.5261911816733873,False,False,410.0,1687099.4711449177,3022846.81735456,-3.7462181494054443,505212.8264405012,8.868940383288782e-06,0.0005470382843950663,0.7943282347242815,0.7
nan,0.0,0.0,0.0,0.0,0.0,0.0,0.0,0.0,0.0,1.1128535657533878,False,False,412.0,1687099.4711449177,3036940.360150216,-3.8555380927009826,505212.8264405012,8.868940383288782e-06,0.000541974166093526,0.7943282347242815,0.7
nan,0.0,0.0,0.0,0.0,0.0,0.0,0.0,0.0,0.0,1.1762836846159648,False,False,414.0,1687099.4711449177,3051032.0943875425,-3.9644348723386855,505212.8264405012,8.868940383288782e-06,0.0005369806741955409,0.7943282347242815,0.7
nan,0.0,0.0,0.0,0.0,0.0,0.0,0.0,0.0,0.0,0.8896912575124667,False,False,416.0,1687099.4711449177,3065121.976225256,-4.072914378937951,505212.8264405012,8.868940383288782e-06,0.0005320565139923665,0.7943282347242815,0.7
nan,0.0,0.0,0.0,0.0,0.0,0.0,0.0,0.0,0.0,1.1614602635703164,False,False,418.0,1687099.4711449177,3079209.962313306,-4.180982395317921,505212.8264405012,8.868940383288782e-06,0.0005272004200283443,0.7943282347242815,0.7
nan,0.0,0.0,0.0,0.0,0.0,0.0,0.0,0.0,0.0,0.9478791338289794,False,False,420.0,1687099.4711449177,3093296.0097817644,-4.288644598929342,505212.8264405012,8.868940383288782e-06,0.0005224111553191794,0.7943282347242815,0.7
nan,0.0,0.0,0.0,0.0,0.0,0.0,0.0,0.0,0.0,0.49820584643145477,False,False,422.0,1687099.4711449177,3107380.076230008,-4.39590656422158,505212.8264405012,8.868940383288782e-06,0.000517687510594228,0.7943282347242815,0.7
nan,0.0,0.0,0.0,0.0,0.0,0.0,0.0,0.0,0.0,0.7456020734639863,False,False,424.0,1687099.4711449177,3121462.119716203,-4.502773764946722,505212.8264405012,8.868940383288782e-06,0.0005130283035619636,0.7943282347242815,0.7
nan,0.0,0.0,0.0,0.0,0.0,0.0,0.0,0.0,0.0,0.8874826921145513,False,False,426.0,1687099.4711449177,3135542.098747069,-4.609251576402589,505212.8264405012,8.868940383288782e-06,0.0005084323781978204,0.7943282347242815,0.7
nan,0.0,0.0,0.0,0.0,0.0,0.0,0.0,0.0,0.0,0.6702086035444684,False,False,428.0,1687099.4711449177,3149619.9722679197,-4.71534527761679,505212.8264405012,8.868940383288782e-06,0.0005038986040536551,0.7943282347242815,0.7
nan,0.0,0.0,0.0,0.0,0.0,0.0,0.0,0.0,0.0,0.9575451630343383,False,False,430.0,1687099.4711449177,3163695.699652969,-4.821060053473379,505212.8264405012,8.868940383288782e-06,0.0004994258755880805,0.7943282347242815,0.7
nan,0.0,0.0,0.0,0.0,0.0,0.0,0.0,0.0,0.0,1.332052698568513,False,False,432.0,1687099.4711449177,3177769.2406958933,-4.926400996783763,505212.8264405012,8.868940383288782e-06,0.0004950131115169657,0.7943282347242815,0.7
nan,0.0,0.0,0.0,0.0,0.0,0.0,0.0,0.0,0.0,0.7823330865229805,False,False,434.0,1687099.4711449177,3191840.555600648,-5.031373110303958,505212.8264405012,8.868940383288782e-06,0.0004906592541834162,0.7943282347242815,0.7
nan,0.0,0.0,0.0,0.0,0.0,0.0,0.0,0.0,0.0,1.0965113466843197,False,False,436.0,1687099.4711449177,3205909.6049725222,-5.13598130869921,505212.8264405012,8.868940383288782e-06,0.0004863632689465784,0.7943282347242815,0.7
nan,0.0,0.0,0.0,0.0,0.0,0.0,0.0,0.0,0.0,1.2807118886744944,False,False,438.0,1687099.4711449177,3219976.349809434,-5.240230420458166,505212.8264405012,8.868940383288782e-06,0.0004821241435886325,0.7943282347242815,0.7
nan,0.0,0.0,0.0,0.0,0.0,0.0,0.0,0.0,0.0,0.8166478082569922,False,False,440.0,1687099.4711449177,3234040.751493451,-5.344125189757582,505212.8264405012,8.868940383288782e-06,0.00047794088773936547,0.7943282347242815,0.7
nan,0.0,0.0,0.0,0.0,0.0,0.0,0.0,0.0,0.0,0.7972677151307264,False,False,442.0,1687099.4711449177,3248102.771782527,-5.44767027827928,505212.8264405012,8.868940383288782e-06,0.00047381253231773996,0.7943282347242815,0.7
nan,0.0,0.0,0.0,0.0,0.0,0.0,0.0,0.0,0.0,0.6591821927869695,False,False,444.0,1687099.4711449177,3262162.3728024648,-5.550870266980888,505212.8264405012,8.868940383288782e-06,0.0004697381289898862,0.7943282347242815,0.7
nan,0.0,0.0,0.0,0.0,0.0,0.0,0.0,0.0,0.0,0.709495813297875,False,False,446.0,1687099.4711449177,3276219.517039074,-5.653729657821277,505212.8264405012,8.868940383288782e-06,0.0004657167496429805,0.7943282347242815,0.7
nan,0.0,0.0,0.0,0.0,0.0,0.0,0.0,0.0,0.0,0.8448033143208348,False,False,448.0,1687099.4711449177,3290274.1673305444,-5.7562528754426046,505212.8264405012,8.868940383288782e-06,0.00046174748587448055,0.7943282347242815,0.7
nan,0.0,0.0,0.0,0.0,0.0,0.0,0.0,0.0,0.0,1.2647087781407722,False,False,450.0,1687099.4711449177,3304326.286860002,-5.858444268809663,505212.8264405012,8.868940383288782e-06,0.0004578294484962144,0.7943282347242815,0.7
nan,0.0,0.0,0.0,0.0,0.0,0.0,0.0,0.0,0.0,0.8866672981096634,False,False,452.0,1687099.4711449177,3318375.839148266,-5.960308112808279,505212.8264405012,8.868940383288782e-06,0.0004539617670528357,0.7943282347242815,0.7
nan,0.0,0.0,0.0,0.0,0.0,0.0,0.0,0.0,0.0,0.6026668493046954,False,False,454.0,1687099.4711449177,3332422.788046781,-6.061848609803479,505212.8264405012,8.868940383288782e-06,0.0004501435893541771,0.7943282347242815,0.7
nan,0.0,0.0,0.0,0.0,0.0,0.0,0.0,0.0,0.0,0.335571792750322,False,False,456.0,1687099.4711449177,3346467.0977307395,-6.163069891158991,505212.8264405012,8.868940383288782e-06,0.00044637408102104543,0.7943282347242815,0.7
nan,0.0,0.0,0.0,0.0,0.0,0.0,0.0,0.0,0.0,0.539618484340109,False,False,458.0,1687099.4711449177,3360508.7326923674,-6.263976018718987,505212.8264405012,8.868940383288782e-06,0.00044265242504403076,0.7943282347242815,0.7
nan,0.0,0.0,0.0,0.0,0.0,0.0,0.0,0.0,0.0,0.5369820147068365,False,False,460.0,1687099.4711449177,3374547.6577343824,-6.364570986253024,505212.8264405012,8.868940383288782e-06,0.00043897782135489947,0.7943282347242815,0.7
nan,0.0,0.0,0.0,0.0,0.0,0.0,0.0,0.0,0.0,0.8143048087562882,False,False,462.0,1687099.4711449177,3388583.8379636207,-6.464858720865551,505212.8264405012,8.868940383288782e-06,0.00043534948641017507,0.7943282347242815,0.7
nan,0.0,0.0,0.0,0.0,0.0,0.0,0.0,0.0,0.0,0.960771131828212,False,False,464.0,1687099.4711449177,3402617.238784818,-6.5648430843707315,505212.8264405012,8.868940383288782e-06,0.0004317666527865082,0.7943282347242815,0.7
nan,0.0,0.0,0.0,0.0,0.0,0.0,0.0,0.0,0.0,0.6151650305503499,False,False,466.0,1687099.4711449177,3416647.8258945416,-6.664527874633709,505212.8264405012,8.868940383288782e-06,0.0004282285687874671,0.7943282347242815,0.7
nan,0.0,0.0,0.0,0.0,0.0,0.0,0.0,0.0,0.0,0.8993161272661103,False,False,468.0,1687099.4711449177,3430675.5652752863,-6.763916826879124,505212.8264405012,8.868940383288782e-06,0.0004247344980613763,0.7943282347242815,0.7
nan,0.0,0.0,0.0,0.0,0.0,0.0,0.0,0.0,0.0,0.881164761868603,False,False,470.0,1687099.4711449177,3444700.4231897,-6.863013614967881,505212.8264405012,8.868940383288782e-06,0.0004212837192298624,0.7943282347242815,0.7
nan,0.0,0.0,0.0,0.0,0.0,0.0,0.0,0.0,0.0,0.8644892911335205,False,False,472.0,1687099.4711449177,3458722.3661749624,-6.96182185264317,505212.8264405012,8.868940383288782e-06,0.00041787552552675987,0.7943282347242815,0.7
nan,0.0,0.0,0.0,0.0,0.0,0.0,0.0,0.0,0.0,0.7967313853177211,False,False,474.0,1687099.4711449177,3472741.3610372944,-7.060345094746321,505212.8264405012,8.868940383288782e-06,0.0004145092244470569,0.7943282347242815,0.7
nan,0.0,0.0,0.0,0.0,0.0,0.0,0.0,0.0,0.0,1.1686811443736105,False,False,476.0,1687099.4711449177,3486757.3748466074,-7.1585868384035765,505212.8264405012,8.868940383288782e-06,0.0004111841374055636,0.7943282347242815,0.7
nan,0.0,0.0,0.0,0.0,0.0,0.0,0.0,0.0,0.0,1.2150216675205545,False,False,478.0,1687099.4711449177,3500770.374931281,-7.256550524184536,505212.8264405012,8.868940383288782e-06,0.00040789959940499713,0.7943282347242815,0.7
nan,0.0,0.0,0.0,0.0,0.0,0.0,0.0,0.0,0.0,1.1001313489344107,False,False,480.0,1687099.4711449177,3514780.328873061,-7.354239537232877,505212.8264405012,8.868940383288782e-06,0.00040465495871319553,0.7943282347242815,0.7
nan,0.0,0.0,0.0,0.0,0.0,0.0,0.0,0.0,0.0,1.3878083227935294,False,False,482.0,1687099.4711449177,3528787.204502092,-7.451657208370375,505212.8264405012,8.868940383288782e-06,0.0004014495765491706,0.7943282347242815,0.7
nan,0.0,0.0,0.0,0.0,0.0,0.0,0.0,0.0,0.0,1.1071684856750623,False,False,484.0,1687099.4711449177,3542790.9698920576,-7.5488068151748005,505212.8264405012,8.868940383288782e-06,0.00039828282677773115,0.7943282347242815,0.7
nan,0.0,0.0,0.0,0.0,0.0,0.0,0.0,0.0,0.0,1.048850170076638,False,False,486.0,1687099.4711449177,3556791.5933554457,-7.645691583032461,505212.8264405012,8.868940383288782e-06,0.0003951540956124097,0.7943282347242815,0.7
nan,0.0,0.0,0.0,0.0,0.0,0.0,0.0,0.0,0.0,1.1484689157315786,False,False,488.0,1687099.4711449177,3570789.0434389217,-7.742314686165898,505212.8264405012,8.868940383288782e-06,0.000392062781326439,0.7943282347242815,0.7
nan,0.0,0.0,0.0,0.0,0.0,0.0,0.0,0.0,0.0,0.9484238832062838,False,False,490.0,1687099.4711449177,3584783.2889188146,-7.838679248637833,505212.8264405012,8.868940383288782e-06,0.0003890082939715322,0.7943282347242815,0.7
nan,0.0,0.0,0.0,0.0,0.0,0.0,0.0,0.0,0.0,0.6816478030861541,False,False,492.0,1687099.4711449177,3598774.2987967078,-7.934788345331394,505212.8264405012,8.868940383288782e-06,0.00038599005510422707,0.7943282347242815,0.7
nan,0.0,0.0,0.0,0.0,0.0,0.0,0.0,0.0,0.0,1.3801912994676542,False,False,494.0,1687099.4711449177,3612762.0422951356,-8.030645002908004,505212.8264405012,8.868940383288782e-06,0.0003830074975195662,0.7943282347242815,0.7
nan,0.0,0.0,0.0,0.0,0.0,0.0,0.0,0.0,0.0,1.4235577521384586,False,False,496.0,1687099.4711449177,3626746.48885338,-8.126252200742762,505212.8264405012,8.868940383288782e-06,0.00038006006499188974,0.7943282347242815,0.7
nan,0.0,0.0,0.0,0.0,0.0,0.0,0.0,0.0,0.0,0.7702645184612632,False,False,498.0,1687099.4711449177,3640727.6081233667,-8.221612871838408,505212.8264405012,8.868940383288782e-06,0.0003771472120225272,0.7943282347242815,0.7
nan,0.0,0.0,0.0,0.0,0.0,0.0,0.0,0.0,0.0,0.6711596634219336,False,False,500.0,1687099.4711449177,3654705.3699656553,-8.316729903718471,505212.8264405012,8.868940383288782e-06,0.00037426840359417916,0.7943282347242815,0.7
nan,0.0,0.0,0.0,0.0,0.0,0.0,0.0,0.0,0.0,0.6234965739160746,False,False,502.0,1687099.4711449177,3668679.744445524,-8.411606139299687,505212.8264405012,8.868940383288782e-06,0.00037142311493179115,0.7943282347242815,0.7
nan,0.0,0.0,0.0,0.0,0.0,0.0,0.0,0.0,0.0,0.5340423231281984,False,False,504.0,1687099.4711449177,3682650.701829146,-8.50624437774484,505212.8264405012,8.868940383288782e-06,0.00036861083126972185,0.7943282347242815,0.7
nan,0.0,0.0,0.0,0.0,0.0,0.0,0.0,0.0,0.0,0.853676390311452,False,False,506.0,1687099.4711449177,3696618.212579853,-8.60064737529599,505212.8264405012,8.868940383288782e-06,0.0003658310476250224,0.7943282347242815,0.7
nan,0.0,0.0,0.0,0.0,0.0,0.0,0.0,0.0,0.0,1.3943007957929288,False,False,508.0,1687099.4711449177,3710582.2473544804,-8.694817846089085,505212.8264405012,8.868940383288782e-06,0.0003630832685766428,0.7943282347242815,0.7
nan,0.0,0.0,0.0,0.0,0.0,0.0,0.0,0.0,0.0,1.2236421436550984,False,False,510.0,1687099.4711449177,3724542.776999808,-8.788758462950023,505212.8264405012,8.868940383288782e-06,0.0003603670080503911,0.7943282347242815,0.7
nan,0.0,0.0,0.0,0.0,0.0,0.0,0.0,0.0,0.0,1.6172944554484165,False,False,512.0,1687099.4711449177,3738499.7725490704,-8.882471858172902,505212.8264405012,8.868940383288782e-06,0.0003576817891094755,0.7943282347242815,0.7
nan,0.0,0.0,0.0,0.0,0.0,0.0,0.0,0.0,0.0,1.0322386886101076,False,False,514.0,1687099.4711449177,3752453.2052185484,-8.97596062428095,505212.8264405012,8.868940383288782e-06,0.00035502714375046856,0.7943282347242815,0.7
nan,0.0,0.0,0.0,0.0,0.0,0.0,0.0,0.0,0.0,1.0582117082610096,False,False,516.0,1687099.4711449177,3766403.046404248,-9.069227314770252,505212.8264405012,8.868940383288782e-06,0.00035240261270452685,0.7943282347242815,0.7
nan,0.0,0.0,0.0,0.0,0.0,0.0,0.0,0.0,0.0,0.7663476649586111,False,False,518.0,1687099.4711449177,3780349.267678637,-9.162274444837227,505212.8264405012,8.868940383288782e-06,0.0003498077452437247,0.7943282347242815,0.7
nan,0.0,0.0,0.0,0.0,0.0,0.0,0.0,0.0,0.0,0.8866092947948834,False,False,520.0,1687099.4711449177,3794291.840787476,-9.255104492089838,505212.8264405012,8.868940383288782e-06,0.00034724209899234106,0.7943282347242815,0.7
nan,0.0,0.0,0.0,0.0,0.0,0.0,0.0,0.0,0.0,1.2547140255484395,False,False,522.0,1687099.4711449177,3808230.7376466966,-9.347719897243046,505212.8264405012,8.868940383288782e-06,0.0003447052397429662,0.7943282347242815,0.7
nan,0.0,0.0,0.0,0.0,0.0,0.0,0.0,0.0,0.0,1.2892743975977596,False,False,524.0,1687099.4711449177,3822165.9303393755,-9.44012306479917,505212.8264405012,8.868940383288782e-06,0.000342196741277282,0.7943282347242815,0.7
nan,0.0,0.0,0.0,0.0,0.0,0.0,0.0,0.0,0.0,1.4185843774313929,False,False,526.0,1687099.4711449177,3836097.3911127546,-9.532316363713154,505212.8264405012,8.868940383288782e-06,0.00033971618519138555,0.7943282347242815,0.7
nan,0.0,0.0,0.0,0.0,0.0,0.0,0.0,0.0,0.0,0.9865402616217043,False,False,528.0,1687099.4711449177,3850025.092375336,-9.62430212804346,505212.8264405012,8.868940383288782e-06,0.00033726316072552477,0.7943282347242815,0.7
nan,0.0,0.0,0.0,0.0,0.0,0.0,0.0,0.0,0.0,1.2475269944345921,False,False,530.0,1687099.4711449177,3863949.0066940463,-9.716082657588624,505212.8264405012,8.868940383288782e-06,0.00033483726459811804,0.7943282347242815,0.7
nan,0.0,0.0,0.0,0.0,0.0,0.0,0.0,0.0,0.0,1.5800703732707602,False,False,532.0,1687099.4711449177,3877869.106791453,-9.80766021851018,505212.8264405012,8.868940383288782e-06,0.0003324381008439396,0.7943282347242815,0.7
nan,0.0,0.0,0.0,0.0,0.0,0.0,0.0,0.0,0.0,1.3458962932250378,False,False,534.0,1687099.4711449177,3891785.365543047,-9.899037043942032,505212.8264405012,8.868940383288782e-06,0.0003300652806563491,0.7943282347242815,0.7
nan,0.0,0.0,0.0,0.0,0.0,0.0,0.0,0.0,0.0,0.7356881348601171,False,False,536.0,1687099.4711449177,3905697.7559745912,-9.990215334586686,505212.8264405012,8.868940383288782e-06,0.0003277184222334514,0.7943282347242815,0.7
nan,0.0,0.0,0.0,0.0,0.0,0.0,0.0,0.0,0.0,0.9393134440235094,False,False,538.0,1687099.4711449177,3919606.251259513,-10.081197259298785,505212.8264405012,8.868940383288782e-06,0.0003253971506280795,0.7943282347242815,0.7
nan,0.0,0.0,0.0,0.0,0.0,0.0,0.0,0.0,0.0,1.016805857191276,False,False,540.0,1687099.4711449177,3933510.8247163654,-10.171984955656013,505212.8264405012,8.868940383288782e-06,0.0003231010976014865,0.7943282347242815,0.7
nan,0.0,0.0,0.0,0.0,0.0,0.0,0.0,0.0,0.0,0.8107484587828087,False,False,542.0,1687099.4711449177,3947411.449806339,-10.262580530517994,505212.8264405012,8.868940383288782e-06,0.00032082990148064937,0.7943282347242815,0.7
nan,0.0,0.0,0.0,0.0,0.0,0.0,0.0,0.0,0.0,0.6749092149040969,False,False,544.0,1687099.4711449177,3961308.100130827,-10.352986060573166,505212.8264405012,8.868940383288782e-06,0.00031858320701907896,0.7943282347242815,0.7
nan,0.0,0.0,0.0,0.0,0.0,0.0,0.0,0.0,0.0,0.670519892813974,False,False,546.0,1687099.4711449177,3975200.7494290466,-10.443203592874177,505212.8264405012,8.868940383288782e-06,0.000316360665261041,0.7943282347242815,0.7
nan,0.0,0.0,0.0,0.0,0.0,0.0,0.0,0.0,0.0,1.1560531359996702,False,False,548.0,1687099.4711449177,3989089.371575702,-10.533235145361997,505212.8264405012,8.868940383288782e-06,0.0003141619334090943,0.7943282347242815,0.7
nan,0.0,0.0,0.0,0.0,0.0,0.0,0.0,0.0,0.0,1.06396605660981,False,False,550.0,1687099.4711449177,4002973.9405787117,-10.623082707378897,505212.8264405012,8.868940383288782e-06,0.0003119866746948503,0.7943282347242815,0.7
nan,0.0,0.0,0.0,0.0,0.0,0.0,0.0,0.0,0.0,1.5848435972459787,False,False,552.0,1687099.4711449177,4016854.4305769736,-10.712748240170784,505212.8264405012,8.868940383288782e-06,0.00030983455825287046,0.7943282347242815,0.7
nan,0.0,0.0,0.0,0.0,0.0,0.0,0.0,0.0,0.0,0.6974449014634047,False,False,554.0,1687099.4711449177,4030730.8158381768,-10.802233677378961,505212.8264405012,8.868940383288782e-06,0.0003077052589976123,0.7943282347242815,0.7
nan,0.0,0.0,0.0,0.0,0.0,0.0,0.0,0.0,0.0,0.9577722015529063,False,False,556.0,1687099.4711449177,4044603.0707566706,-10.891540925521769,505212.8264405012,8.868940383288782e-06,0.0003055984575033398,0.7943282347242815,0.7
nan,0.0,0.0,0.0,0.0,0.0,0.0,0.0,0.0,0.0,1.494912141851441,False,False,558.0,1687099.4711449177,4058471.1698513683,-10.980671864466101,505212.8264405012,8.868940383288782e-06,0.00030351383988692004,0.7943282347242815,0.7
nan,0.0,0.0,0.0,0.0,0.0,0.0,0.0,0.0,0.0,1.8782774462857905,False,False,560.0,1687099.4711449177,4072335.0877636974,-11.069628347889223,505212.8264405012,8.868940383288782e-06,0.0003014510976934265,0.7943282347242815,0.7
nan,0.0,0.0,0.0,0.0,0.0,0.0,0.0,0.0,0.0,1.054486365173173,False,False,562.0,1687099.4711449177,4086194.799255597,-11.158412203731102,505212.8264405012,8.868940383288782e-06,0.00029940992778447077,0.7943282347242815,0.7
nan,0.0,0.0,0.0,0.0,0.0,0.0,0.0,0.0,0.0,1.5449556006951046,False,False,564.0,1687099.4711449177,4100050.2792075532,-11.247025234637363,505212.8264405012,8.868940383288782e-06,0.0002973900322291923,0.7943282347242815,0.7
nan,0.0,0.0,0.0,0.0,0.0,0.0,0.0,0.0,0.0,1.5476694626886949,False,False,566.0,1687099.4711449177,4113901.502616675,-11.335469218393266,505212.8264405012,8.868940383288782e-06,0.00029539111819783253,0.7943282347242815,0.7
nan,0.0,0.0,0.0,0.0,0.0,0.0,0.0,0.0,0.0,1.5873317974560306,False,False,568.0,1687099.4711449177,4127748.444594815,-11.423745908348808,505212.8264405012,8.868940383288782e-06,0.00029341289785782395,0.7943282347242815,0.7
nan,0.0,0.0,0.0,0.0,0.0,0.0,0.0,0.0,0.0,1.2229415657442975,False,False,570.0,1687099.4711449177,4141591.0803667204,-11.511857033835042,505212.8264405012,8.868940383288782e-06,0.0002914550882723286,0.7943282347242815,0.7
nan,0.0,0.0,0.0,0.0,0.0,0.0,0.0,0.0,0.0,1.387344322090687,False,False,572.0,1687099.4711449177,4155429.385268236,-11.599804300572234,505212.8264405012,8.868940383288782e-06,0.00028951741130115713,0.7943282347242815,0.7
nan,0.0,0.0,0.0,0.0,0.0,0.0,0.0,0.0,0.0,1.4152192795549974,False,False,574.0,1687099.4711449177,4169263.334744527,-11.687589391069404,505212.8264405012,8.868940383288782e-06,0.00028759959350400965,0.7943282347242815,0.7
nan,0.0,0.0,0.0,0.0,0.0,0.0,0.0,0.0,0.0,0.9335771936910884,False,False,576.0,1687099.4711449177,4183092.9043483576,-11.7752139650162,505212.8264405012,8.868940383288782e-06,0.00028570136604597225,0.7943282347242815,0.7
nan,0.0,0.0,0.0,0.0,0.0,0.0,0.0,0.0,0.0,0.44598169381018593,False,False,578.0,1687099.4711449177,4196918.069738383,-11.862679659666572,505212.8264405012,8.868940383288782e-06,0.0002838224646052141,0.7943282347242815,0.7
nan,0.0,0.0,0.0,0.0,0.0,0.0,0.0,0.0,0.0,0.9931124954049307,False,False,580.0,1687099.4711449177,4210738.806677498,-11.949988090214989,505212.8264405012,8.868940383288782e-06,0.00028196262928282205,0.7943282347242815,0.7
nan,0.0,0.0,0.0,0.0,0.0,0.0,0.0,0.0,0.0,1.3054569292160765,False,False,582.0,1687099.4711449177,4224555.091031205,-12.037140850165054,505212.8264405012,8.868940383288782e-06,0.00028012160451472087,0.7943282347242815,0.7
nan,0.0,0.0,0.0,0.0,0.0,0.0,0.0,0.0,0.0,1.3225195284446238,False,False,584.0,1687099.4711449177,4238366.898766014,-12.124139511690798,505212.8264405012,8.868940383288782e-06,0.000278299138985624,0.7943282347242815,0.7
nan,0.0,0.0,0.0,0.0,0.0,0.0,0.0,0.0,0.0,0.9650339238772053,False,False,586.0,1687099.4711449177,4252174.205947894,-12.210985625990789,505212.8264405012,8.868940383288782e-06,0.00027649498554495685,0.7943282347242815,0.7
nan,0.0,0.0,0.0,0.0,0.0,0.0,0.0,0.0,0.0,0.8590038120172823,False,False,588.0,1687099.4711449177,4265976.988740728,-12.297680723635343,505212.8264405012,8.868940383288782e-06,0.00027470890112470987,0.7943282347242815,0.7
nan,0.0,0.0,0.0,0.0,0.0,0.0,0.0,0.0,0.0,0.594224020455675,False,False,590.0,1687099.4711449177,4279775.223404823,-12.384226314906735,505212.8264405012,8.868940383288782e-06,0.000272940646659163,0.7943282347242815,0.7
nan,0.0,0.0,0.0,0.0,0.0,0.0,0.0,0.0,0.0,1.265923934565515,False,False,592.0,1687099.4711449177,4293568.886295434,-12.4706238901329,505212.8264405012,8.868940383288782e-06,0.00027118998700643857,0.7943282347242815,0.7
nan,0.0,0.0,0.0,0.0,0.0,0.0,0.0,0.0,0.0,1.0386715120087264,False,False,594.0,1687099.4711449177,4307357.953861325,-12.556874920014437,505212.8264405012,8.868940383288782e-06,0.0002694566908718331,0.7943282347242815,0.7
nan,0.0,0.0,0.0,0.0,0.0,0.0,0.0,0.0,0.0,1.251572179430568,False,False,596.0,1687099.4711449177,4321142.40264336,-12.642980855945373,505212.8264405012,8.868940383288782e-06,0.0002677405307328824,0.7943282347242815,0.7
nan,0.0,0.0,0.0,0.0,0.0,0.0,0.0,0.0,0.0,0.961507634586872,False,False,598.0,1687099.4711449177,4334922.209273118,-12.728943130327584,505212.8264405012,8.868940383288782e-06,0.00026604128276611636,0.7943282347242815,0.7
nan,0.0,0.0,0.0,0.0,0.0,0.0,0.0,0.0,0.0,0.49910391034816276,False,False,600.0,1687099.4711449177,4348697.350471533,-12.814763156879218,505212.8264405012,8.868940383288782e-06,0.00026435872677546015,0.7943282347242815,0.7
