qber,gain,error_gain,double_click_gain,detection_rate_hz,error_rate_hz,rate_bits_per_pulse,rate_bits_per_second,eta_total_baseline,eta_total_faded,fading_factor,clipped,visible,time_s,cumulative_rate_integral_bits,distance_m,elevation_deg,atmospheric_path_m,eta_atmospheric,eta_geometric,eta_pointing,eta_optical
nan,0.0,0.0,0.0,0.0,0.0,0.0,0.0,0.0,0.0,0.6794961261426404,False,False,-600.0,0.0,4348697.350471533,-12.814763156879218,505212.8264405012,8.868940383288782e-06,0.00026435872677546015,0.7943282347242815,0.7
nan,0.0,0.0,0.0,0.0,0.0,0.0,0.0,0.0,0.0,0.9903465579435717,False,False,-598.0,0.0,4334922.209273118,-12.728943130327584,505212.8264405012,8.868940383288782e-06,0.00026604128276611636,0.7943282347242815,0.7
nan,0.0,0.0,0.0,0.0,0.0,0.0,0.0,0.0,0.0,1.0641243958610567,False,False,-596.0,0.0,4321142.40264336,-12.642980855945373,505212.8264405012,8.868940383288782e-06,0.0002677405307328824,0.7943282347242815,0.7
nan,0.0,0.0,0.0,0.0,0.0,0.0,0.0,0.0,0.0,0.6876855448341813,False,False,-594.0,0.0,4307357.953861325,-12.556874920014437,505212.8264405012,8.868940383288782e-06,0.0002694566908718331,0.7943282347242815,0.7
nan,0.0,0.0,0.0,0.0,0.0,0.0,0.0,0.0,0.0,1.2434731744718668,False,False,-592.0,0.0,4293568.886295434,-12.4706238901329,505212.8264405012,8.868940383288782e-06,0.00027118998700643857,0.7943282347242815,0.7
nan,0.0,0.0,0.0,0.0,0.0,0.0,0.0,0.0,0.0,0.9255141991699601,False,False,-590.0,0.0,4279775.223404823,-12.384226314906735,505212.8264405012,8.868940383288782e-06,0.000272940646659163,0.7943282347242815,0.7
nan,0.0,0.0,0.0,0.0,0.0,0.0,0.0,0.0,0.0,0.7268513993810285,False,False,-588.0,0.0,4265976.988740728,-12.297680723635343,505212.8264405012,8.868940383288782e-06,0.00027470890112470987,0.7943282347242815,0.7
nan,0.0,0.0,0.0,0.0,0.0,0.0,0.0,0.0,0.0,1.2968521997506073,False,False,-586.0,0.0,4252174.205947894,-12.210985625990789,505212.8264405012,8.868940383288782e-06,0.00027649498554495685,0.7943282347242815,0.7
nan,0.0,0.0,0.0,0.0,0.0,0.0,0.0,0.0,0.0,1.0202283609098461,False,False,-584.0,0.0,4238366.898766014,-12.124139511690798,505212.8264405012,8.868940383288782e-06,0.000278299138985624,0.7943282347242815,0.7
nan,0.0,0.0,0.0,0.0,0.0,0.0,0.0,0.0,0.0,0.8045328746506218,False,False,-582.0,0.0,4224555.091031205,-12.037140850165054,505212.8264405012,8.868940383288782e-06,0.00028012160451472087,0.7943282347242815,0.7
nan,0.0,0.0,0.0,0.0,0.0,0.0,0.0,0.0,0.0,0.9697940505815976,False,False,-580.0,0.0,4210738.806677498,-11.949988090214989,505212.8264405012,8.868940383288782e-06,0.00028196262928282205,0.7943282347242815,0.7
nan,0.0,0.0,0.0,0.0,0.0,0.0,0.0,0.0,0.0,1.5411401411474364,False,False,-578.0,0.0,4196918.069738383,-11.862679659666572,505212.8264405012,8.868940383288782e-06,0.0002838224646052141,0.7943282347242815,0.7
nan,0.0,0.0,0.0,0.0,0.0,0.0,0.0,0.0,0.0,1.0702567701249022,False,False,-576.0,0.0,4183092.9043483576,-11.7752139650162,505212.8264405012,8.868940383288782e-06,0.00028570136604597225,0.7943282347242815,0.7
nan,0.0,0.0,0.0,0.0,0.0,0.0,0.0,0.0,0.0,0.9667189704314325,False,False,-574.0,0.0,4169263.334744527,-11.687589391069404,505212.8264405012,8.868940383288782e-06,0.00028759959350400965,0.7943282347242815,0.7
nan,0.0,0.0,0.0,0.0,0.0,0.0,0.0,0.0,0.0,1.4246905043621512,False,False,-572.0,0.0,4155429.385268236,-11.599804300572234,505212.8264405012,8.868940383288782e-06,0.00028951741130115713,0.7943282347242815,0.7
nan,0.0,0.0,0.0,0.0,0.0,0.0,0.0,0.0,0.0,1.5403183722124971,False,False,-570.0,0.0,4141591.0803667204,-11.511857033835042,505212.8264405012,8.868940383288782e-06,0.0002914550882723286,0.7943282347242815,0.7
nan,0.0,0.0,0.0,0.0,0.0,0.0,0.0,0.0,0.0,1.146185457443906,False,False,-568.0,0.0,4127748.444594815,-11.423745908348808,505212.8264405012,8.868940383288782e-06,0.00029341289785782395,0.7943282347242815,0.7
nan,0.0,0.0,0.0,0.0,0.0,0.0,0.0,0.0,0.0,0.8512929666511742,False,False,-566.0,0.0,4113901.502616675,-11.335469218393266,505212.8264405012,8.868940383288782e-06,0.00029539111819783253,0.7943282347242815,0.7
nan,0.0,0.0,0.0,0.0,0.0,0.0,0.0,0.0,0.0,1.1151430979188162,False,False,-564.0,0.0,4100050.2792075532,-11.247025234637363,505212.8264405012,8.868940383288782e-06,0.0002973900322291923,0.7943282347242815,0.7
nan,0.0,0.0,0.0,0.0,0.0,0.0,0.0,0.0,0.0,0.8264735226737865,False,False,-562.0,0.0,4086194.799255597,-11.158412203731102,505212.8264405012,8.868940383288782e-06,0.00029940992778447077,0.7943282347242815,0.7
nan,0.0,0.0,0.0,0.0,0.0,0.0,0.0,0.0,0.0,0.7035666626173142,False,False,-560.0,0.0,4072335.0877636974,-11.069628347889223,505212.8264405012,8.868940383288782e-06,0.0003014510976934265,0.7943282347242815,0.7
nan,0.0,0.0,0.0,0.0,0.0,0.0,0.0,0.0,0.0,0.5419540145067895,False,False,-558.0,0.0,4058471.1698513683,-10.980671864466101,505212.8264405012,8.868940383288782e-06,0.00030351383988692004,0.7943282347242815,0.7
nan,0.0,0.0,0.0,0.0,0.0,0.0,0.0,0.0,0.0,0.835945002276726,False,False,-556.0,0.0,4044603.0707566706,-10.891540925521769,505212.8264405012,8.868940383288782e-06,0.0003055984575033398,0.7943282347242815,0.7
nan,0.0,0.0,0.0,0.0,0.0,0.0,0.0,0.0,0.0,0.6552110450181504,False,False,-554.0,0.0,4030730.8158381768,-10.802233677378961,505212.8264405012,8.868940383288782e-06,0.0003077052589976123,0.7943282347242815,0.7
nan,0.0,0.0,0.0,0.0,0.0,0.0,0.0,0.0,0.0,0.9262130828560021,False,False,-552.0,0.0,4016854.4305769736,-10.712748240170784,505212.8264405012,8.868940383288782e-06,0.00030983455825287046,0.7943282347242815,0.7
nan,0.0,0.0,0.0,0.0,0.0,0.0,0.0,0.0,0.0,0.7219049760054449,False,False,-550.0,0.0,4002973.9405787117,-10.623082707378897,505212.8264405012,8.868940383288782e-06,0.0003119866746948503,0.7943282347242815,0.7
nan,0.0,0.0,0.0,0.0,0.0,0.0,0.0,0.0,0.0,0.8001764923122954,False,False,-548.0,0.0,3989089.371575702,-10.533235145361997,505212.8264405012,8.868940383288782e-06,0.0003141619334090943,0.7943282347242815,0.7
nan,0.0,0.0,0.0,0.0,0.0,0.0,0.0,0.0,0.0,0.5915205947061404,False,False,-546.0,0.0,3975200.7494290466,-10.443203592874177,505212.8264405012,8.868940383288782e-06,0.000316360665261041,0.7943282347242815,0.7
nan,0.0,0.0,0.0,0.0,0.0,0.0,0.0,0.0,0.0,0.8581541043803307,False,False,-544.0,0.0,3961308.100130827,-10.352986060573166,505212.8264405012,8.868940383288782e-06,0.00031858320701907896,0.7943282347242815,0.7
nan,0.0,0.0,0.0,0.0,0.0,0.0,0.0,0.0,0.0,1.5404861789559738,False,False,-542.0,0.0,3947411.449806339,-10.262580530517994,505212.8264405012,8.868940383288782e-06,0.00032082990148064937,0.7943282347242815,0.7
nan,0.0,0.0,0.0,0.0,0.0,0.0,0.0,0.0,0.0,2.0883826556700815,False,False,-540.0,0.0,3933510.8247163654,-10.171984955656013,505212.8264405012,8.868940383288782e-06,0.0003231010976014865,0.7943282347242815,0.7
nan,0.0,0.0,0.0,0.0,0.0,0.0,0.0,0.0,0.0,1.4448543393133984,False,False,-538.0,0.0,3919606.251259513,-10.081197259298785,505212.8264405012,8.868940383288782e-06,0.0003253971506280795,0.7943282347242815,0.7
nan,0.0,0.0,0.0,0.0,0.0,0.0,0.0,0.0,0.0,0.9894110293905922,False,False,-536.0,0.0,3905697.7559745912,-9.990215334586686,505212.8264405012,8.868940383288782e-06,0.0003277184222334514,0.7943282347242815,0.7
nan,0.0,0.0,0.0,0.0,0.0,0.0,0.0,0.0,0.0,0.7876622167511969,False,False,-534.0,0.0,3891785.365543047,-9.899037043942032,505212.8264405012,8.868940383288782e-06,0.0003300652806563491,0.7943282347242815,0.7
nan,0.0,0.0,0.0,0.0,0.0,0.0,0.0,0.0,0.0,0.8601560451065947,False,False,-532.0,0.0,3877869.106791453,-9.80766021851018,505212.8264405012,8.868940383288782e-06,0.0003324381008439396,0.7943282347242815,0.7
nan,0.0,0.0,0.0,0.0,0.0,0.0,0.0,0.0,0.0,0.5485675082595335,False,False,-530.0,0.0,3863949.0066940463,-9.716082657588624,505212.8264405012,8.868940383288782e-06,0.00033483726459811804,0.7943282347242815,0.7
nan,0.0,0.0,0.0,0.0,0.0,0.0,0.0,0.0,0.0,0.8139695049410167,False,False,-528.0,0.0,3850025.092375336,-9.62430212804346,505212.8264405012,8.868940383288782e-06,0.00033726316072552477,0.7943282347242815,0.7
nan,0.0,0.0,0.0,0.0,0.0,0.0,0.0,0.0,0.0,1.210398353695712,False,False,-526.0,0.0,3836097.3911127546,-9.532316363713154,505212.8264405012,8.868940383288782e-06,0.00033971618519138555,0.7943282347242815,0.7
nan,0.0,0.0,0.0,0.0,0.0,0.0,0.0,0.0,0.0,0.9820825878407266,False,False,-524.0,0.0,3822165.9303393755,-9.44012306479917,505212.8264405012,8.868940383288782e-06,0.000342196741277282,0.7943282347242815,0.7
nan,0.0,0.0,0.0,0.0,0.0,0.0,0.0,0.0,0.0,1.9126975615659403,False,False,-522.0,0.0,3808230.7376466966,-9.347719897243046,505212.8264405012,8.868940383288782e-06,0.0003447052397429662,0.7943282347242815,0.7
nan,0.0,0.0,0.0,0.0,0.0,0.0,0.0,0.0,0.0,1.4229670164271089,False,False,-520.0,0.0,3794291.840787476,-9.255104492089838,505212.8264405012,8.868940383288782e-06,0.00034724209899234106,0.7943282347242815,0.7
nan,0.0,0.0,0.0,0.0,0.0,0.0,0.0,0.0,0.0,1.063417722132759,False,False,-518.0,0.0,3780349.267678637,-9.162274444837227,505212.8264405012,8.868940383288782e-06,0.0003498077452437247,0.7943282347242815,0.7
nan,0.0,0.0,0.0,0.0,0.0,0.0,0.0,0.0,0.0,0.7510164379905677,False,False,-516.0,0.0,3766403.046404248,-9.069227314770252,505212.8264405012,8.868940383288782e-06,0.00035240261270452685,0.7943282347242815,0.7
nan,0.0,0.0,0.0,0.0,0.0,0.0,0.0,0.0,0.0,1.2326491868257023,False,False,-514.0,0.0,3752453.2052185484,-8.97596062428095,505212.8264405012,8.868940383288782e-06,0.00035502714375046856,0.7943282347242815,0.7
nan,0.0,0.0,0.0,0.0,0.0,0.0,0.0,0.0,0.0,0.704723969724423,False,False,-512.0,0.0,3738499.7725490704,-8.882471858172902,505212.8264405012,8.868940383288782e-06,0.0003576817891094755,0.7943282347242815,0.7
nan,0.0,0.0,0.0,0.0,0.0,0.0,0.0,0.0,0.0,0.6942033639619685,False,False,-510.0,0.0,3724542.776999808,-8.788758462950023,505212.8264405012,8.868940383288782e-06,0.0003603670080503911,0.7943282347242815,0.7
nan,0.0,0.0,0.0,0.0,0.0,0.0,0.0,0.0,0.0,0.9812614132930926,False,False,-508.0,0.0,3710582.2473544804,-8.694817846089085,505212.8264405012,8.868940383288782e-06,0.0003630832685766428,0.7943282347242815,0.7
nan,0.0,0.0,0.0,0.0,0.0,0.0,0.0,0.0,0.0,0.8144504275875689,False,False,-506.0,0.0,3696618.212579853,-8.60064737529599,505212.8264405012,8.868940383288782e-06,0.0003658310476250224,0.7943282347242815,0.7
nan,0.0,0.0,0.0,0.0,0.0,0.0,0.0,0.0,0.0,0.6555366628085979,False,False,-504.0,0.0,3682650.701829146,-8.50624437774484,505212.8264405012,8.868940383288782e-06,0.00036861083126972185,0.7943282347242815,0.7
nan,0.0,0.0,0.0,0.0,0.0,0.0,0.0,0.0,0.0,0.8446208982440574,False,False,-502.0,0.0,3668679.744445524,-8.411606139299687,505212.8264405012,8.868940383288782e-06,0.00037142311493179115,0.7943282347242815,0.7
nan,0.0,0.0,0.0,0.0,0.0,0.0,0.0,0.0,0.0,1.546306178125713,False,False,-500.0,0.0,3654705.3699656553,-8.316729903718471,505212.8264405012,8.868940383288782e-06,0.00037426840359417916,0.7943282347242815,0.7
nan,0.0,0.0,0.0,0.0,0.0,0.0,0.0,0.0,0.0,0.919935380086147,False,False,-498.0,0.0,3640727.6081233667,-8.221612871838408,505212.8264405012,8.868940383288782e-06,0.0003771472120225272,0.7943282347242815,0.7
nan,0.0,0.0,0.0,0.0,0.0,0.0,0.0,0.0,0.0,0.7791984256774801,False,False,-496.0,0.0,3626746.48885338,-8.126252200742762,505212.8264405012,8.868940383288782e-06,0.00038006006499188974,0.7943282347242815,0.7
nan,0.0,0.0,0.0,0.0,0.0,0.0,0.0,0.0,0.0,0.8301254590865511,False,False,-494.0,0.0,3612762.0422951356,-8.030645002908004,505212.8264405012,8.868940383288782e-06,0.0003830074975195662,0.7943282347242815,0.7
nan,0.0,0.0,0.0,0.0,0.0,0.0,0.0,0.0,0.0,1.2253804521521297,False,False,-492.0,0.0,3598774.2987967078,-7.934788345331394,505212.8264405012,8.868940383288782e-06,0.00038599005510422707,0.7943282347242815,0.7
nan,0.0,0.0,0.0,0.0,0.0,0.0,0.0,0.0,0.0,0.6888649023617223,False,False,-490.0,0.0,3584783.2889188146,-7.838679248637833,505212.8264405012,8.868940383288782e-06,0.0003890082939715322,0.7943282347242815,0.7
nan,0.0,0.0,0.0,0.0,0.0,0.0,0.0,0.0,0.0,0.6950178213840286,False,False,-488.0,0.0,3570789.0434389217,-7.742314686165898,505212.8264405012,8.868940383288782e-06,0.000392062781326439,0.7943282347242815,0.7
nan,0.0,0.0,0.0,0.0,0.0,0.0,0.0,0.0,0.0,0.6450372094469993,False,False,-486.0,0.0,3556791.5933554457,-7.645691583032461,505212.8264405012,8.868940383288782e-06,0.0003951540956124097,0.7943282347242815,0.7
nan,0.0,0.0,0.0,0.0,0.0,0.0,0.0,0.0,0.0,0.6483387958641481,False,False,-484.0,0.0,3542790.9698920576,-7.5488068151748005,505212.8264405012,8.868940383288782e-06,0.00039828282677773115,0.7943282347242815,0.7
nan,0.0,0.0,0.0,0.0,0.0,0.0,0.0,0.0,0.0,1.5792807899204104,False,False,-482.0,0.0,3528787.204502092,-7.451657208370375,505212.8264405012,8.868940383288782e-06,0.0004014495765491706,0.7943282347242815,0.7
nan,0.0,0.0,0.0,0.0,0.0,0.0,0.0,0.0,0.0,1.5580640748710135,False,False,-480.0,0.0,3514780.328873061,-7.354239537232877,505212.8264405012,8.868940383288782e-06,0.00040465495871319553,0.7943282347242815,0.7
nan,0.0,0.0,0.0,0.0,0.0,0.0,0.0,0.0,0.0,1.3889721995841429,False,False,-478.0,0.0,3500770.374931281,-7.256550524184536,505212.8264405012,8.868940383288782e-06,0.00040789959940499713,0.7943282347242815,0.7
nan,0.0,0.0,0.0,0.0,0.0,0.0,0.0,0.0,0.0,0.6795208451248548,False,False,-476.0,0.0,3486757.3748466074,-7.1585868384035765,505212.8264405012,8.868940383288782e-06,0.0004111841374055636,0.7943282347242815,0.7
nan,0.0,0.0,0.0,0.0,0.0,0.0,0.0,0.0,0.0,1.1268024366053417,False,False,-474.0,0.0,3472741.3610372944,-7.060345094746321,505212.8264405012,8.868940383288782e-06,0.0004145092244470569,0.7943282347242815,0.7
nan,0.0,0.0,0.0,0.0,0.0,0.0,0.0,0.0,0.0,0.6936764831515556,False,False,-472.0,0.0,3458722.3661749624,-6.96182185264317,505212.8264405012,8.868940383288782e-06,0.00041787552552675987,0.7943282347242815,0.7
nan,0.0,0.0,0.0,0.0,0.0,0.0,0.0,0.0,0.0,0.6372895749266795,False,False,-470.0,0.0,3444700.4231897,-6.863013614967881,505212.8264405012,8.868940383288782e-06,0.0004212837192298624,0.7943282347242815,0.7
nan,0.0,0.0,0.0,0.0,0.0,0.0,0.0,0.0,0.0,1.4885231965164807,False,False,-468.0,0.0,3430675.5652752863,-6.763916826879124,505212.8264405012,8.868940383288782e-06,0.0004247344980613763,0.7943282347242815,0.7
nan,0.0,0.0,0.0,0.0,0.0,0.0,0.0,0.0,0.0,0.9050074551223424,False,False,-466.0,0.0,3416647.8258945416,-6.664527874633709,505212.8264405012,8.868940383288782e-06,0.0004282285687874671,0.7943282347242815,0.7
nan,0.0,0.0,0.0,0.0,0.0,0.0,0.0,0.0,0.0,1.0346609013507402,False,False,-464.0,0.0,3402617.238784818,-6.5648430843707315,505212.8264405012,8.868940383288782e-06,0.0004317666527865082,0.7943282347242815,0.7
nan,0.0,0.0,0.0,0.0,0.0,0.0,0.0,0.0,0.0,1.1508788541457284,False,False,-462.0,0.0,3388583.8379636207,-6.464858720865551,505212.8264405012,8.868940383288782e-06,0.00043534948641017507,0.7943282347242815,0.7
nan,0.0,0.0,0.0,0.0,0.0,0.0,0.0,0.0,0.0,0.7101140883643119,False,False,-460.0,0.0,3374547.6577343824,-6.364570986253024,505212.8264405012,8.868940383288782e-06,0.00043897782135489947,0.7943282347242815,0.7
nan,0.0,0.0,0.0,0.0,0.0,0.0,0.0,0.0,0.0,0.9076494590215396,False,False,-458.0,0.0,3360508.7326923674,-6.263976018718987,505212.8264405012,8.868940383288782e-06,0.00044265242504403076,0.7943282347242815,0.7
nan,0.0,0.0,0.0,0.0,0.0,0.0,0.0,0.0,0.0,1.069479784452942,False,False,-456.0,0.0,3346467.0977307395,-6.163069891158991,505212.8264405012,8.868940383288782e-06,0.00044637408102104543,0.7943282347242815,0.7
nan,0.0,0.0,0.0,0.0,0.0,0.0,0.0,0.0,0.0,0.9737606683116049,False,False,-454.0,0.0,3332422.788046781,-6.061848609803479,505212.8264405012,8.868940383288782e-06,0.0004501435893541771,0.7943282347242815,0.7
nan,0.0,0.0,0.0,0.0,0.0,0.0,0.0,0.0,0.0,1.0250063671976906,False,False,-452.0,0.0,3318375.839148266,-5.960308112808279,505212.8264405012,8.868940383288782e-06,0.0004539617670528357,0.7943282347242815,0.7
nan,0.0,0.0,0.0,0.0,0.0,0.0,0.0,0.0,0.0,0.8089697831336575,False,False,-450.0,0.0,3304326.286860002,-5.858444268809663,505212.8264405012,8.868940383288782e-06,0.0004578294484962144,0.7943282347242815,0.7
nan,0.0,0.0,0.0,0.0,0.0,0.0,0.0,0.0,0.0,1.0269912538496835,False,False,-448.0,0.0,3290274.1673305444,-5.7562528754426046,505212.8264405012,8.868940383288782e-06,0.00046174748587448055,0.7943282347242815,0.7
nan,0.0,0.0,0.0,0.0,0.0,0.0,0.0,0.0,0.0,1.0000398605630474,False,False,-446.0,0.0,3276219.517039074,-5.653729657821277,505212.8264405012,8.868940383288782e-06,0.0004657167496429805,0.7943282347242815,0.7
nan,0.0,0.0,0.0,0.0,0.0,0.0,0.0,0.0,0.0,0.9223937299737818,False,False,-444.0,0.0,3262162.3728024648,-5.550870266980888,505212.8264405012,8.868940383288782e-06,0.0004697381289898862,0.7943282347242815,0.7
nan,0.0,0.0,0.0,0.0,0.0,0.0,0.0,0.0,0.0,0.7745601327335094,False,False,-442.0,0.0,3248102.771782527,-5.44767027827928,505212.8264405012,8.868940383288782e-06,0.00047381253231773996,0.7943282347242815,0.7
nan,0.0,0.0,0.0,0.0,0.0,0.0,0.0,0.0,0.0,1.2580927594585578,False,False,-440.0,0.0,3234040.751493451,-5.344125189757582,505212.8264405012,8.868940383288782e-06,0.00047794088773936547,0.7943282347242815,0.7
nan,0.0,0.0,0.0,0.0,0.0,0.0,0.0,0.0,0.0,0.8188937142676278,False,False,-438.0,0.0,3219976.349809434,-5.240230420458166,505212.8264405012,8.868940383288782e-06,0.0004821241435886325,0.7943282347242815,0.7
nan,0.0,0.0,0.0,0.0,0.0,0.0,0.0,0.0,0.0,0.7882533407308484,False,False,-436.0,0.0,3205909.6049725222,-5.13598130869921,505212.8264405012,8.868940383288782e-06,0.0004863632689465784,0.7943282347242815,0.7
nan,0.0,0.0,0.0,0.0,0.0,0.0,0.0,0.0,0.0,1.5572287369739055,False,False,-434.0,0.0,3191840.555600648,-5.031373110303958,505212.8264405012,8.868940383288782e-06,0.0004906592541834162,0.7943282347242815,0.7
nan,0.0,0.0,0.0,0.0,0.0,0.0,0.0,0.0,0.0,1.0732954553298124,False,False,-432.0,0.0,3177769.2406958933,-4.926400996783763,505212.8264405012,8.868940383288782e-06,0.0004950131115169657,0.7943282347242815,0.7
nan,0.0,0.0,0.0,0.0,0.0,0.0,0.0,0.0,0.0,1.3995356266073937,False,False,-430.0,0.0,3163695.699652969,-4.821060053473379,505212.8264405012,8.868940383288782e-06,0.0004994258755880805,0.7943282347242815,0.7
nan,0.0,0.0,0.0,0.0,0.0,0.0,0.0,0.0,0.0,0.8196880876854618,False,False,-428.0,0.0,3149619.9722679197,-4.71534527761679,505212.8264405012,8.868940383288782e-06,0.0005038986040536551,0.7943282347242815,0.7
nan,0.0,0.0,0.0,0.0,0.0,0.0,0.0,0.0,0.0,0.9714096746967376,False,False,-426.0,0.0,3135542.098747069,-4.609251576402589,505212.8264405012,8.868940383288782e-06,0.0005084323781978204,0.7943282347242815,0.7
nan,0.0,0.0,0.0,0.0,0.0,0.0,0.0,0.0,0.0,1.675106286243612,False,False,-424.0,0.0,3121462.119716203,-4.502773764946722,505212.8264405012,8.868940383288782e-06,0.0005130283035619636,0.7943282347242815,0.7
nan,0.0,0.0,0.0,0.0,0.0,0.0,0.0,0.0,0.0,0.8608437255440401,False,False,-422.0,0.0,3107380.076230008,-4.39590656422158,505212.8264405012,8.868940383288782e-06,0.000517687510594228,0.7943282347242815,0.7
nan,0.0,0.0,0.0,0.0,0.0,0.0,0.0,0.0,0.0,1.2325213829884885,False,False,-420.0,0.0,3093296.0097817644,-4.288644598929342,505212.8264405012,8.868940383288782e-06,0.0005224111553191794,0.7943282347242815,0.7
nan,0.0,0.0,0.0,0.0,0.0,0.0,0.0,0.0,0.0,1.0602007793613744,False,False,-418.0,0.0,3079209.962313306,-4.180982395317921,505212.8264405012,8.868940383288782e-06,0.0005272004200283443,0.7943282347242815,0.7
nan,0.0,0.0,0.0,0.0,0.0,0.0,0.0,0.0,0.0,1.0668954267993587,False,False,-416.0,0.0,3065121.976225256,-4.072914378937951,505212.8264405012,8.868940383288782e-06,0.0005320565139923665,0.7943282347242815,0.7
nan,0.0,0.0,0.0,0.0,0.0,0.0,0.0,0.0,0.0,0.6795151807492943,False,False,-414.0,0.0,3051032.0943875425,-3.9644348723386855,505212.8264405012,8.868940383288782e-06,0.0005369806741955409,0.7943282347242815,0.7
nan,0.0,0.0,0.0,0.0,0.0,0.0,0.0,0.0,0.0,1.003370544417509,False,False,-412.0,0.0,3036940.360150216,-3.8555380927009826,505212.8264405012,8.868940383288782e-06,0.000541974166093526,0.7943282347242815,0.7
nan,0.0,0.0,0.0,0.0,0.0,0.0,0.0,0.0,0.0,0.9410810461119172,False,False,-410.0,0.0,3022846.81735456,-3.7462181494054443,505212.8264405012,8.868940383288782e-06,0.0005470382843950663,0.7943282347242815,0.7
nan,0.0,0.0,0.0,0.0,0.0,0.0,0.0,0.0,0.0,1.1054312263565331,False,False,-408.0,0.0,3008751.510344515,-3.63646904153353,505212.8264405012,8.868940383288782e-06,0.0005521743538685859,0.7943282347242815,0.7
nan,0.0,0.0,0.0,0.0,0.0,0.0,0.0,0.0,0.0,0.960693681502361,False,False,-406.0,0.0,2994654.4839784303,-3.5262846552997034,505212.8264405012,8.868940383288782e-06,0.0005573837301745487,0.7943282347242815,0.7
nan,0.0,0.0,0.0,0.0,0.0,0.0,0.0,0.0,0.0,0.9925711876855104,False,False,-404.0,0.0,2980555.7836411437,-3.415658761412059,505212.8264405012,8.868940383288782e-06,0.0005626678007245201,0.7943282347242815,0.7
nan,0.0,0.0,0.0,0.0,0.0,0.0,0.0,0.0,0.0,1.1508740815583998,False,False,-402.0,0.0,2966455.4552564025,-3.3045850123596137,505212.8264405012,8.868940383288782e-06,0.0005680279855679033,0.7943282347242815,0.7
nan,0.0,0.0,0.0,0.0,0.0,0.0,0.0,0.0,0.0,0.9479161482198843,False,False,-400.0,0.0,2952353.5452996516,-3.1930569396233146,505212.8264405012,8.868940383288782e-06,0.0005734657383073538,0.7943282347242815,0.7
nan,0.0,0.0,0.0,0.0,0.0,0.0,0.0,0.0,0.0,0.8449434154906744,False,False,-398.0,0.0,2938250.1008111713,-3.081067950808899,505212.8264405012,8.868940383288782e-06,0.0005789825470439335,0.7943282347242815,0.7
nan,0.0,0.0,0.0,0.0,0.0,0.0,0.0,0.0,0.0,1.875134227887069,False,False,-396.0,0.0,2924145.1694096085,-2.9686113266985124,505212.8264405012,8.868940383288782e-06,0.0005845799353530878,0.7943282347242815,0.7
nan,0.0,0.0,0.0,0.0,0.0,0.0,0.0,0.0,0.0,2.6920226916642225,False,False,-394.0,0.0,2910038.799305893,-2.8556802182187897,505212.8264405012,8.868940383288782e-06,0.0005902594632925924,0.7943282347242815,0.7
nan,0.0,0.0,0.0,0.0,0.0,0.0,0.0,0.0,0.0,1.4553523293169695,False,False,-392.0,0.0,2895931.0393175567,-2.7422676433225917,505212.8264405012,8.868940383288782e-06,0.000596022728443655,0.7943282347242815,0.7
nan,0.0,0.0,0.0,0.0,0.0,0.0,0.0,0.0,0.0,0.8727122002179375,False,False,-390.0,0.0,2881821.9388834783,-2.628366483781348,505212.8264405012,8.868940383288782e-06,0.0006018713669864014,0.7943282347242815,0.7
nan,0.0,0.0,0.0,0.0,0.0,0.0,0.0,0.0,0.0,1.2677999003110372,False,False,-388.0,0.0,2867711.548079059,-2.513969481885242,505212.8264405012,8.868940383288782e-06,0.0006078070548110366,0.7943282347242815,0.7
nan,0.0,0.0,0.0,0.0,0.0,0.0,0.0,0.0,0.0,1.5129812037675099,False,False,-386.0,0.0,2853599.9176318375,-2.3990692370482374,505212.8264405012,8.868940383288782e-06,0.0006138315086660246,0.7943282347242815,0.7
nan,0.0,0.0,0.0,0.0,0.0,0.0,0.0,0.0,0.0,0.9340762231713365,False,False,-384.0,0.0,2839487.098937581,-2.283658202314434,505212.8264405012,8.868940383288782e-06,0.0006199464873446706,0.7943282347242815,0.7
nan,0.0,0.0,0.0,0.0,0.0,0.0,0.0,0.0,0.0,1.0916036148073989,False,False,-382.0,0.0,2825373.1440768423,-2.1677286807628717,505212.8264405012,8.868940383288782e-06,0.0006261537929115721,0.7943282347242815,0.7
nan,0.0,0.0,0.0,0.0,0.0,0.0,0.0,0.0,0.0,1.3200899768307561,False,False,-380.0,0.0,2811258.1058320254,-2.051272821807004,505212.8264405012,8.868940383288782e-06,0.0006324552719704454,0.7943282347242815,0.7
nan,0.0,0.0,0.0,0.0,0.0,0.0,0.0,0.0,0.0,1.1982508770318596,False,False,-378.0,0.0,2797142.0377049497,-1.9342826173854482,505212.8264405012,8.868940383288782e-06,0.0006388528169749133,0.7943282347242815,0.7
nan,0.0,0.0,0.0,0.0,0.0,0.0,0.0,0.0,0.0,1.4421898209042465,False,False,-376.0,0.0,2783024.9939349554,-1.816749898040346,505212.8264405012,8.868940383288782e-06,0.0006453483675838951,0.7943282347242815,0.7
nan,0.0,0.0,0.0,0.0,0.0,0.0,0.0,0.0,0.0,0.7866301283426446,False,False,-374.0,0.0,2768907.029517555,-1.6986663288793107,505212.8264405012,8.868940383288782e-06,0.0006519439120633166,0.7943282347242815,0.7
nan,0.0,0.0,0.0,0.0,0.0,0.0,0.0,0.0,0.0,0.9163270644765685,False,False,-372.0,0.0,2754788.2002236494,-1.5800234054172644,505212.8264405012,8.868940383288782e-06,0.0006586414887359345,0.7943282347242815,0.7
nan,0.0,0.0,0.0,0.0,0.0,0.0,0.0,0.0,0.0,0.921020365974333,False,False,-370.0,0.0,2740668.5626193364,-1.4608124492937353,505212.8264405012,8.868940383288782e-06,0.0006654431874811333,0.7943282347242815,0.7
nan,0.0,0.0,0.0,0.0,0.0,0.0,0.0,0.0,0.0,0.6279478228121417,False,False,-368.0,0.0,2726548.1740863277,-1.3410246038615117,505212.8264405012,8.868940383288782e-06,0.0006723511512866502,0.7943282347242815,0.7
nan,0.0,0.0,0.0,0.0,0.0,0.0,0.0,0.0,0.0,1.0442493929233743,False,False,-366.0,0.0,2712427.092842996,-1.220650829642006,505212.8264405012,8.868940383288782e-06,0.0006793675778542518,0.7943282347242815,0.7
nan,0.0,0.0,0.0,0.0,0.0,0.0,0.0,0.0,0.0,0.9483604872172645,False,False,-364.0,0.0,2698305.37796608,-1.0996818996428748,505212.8264405012,8.868940383288782e-06,0.0006864947212614868,0.7943282347242815,0.7
nan,0.0,0.0,0.0,0.0,0.0,0.0,0.0,0.0,0.0,0.7010207943924578,False,False,-362.0,0.0,2684183.089413058,-0.9781083945329918,505212.8264405012,8.868940383288782e-06,0.0006937348936817236,0.7943282347242815,0.7
nan,0.0,0.0,0.0,0.0,0.0,0.0,0.0,0.0,0.0,1.0988505897891367,False,False,-360.0,0.0,2670060.28804523,-0.8559206976696607,505212.8264405012,8.868940383288782e-06,0.0007010904671647849,0.7943282347242815,0.7
nan,0.0,0.0,0.0,0.0,0.0,0.0,0.0,0.0,0.0,0.9445216948894765,False,False,-358.0,0.0,2655937.0356515287,-0.733108989972977,505212.8264405012,8.868940383288782e-06,0.0007085638754805799,0.7943282347242815,0.7
nan,0.0,0.0,0.0,0.0,0.0,0.0,0.0,0.0,0.0,1.549005866740381,False,False,-356.0,0.0,2641813.3949730787,-0.609663244641775,505212.8264405012,8.868940383288782e-06,0.0007161576160282614,0.7943282347242815,0.7
nan,0.0,0.0,0.0,0.0,0.0,0.0,0.0,0.0,0.0,0.854889022958736,False,False,-354.0,0.0,2627689.4297285387,-0.4855732217057782,505212.8264405012,8.868940383288782e-06,0.0007238742518135285,0.7943282347242815,0.7
nan,0.0,0.0,0.0,0.0,0.0,0.0,0.0,0.0,0.0,0.5366557238298301,False,False,-352.0,0.0,2613565.20464026,-0.36082846240762423,505212.8264405012,8.868940383288782e-06,0.0007317164134968134,0.7943282347242815,0.7
nan,0.0,0.0,0.0,0.0,0.0,0.0,0.0,0.0,0.0,0.7661013608380108,False,False,-350.0,0.0,2599440.785461276,-0.2354182834092328,505212.8264405012,8.868940383288782e-06,0.0007396868015152337,0.7943282347242815,0.7
nan,0.0,0.0,0.0,0.0,0.0,0.0,0.0,0.0,0.0,1.1837167907808992,False,False,-348.0,0.0,2585316.2390031703,-0.10933177081561929,505212.8264405012,8.868940383288782e-06,0.0007477881882812847,0.7943282347242815,0.7
nan,0.0,0.0,0.0,0.0,0.0,0.0,0.0,0.0,0.0,1.3795441468598062,False,False,-346.0,0.0,2571191.6331648473,0.017442225990121026,503277.0622145128,9.273194689944021e-06,0.0007560234204614194,0.7943282347242815,0.7
nan,0.0,0.0,0.0,0.0,0.0,0.0,0.0,0.0,0.0,0.7714876234666385,False,False,-344.0,0.0,2557067.0369622414,0.14491510070766356,489355.9299372446,1.2777347333892999e-05,0.0007643954213377678,0.7943282347242815,0.7
nan,0.0,0.0,0.0,0.0,0.0,0.0,0.0,0.0,0.0,0.9428323089676485,False,False,-342.0,0.0,2542942.520558999,0.2730984966833151,475757.59425173834,1.7475276558336542e-05,0.0007729071932564278,0.7943282347242815,0.7
nan,0.0,0.0,0.0,0.0,0.0,0.0,0.0,0.0,0.0,1.2003309069859514,False,False,-340.0,0.0,2528818.1552981744,0.4020043136843296,462486.0133188185,2.3721375419719504e-05,0.0007815618201658901,0.7943282347242815,0.7
nan,0.0,0.0,0.0,0.0,0.0,0.0,0.0,0.0,0.0,1.1104711371674136,False,False,-338.0,0.0,2514694.0137349702,0.5316447148914019,449544.2881762115,3.195634625768949e-05,0.0007903624702493413,0.7943282347242815,0.7
nan,0.0,0.0,0.0,0.0,0.0,0.0,0.0,0.0,0.0,1.2133193319410003,False,False,-336.0,0.0,2500570.1696705734,0.6620321341176912,436934.64151439164,4.272219764487997e-05,0.0007993123986547405,0.7943282347242815,0.7
nan,0.0,0.0,0.0,0.0,0.0,0.0,0.0,0.0,0.0,1.3917418906829642,False,False,-334.0,0.0,2486446.69818712,0.7931792832622886,424658.4068764176,5.667818458337668e-05,0.0008084149503267648,0.7943282347242815,0.7
nan,0.0,0.0,0.0,0.0,0.0,0.0,0.0,0.0,0.0,0.7900085709930088,False,False,-332.0,0.0,2472323.6756838337,0.9250991600076448,412716.0284542953,7.461733182944071e-05,0.0008176735629448954,0.7943282347242815,0.7
nan,0.0,0.0,0.0,0.0,0.0,0.0,0.0,0.0,0.0,0.9165055109763649,False,False,-330.0,0.0,2458201.179914391,1.057805055769274,401107.07136523124,9.748308987315986e-05,0.0008270917699721103,0.7943282347242815,0.7
nan,0.0,0.0,0.0,0.0,0.0,0.0,0.0,0.0,0.0,0.7946151443850094,False,False,-328.0,0.0,2444079.2900255513,1.1913105639081882,389830.24201016553,0.0001263855957386952,0.0008366732038188704,0.7943282347242815,0.7
nan,0.0,0.0,0.0,0.0,0.0,0.0,0.0,0.0,0.0,1.4442910435265357,False,False,-326.0,0.0,2429958.086597109,1.3256295882152045,378883.4178573198,0.00016261695379419874,0.0008464215991272893,0.7943282347242815,0.7
nan,0.0,0.0,0.0,0.0,0.0,0.0,0.0,0.0,0.0,2.05911817277594,False,False,-324.0,0.0,2415837.6516832155,1.4607763516780896,368263.6857683445,0.00020766492153316844,0.0008563407961806178,0.7943282347242815,0.7
nan,0.0,0.0,0.0,0.0,0.0,0.0,0.0,0.0,0.0,0.9023634802724515,False,False,-322.0,0.0,2401718.068855126,1.596765405541904,357967.3878001213,0.00026322438641157206,0.0008664347444434074,0.7943282347242815,0.7
nan,0.0,0.0,0.0,0.0,0.0,0.0,0.0,0.0,0.0,0.7460837206392386,False,False,-320.0,0.0,2387599.4232454333,1.7336116386743923,347990.1732807107,0.00033120605452626286,0.0008767075062379704,0.7943282347242815,0.7
nan,0.0,0.0,0.0,0.0,0.0,0.0,0.0,0.0,0.0,0.7468575011412741,False,False,-318.0,0.0,2373481.8015938397,1.8713302872474618,338327.05587398645,0.000413741839752506,0.0008871632605630241,0.7943282347242815,0.7
nan,0.0,0.0,0.0,0.0,0.0,0.0,0.0,0.0,0.0,0.6635347668966453,False,False,-316.0,0.0,2359365.292294537,2.0099369447477593,328972.4743141442,0.0005131865397676166,0.0008978063070606775,0.7943282347242815,0.7
nan,0.0,0.0,0.0,0.0,0.0,0.0,0.0,0.0,0.0,0.6612040812224352,False,False,-314.0,0.0,2345249.985445253,2.1494475723287505,319920.35550610477,0.0006321155075936422,0.000908641070138225,0.7943282347242815,0.7
nan,0.0,0.0,0.0,0.0,0.0,0.0,0.0,0.0,0.0,1.7227620292910355,False,False,-312.0,0.0,2331135.97289804,2.2898785095176803,311164.1787448569,0.0007733181664477339,0.0009196721032515017,0.7943282347242815,0.7
nan,0.0,0.0,0.0,0.0,0.0,0.0,0.0,0.0,0.0,0.9310998728153187,False,False,-310.0,0.0,2317023.3483118652,2.43124648529157,302697.03989790124,0.0009397873632261359,0.0009309040933568989,0.7943282347242815,0.7
nan,0.0,0.0,0.0,0.0,0.0,0.0,0.0,0.0,0.0,0.6260833179734586,False,False,-308.0,0.0,2302912.2072070967,2.57356862953685,294511.7145142253,0.0011347047029345663,0.0009423418655394575,0.7943282347242815,0.7
nan,0.0,0.0,0.0,0.0,0.0,0.0,0.0,0.0,0.0,0.4084096833345172,False,False,-306.0,0.0,2288802.6470219386,2.716862484907476,286600.71896021627,0.001361422144384024,0.0009539903878248375,0.7943282347242815,0.7
nan,0.0,0.0,0.0,0.0,0.0,0.0,0.0,0.0,0.0,0.5079469876992592,False,False,-304.0,0.0,2274694.7671709172,2.8611460190979083,278956.36883035325,0.001623440259182798,0.0009658547761833215,0.7943282347242815,0.7
nan,0.0,0.0,0.0,0.0,0.0,0.0,0.0,0.0,0.0,0.3661819908355326,False,False,-302.0,0.0,2260588.669105491,3.006437637547322,271570.83403098345,0.001924383655797566,0.0009779402997344114,0.7943282347242815,0.7
nan,0.0,0.0,0.0,0.0,0.0,0.0,0.0,0.0,0.0,0.7773379238078642,False,False,-300.0,0.0,2246484.456376888,3.152756196592469,264436.1900834765,0.002267974144432777,0.0009902523861609878,0.7943282347242815,0.7
nan,0.0,0.0,0.0,0.0,0.0,0.0,0.0,0.0,0.0,0.7936921510238865,False,False,-298.0,0.0,2232382.2347012404,3.300121017087251,257544.46533102798,0.002658002265009324,0.0010027966273424681,0.7943282347242815,0.7
nan,0.0,0.0,0.0,0.0,0.0,0.0,0.0,0.0,0.0,0.6376796630266302,False,False,-296.0,0.0,2218282.1120271473,3.4485518985079655,250887.68386129657,0.0030982978195993028,0.0010155787852168057,0.7943282347242815,0.7
nan,0.0,0.0,0.0,0.0,0.0,0.0,0.0,0.0,0.0,0.7736577516387729,False,False,-294.0,0.0,2204184.198605737,3.598069133564231,244457.90406887874,0.0035927000441438057,0.001028604797881713,0.7943282347242815,0.7
nan,0.0,0.0,0.0,0.0,0.0,0.0,0.0,0.0,0.0,1.4989276660369146,False,False,-292.0,0.0,2190088.607063356,3.748693523336084,238247.25287805643,0.004145028025090192,0.0010418807859459774,0.7943282347242815,0.7
nan,0.0,0.0,0.0,0.0,0.0,0.0,0.0,0.0,0.0,1.3350065136148923,False,False,-290.0,0.0,2175995.4524769937,3.9004463929588793,232247.95572656774,0.004759051918592767,0.0010554130591422489,0.7943282347242815,0.7
nan,0.0,0.0,0.0,0.0,0.0,0.0,0.0,0.0,0.0,1.2305781357435663,False,False,-288.0,0.0,2161904.852452563,4.053349607878907,226452.36247490477,0.005438465467540121,0.001069208123213302,0.7943282347242815,0.7
nan,0.0,0.0,0.0,0.0,0.0,0.0,0.0,0.0,0.0,0.9340254564259197,False,False,-286.0,0.0,2147816.9272061526,4.207425590703168,220852.9694547449,0.006186860239312788,0.0010832726870843193,0.7943282347242815,0.7
nan,0.0,0.0,0.0,0.0,0.0,0.0,0.0,0.0,0.0,0.9937810882327066,False,False,-284.0,0.0,2133731.7996483906,4.3626973386681085,215442.43790537826,0.0070077019291593145,0.0010976136703343801,0.7943282347242815,0.7
nan,0.0,0.0,0.0,0.0,0.0,0.0,0.0,0.0,0.0,1.2841674054307222,False,False,-282.0,0.0,2119649.5954720583,4.519188441753491,210213.60907009148,0.007904308994296774,0.0011122382109810093,0.7943282347242815,0.7
nan,0.0,0.0,0.0,0.0,0.0,0.0,0.0,0.0,0.0,1.182200292755256,False,False,-280.0,0.0,2105570.4432430915,4.676923101468205,205159.5162374233,0.008879833805574916,0.0011271536735923174,0.7943282347242815,0.7
nan,0.0,0.0,0.0,0.0,0.0,0.0,0.0,0.0,0.0,1.2089095479549743,False,False,-278.0,0.0,2091494.4744951213,4.835926150336571,200273.39401607105,0.009937246429582084,0.0011423676577419985,0.7943282347242815,0.7
nan,0.0,0.0,0.0,0.0,0.0,0.0,0.0,0.0,0.0,1.0789404398362823,False,False,-276.0,0.0,2077421.8238277144,4.996223072115024,195548.68512953192,0.011079321086316488,0.001157888006823225,0.7943282347242815,0.7
nan,0.0,0.0,0.0,0.0,0.0,0.0,0.0,0.0,0.0,1.2700461743016223,False,False,-274.0,0.0,2063352.6290084906,5.15784002277,190979.04500796006,0.012308625267533178,0.0011737228172382487,0.7943282347242815,0.7
nan,0.0,0.0,0.0,0.0,0.0,0.0,0.0,0.0,0.0,0.5444094433114327,False,False,-272.0,0.0,2049287.0310792683,5.320803852249822,186558.34444247728,0.013627511449242565,0.0011898804479814307,0.7943282347242815,0.7
nan,0.0,0.0,0.0,0.0,0.0,0.0,0.0,0.0,0.0,0.8079599428461505,False,False,-270.0,0.0,2035225.1744664467,5.485142127084718,182280.67055118197,0.015038111289208978,0.0012063695306342432,0.7943282347242815,0.7
nan,0.0,0.0,0.0,0.0,0.0,0.0,0.0,0.0,0.0,1.2534691924946053,False,False,-268.0,0.0,2021167.207095808,5.650883153850658,178140.3262892892,0.01654233216610432,0.00122319897979177,0.7943282347242815,0.7
nan,0.0,0.0,0.0,0.0,0.0,0.0,0.0,0.0,0.0,1.0171187478111405,False,False,-266.0,0.0,2007113.280511937,5.8180560035343705,174131.82871679487,0.018141855891383084,0.001240378003941215,0.7943282347242815,0.7
nan,0.0,0.0,0.0,0.0,0.0,0.0,0.0,0.0,0.0,0.6687548025424125,False,False,-264.0,0.0,1993063.5500024904,5.986690536839172,170249.9062184105,0.019838139406814892,0.0012579161168139329,0.7943282347242815,0.7
nan,0.0,0.0,0.0,0.0,0.0,0.0,0.0,0.0,0.0,0.6273445143772507,False,False,-262.0,0.0,1979018.1747275204,6.1568174304722305,166489.49485166997,0.021632417269425244,0.001275823149233635,0.7943282347242815,0.7
nan,0.0,0.0,0.0,0.0,0.0,0.0,0.0,0.0,0.0,0.7774309014402567,False,False,-260.0,0.0,1964977.3178541055,6.328468204456607,162845.73398065288,0.023525705720485415,0.0012941092614845327,0.7943282347242815,0.7
nan,0.0,0.0,0.0,0.0,0.0,0.0,0.0,0.0,0.0,1.050249051214214,False,False,-258.0,0.0,1950941.1466965305,6.501675250513423,159313.96133544398,0.025518808135049125,0.0013127849562244074,0.7943282347242815,0.7
nan,0.0,0.0,0.0,0.0,0.0,0.0,0.0,0.0,0.0,1.2068786060230448,False,False,-256.0,0.0,1936909.8328622838,6.676471861561057,155889.70762091083,0.027612321652675673,0.0013318610919688426,0.7943282347242815,0.7
nan,0.0,0.0,0.0,0.0,0.0,0.0,0.0,0.0,0.0,0.8721640323603862,False,False,-254.0,0.0,1922883.5524041408,6.8528922623815145,152568.69078295585,0.02980664479752008,0.0013513488971742223,0.7943282347242815,0.7
nan,0.0,0.0,0.0,0.0,0.0,0.0,0.0,0.0,0.0,0.721938674658048,False,False,-252.0,0.0,1908862.4859786353,7.030971641505627,149346.81002651792,0.03210198590588878,0.0013712599849484493,0.7943282347242815,0.7
nan,0.0,0.0,0.0,0.0,0.0,0.0,0.0,0.0,0.0,0.8915835949551452,False,False,-250.0,0.0,1894846.8190112207,7.2107461843718434,146220.13966652547,0.03449837219138104,0.0013916063684198368,0.7943282347242815,0.7
nan,0.0,0.0,0.0,0.0,0.0,0.0,0.0,0.0,0.0,0.8334177926788955,False,False,-248.0,0.0,1880836.7418684433,7.392253107815991,143184.92288134267,0.03699565929095075,0.0014124004767961777,0.7943282347242815,0.7
nan,0.0,0.0,0.0,0.0,0.0,0.0,0.0,0.0,0.0,1.27144582872729,False,False,-246.0,0.0,1866832.450037475,7.5755306959515964,140237.56542805675,0.03959354114892486,0.0014336551721475608,0.7943282347242815,0.7
nan,0.0,0.0,0.0,0.0,0.0,0.0,0.0,0.0,0.0,0.6558653672259982,False,False,-244.0,0.0,1852834.144313359,7.760618337504369,137374.62936927023,0.04229156011047515,0.0014553837669482655,0.7943282347242815,0.7
nan,0.0,0.0,0.0,0.0,0.0,0.0,0.0,0.0,0.0,0.5901012542481259,False,False,-242.0,0.0,1838842.0309943585,7.947556564666374,134592.82685311403,0.04508911710992338,0.0014776000424147782,0.7943282347242815,0.7
nan,0.0,0.0,0.0,0.0,0.0,0.0,0.0,0.0,0.0,0.8209343802767279,False,False,-240.0,0.0,1824856.3220857931,8.136387093539453,131889.01398061306,0.047985481853303424,0.0015003182676788958,0.7943282347242815,0.7
nan,0.0,0.0,0.0,0.0,0.0,0.0,0.0,0.0,0.0,0.8751756076507942,False,False,-238.0,0.0,1810877.2355128063,8.327152866240754,129260.18478854655,0.05097980290744608,0.001523553219836762,0.7943282347242815,0.7
nan,0.0,0.0,0.0,0.0,0.0,0.0,0.0,0.0,0.0,1.3024485005020394,False,False,-236.0,0.0,1796904.9953424884,8.519898094746038,126703.4653699834,0.054071117620721525,0.0015473202049167932,0.7943282347242815,0.7
nan,0.0,0.0,0.0,0.0,0.0,0.0,0.0,0.0,0.0,0.865298408422432,False,False,-234.0,0.0,1782939.8320158517,8.714668306551873,124216.10815003465,0.05725836181209215,0.0015716350798114969,0.7943282347242815,0.7
nan,0.0,0.0,0.0,0.0,0.0,0.0,0.0,0.0,0.0,0.5709843317508084,False,False,-232.0,0.0,1768981.9825901273,8.911510392239412,121795.48633038564,0.06054037917564865,0.0015965142752204927,0.7943282347242815,0.7
nan,0.0,0.0,0.0,0.0,0.0,0.0,0.0,0.0,0.0,0.8391922759987009,False,False,-230.0,0.0,1755031.6909919335,9.110472655029193,119439.08851229526,0.06391593035799019,0.0016219748196542945,0.7943282347242815,0.7
nan,0.0,0.0,0.0,0.0,0.0,0.0,0.0,0.0,0.0,1.264310735656572,False,False,-228.0,0.0,1741089.2082818605,9.311604862418367,117144.51350498029,0.0673837016743748,0.001648034364550857,0.7943282347242815,0.7
nan,0.0,0.0,0.0,0.0,0.0,0.0,0.0,0.0,0.0,1.425031042882482,False,False,-226.0,0.0,1727154.7929310587,9.5149582999979,114909.46532356588,0.0709423134377338,0.0016747112105594156,0.7943282347242815,0.7
nan,0.0,0.0,0.0,0.0,0.0,0.0,0.0,0.0,0.0,1.3730225966568739,False,False,-224.0,0.0,1713228.7111104543,9.720585827551814,112731.74837883108,0.07459032788139469,0.0017020243350487254,0.7943282347242815,0.7
nan,0.0,0.0,0.0,0.0,0.0,0.0,0.0,0.0,0.0,1.4870645854809421,False,False,-222.0,0.0,1699311.2369932462,9.928541937544546,110609.26285896926,0.07832625666285499,0.0017299934208995435,0.7943282347242815,0.7
0.1664236085855743,6.265022454077674e-06,1.042647644677257e-06,5.445113851530869e-12,500.22384160167496,83.24905681988947,0.0,0.0,4.0164717185383764e-05,4.265041079412152e-05,1.061887491881614,False,True,-220.0,0.0,1685402.6530713835,10.138882816109167,108540.00030222438,0.08214856794116303,0.0017586388866439812,0.7943282347242815,0.7
0.13966991792979863,7.557626336206804e-06,1.055573050122089e-06,6.863418154835472e-12,603.4303798586974,84.28107163121147,0.0,0.0,4.277704427155154e-05,5.557653895207948e-05,1.299214097151638,False,True,-218.0,0.0,1671503.2504867471,10.35166640665363,106522.03935809508,0.08605569302499952,0.0017879819180172678,0.7943282347242815,0.7
0.19296604564956613,5.356173392684664e-06,1.0335595993997803e-06,4.467690945416163e-12,427.6577858120126,82.5234318193932,0.0,0.0,4.551317536379667e-05,3.3561867370319245e-05,0.7374099280494488,False,True,-216.0,0.0,1657613.3293778314,10.566952476208714,104553.5417336855,0.09004603259273228,0.0018180445009904347,0.7943282347242815,0.7
0.17038370293921115,6.11033090005941e-06,1.0411008049360051e-06,5.2775956563736705e-12,487.87266425449957,83.12555109850015,0.0,0.0,4.837735401375484e-05,4.110348568206642e-05,0.8496431133951583,False,True,-214.0,0.0,1643733.1992427255,10.784802684646566,102632.74832111484,0.094117962488848,0.0018488494563555192,0.7943282347242815,0.7
0.16898706153235607,6.164007688350901e-06,1.0416375465172696e-06,5.335669511453966e-12,492.1584285020856,83.1684066409496,0.0,0.0,5.13739857504909e-05,4.164025685923693e-05,0.8105319501872412,False,True,-212.0,0.0,1629863.1793192853,11.005280656905772,100757.97550121388,0.09826983910406187,0.0018804204759380206,0.7943282347242815,0.7
0.13743076420820263,7.690424896828717e-06,1.0569009706569585e-06,7.011004835262447e-12,614.0335351770364,84.38709798884437,0.0,0.0,5.4507647773804884e-05,5.69045346829721e-05,1.0439734056973764,False,True,-210.0,0.0,1616003.5989834056,11.228452058365017,98927.61161841667,0.10250000434835413,0.001912782160514558,0.7943282347242815,0.7
0.12090328755417142,8.836493324293964e-06,1.0683610933576292e-06,8.299206911550235e-12,705.5401108880176,85.30211890769597,0.0,0.0,5.7783099040643836e-05,6.83653136633043e-05,1.1831368479426325,False,True,-208.0,0.0,1602154.7981663751,11.454384673514465,97140.11362115161,0.10680679022854712,0.0019459600595169606,0.7943282347242815,0.7
0.1613510948913527,6.4749932463599925e-06,1.044747249714299e-06,5.673252937412944e-12,516.9887290557091,83.41669747962754,0.0,0.0,6.120529076531758e-05,4.475013209218585e-05,0.7311481006400813,False,True,-206.0,0.0,1588317.1277923428,11.683148488080692,95394.00386216152,0.1111885230426494,0.0019799807126073213,0.7943282347242815,0.7
0.17017511867877932,6.118287909633414e-06,1.0411803711328069e-06,5.286200882473693e-12,488.50798295063277,83.13190397415504,0.0,0.0,6.4779377356208e-05,4.1183056264325625e-05,0.635743317473843,False,True,-204.0,0.0,1574490.9502370027,11.914815774769306,93687.86705271964,0.11564352720492616,0.0020148716932118713,0.7943282347242815,0.7
0.144084133300228,7.308820846688115e-06,1.0530851171416957e-06,6.587846268261803e-12,583.5647786272734,84.08242535305013,0.0,0.0,6.851072781304652e-05,5.308846556248677e-05,0.7748927395335176,False,True,-202.0,0.0,1560676.639808645,12.149461182796115,92020.34736481801,0.12017012871599334,0.002050661654104888,0.7943282347242815,0.7
0.15463910012991278,6.775465065387966e-06,1.0477518206732558e-06,6.001242311056976e-12,540.9795716598547,83.65659415014561,0.0,0.0,7.240493761042789e-05,4.7754870189544056e-05,0.6595526736931586,False,True,-200.0,0.0,1546874.5832528127,12.387161831386141,90390.14567534582,0.12476665829279597,0.0020873803751371533,0.7943282347242815,0.7
0.10578219055831009,1.0231499935933906e-05,1.0823104759202979e-06,9.902314256540655e-12,816.9228826895911,86.41589204811432,0.0,0.0,7.646784109472913e-05,8.231551278085733e-05,1.0764723000206589,False,True,-198.0,0.0,1533085.1802818696,12.627997407428841,88796.01694631492,0.1294314541735656,0.0021250588132066925,0.7943282347242815,0.7
0.11100738258251919,9.702218895814147e-06,1.0770179248669878e-06,9.289541115892485e-12,774.6630189594437,85.99331411816027,0.0,0.0,8.07055244230705e-05,7.702264962643665e-05,0.9543665093193909,False,True,-196.0,0.0,1519308.8441308567,12.872050267484555,87236.76773526586,0.13416286461290514,0.002163729154572737,0.7943282347242815,0.7
0.11404927015206624,9.418575194829451e-06,1.074181626842654e-06,8.963436469295718e-12,752.0157989705779,85.76685301541737,0.0,0.0,8.512433907426818e-05,7.418618549886641e-05,0.8715038061457536,False,True,-194.0,0.0,1505546.002141111,13.11940554434848,85711.25383015464,0.13895925008185234,0.0022034248696168124,0.7943282347242815,0.7
0.10484802054630485,1.0332270737319176e-05,1.0833181345564253e-06,1.0019609842911627e-11,824.9688167240988,86.49634744594911,0.0,0.0,8.973091596336696e-05,8.332323115595484e-05,0.9285899989026292,False,True,-192.0,0.0,1491797.0963732032,13.370151258385874,84218.3780030075,0.14381898518796682,0.0022441807701576795,0.7943282347242815,0.7
0.1053379184223451,1.0279178205435855e-05,1.0827872352529499e-06,9.957785931862395e-12,820.7297017881663,86.45395837375747,0.0,0.0,9.453218019222359e-05,8.279230036549517e-05,0.8758107577456025,False,True,-190.0,0.0,1478062.584250835,13.624378433861997,82757.08787702661,0.14874046032938334,0.002286033069429452,0.7943282347242815,0.7
0.08217242108433018,1.3578508546648666e-05,1.1157789219923904e-06,1.390574543537157e-11,1084.161111666075,89.08814339108022,0.0,0.0,9.953536647024739e-05,0.000115785997354297,1.1632648922723077,False,True,-188.0,0.0,1464342.9392374628,13.882181220500451,81326.37390178365,0.15372208309695723,0.002329019444834354,0.7943282347242815,0.7
0.08984571059580607,1.2273602033442619e-05,1.1027304962647824e-06,1.2318536310346339e-11,979.9722833336037,88.04630616030224,0.0,0.0,0.00010474803524038687,0.000102736763547117,0.980798955430007,False,True,-186.0,0.0,1450638.6515474957,14.143657020512862,79925.26743143094,0.1587622794377538,0.0023731791035834534,0.7943282347242815,0.7
0.09509912270247833,1.1515921857620907e-05,1.0951540657700428e-06,1.141241192794553e-11,919.4761412953122,87.44137438304419,0.0,0.0,0.00011017808954649883,9.515987166357426e-05,0.86369142953249,False,True,-184.0,0.0,1436950.2288940393,14.408906621352763,78552.83890105829,0.16385949459248206,0.0024185528513399673,0.7943282347242815,0.7
0.09512289003948106,1.1512706491929843e-05,1.0951219136886622e-06,1.140859083124838e-11,919.2194139507691,87.43880723539523,0.0,0.0,0.00011583379267929577,9.512771763643206e-05,0.821243226489253,False,True,-182.0,0.0,1423278.1972752865,14.678034334457124,77208.19609647356,0.1690121938189647,0.002465183163980337,0.7943282347242815,0.7
0.07345511724763687,1.5443875372122974e-05,1.1344316762171846e-06,1.623321154959574e-11,1233.0992784922382,90.57745207962378,0.0,0.0,0.00012172378663886373,0.00013443993629993434,1.1044672533791404,False,True,-180.0,0.0,1409623.1018017677,14.95114814024879,75890.48251290365,0.17421886291298055,0.0025131142625881746,0.7943282347242815,0.7
0.04975416746855217,2.4651212018944808e-05,1.226500531093366e-06,2.8730775204980557e-11,1968.2489674443348,97.92858874603031,0.0,0.0,0.000127857111452336,0.00022651514865064601,1.7716272961092887,False,True,-178.0,0.0,1395985.507566817,15.228359839682584,74598.87579833617,0.1794780085369942,0.0025623921917951008,0.7943282347242815,0.7
0.058309063963360795,2.028585258184646e-05,1.182849075746193e-06,2.259619923287791e-11,1619.7016344373799,94.44328620396921,0.0,0.0,0.00013424322538583603,0.00018286057342535968,1.3621586705756643,False,True,-176.0,0.0,1382366.0005627673,15.509785212629884,73332.58627739019,0.1847881583666504,0.00261306490158024,0.7943282347242815,0.7
0.07059133068993412,1.617380826052106e-05,1.1417306474340302e-06,1.7162722498833546e-11,1291.3799688205302,91.16023042536686,0.0,0.0,0.00014089202609008522,0.0001417393805796755,1.00601421182664,False,True,-174.0,0.0,1368765.188645513,15.79554418340323,72090.8555517833,0.19014786106424006,0.0026651823326367067,0.7943282347242815,0.7
0.0725208799655971,1.5674648372774465e-05,1.1367392931449188e-06,1.6525942010216485e-11,1251.5250954418168,90.76170122046844,0.0,0.0,0.00014781387271874244,0.00013674770221358345,0.9251344254661705,False,True,-172.0,0.0,1355183.7025502683,16.08576099373507,70872.95517373855,0.19555568608723167,0.002718796505408193,0.7943282347242815,0.7
0.09035518083711074,1.2195785061416928e-05,1.1019523646748601e-06,1.222494971994915e-11,973.7590726110842,87.98417709755176,0.0,0.0,0.00015501960905840438,0.00010195858430607554,0.6577141106559117,False,True,-170.0,0.0,1341622.19696151,16.380564383531773,69678.18538876009,0.2010102233396189,0.002773961612891858,0.7943282347242815,0.7
0.06774734116257106,1.697034278631176e-05,1.1496956023900395e-06,1.818908283188719e-11,1354.9783937870775,91.7961835118057,0.0,0.0,0.00016252058770816852,0.00014970485784207365,0.9211439606094242,False,True,-168.0,0.0,1328081.351640274,16.680087779733352,68505.87394445416,0.20651008267281398,0.0028307341172945193,0.7943282347242815,0.7
0.09272749574348076,1.1846057669459031e-05,1.0984552621217899e-06,1.1805830345840808e-11,945.8354728473436,87.70495478248515,0.0,0.0,0.00017032869534545976,9.846126834553638e-05,0.5780662391961481,False,True,-166.0,0.0,1314561.8726121704,16.98446949361642,67355.37496220467,0.21205389324226465,0.0028891728506174152,0.7943282347242815,0.7
0.06827668815326492,1.681619668367516e-05,1.1481542168952567e-06,1.7989480286127575e-11,1342.670767406805,91.67311327873932,0.0,0.0,0.00017845637911246428,0.0001481633707749509,0.8302497871571038,False,True,-164.0,0.0,1301064.4934196947,17.293852926885346,66226.06786879578,0.21764030272469712,0.002949339119230026,0.7943282347242815,0.7
0.05102028593686674,2.3890345017011393e-05,1.2188922338983208e-06,2.7634387826249658e-11,1907.4983767728902,97.32111260706202,0.0,0.0,0.00018691667415561403,0.0002189062939584845,1.1711437459893925,False,True,-162.0,0.0,1287589.9764426118,17.608386786900347,65117.35638503819,0.22326797640110024,0.0030112968124752643,0.7943282347242815,0.7
0.05202385597477758,2.3319827287379584e-05,1.2131873361553235e-06,2.6819808350599746e-11,1861.9460148284343,96.86561130824553,0.0,0.0,0.00019572323234631647,0.0002132009819877857,1.0892982883633546,False,True,-160.0,0.0,1274139.114290435,17.928225311396393,64028.66756882872,0.2289355961088454,0.0030751125153259612,0.7943282347242815,0.7
0.050044687523960296,2.447237222038307e-05,1.2247122207391173e-06,2.8472041694555664e-11,1953.9697000157566,97.78580306857498,0.0,0.0,0.00020489035220707768,0.00022472670673769014,1.096814487929448,False,True,-158.0,0.0,1260712.7312712537,18.253528503047082,62959.45091011208,0.2346418590661377,0.0031408556250855984,0.7943282347242815,0.7
0.03801734264612559,3.497774086918413e-05,1.329760759611164e-06,4.474454612195738e-11,2792.759329496614,106.17328835763674,4.898105703601986e-06,391.4661651112924,0.00021443301006163703,0.0003297835160462641,1.5379325969983375,False,True,-156.0,391.4661651112924,1247311.6849414045,18.58446237422741,61909.17747535923,0.24038547657133172,0.0032085984720937877,0.7943282347242815,0.7
0.05698399103117717,2.085796136271889e-05,1.1885698832218132e-06,2.337869014987454e-11,1665.3810321218673,94.90005779792506,0.0,0.0,0.00022436689242042766,0.00018858177893019162,0.8405062658568161,False,True,-154.0,782.9323302225848,1233936.867740788,18.921199202325987,60877.33909940198,0.24616517257850667,0.0032784164443580475,0.7943282347242815,0.7
0.07300480219768228,1.555425672688067e-05,1.1355354356778924e-06,1.6373096299062693e-11,1241.912556612599,90.6655805423207,0.0,0.0,0.000234708429604781,0.00013554376695585553,0.5774985039271657,False,True,-152.0,782.9323302225848,1220589.208718848,19.263917795948398,59863.44762247836,0.2519796821506551,0.0033503881159876077,0.7943282347242815,0.7
0.05552104734951928,2.152828193106513e-05,1.1952727604484674e-06,2.430375360876449e-11,1718.9020421837758,95.4352416732708,0.0,0.0,0.00024547483060228744,0.0001952851266785185,0.795540325659354,False,True,-150.0,782.9323302225848,1207269.6753565918,19.612803772344225,58867.03417062336,0.2578277497903558,0.0034245953792502322,0.7943282347242815,0.7
0.04400727977882076,2.8816958488477064e-05,1.268155954577074e-06,3.4936681359586626e-11,2300.8584221433784,101.25452031471973,1.8871844264587147e-06,150.8274616736565,0.0002566841191340529,0.0002681737270500153,1.0447616625240534,False,True,-148.0,933.7597918962413,1193979.2754902763,19.968049846371805,57887.648477523726,0.26370812764790746,0.003501123580009233,0.7943282347242815,0.7
0.04071802897636804,3.190259565444535e-05,1.2990108142790588e-06,3.9755021807670765e-11,2547.227734985178,103.7180927225348,3.3741232341004922e-06,269.66651252440226,0.00026835517089925223,0.0002990310355307291,1.1143106895562427,False,True,-146.0,1354.2537660943,1180719.059342739,20.329856131293887,56924.85824618052,0.26961957360565614,0.0035800616562225098,0.7943282347242815,0.7
0.03520288525175409,3.888370030731504e-05,1.3688184400820067e-06,5.1352060457090425e-11,3104.626373805525,109.29180598664529,6.881256764425699e-06,549.963467455369,0.0002805077519449928,0.00036884455297986373,1.314917503785042,False,True,-144.0,2173.8837460740715,1167490.1216686736,20.698430451668738,55978.24854879127,0.2755608492368642,0.0036615022790976973,0.7943282347242815,0.7
0.03327140938317198,4.211089408287304e-05,1.4010887965226636e-06,5.7039253083110564e-11,3362.2981187730043,111.86839717796565,8.551632324520749e-06,683.463141487551,0.0002931625580886479,0.0004011177977146552,1.3682436131334454,False,True,-142.0,3407.3103550169917,1154293.6040204733,21.073988668562563,55047.421263377604,0.28153071763680604,0.0037455419963952495,0.7943282347242815,0.7
0.034953825531110295,3.9271784024745304e-05,1.372699087096392e-06,5.2025060854852814e-11,3135.6124922782005,109.60165198826216,7.08074063890826e-06,565.9066079408435,0.000306341255294904,0.0003727255418144475,1.2167004455721697,False,True,-140.0,4656.680104445386,1141130.697141656,21.456755017266364,54131.99454583491,0.2875279411228586,0.003832281377252197,0.7943282347242815,0.7
0.030303501199530184,4.8266396514178515e-05,1.4626408046644082e-06,6.845873504167694e-11,3853.7774543613364,116.78294971096113,1.179876016770949e-05,942.9799345744013,0.0003200665208814668,0.00046267560374176623,1.4455607617677488,False,True,-138.0,6165.566646960631,1128002.6434951879,21.8469624576394,53231.60233609451,0.2935512788002747,0.003921825157761839,0.7943282347242815,0.7
0.031455775520186274,4.567432711547459e-05,1.436721380779926e-06,6.355856549191404e-11,3646.8165181760396,114.71344175905281,1.0422861043095286e-05,833.0153918540154,0.0003343620853927036,0.0004367536921931482,1.306229717045182,False,True,-136.0,7941.561973389048,1114910.739934453,22.244853037136714,52345.893897309,0.29959948398892505,0.004014282386384945,0.7943282347242815,0.7
0.03591466723061221,3.781572619059723e-05,1.358139222219246e-06,4.9515415040525036e-11,3019.3551526229044,108.43913555748594,6.334432913454374e-06,506.26023831237296,0.0003492527749418962,0.00035816440223196595,1.0255162676704639,False,True,-134.0,9280.837603555436,1101856.3405249296,22.6506782664906,51474.533386940035,0.30567130150647726,0.004109766568084623,0.7943282347242815,0.7
0.03143645221827595,4.5715498043846146e-05,1.437133069890057e-06,6.363535714676883e-11,3650.103765764262,114.74631262419732,1.0444624379890005e-05,834.7547601956968,0.0003647645537759074,0.0004371654202907432,1.1984865737785342,False,True,-132.0,10621.852602063505,1088840.8595250384,23.064699507918615,50617.19945884806,0.31176546480201206,0.004208395805865285,0.7943282347242815,0.7
0.031784595849468786,4.498492669775553e-05,1.429827714406138e-06,6.22776884096892e-11,3591.772098482256,114.1630245336569,1.0058898915194104e-05,803.9268284221473,0.000380924566764026,0.00042985937549915374,1.1284632523200893,False,True,-130.0,12260.53419068135,1075865.7745349887,23.487188375609886,49773.58489540711,0.3178806929345816,0.004310292938153254,0.7943282347242815,0.7
0.02474195183416808,6.647477407123377e-05,1.6447156582576712e-06,1.0663055632149408e-10,5307.605375599777,131.32051655786128,2.170078961729285e-05,1734.3694492181758,0.00039776118144953953,0.0006447698261694693,1.6209973628391026,False,True,-128.0,14798.830468321674,1062932.629822791,23.918427148100537,48943.39626895271,0.32401568738923386,0.004415585670178217,0.7943282347242815,0.7
0.02879038555449883,5.215299772672416e-05,1.5015049123752896e-06,7.605544854115005e-11,4164.098862395224,119.88601173540849,1.3881244402584926e-05,1109.4161380095193,0.0004153040292328925,0.0005015435674159554,1.2076539886751299,False,True,-126.0,17642.61605554937,1050043.0398369753,24.358709191983262,48126.353631763326,0.3301691287237471,0.004524406697196126,0.7943282347242815,0.7
0.03985261979868173,3.2827417197633695e-05,1.3082585765500017e-06,4.123588642592137e-11,2621.069096053016,104.45647015107525,3.828469064665252e-06,305.9787178315878,0.0004335840451726139,0.0003082795502908528,0.7110029848264454,False,True,-124.0,19058.010911390476,1037198.6929158471,24.80833939619966,47322.190233956004,0.3363396730380508,0.004636893817030879,0.7943282347242815,0.7
0.0301888488074006,4.854049453561025e-05,1.4653816505719928e-06,6.898468089679302e-11,3875.662510043261,117.00178954420672,1.1944898994151971e-05,954.6596347326141,0.00045263350579625246,0.00046541671663539227,1.0282418572099565,False,True,-122.0,20318.649263954678,1024401.3552034198,25.267634615936995,46530.65226873195,0.342525948257883,0.0047531900289982144,0.7943282347242815,0.7
0.03264153636725718,4.328236678733635e-05,1.4128029495498038e-06,5.915472346548258e-11,3455.833071098153,112.80370086942044,9.163955180189838e-06,732.4011788889284,0.0004724860642062027,0.0004128330249600178,0.873746457799968,False,True,-120.0,22005.71007757622,1011652.8747824098,25.73692412488467,45751.49864444166,0.34872655022400945,0.004873443615804869,0.7943282347242815,0.7
0.03496101258654675,3.9260476673037285e-05,1.3725860191198814e-06,5.2005409884776826e-11,3134.7096691915817,109.59262419977668,7.074922720991197e-06,565.4416285888769,0.000493176781642172,0.00037261246385723347,0.7555352922668309,False,True,-118.0,23303.552885054025,998955.1860348524,26.216550074297977,44984.50078302358,0.35494003857773065,0.004997808204483323,0.7943282347242815,0.7
0.02434196615112098,6.832863770870663e-05,1.6632533862575454e-06,1.1088521454137383e-10,5455.625083005415,132.8006411037244,2.2725413018732015e-05,1816.2593507263675,0.0005147421545218707,0.0006633097121641462,1.2886252006701795,False,True,-116.0,25685.253864369268,986310.3142410463,26.70686795696018,44229.44244443215,0.3611649324329946,0.0051264428018195,0.7943282347242815,0.7
0.027235677174936003,5.685721658183828e-05,1.5485447958883657e-06,8.5650390784874e-11,4539.7020537147755,123.6418596053696,1.642769930433344e-05,1312.9337824497518,0.0005372201358224987,0.0005485883201464721,1.0211611284945015,False,True,-114.0,28814.446997545387,973720.3804275317,27.20824707372281,43486.11957671483,0.36739970582518283,0.005259511799051482,0.7943282347242815,0.7
0.026182762984098707,6.0556458648708396e-05,1.5855354039555062e-06,9.350331772558082e-11,4835.063976400288,126.59533410704256,1.84465433536483e-05,1474.2837380788965,0.0005606501494858333,0.0005855829126507501,1.0444711611827489,False,True,-112.0,31601.664518074034,961187.6064747515,27.7210709998317,42754.34019140949,0.37364278292671727,0.005397184939853147,0.7943282347242815,0.7
0.027056339800321072,5.745501957765792e-05,1.5545225329272123e-06,8.690107871134222e-11,4587.432977790755,124.11914545830543,1.6753047317083937e-05,1338.9362304541621,0.0005850730963257307,0.000554566691805185,0.9478588150572528,False,True,-110.0,34414.884486607094,948714.3204948156,28.24573804770495,42033.92426402979,0.3798925330190628,0.005539637244760322,0.7943282347242815,0.7
0.022770851485110783,7.673434239017929e-05,1.7473063143744134e-06,1.3103034889959602e-10,6126.769347524169,139.51175489600195,2.7396804725943417e-05,2189.606090877351,0.0006105313496887609,0.0007473728562044632,1.2241351022932105,False,True,-108.0,37943.42680793861,936302.9624894056,28.7826617222092,41324.70365938252,0.3861472652111871,0.0056870488842408065,0.7943282347242815,0.7
0.025623137961993437,6.272553932638419e-05,1.607225147900387e-06,9.823397243679909e-11,5008.251842411007,128.32712790650504,1.9636037598120848e-05,1569.3504390615217,0.0006370687388620647,0.000607275056552937,0.9532331748653288,False,True,-106.0,41702.38333787748,923956.0902972687,29.332271163775015,40626.52208151485,0.3924052228944676,0.005839604991545832,0.7943282347242815,0.7
0.02073550196005119,9.128178319970933e-05,1.8927735944545408e-06,1.6920087950142677e-10,7288.293792257768,151.12643021478988,3.555628485192352e-05,2841.727663482512,0.0006647305179372683,0.0008928594863522911,1.3431901533916812,False,True,-104.0,46113.46144042151,911676.3858399305,29.89501157389039,39939.23504805389,0.3986645779248464,0.005997495405302007,0.7943282347242815,0.7
0.02114661966932263,8.791521026900795e-05,1.8591095147072385e-06,1.5999474870331188e-10,7019.493471624985,148.43855871574672,3.3661254592894335e-05,2690.273147560882,0.0006935633175211894,0.0008591907403762191,1.2388064920258266,False,True,-102.0,51645.4622514649,899466.6616731434,30.471344616603037,39262.70988875104,0.40492342452322194,0.006160914330504252,0.7943282347242815,0.7
0.02689536174185101,5.8002431903839534e-05,1.5599963879608443e-06,8.80525491654154e-11,4631.140514156319,124.5561994055761,1.7051286651803016e-05,1362.7721000153201,0.0007236150763340282,0.0005600411310994059,0.7739489535467958,False,True,-100.0,55698.5074990411,887329.8678501269,31.06174878863554,38596.825767991046,0.41117977288631247,0.006330059905147004,0.7943282347242815,0.7
0.021452809597616928,8.556490486237749e-05,1.8356076122507911e-06,1.5370071110000903e-10,6831.8359160360715,146.56207510888268,3.234046930432768e-05,2584.713410156608,0.0007549349493514918,0.0008356856474767922,1.1069637830314616,False,True,-98.0,59645.99300921303,875269.0991007988,31.666719749563164,37941.47373096712,0.4174315425017392,0.006505133658181472,0.7943282347242815,0.7
0.02930820525350284,5.075436103801666e-05,1.4875192308125797e-06,7.32872344543385e-11,4052.4262510744225,118.76934034117221,1.3129382917464915e-05,1049.3259010719275,0.0007875731887265984,0.00048755648084181005,0.6190618063447847,False,True,-96.0,63280.03232044157,863287.6023289069,32.286770602212094,37296.55677325399,0.42367655516197394,0.00668633984281189,0.7943282347242815,0.7
0.02011842356545798,9.68483903240677e-05,1.948436938172396e-06,1.849155290021303e-10,7732.7534284114145,155.57080880002817,3.869696911203729e-05,3092.7372777152145,0.0008215809932761031,0.0009485307943224326,1.1545189118118588,False,True,-94.0,67422.09549922872,851388.7844260371,32.92243211198726,36661.98993329954,0.4299125276752126,0.0068738846273515945,0.7943282347242815,0.7
0.01981278701743611,9.986475353423634e-05,1.978599092322575e-06,1.9368712759772674e-10,7973.591638284783,157.97907289334586,4.040217807395688e-05,3229.0209051888273,0.0008570103218287204,0.0009786973935074247,1.1419902054610542,False,True,-92.0,73743.85368213276,839576.2203980371,33.57425285223803,36037.70040740937,0.4361370642724576,0.007067975123959597,0.7943282347242815,0.7
0.02160925002134869,8.441192383374796e-05,1.8240783669065022e-06,1.5065306074850144e-10,6739.77741127213,145.6415351684177,3.169324284681458e-05,2532.9858087912685,0.0008939136652217282,0.0008241548572069145,0.9219624772180761,False,True,-90.0,79505.86039611285,827853.6617950958,34.24279926099028,35423.62768653083,0.4423476487147173,0.007268818233593729,0.7943282347242815,0.7
0.01613846205975869,0.00015963644666876903,2.5762867379186206e-06,4.0466430671217435e-10,12745.996873533715,205.70078695732673,7.448617541496995e-05,5953.080478043256,0.0009323437711961575,0.0015764918892253073,1.6908912119429242,False,True,-88.0,87991.92668294738,816225.045431679,34.928655592423894,34819.72371406391,0.4485416361074661,0.0074766192834748195,0.7943282347242815,0.7
0.020503638219402907,9.329669917393512e-05,1.912921766926832e-06,1.7481817193270141e-10,7449.172546726683,152.7351389319921,3.669211067505079e-05,2932.505079512352,0.0009723533158940835,0.0009130105058168513,0.9389699103122139,False,True,-86.0,96877.51224050298,804694.5023764375,35.632423744338375,34225.953063689754,0.45471624443471126,0.007691580431303109,0.7943282347242815,0.7
0.016008048589678272,0.00016310130636176508,2.6109336372791374e-06,4.1906388758348723e-10,13022.644792826199,208.46713060968253,7.647263550091727e-05,6111.842244131846,0.0010139945151144713,0.001611146078262854,1.5889100525173643,False,True,-84.0,105921.85956414718,793266.3671851112,36.35472294053763,33642.2931359657,0.4608685458308162,0.00791389880845998,0.7943282347242815,0.7
0.018477976967222993,0.00011558699171883864,2.135813770691295e-06,2.42324592962842e-10,9228.916490019272,170.53170633500056,4.9321312760863667e-05,3941.8555525560505,0.0010573186679547098,0.001135936714099709,1.0743560560574221,False,True,-82.0,115975.55736083507,781945.187341035,37.096189244571455,33068.73437216882,0.4669954576148424,0.008143764372545659,0.7943282347242815,0.7
0.024010441592643584,6.994541967033727e-05,1.6794204136675765e-06,1.146513223817828e-10,5584.715264215026,134.09147966297996,2.3620808730789318e-05,1887.8211231475716,0.0011023756249789055,0.000679478649652751,0.6163766997893783,False,True,-80.0,121805.23403653869,770735.732858157,37.857474878624274,32505.28048346223,0.473093733120905,0.008381357437945595,0.7943282347242815,0.7
0.01922873147635209,0.00010618452416315977,2.0417937020776195e-06,2.126492612142174e-10,8478.186787817556,163.02477714929987,4.398158223664272e-05,3515.0938700739234,0.0011492131726362682,0.0010419016113885902,0.9066217097029025,False,True,-78.0,127208.14902976018,759643.0059901684,38.63924731854817,31951.94869314264,0.47915995236651443,0.00862684585181659,0.7943282347242815,0.7
0.018907518005420246,0.00011001342728579243,2.080080857244111e-06,2.2452243801837746e-10,8783.901355189515,166.08177303108104,4.615414677299938e-05,3688.7294669698626,0.0011978763253489718,0.0010801947820674913,0.9017581858901863,False,True,-76.0,134411.97236680397,748672.250976404,39.442188133146374,31408.769989167467,0.485190512612716,0.00888038178209785,0.7943282347242815,0.7
0.019592580869760127,0.0001021571198699318,2.001521632473418e-06,2.0047383641050544e-10,8156.623112346555,159.80929795280443,4.16995315205455e-05,3332.7079240615485,0.0012484065165382495,0.001001623372639016,0.8023214869275538,False,True,-74.0,141433.40975783538,737828.9637403855,40.26699153286711,30875.78938369552,0.4911816188815109,0.009142098084081434,0.7943282347242815,0.7
0.01801069705624479,0.00012232899874500098,2.2032305375899615e-06,2.646809499613331e-10,9767.224641259396,175.91452409401214,5.315893867758527e-05,4248.56610387101,0.0013008406799262674,0.0012033648054721596,0.9250670155398025,False,True,-72.0,149014.68378576793,727118.9014401304,41.11436259014062,30353.066175667664,0.49712927451127054,0.009412104212960766,0.7943282347242815,0.7
0.016337171284959096,0.00015463125098303808,2.5262372333173925e-06,3.842830602308843e-10,12346.362517513986,201.70463919482478,7.161800427794565e-05,5723.850644340788,0.0013552102127993059,0.001526432066275242,1.1263433907587386,False,True,-70.0,158987.10053397974,716548.0917504877,41.985015090772094,29840.67421187865,0.5030292718455707,0.009690481651901055,0.7943282347242815,0.7
0.017682026926039617,0.00012756242530583052,2.2555622390086126e-06,2.8265545674991444e-10,10185.081841004068,180.09289135655106,5.61421495621669e-05,4486.99013866606,0.0014115398136395588,0.0012557056108397691,0.8895998530866928,False,True,-68.0,169197.9413169866,706122.8417367908,42.87966897321417,29338.702141069916,0.5088771831704343,0.009977278828873162,0.7943282347242815,0.7
0.015243558967030424,0.00018687859346475325,2.8486948591556724e-06,5.242940158215459e-10,14921.11618454186,227.45091441297583,9.012233433689766e-05,7202.752808662103,0.0014698461877103363,0.001848960564448968,1.2579279246416932,False,True,-66.0,180887.68426431477,695849.7461558937,43.7990473103307,28847.25365479335,0.5146683520339868,0.010272505501146644,0.7943282347242815,0.7
0.020736347340645257,9.127459599496774e-05,1.8927017259287197e-06,1.6918098652004136e-10,7287.7199377835705,151.12069195122578,3.555223548453315e-05,2841.4040301394693,0.0015301366159280597,0.0008927876077439256,0.5834692134351882,False,True,-64.0,190931.84110311634,685735.6949953064,44.7438727866148,28366.447707830048,0.5203978851045994,0.010576126594372938,0.7943282347242815,0.7
0.017064208985195346,0.00013871794029053587,2.3671119231135536e-06,3.2278005927347647e-10,11075.781691099957,188.99945345132997,6.251171568073956e-05,4996.058291284083,0.0015924073847914213,0.0013672756151387473,0.8586217498092283,False,True,-62.0,198769.3034245399,675787.8800337437,45.71486362296638,27896.418709859972,0.5260606447480717,0.010888055494072586,0.7943282347242815,0.7
0.02258629844589143,7.785945513648525e-05,1.7585568905471503e-06,1.3383296907272545e-10,6216.602739873125,140.41004480232075,2.802484586383639e-05,2239.80036406388,0.0016566420783830679,0.000758624853412013,0.4579292433236113,False,True,-60.0,206005.16207988784,666013.8001772079,46.712728901329115,27437.31667904285,0.5316512425290842,0.011208146801558573,0.7943282347242815,0.7
0.015330421429181468,0.00018383357288727896,2.818246145194135e-06,5.101926421451447e-10,14677.98985862918,225.01977026603706,8.837277422845613e-05,7062.924551019635,0.0017228097376490441,0.00181850471349696,1.0555458758774499,False,True,-58.0,215307.88699497137,656421.265294154,47.73816324305049,26989.307346935675,0.5371640338698813,0.01153618858437251,0.7943282347242815,0.7
0.0160244267708606,0.00016265793048191743,2.60650009570722e-06,4.172079997581606e-10,12987.243932331827,208.113139348955,7.621839906803934e-05,6091.523172345153,0.0017908628974103518,0.001606711597177791,0.8971717486029501,False,True,-56.0,228462.33471833615,647018.3982418701,48.79184079811315,26552.572203019736,0.5425931141263536,0.011871894173641994,0.7943282347242815,0.7
0.01540796212924905,0.00018119796036746203,2.7918913112390253e-06,4.981354846993204e-10,14467.552269729846,222.9154974749286,8.68587726892474e-05,6941.922593856729,0.0018607355179822362,0.0017921437770122438,0.9631372968876455,False,True,-54.0,241495.78048453803,637813.6347447691,49.8744085077811,26127.308465887836,0.5479323163698694,0.012214893587772195,0.7943282347242815,0.7
0.015513827105756946,0.00017771928518180166,2.7571062636691833e-06,4.824321882103953e-10,14189.801267588924,220.13812353042533,8.486096940249423e-05,6782.2542570266605,0.001932340835946432,0.0017573507812525034,0.9094414135236029,False,True,-52.0,255219.9573354214,628815.7207548752,50.98647861114249,25713.728966923554,0.5531752111911192,0.012564724693813771,0.7943282347242815,0.7
0.014676978819515213,0.00020951513199521314,3.0750491546616776e-06,6.348799108020489e-10,16728.505758525116,245.5239247000114,0.00010313957823713576,8243.116340669425,0.002005569167560077,0.002075370823566284,1.0348039135898395,False,True,-50.0,270245.3279331175,620033.7068967225,52.128620376943836,25312.061931316748,0.5583151088665016,0.012920824254748801,0.7943282347242815,0.7
0.013758632321818598,0.00026069928562482255,3.586865617472702e-06,9.223479270850894e-10,20815.248327351685,286.38934842338136,0.00013262520141897236,10599.664878285088,0.0020802857084667036,0.0025873327259080515,1.2437391245720149,False,True,-48.0,289088.10915207205,611476.9395748175,53.30135105644122,24922.550640159898,0.5633450642518627,0.01328251905255551,0.7943282347242815,0.7
0.016000296824555733,0.00016331199923725636,2.613040462807721e-06,4.1994717285897995e-10,13039.467334221521,208.63534778164282,7.659345324834314e-05,6121.498234248069,0.002156328384636591,0.0016132533509386868,0.7481482701952052,False,True,-46.0,305809.2722646052,603155.0483037473,54.50512607114078,24545.452956805093,0.5682578847838382,0.013649017322602756,0.7943282347242815,0.7
0.012710369943242456,0.00036150909597791625,4.594914347726459e-06,1.640286584012307e-09,28864.29699008065,366.8758928955448,0.00019081146456307707,15250.024562933924,0.0022335058215679627,0.0035957445514382394,1.6099105346920295,False,True,-44.0,327180.7950617872,595077.9288112122,55.74032847159263,24181.0407001185,0.5730461419811834,0.014019400783533345,0.7943282347242815,0.7
0.015193429161150053,0.00018868227724824535,2.86673081333569e-06,5.327334113093215e-10,15065.129336581853,228.89097537891988,9.115885076375655e-05,7285.593223967742,0.002311595511290254,0.0018670007898852804,0.8076675961544777,False,True,-42.0,349716.41284868884,587255.7214654307,57.00725773004603,23829.598847318266,0.5777021868391274,0.014392617596547265,0.7943282347242815,0.7
0.015803451856342056,0.00016885084618878756,2.6684262186471215e-06,4.4348296781291187e-10,13481.710489844267,213.05756266739553,7.977053919996834e-05,6375.417142694055,0.0023903422690428086,0.0016686510209779958,0.6980803722498671,False,True,-40.0,363377.42321535066,579698.7845932449,58.30611796079273,23491.42454957928,0.5822181694996399,0.014767476636414707,0.7943282347242815,0.7
0.013570829453793763,0.00027440852572651117,3.723951303301461e-06,1.008154497055628e-09,21909.84755654407,297.33480454847955,0.00014053119754573902,11231.527515070185,0.0024694570828610743,0.0027244618163508156,1.1032634805680837,False,True,-38.0,380984.3678731149,572417.6622869818,59.63700569719515,23166.825944740594,0.5865860635557559,0.015142643500371625,0.7943282347242815,0.7
0.011910540225116367,0.0005128127146743703,6.10787646608021e-06,3.095684312075136e-09,40944.96835995167,487.67669266732133,0.000278261716430943,22239.219326851562,0.0025486164686992466,0.005109442470844611,2.004790651553919,False,True,-36.0,414455.11471503665,565423.0463496511,60.999897393180994,22856.120753297546,0.5907976953071447,0.015516638716233823,0.7943282347242815,0.7
0.013721091132305786,0.000263329071559796,3.6131621886574323e-06,9.385192734572432e-10,21025.22069897922,288.48896928753584,0.00013414155035134864,10720.854443690225,0.002627462449964568,0.0026136374774756764,0.9947382797082113,False,True,-34.0,447415.1884855784,558725.7321022068,62.39463685844905,22559.634646664563,0.5948447782223639,0.015887838632843886,0.7943282347242815,0.7
0.013977634488867852,0.00024634736907309896,3.4433534821980058e-06,8.365074238012754e-10,19669.33530238285,274.9307794956925,0.00012435189311390987,9938.4459355039,0.0027056032821162084,0.002443777165705069,0.903228193822137,False,True,-32.0,468074.48886477255,552336.5678757188,63.82092287940653,22277.69938036363,0.5987189527810406,0.016254479479028975,0.7943282347242815,0.7
0.015499145308809978,0.00017819372363953422,2.7618504158070687e-06,4.84559764821873e-10,14227.682285521445,220.51691515087853,8.51334058131853e-05,6804.027906552332,0.002782615038886096,0.0017620960102741983,0.6332518101316594,False,True,-30.0,484816.9627068288,546266.3981370364,65.27829732007919,22010.65068947628,0.6024118317639803,0.016614665056041922,0.7943282347242815,0.7
0.013217712871457465,0.0003045179410327606,4.025030708778445e-06,1.2096773764220563e-09,24313.900774752317,321.37415922578333,0.00015790390633612964,12619.988299566576,0.0028580441653428576,0.003025643150358846,1.058641145944602,False,True,-28.0,504240.9789129477,540526.0003492497,66.76613403655361,21758.82594949053,0.6059150509293724,0.016966378477649372,0.7943282347242815,0.7
0.01634386240635936,0.0001544681679108095,2.524606482496685e-06,3.8362732929770277e-10,12333.341328605511,201.57443368539384,7.152458038381039e-05,5716.384024430973,0.002931411083275845,0.001524800983469582,0.5201593840484564,False,True,-26.0,522577.35123694525,535126.0158471024,68.28362897211899,21522.561612358913,0.6092203248620701,0.01730749828707728,0.7943282347242815,0.7
0.013373870587904709,0.00029042554396105185,3.884113640356937e-06,1.113121117748816e-09,23188.708797826814,310.12279056274315,0.0001497714204995931,11970.024163245529,0.003002214905404028,0.0028846772462663016,0.9608496850354861,False,True,-24.0,540263.7594246217,530076.8752094852,69.82979182501535,21302.190435239027,0.6123195076102511,0.017635819157929333,0.7943282347242815,0.7
0.014845120199808878,0.00020224501269895337,3.0023515233278355e-06,5.982570046297583e-10,16148.03106271448,239.71946211624396,9.895691246344233e-05,7908.829530736776,0.003069939276474514,0.0020026546597943077,0.6523434112006721,False,True,-22.0,560142.6131186041,525388.7188315297,71.40343969321914,21098.038527700737,0.615204657535479,0.017949077226251005,0.7943282347242815,0.7
0.012372408403134767,0.00041299726303370735,5.1097708076299006e-06,2.0846420773967966e-09,32975.31317724742,407.98404185017665,0.00022056013756816396,17627.5965556917,0.0031340593119214095,0.004110825688918178,1.3116617395469579,False,True,-20.0,585679.0392050325,521071.3136301818,73.00319309770656,20910.42225197907,0.6178681056031319,0.018244979905525583,0.7943282347242815,0.7
0.01271275781929512,0.0003611909388945451,4.591732932690174e-06,1.6377040803939487e-09,28838.89408695568,366.6218763037696,0.00019062768744709048,15235.336737234782,0.003194049549857139,0.0035925618305282713,1.1247670940762196,False,True,-18.0,618541.972497959,517133.96705017576,74.62747476418222,20739.645019653835,0.6203025261400691,0.01852123981165228,0.7943282347242815,0.7
0.013010603778934086,0.0003254632997712141,4.234474037907716e-06,1.3604565125908695e-09,25986.259954415767,338.09693196328533,0.0001699949110719392,13586.324990256837,0.0032493927722245025,0.0032351627344548244,0.9956207086162944,False,True,-16.0,647363.6342254507,513585.4397603268,76.27451150110277,20585.994036664488,0.6225010088930383,0.018775612181063345,0.7943282347242815,0.7
0.013604929317585016,0.0002718131843839985,3.6979991611320027e-06,9.916244985930796e-10,21702.625375596523,295.26268424101767,0.00013903427117251173,11111.890238489914,0.0032995894894425107,0.002698501312830361,0.8178294061926752,False,True,-14.0,672061.8494541975,510433.8586300193,77.94233944778149,20449.737056149388,0.6244571310484455,0.01900593491627236,0.7943282347242815,0.7
0.013860980205115158,0.0002537894767353921,3.5177709132958037e-06,8.805102594747249e-10,20263.542220511696,280.87255760402786,0.00012864151619987555,10281.280982530541,0.0033441678241833855,0.002518216857344634,0.7530174888754451,False,True,-12.0,693455.020675218,507686.63173853623,79.62881288066781,20331.119204838615,0.6261650277318875,0.019210170156938895,0.7943282347242815,0.7
0.013352018364685457,0.000292318587470135,3.903043148240155e-06,1.1258628697503034e-09,23339.856779078877,311.63419634338953,0.00015086373202878977,12057.323831998496,0.0033826934789650074,0.002903613198764735,0.8583731327773585,False,True,-10.0,715793.625489747,505350.3672817714,81.33161666045797,20230.359953038715,0.6276194594071666,0.019386446070826745,0.7943282347242815,0.7
0.012691509943388548,0.00036404180862258193,4.620240233942649e-06,1.6609163133949711e-09,29066.518651387418,368.8980104837721,0.00019227445877697548,15366.949915131543,0.003414779434121369,0.0036210808692790737,1.0604142783268187,False,True,-8.0,743217.8992368771,503430.79828925146,83.04828228122994,20147.65030014405,0.628815874550314,0.01953309740816676,0.7943282347242815,0.7
0.012239664993187063,0.0004374699784443068,5.354485980735081e-06,2.3142625579892625e-09,34929.31027890934,427.52305625693566,0.0002347042873143757,18758.02460174991,0.0034400950021054024,0.0043556569535215155,1.2661443799824632,False,True,-6.0,777342.8737537586,501932.71503943315,84.77620735078158,20083.15024674448,0.6297504659926791,0.01964870328354082,0.7943282347242815,0.7
0.013328850970288606,0.00029435270187410143,3.92338329598169e-06,1.1396332645627154e-09,23502.268411098987,313.25823311526,0.00015203749055685533,12151.132903822037,0.0034583738646723123,0.0029239603113377895,0.845472590805286,False,True,-4.0,808252.0312593306,500859.9069567741,86.51267819578361,20036.986620531934,0.6304202194138222,0.019732120656051396,0.7943282347242815,0.7
0.012559200924940565,0.0003828589322823871,4.808402256442713e-06,1.8181670732047265e-09,30568.95123706396,383.9216006509967,0.00020314518278705403,16235.75938918582,0.0034694207434185984,0.00380932240475384,1.0979707237814917,False,True,-2.0,836638.9235523384,500215.1155888595,88.25489515428653,20009.25131623353,0.6308229526218114,0.019782512079509467,0.7943282347242815,0.7
0.01241740720721447,0.00040531108598789264,5.032912800309981e-06,2.014973488081855e-09,32361.618807072326,401.8473986120672,0.0002161183882433565,17272.603282825137,0.0034731164015361256,0.0040339324572729335,1.1614734408235683,False,True,0.0,870147.2862243494,500000.0000000007,89.99999999999996,20000.0,0.6309573444801932,0.019799366489958153,0.7943282347242815,0.7
0.014131789011487029,0.00023715738885885608,3.3514581818685385e-06,7.836837276835927e-10,18935.571418740274,267.59350010158164,0.00011905627889201534,9515.210113984289,0.0034694207434185984,0.002351855141193888,0.6778812127803457,False,True,2.0,896935.0996211588,500215.1155888594,88.25489515428656,20009.25131623353,0.6308229526218114,0.019782512079509467,0.7943282347242815,0.7
0.0131134502050176,0.00031471397973513215,4.126986102079574e-06,1.2819899366986388e-09,25127.99229416899,329.5146757016511,0.00016378918964579577,13090.35162515472,0.003458373864672383,0.0031276351157237536,0.9043658199227224,False,True,4.0,919540.6613602978,500859.90695677436,86.51267819578365,20036.986620531025,0.6304202194138354,0.019732120656051382,0.7943282347242815,0.7
0.012917880659897423,0.0003358039927498628,4.337875903459787e-06,1.4381003415167592e-09,26811.9012357549,346.35294042843805,0.00017596567717328957,14063.52026735208,0.0034400950021053977,0.003338603865360518,0.9704975773393568,False,True,6.0,946694.5332528047,501932.7150394335,84.77620735078158,20083.15024674448,0.6297504659926791,0.01964870328354079,0.7943282347242815,0.7
0.013286065362398325,0.0002981846957699665,3.961701358066634e-06,1.1657974483545596e-09,23808.22975786737,316.31769672602275,0.0001542488209395366,12327.866742796916,0.003414779434121452,0.0029622916066594767,0.8674913457248256,False,True,8.0,973085.9202629536,503430.7982892506,83.04828228123,20147.65030014314,0.6288158745503271,0.019533097408166826,0.7943282347242815,0.7
0.012942477316336897,0.00033299741853276836,4.309811535759098e-06,1.4168175390901306e-09,26587.81339777733,344.11217179173127,0.00017434506034670746,13933.997408392463,0.0033826934789650143,0.0033105287348460994,0.9786664843954485,False,True,10.0,999347.784414143,505350.36728177086,81.331616660458,20230.359953038715,0.6276194594071666,0.01938644607082679,0.7943282347242815,0.7
0.013067798999040786,0.0003193964180069792,4.173808191528815e-06,1.3158888565293445e-09,25501.856438723098,333.25313404362754,0.00016649229193559277,13306.38883450123,0.0033441678241833738,0.003174474349064751,0.9492568901920881,False,True,12.0,1026588.1706570366,507686.63173853705,79.62881288066785,20331.119204838615,0.6261650277318875,0.019210170156938832,0.7943282347242815,0.7
0.012256645258949582,0.00043417892268269296,5.321577034234666e-06,2.2826929514515835e-09,34666.53954375765,424.8954775431854,0.0002328020645407702,18605.995246029164,0.003299589489442504,0.004322732046425802,1.3100817723710738,False,True,14.0,1058500.554737567,510433.85863001994,77.9423394477815,20449.737056149388,0.6244571310484455,0.01900593491627231,0.7943282347242815,0.7
0.012204074379651283,0.00044453252031423726,5.425107942088796e-06,2.3827347132432182e-09,35493.21118294359,433.1617892493142,0.00023878655511503253,19084.28740977899,0.0032493927722244994,0.004426313531860437,1.362197137168564,False,True,16.0,1096190.837393375,513585.43976032705,76.27451150110282,20585.994036664488,0.6225010088930383,0.018775612181063325,0.7943282347242815,0.7
0.013346644780915776,0.00029278788393290796,3.90773588300852e-06,1.1290326042756329e-09,23377.3272400675,312.0088826004071,0.00015113452897422527,12078.966452261984,0.003194049549857149,0.0029083075367362277,0.9105392672653745,False,True,18.0,1127354.0912554162,517133.967050175,74.62747476418224,20739.645019653835,0.6203025261400691,0.018521239811652327,0.7943282347242815,0.7
0.013125575803868294,0.0003134932454325489,4.114779356925608e-06,1.2732236996054344e-09,25030.52410360956,328.54004153247973,0.00016308451194673002,13034.03240846451,0.003134059311921411,0.0031154239371226065,0.99405391763713,False,True,20.0,1152467.0901161428,521071.31363018166,73.00319309770657,20910.42225197907,0.6178681056031319,0.01824497990552559,0.7943282347242815,0.7
0.0129061546085466,0.00033715870093067537,4.351422321828021e-06,1.448429196783051e-09,26920.066423577045,347.43453933502946,0.00017674795687273862,14126.041587331461,0.0030699392764744447,0.003352155507043291,1.0919289292565248,False,True,22.0,1179627.1641119388,525388.71883153,71.40343969321918,21098.038527701647,0.6152046575354662,0.017949077226250987,0.7943282347242815,0.7
0.013652199320917704,0.0002682956088076495,3.6628251283689946e-06,9.69433657482322e-10,21421.76841445662,292.454252200701,0.00013700558060324134,10949.7533297732,0.0030022149054040204,0.0026633160551332983,0.8871170582556563,False,True,24.0,1204702.9590290436,530076.8752094858,69.82979182501539,21302.190435239027,0.6123195076102511,0.01763581915792929,0.7943282347242815,0.7
0.012725698807024285,0.00035947639585575254,4.57458834189494e-06,1.6238215345859171e-09,28701.998279838816,365.2529852689579,0.00018963732701771403,15156.185199308422,0.0029314110832759145,0.00357541021983756,1.2196891252256448,False,True,26.0,1230808.8975581252,535126.0158471018,68.28362897211903,21522.561612358004,0.6092203248620829,0.01730749828707732,0.7943282347242815,0.7
0.0132749878048374,0.0002991931466106956,3.971785372547912e-06,1.1727313211602364e-09,23888.7484084091,317.12284379445964,0.00015483079561601543,12374.379294501448,0.002858044165342926,0.0029723791280976647,1.0400046171928277,False,True,28.0,1258339.462051935,540526.0003492489,66.7661340365536,21758.82594948962,0.605915050929385,0.01696637847764942,0.7943282347242815,0.7
0.013335922613873763,0.00029372881095721283,3.917144692390546e-06,1.1354009806143905e-09,23452.45452559834,312.7601186587729,0.00015167747749967597,12122.35995782776,0.002782615038886099,0.0029177195671357577,1.0485530791581368,False,True,30.0,1282836.2013042641,546266.398137036,65.27829732007922,22010.65068947628,0.6024118317639803,0.016614665056041943,0.7943282347242815,0.7
0.015220919371032506,0.0001876888834886048,2.8567973624191677e-06,5.280773733317341e-10,14985.812902153577,228.09784989305822,9.058796414801582e-05,7239.96685171264,0.0027056032821161455,0.0018570649825131976,0.6863774134176549,False,True,32.0,1302198.5281138045,552336.5678757194,63.820922879406595,22277.69938036454,0.598718952781028,0.016254479479028937,0.7943282347242815,0.7
0.01585025099413528,0.00016750023536615276,2.654920772130256e-06,4.3768790636557644e-10,13373.872451088724,211.97923511330745,7.899566485616326e-05,6313.487673187214,0.002627462449964508,0.0016551426409725336,0.6299395985639648,False,True,34.0,1315751.9826387044,558725.7321022071,62.39463685844911,22559.634646665472,0.5948447782223515,0.015887838632843865,0.7943282347242815,0.7
0.016158404211284026,0.00015911955286770208,2.5711180531551087e-06,4.025365327019146e-10,12704.726055309988,205.2880989953308,7.418989749152277e-05,5929.401368298093,0.0025486164686993025,0.0015713221272683178,0.6165392661337737,False,True,36.0,1327994.8716801896,565423.0463496507,60.99989739318096,22856.120753296636,0.590797695307157,0.015516638716233844,0.7943282347242815,0.7
0.015500422924441235,0.00017815233722005502,2.7614365718885263e-06,4.843739936644985e-10,14224.377832282245,220.48387223742145,8.510964009372633e-05,6802.128503881035,0.002469457082861081,0.0017616820723268282,0.7133884142200869,False,True,38.0,1340726.4015523687,572417.662286981,59.63700569719512,23166.825944740594,0.5865860635557559,0.015142643500371668,0.7943282347242815,0.7
0.01582962380242912,0.00016809285836152457,2.660846711737936e-06,4.4022622370511066e-10,13421.189783714313,212.45238525720262,7.9335652740724e-05,6340.660168312303,0.0023903422690428108,0.0016610698654940586,0.694908794864435,False,True,40.0,1353869.190224562,579698.7845932448,58.30611796079273,23491.42454957928,0.5822181694996399,0.01476747663641471,0.7943282347242815,0.7
0.013584241528937073,0.00027338184132324133,3.7136849621604602e-06,1.0015994868584749e-09,21827.873067213728,296.51509980801177,0.00013993902075128296,11184.199590190341,0.0023115955112902997,0.0027141921595085707,1.1741639686752754,False,True,42.0,1371394.0499830646,587255.721465431,57.00725773004608,23829.598847317357,0.5777021868391395,0.014392617596547247,0.7943282347242815,0.7
0.015841425163175705,0.00016775329086909227,2.6574512031791717e-06,4.387709404427849e-10,13394.077389977085,212.18127460310578,7.914084040115404e-05,6325.0903860122335,0.0022335058215679658,0.0016576736202617943,0.7421845979779333,False,True,44.0,1388903.3399592673,595077.9288112118,55.74032847159262,24181.0407001185,0.5730461419811834,0.014019400783533363,0.7943282347242815,0.7
0.017041975392188432,0.0001391558832657765,2.3714911382936095e-06,3.244055452836087e-10,11110.748767288926,189.34910708092585,6.276203331963447e-05,5016.064165409225,0.002156328384636548,0.0013716556534401486,0.6361070341664787,False,True,46.0,1400244.4945106888,603155.048303747,54.50512607114079,24545.452956806002,0.5682578847838263,0.01364901732260277,0.7943282347242815,0.7
0.013757423959091238,0.00026078311386485244,3.5877038588107395e-06,9.228612984815461e-10,20821.941501170266,286.456276882996,0.0001326735355097079,10603.527833127095,0.002080285708466749,0.0025881712269401162,1.244142194702524,False,True,48.0,1415864.0865092252,611476.9395748172,53.30135105644123,24922.55064015899,0.5633450642518745,0.013282519052555524,0.7943282347242815,0.7
0.013984126911667016,0.0002459459775795638,3.4393397638866307e-06,8.34165302420253e-10,19637.286639133174,274.6103085624213,0.0001241205609477358,9919.95741740343,0.002005569167560123,0.002439762262514653,1.2164937026244516,False,True,50.0,1436387.5717597557,620033.7068967217,52.12862037694384,25312.06193131584,0.5583151088665133,0.012920824254748834,0.7943282347242815,0.7
0.013201834863733494,0.00030602782487084123,4.0401288076524e-06,1.2202559069242131e-09,24434.455792614288,322.57965035929016,0.00015877536396865962,12689.636893963509,0.0019323408359463506,0.00304074659941309,1.5736077936395239,False,True,52.0,1458997.1660711227,628815.7207548752,50.986478611142516,25713.728966925373,0.553175211191096,0.012564724693813771,0.7943282347242815,0.7
0.014372681235636502,0.00022409378593818408,3.2208285521764814e-06,7.114736460905349e-10,17892.522381639985,257.16352069280316,0.0001115317036438666,8913.831378054198,0.001860735517982314,0.0022211889770244442,1.1937155794354843,False,True,54.0,1480600.6343431405,637813.6347447691,49.87440850778112,26127.308465886017,0.5479323163698923,0.012214893587772195,0.7943282347242815,0.7
0.0161776831195701,0.00015862302238267226,2.566152991575347e-06,4.0049756635116186e-10,12665.081123705266,204.8916691029526,7.390530806956358e-05,5906.656426398682,0.0017908628974103503,0.0015663560334482993,0.8746376038686738,False,True,56.0,1495421.1221475934,647018.3982418703,48.791840798113206,26552.572203019736,0.5425931141263536,0.011871894173641985,0.7943282347242815,0.7
0.016377152131266316,0.0001536618820208787,2.5165440186326266e-06,3.8039312229147327e-10,12268.964316671914,200.9306951072138,7.106271871150439e-05,5679.471138386771,0.0017228097376490803,0.0015167368821743063,0.8803855986117318,False,True,58.0,1507007.249712379,656421.265294154,47.73816324305046,26989.307346934766,0.5371640338698926,0.01153618858437251,0.7943282347242815,0.7
0.021814891571522776,8.294277120517419e-05,1.8093875604824966e-06,1.4680782343580253e-10,6622.47453212825,144.4685638535488,3.086924290308377e-05,2467.130125483534,0.0016566420783831034,0.0008094621014703463,0.48861616642044253,False,True,60.0,1515153.8509762492,666013.8001772077,46.71272890132913,27437.316679041942,0.5316512425290953,0.01120814680155858,0.7943282347242815,0.7
0.021888485512069806,8.24293472037084e-05,1.8042535720377431e-06,1.4547410885402392e-10,6581.480756245362,144.05864618104283,3.0581473884852885e-05,2444.1310640459983,0.0015924073847914217,0.0008043274368905091,0.5051015491214029,False,True,62.0,1520065.1121657786,675787.8800337436,45.71486362296644,27896.418709859972,0.5260606447480717,0.010888055494072589,0.7943282347242815,0.7
0.01908377874354511,0.0001078788528359777,2.0587361586292624e-06,2.1786745217129654e-10,8613.468601069673,164.37752899728667,4.494262184893288e-05,3591.9020310873966,0.0015301366159280597,0.0010588467117794804,0.6919948851346635,False,True,64.0,1526101.1452609121,685735.6949953064,44.74387278661483,28366.447707830048,0.5203978851045994,0.010576126594372938,0.7943282347242815,0.7
0.018046579434619396,0.00012178352620078799,2.197776079410573e-06,2.628387057846106e-10,9723.671984656086,175.4790188672793,5.284820847265107e-05,4223.731939589829,0.0014698461877103394,0.0011979094141653563,0.8149896391753794,False,True,66.0,1533916.7792315893,695849.7461558931,43.799047310330685,28847.25365479335,0.5146683520339868,0.010272505501146664,0.7943282347242815,0.7
0.01623024758191044,0.00015728482865279096,2.5527717099131584e-06,3.9502668347157345e-10,12558.23451409211,203.8232553554077,7.31383957847745e-05,5845.3633001841245,0.0014115398136395894,0.0015529719820860332,1.1001970805781012,False,True,68.0,1543985.8744713631,706122.8417367907,42.87966897321423,29338.702141069007,0.508877183170445,0.009977278828873164,0.7943282347242815,0.7
0.0164022689585868,0.00015305909515749217,2.5105164453311172e-06,3.7798360962846146e-10,12220.835461160155,200.44943013258404,7.071745719820144e-05,5651.877164562597,0.0013552102127993332,0.0015107080889617682,1.1147407794700996,False,True,70.0,1555483.1149361099,716548.091750488,41.9850150907721,29840.67421187774,0.5030292718455812,0.009690481651901046,0.7943282347242815,0.7
0.01618810868301173,0.00015835579962618015,2.5634808949338327e-06,3.9940225651672437e-10,12643.745016006424,204.67831847939988,7.375215447567331e-05,5894.41609233869,0.0013008406799262945,0.001563683382296472,1.2020560291711282,False,True,72.0,1567029.408193011,727118.9014401304,41.11436259014065,30353.066175666754,0.49712927451128097,0.009412104212960766,0.7943282347242815,0.7
0.015381768613192763,0.0001820797856556829,2.800709132095449e-06,5.021542629465716e-10,14537.960642010818,223.61954670311368,8.736529386313527e-05,6982.404754407845,0.0012484065165382482,0.001800963631922959,1.44260992558491,False,True,74.0,1579906.2290397575,737828.963740386,40.26699153286715,30875.78938369552,0.4911816188815109,0.009142098084081424,0.7943282347242815,0.7
0.018021159904895466,0.00012216944181841471,2.2016350465014745e-06,2.641414628659435e-10,9754.48499357957,175.78713385920065,5.306804237938848e-05,4241.301494360492,0.0011978763253489338,0.00120176904112535,1.0032496808677491,False,True,76.0,1591129.935288526,748672.2509764041,39.44218813314642,31408.76998916883,0.4851905126127008,0.008880381782097846,0.7943282347242815,0.7
0.01708400300061039,0.00013833036349914757,2.363236345094963e-06,3.213446825177916e-10,11044.836047580719,188.6900121781188,6.229020143062437e-05,4978.354440191949,0.0011492131726362786,0.0013633993102630186,1.1863763335877886,False,True,78.0,1600349.5912230783,759643.0059901689,38.63924731854828,31951.948693142185,0.4791599523665194,0.008626845851816582,0.7943282347242815,0.7
0.019506537481188236,0.00010308169327628841,2.0107669135182694e-06,2.0324054984923673e-10,8230.444661201409,160.54747727057088,4.222312068513067e-05,3374.5541917325895,0.0011023756249789053,0.0010108700555917004,0.9169923868835943,False,True,80.0,1608702.4998550029,770735.7328581571,37.85747487862429,32505.28048346223,0.473093733120905,0.008381357437945594,0.7943282347242815,0.7
0.01956023466817939,0.00010250274166275347,2.0049776810552262e-06,2.0150610125333205e-10,8184.218905053409,160.08524235859485,4.189523657612523e-05,3348.349053967004,0.0010573186679547217,0.0010050799442779693,0.9505932078378951,False,True,82.0,1615425.4031007024,781945.1873410348,37.096189244571526,33068.734372168365,0.4669954576148474,0.008143764372545662,0.7943282347242815,0.7
0.022375314897564735,7.918680832843129e-05,1.7718297720817517e-06,1.3717159490631148e-10,6322.583798632992,141.4698034606542,2.876651710512359e-05,2299.0761768309508,0.0010139945151144607,0.0007718994276926203,0.7612461568448302,False,True,84.0,1621072.8283315003,793266.3671851113,36.354722940537656,33642.29313596616,0.4608685458308113,0.007913898808459979,0.7943282347242815,0.7
0.021518702389853473,8.507545123437793e-05,1.8307133157950709e-06,1.5240373309140849e-10,6792.756028313648,146.17129538016448,3.206565578408042e-05,2562.7497773969444,0.0009723533158941131,0.0008307906935584566,0.8544123622332849,False,True,86.0,1625934.6542857282,804694.5023764379,35.632423744338475,34225.953063688394,0.4547162444347254,0.0076915804313031026,0.7943282347242815,0.7
0.020574551056341567,9.267108140163097e-05,1.9066658957442418e-06,1.730654346802145e-10,7399.220782350711,152.2356457636183,3.633931918637124e-05,2904.309295363446,0.0009323437711961487,0.0009067537463159701,0.9725530156678712,False,True,88.0,1631401.7133584886,816225.0454316784,34.928655592423915,34819.72371406437,0.4485416361074613,0.007476619283474829,0.7943282347242815,0.7
0.016688031519534293,0.0001465197487228388,2.4451261849209787e-06,3.523064421067845e-10,11698.708522416711,195.22841655993454,6.69736459301123e-05,5352.664463019317,0.0008939136652217087,0.0014453048278983338,1.6168282062674015,False,True,90.0,1639658.6871168714,827853.6617950961,34.2427992609903,35423.62768653175,0.44234764871470794,0.007268818233593723,0.7943282347242815,0.7
0.019160541124845294,0.00010697491117846133,2.049697184961581e-06,2.1507641965597705e-10,8541.294371556367,163.6558220656154,4.4429828034458265e-05,3550.918548861289,0.0008570103218287213,0.0010498063240236472,1.2249634540964809,False,True,92.0,1648562.2701287519,839576.2203980368,33.57425285223802,36037.70040740937,0.4361370642724576,0.007067975123959602,0.7943282347242815,0.7
0.019023568241498562,0.00010859864427958176,2.065933720386851e-06,2.2010147044121121e-10,8670.93955886924,164.95221041605842,4.5351060937718955e-05,3624.5452800174994,0.0008215809932760859,0.0010660454053931091,1.2975536363642153,False,True,94.0,1655737.7339576306,851388.7844260371,32.922432111987305,36661.98993330044,0.4299125276752037,0.0068738846273515945,0.7943282347242815,0.7
0.022329344391708722,7.948204811223307e-05,1.774782025256414e-06,1.379189401276563e-10,6346.156895126979,141.70552287510725,2.8931590563076124e-05,2312.2691696850693,0.000787573188726583,0.0007748520597760164,0.9838476866243564,False,True,96.0,1661674.5484073332,863287.6023289063,32.28677060221207,37296.55677325491,0.42367655516196495,0.0066863398428119,0.7943282347242815,0.7
0.02905582435652291,5.142654931788899e-05,1.4942407842426457e-06,7.461281040344021e-11,4106.096386513205,119.30601539748109,1.3490402790354631e-05,1078.179313742294,0.000754934949351492,0.000494278707082132,0.6547301956370277,False,True,98.0,1665064.9968907605,875269.0991007987,31.666719749563164,37941.47373096712,0.4174315425017392,0.0065051336581814735,0.7943282347242815,0.7
0.02669953344684885,5.868258168846487e-05,1.5667975525386077e-06,8.949149659352452e-11,4685.446327203868,125.09923092659479,1.742225301064861e-05,1392.4204552510575,0.0007236150763340442,0.0005668430257852465,0.7833488332733043,False,True,100.0,1667535.596659754,887329.8678501263,31.061748788635548,38596.82576799014,0.41117977288632096,0.006330059905147012,0.7943282347242815,0.7
0.0222598992490895,7.993224933024131e-05,1.7792838168442733e-06,1.390618645450251e-10,6382.1027172555605,142.0649634834491,2.918337768322471e-05,2332.392487619286,0.0006935633175211815,0.0007793544308272579,1.1236961516544686,False,True,102.0,1671260.4096026244,899466.6616731435,30.47134461660306,39262.70988875149,0.4049234245232178,0.00616091433050425,0.7943282347242815,0.7
0.027246818453625313,5.682048841075059e-05,1.5481775321740425e-06,8.55737810273984e-11,4536.7695332056865,123.61253583719379,1.6407722336396024e-05,1311.3371841927437,0.0006647305179372688,0.0005482210175585375,0.824726716714808,False,True,104.0,1674904.1392744363,911676.3858399303,29.89501157389042,39939.23504805389,0.3986645779248464,0.00599749540530201,0.7943282347242815,0.7
0.03892053443874363,3.388540029367885e-05,1.3188378891007413e-06,4.295074411896124e-11,2705.5425951557827,105.30116375024846,4.352541343589987e-06,347.863596943309,0.0006370687388620647,0.0003188597341682434,0.5005107215554042,False,True,106.0,1676563.3400555723,923956.0902972686,29.332271163775037,40626.52208151485,0.3924052228944676,0.005839604991545835,0.7943282347242815,0.7
0.030352285095104903,4.815070600824726e-05,1.4614839562929014e-06,6.823719179637261e-11,3844.5402728926397,116.69058242244981,1.1737113697157906e-05,938.0530283621226,0.000610531349688748,0.000461518642907048,0.7559294754353442,False,True,108.0,1677849.2566808779,936302.9624894056,28.78266172220924,41324.703659383435,0.3861472652111788,0.0056870488842408065,0.7943282347242815,0.7
0.025025678657960362,6.52195854099947e-05,1.6321643866759274e-06,1.0378850855927135e-10,5207.386214589235,130.31837405420282,2.100838698948091e-05,1679.0312801739278,0.0005850730963257376,0.0006322171129963164,1.0805779943850495,False,True,110.0,1680466.340989414,948714.3204948152,28.245738047704975,42033.92426402934,0.3798925330190668,0.005539637244760327,0.7943282347242815,0.7
0.025066341473363767,6.504356884217701e-05,1.630404307244253e-06,1.0339245910368113e-10,5193.332364920748,130.17784244377526,2.0911380549093397e-05,1671.2783361772986,0.0005606501494858162,0.0006304568326683056,1.1245102373494602,False,True,112.0,1683816.6506057652,961187.6064747509,27.72107099983169,42754.34019141085,0.37364278292670555,0.0053971849398531556,0.7943282347242815,0.7
0.029635089060586053,4.990942650792894e-05,1.4790702995252486e-06,7.163368906273088e-11,3984.963380886736,118.09474469575252,1.2676474392386536e-05,1013.1285680237122,0.0005372201358224994,0.00047910671024797646,0.8918256749897328,False,True,114.0,1686501.0575099662,973720.3804275309,27.208247073722802,43486.11957671483,0.36739970582518283,0.005259511799051491,0.7943282347242815,0.7
0.04206125231468682,3.0566039748733254e-05,1.2856459101322158e-06,3.764479391214577e-11,2440.5118956451993,102.65098661972736,2.7242492814450134e-06,217.7273181814395,0.0005147421545218816,0.0002856650589964488,0.5549672908794284,False,True,116.0,1687731.9133961713,986310.3142410462,26.706867956960174,44229.442444431246,0.3611649324330021,0.005126442801819502,0.7943282347242815,0.7
0.032419510947591164,4.3710992355825e-05,1.4170889952097425e-06,5.993553493854506e-11,3490.0562091714323,113.14591548094178,9.388717042257363e-06,750.3645854650957,0.0004931767816421724,0.00041711946709090423,0.8457808287364751,False,True,118.0,1688700.0052998178,998955.1860348519,26.216550074297977,44984.50078302358,0.35494003857773065,0.004997808204483329,0.7943282347242815,0.7
0.03224254971229645,4.405874838668251e-05,1.420566385119172e-06,6.05717024316298e-11,3517.8224077718014,113.4235638616127,9.57134613782723e-06,764.9606591324942,0.00047248606420618333,0.0004205971800184604,0.8901790166554422,False,True,120.0,1690215.3305444154,1011652.8747824094,25.736924124884638,45751.498644443476,0.3487265502239948,0.004873443615804872,0.7943282347242815,0.7
0.02914483104471513,5.118746704653187e-05,1.4918500786780948e-06,7.414030761209967e-11,4087.0071249640664,119.11513213562466,1.3361925755310826e-05,1067.9111784146955,0.0004526335057962381,0.0004918877616963064,1.0867241496650037,False,True,122.0,1692048.2023819627,1024401.3552034198,25.267634615937045,46530.65226873332,0.34252594825787214,0.0047531900289982144,0.7943282347242815,0.7
0.03918787954224044,3.357503366507904e-05,1.315734374893785e-06,4.244538153909089e-11,2680.7617123415303,105.05336706469012,4.198344169677938e-06,335.5398579317236,0.00043358404517262285,0.00031575596319137684,0.7282462689918973,False,True,124.0,1693451.653418309,1037198.6929158471,24.808339396199692,47322.1902339551,0.3363396730380577,0.004636893817030879,0.7943282347242815,0.7
0.026886297490366553,5.8033565630725626e-05,1.5603077099744011e-06,8.811821665021687e-11,4633.626352408376,124.58105657005365,1.7068257742107635e-05,1364.1284626667878,0.0004153040292328883,0.0005603524864324801,1.349258487733702,False,True,126.0,1695151.3217389076,1050043.039836975,24.358709191983287,48126.35363176378,0.3301691287237437,0.004524406697196127,0.7943282347242815,0.7
0.04435486836247164,2.8525404382686162e-05,1.2652405563803164e-06,3.449115678400864e-11,2277.5796045649126,101.02174354552692,1.7492703622520505e-06,139.8051005616468,0.00039776118144952733,0.0002652581023977028,0.6668778019791807,False,True,128.0,1696655.255302136,1062932.6298227909,23.91842714810056,48943.39626895408,0.32401568738922365,0.00441558567017822,0.7943282347242815,0.7
0.05098005104370172,2.3913800673158664e-05,1.2191267789665373e-06,2.7668015508217734e-11,1909.371167893956,97.33983960060625,0.0,0.0,0.00038092456676403044,0.00021914085612647922,0.5752867503088331,False,True,130.0,1696795.0604026977,1075865.7745349882,23.487188375609854,49773.58489540666,0.3178806929345849,0.0043102929381532585,0.7943282347242815,0.7
0.04853943644813297,2.5428187864274e-05,1.2342699088291138e-06,2.986220458018301e-11,2030.2857510362774,98.5489261839753,3.172317485488894e-07,25.353780332804895,0.0003647645537759076,0.00023428510166123025,0.642291306093198,False,True,132.0,1696820.4141830304,1088840.8595250382,23.064699507918615,50617.19945884806,0.31176546480201206,0.004208395805865287,0.7943282347242815,0.7
0.03749954546082563,3.5636335502542505e-05,1.336346383234827e-06,4.583748314506998e-11,2845.344095149345,106.69911024774463,5.229090905887727e-06,417.91914830275374,0.00034925277494188164,0.00033636969491831705,0.9631124476370777,False,True,134.0,1697263.687111666,1101856.3405249293,22.650678266490583,51474.533386941854,0.30567130150646443,0.0041097665680846236,0.7943282347242815,0.7
0.033202117019774734,4.2236654234467965e-05,1.4023463364165694e-06,5.726505142384674e-11,3372.3393000476667,111.96880407056784,8.617224147837499e-06,688.7053679910711,0.0003343620853927074,0.00040237545227064374,1.2034123181103349,False,True,136.0,1698370.3116279598,1114910.7399344528,22.24485303713672,52345.893897308546,0.29959948398892816,0.004014282386384946,0.7943282347242815,0.7
0.05571619052416487,2.1436387742060918e-05,1.1943538635865385e-06,2.417641049720642e-11,1711.5648515222101,95.36187336187542,0.0,0.0,0.0003200665208814836,0.0001943661650470349,0.6072680282578075,False,True,138.0,1699059.0169959508,1128002.6434951879,21.84696245763942,53231.60233609224,0.2935512788002901,0.003921825157761839,0.7943282347242815,0.7
0.04989006120149813,2.4567233604958044e-05,1.2256607881028584e-06,2.8609201958945495e-11,1961.5438031509914,97.86154038862237,0.0,0.0,0.00030634125529489445,0.00022567534384383478,0.7366795687593304,False,True,140.0,1699059.0169959508,1141130.6971416555,21.45675501726638,54131.99454583628,0.2875279411228495,0.0038322813772522,0.7943282347242815,0.7
0.04276675868019097,2.9907927258960153e-05,1.2790651077086541e-06,3.661872624650239e-11,2387.965626217853,102.12554967305,2.4074163462058e-06,192.40541178651623,0.0002931625580886356,0.00027908373509933536,0.9519760535550941,False,True,142.0,1699251.4224077375,1154293.6040204733,21.07398866856262,55047.42126337942,0.28153071763679427,0.0037455419963952495,0.7943282347242815,0.7
0.04380887915495606,2.898606257663698e-05,1.2698469125978837e-06,3.519586098490131e-11,2314.360352460459,101.38953300196177,1.967396755595141e-06,157.23818753010138,0.0002805077519449874,0.00026986481680666286,0.9620583207967394,False,True,144.0,1699601.0660070542,1167490.1216686727,20.69843045166873,55978.24854879218,0.27556084923685836,0.0036615022790977025,0.7943282347242815,0.7
0.06438924919313622,1.8018113426045926e-05,1.1601727953798647e-06,1.9558300307759958e-11,1438.6364905244864,92.63272348672012,0.0,0.0,0.00026835517089924947,0.0001601827475420088,0.596905761142003,False,True,146.0,1699758.3041945843,1180719.0593427387,20.32985613129393,56924.85824618097,0.26961957360565336,0.003580061656222512,0.7943282347242815,0.7
0.058827812421500085,2.0070337107683527e-05,1.180694026607079e-06,2.2303112566184934e-11,1602.4940379442144,94.27121867075448,0.0,0.0,0.0002566841191340477,0.00018070537519593609,0.7039990467878016,False,True,148.0,1699758.3041945843,1193979.2754902758,19.968049846371766,57887.648477524635,0.2637081276479019,0.003501123580009235,0.7943282347242815,0.7
0.048701469986576935,2.5321727642171967e-05,1.2332053587735135e-06,2.970647087462514e-11,2021.7855514491255,98.46392835319448,2.691991029087191e-07,21.514917571007093,0.00024547483060228484,0.00023322047242528806,0.9500789626906755,False,True,150.0,1699779.8191121554,1207269.6753565918,19.612803772344236,58867.03417062381,0.2578277497903531,0.0034245953792502322,0.7943282347242815,0.7
0.04711925247699178,2.6401058428860105e-05,1.2439981377692713e-06,3.129574927456372e-11,2107.9635334808886,99.32566594637771,7.600717891933327e-07,60.746420459236894,0.00023470842960477862,0.00024401405942936624,1.0396476165779696,False,True,152.0,1699862.0804501856,1220589.2087188477,19.263917795948423,59863.447622478816,0.25197968215065236,0.0033503881159876094,0.7943282347242815,0.7
0.044016940315243745,2.8808774822794276e-05,1.2680741219302324e-06,3.49241529199251e-11,2300.2050063390084,101.247986476849,1.8833066923755045e-06,150.51754559941594,0.00022436689242042777,0.00026809188803517077,1.194881674132248,False,True,154.0,1700073.3444162442,1233936.8677407876,18.921199202326015,60877.33909940198,0.24616517257850667,0.00327841644435805,0.7943282347242815,0.7
0.047460614930418095,2.6160480098474685e-05,1.241592472348573e-06,3.0939507992329036e-11,2088.7548207406517,99.13358823122655,6.499254164775561e-07,51.943307432040385,0.00021443301006162678,0.00024160821289801452,1.1267305011881228,False,True,156.0,1700275.8052692756,1247311.6849414047,18.58446237422743,61909.17747536128,0.24038547657132042,0.0032085984720937872,0.7943282347242815,0.7
0.048014413124206186,2.5779376230337142e-05,1.2377816204077486e-06,3.03775263007389e-11,2058.3260006739433,98.8293149406538,4.762892130115815e-07,38.065963248691475,0.00020489035220708115,0.00023779707524166786,1.16060650333271,False,True,158.0,1700365.8145399564,1260712.731271253,18.253528503047054,62959.4509101114,0.23464185906614135,0.0031408556250856023,0.7943282347242815,0.7
0.038107743053056274,3.4865247067017255e-05,1.3286358767112173e-06,4.4558721586670415e-11,2783.777385331407,106.08347331711808,4.841721380478112e-06,386.9598199890409,0.00019572323234630615,0.00032865853873870703,1.6792004444172963,False,True,160.0,1700790.8403231942,1274139.1142904353,17.928225311396407,64028.667568831,0.2289355961088334,0.0030751125153259595,0.7943282347242815,0.7
0.06984239407431848,1.6376224260478687e-05,1.1437547082497673e-06,1.7422351424875974e-11,1307.5416521732445,91.32183933966922,0.0,0.0,0.00018691667415560626,0.0001437635735230248,0.7691318828160995,False,True,162.0,1701177.8001431832,1287589.9764426113,17.608386786900365,65117.35638504001,0.2232679764010909,0.003011296812475267,0.7943282347242815,0.7
0.08116995524642882,1.3769767585432313e-05,1.1176914186632671e-06,1.4141214320539087e-11,1099.4319796992982,89.24084458868467,0.0,0.0,0.00017845637911246076,0.00011769861389551612,0.6595371624196413,False,True,164.0,1701177.8001431832,1301064.493419694,17.29385292688536,66226.06786879669,0.21764030272469256,0.0029493391192300295,0.7943282347242815,0.7
0.07247606323607977,1.5685892374564173e-05,1.1368517276532545e-06,1.6540231719353797e-11,1252.4228604237385,90.77067843038277,0.0,0.0,0.00017032869534546247,0.00013686014399459803,0.8035060898988091,False,True,166.0,1701177.8001431832,1314561.8726121704,16.984469493616427,67355.37496220399,0.212053893242268,0.0028891728506174152,0.7943282347242815,0.7
0.08708917256834676,1.2712476061578275e-05,1.1071190214977676e-06,1.2848593199104164e-11,1015.0136984190888,88.3967031408559,0.0,0.0,0.00016252058770816437,0.00010712555865786231,0.6591506969580123,False,True,168.0,1701177.8001431832,1328081.3516402738,16.68008777973334,68505.87394445529,0.2065100826728086,0.0028307341172945197,0.7943282347242815,0.7
0.11187480171308792,9.6196091664318e-06,1.0761918680519605e-06,9.19440044518137e-12,768.0671357861253,85.92735851841215,0.0,0.0,0.00015501960905839313,7.619654435168116e-05,0.4915284254328062,False,True,170.0,1701177.8001431832,1341622.1969615095,16.380564383531777,69678.18538876326,0.20101022333960425,0.0027739616128918602,0.7943282347242815,0.7
0.07419905021215517,1.526491446443957e-05,1.1326421548312055e-06,1.6006929533685337e-11,1218.8103412387654,90.43456970866913,0.0,0.0,0.00014781387271873726,0.00013265029974431387,0.8974144124937657,False,True,172.0,1701177.8001431832,1355183.7025502676,16.085760993735096,70872.95517374013,0.19555568608722454,0.002718796505408196,0.7943282347242815,0.7
0.06965069799629167,1.6428851174863312e-05,1.144280951606426e-06,1.748998623023052e-11,1311.7435903910375,91.36385666289748,0.0,0.0,0.00014089202609008833,0.0001442898512991621,1.0241165188929937,False,True,174.0,1701177.8001431832,1368765.1886455123,15.79554418340322,72090.8555517824,0.19014786106424403,0.0026651823326367093,0.7943282347242815,0.7
0.054634097892361747,2.195607792681924e-05,1.1995505107861653e-06,2.4898776403942014e-11,1753.0589439325724,95.77679395389245,0.0,0.0,0.00013424322538583612,0.0001995631796502571,1.4865791482339699,False,True,176.0,1701177.8001431832,1382366.000562767,15.509785212629884,73332.58627739019,0.1847881583666504,0.002613064901580242,0.7943282347242815,0.7
0.04739157371331915,2.620878316620006e-05,1.2420754793573683e-06,3.101094179787553e-11,2092.6115261676223,99.17215339571416,6.72007669173231e-07,53.708164154801054,0.0001278571114523315,0.0002420912562235798,1.8934516310720646,False,True,178.0,1701231.508307338,1395985.5075668166,15.228359839682609,74598.87579833776,0.17947800853698764,0.0025623921917951016,0.7943282347242815,0.7
0.04567667815678973,2.7468561565581632e-05,1.2546726460610365e-06,3.289030109910576e-11,2193.197149782635,100.17796034500998,1.2535702690422733e-06,100.18778189262734,0.00012172378663886692,0.00025468937833426886,2.0923550389529657,False,True,180.0,1701385.4042533855,1409623.1018017675,14.951148140248803,75890.48251290251,0.1742188629129851,0.002513114262588175,0.7943282347242815,0.7
0.05903795090111477,1.998433212775985e-05,1.1798340189502567e-06,2.2186408268458166e-11,1595.6270647179183,94.20255230330635,0.0,0.0,0.00011583379267929395,0.00017984530817184924,1.5526152084977682,False,True,182.0,1701485.5920352782,1423278.1972752868,14.678034334457116,77208.19609647425,0.16901219381896196,0.0024651831639803355,0.7943282347242815,0.7
0.11147827268547728,9.657197861522311e-06,1.0765677365843922e-06,9.237674157117154e-12,771.0683638897424,85.95736932884552,0.0,0.0,0.00011017808954649531,7.657243492557128e-05,0.6949878622941414,False,True,184.0,1701485.5920352782,1436950.2288940393,14.408906621352749,78552.83890105966,0.16385949459247687,0.0024185528513399673,0.7943282347242815,0.7
0.1044432935201896,1.037654839173594e-05,1.0837608894045283e-06,1.007121190080816e-11,828.5041174435798,86.53169872084545,0.0,0.0,0.00010474803524038364,8.376601228485965e-05,0.7996905344584949,False,True,186.0,1701485.5920352782,1450638.651547495,14.14365702051287,79925.26743143231,0.15876227943774882,0.0023731791035834547,0.7943282347242815,0.7
0.10945802890350984,9.853358976185898e-06,1.0785292516120142e-06,9.463957161773545e-12,786.7306327912721,86.11398434334365,0.0,0.0,9.953536647024796e-05,7.853406520845673e-05,0.7890066414929139,False,True,188.0,1701485.5920352782,1464342.9392374626,13.882181220500453,81326.37390178343,0.15372208309695806,0.0023290194448343554,0.7943282347242815,0.7
0.10846462851921017,9.952768094265031e-06,1.0795232940823039e-06,9.578922124310118e-12,794.6678447167318,86.19335257336171,0.0,0.0,9.453218019222508e-05,7.952816623389369e-05,0.8412814141404367,False,True,190.0,1701485.5920352782,1478062.5842508348,13.624378433862026,82757.08787702593,0.14874046032938573,0.0022860330694294533,0.7943282347242815,0.7
0.11321814495990574,9.494414360128377e-06,1.0749399813344253e-06,9.050472596075411e-12,758.0710938857623,85.82740299747255,0.0,0.0,8.973091596336696e-05,7.494458432365021e-05,0.8352147475486227,False,True,192.0,1701485.5920352782,1491797.096373203,13.370151258385876,84218.3780030075,0.14381898518796682,0.00224418077015768,0.7943282347242815,0.7
0.0920826846348954,1.1939115346774289e-05,1.0993857932966566e-06,1.191711581421688e-11,953.2655609561052,87.77925202282768,0.0,0.0,8.512433907426913e-05,9.939185618578535e-05,1.1676079634411978,False,True,194.0,1701485.5920352782,1505546.0021411108,13.119405544348485,85711.2538301542,0.13895925008185384,0.002203424869616813,0.7943282347242815,0.7
0.10082504398854221,1.0789922689795374e-05,1.0878944298315882e-06,1.0554839445061915e-11,861.5095345686374,86.86173671943139,0.0,0.0,8.070552442306585e-05,8.789979901429266e-05,1.0891422816796748,False,True,196.0,1701485.5920352782,1519308.8441308567,12.872050267484513,87236.76773526835,0.13416286461289745,0.002163729154572737,0.7943282347242815,0.7
0.08494329189705839,1.3076474994834055e-05,1.1107588324707743e-06,1.3291111814673125e-11,1044.0767937338724,88.68731985308114,0.0,0.0,7.646784109472598e-05,0.00011076559492677877,1.448525201457771,False,True,198.0,1701485.5920352782,1533085.1802818694,12.62799740742887,88796.01694631674,0.12943145417356022,0.0021250588132066934,0.7943282347242815,0.7
0.09855851047610267,1.1066074421877873e-05,1.090655811837982e-06,1.0879808480971539e-11,883.5585665234,87.08221623494678,0.0,0.0,7.240493761043021e-05,9.066134651330476e-05,1.2521431480419458,False,True,200.0,1701485.5920352782,1546874.5832528123,12.387161831386152,90390.14567534445,0.12476665829279988,0.002087380375137154,0.7943282347242815,0.7
0.10320126431061788,1.051482879527936e-05,1.085143625682521e-06,1.0232616551112771e-11,839.5449644933296,86.64210178132441,0.0,0.0,6.85107278130451e-05,8.514883076478507e-05,1.24285398043271,False,True,202.0,1701485.5920352782,1560676.6398086445,12.149461182796108,92020.34736481891,0.12017012871599088,0.0020506616541048897,0.7943282347242815,0.7
0.14038009420982045,7.516460337528748e-06,1.0551614103066645e-06,6.817738911104272e-12,600.1435258764417,84.24820470194871,0.0,0.0,6.477937735620868e-05,5.516487586257638e-05,0.8515808288683587,False,True,204.0,1701485.5920352782,1574490.9502370025,11.914815774769332,93687.86705271919,0.11564352720492733,0.0020148716932118717,0.7943282347242815,0.7
0.11088900609158317,9.713602782855599e-06,1.0771317581592937e-06,9.302662400328253e-12,775.5719529257582,86.00240301244546,0.0,0.0,6.12052907653192e-05,7.71364896019995e-05,1.2602912041994154,False,True,206.0,1701485.5920352782,1588317.1277923423,11.683148488080702,95394.00386216039,0.1111885230426523,0.0019799807126073227,0.7943282347242815,0.7
0.23978725338726617,4.264807493874005e-06,1.0226464751814777e-06,3.315591607919419e-12,340.51887346209617,81.65208539400209,0.0,0.0,5.7783099040642324e-05,2.2648155881906755e-05,0.3919512151118262,False,True,208.0,1701485.5920352782,1602154.798166375,11.454384673514452,97140.11362115275,0.10680679022854435,0.0019459600595169606,0.7943282347242815,0.7
0.14934953186425495,7.032654009568761e-06,1.0503235840923701e-06,6.283404828227147e-12,561.5145406274219,83.86193377767763,0.0,0.0,5.4507647773803176e-05,5.032677738795245e-05,0.9232975452692331,False,True,210.0,1701485.5920352782,1616003.5989834056,11.228452058365054,98927.61161841804,0.10250000434835091,0.001912782160514558,0.7943282347242815,0.7
0.2089642832295765,4.925497484257268e-06,1.0292530513469022e-06,4.010231347562602e-12,393.27094059669736,82.17958021681022,0.0,0.0,5.137398575048875e-05,2.9255086145591664e-05,0.5694533082886867,False,True,212.0,1701485.5920352782,1629863.1793192853,11.005280656905756,100757.9755012157,0.09826983910405775,0.0018804204759380206,0.7943282347242815,0.7
0.15114048029741772,6.943416131631307e-06,1.049431249039594e-06,6.185353390909527e-12,554.3894402075182,83.79068626478085,0.0,0.0,4.837735401375432e-05,4.943439237256011e-05,1.0218498588927634,False,True,214.0,1701485.5920352782,1643733.1992427255,10.78480268464656,102632.74832111529,0.09411796248884699,0.0018488494563555192,0.7943282347242815,0.7
0.12200840563041353,8.74930945868869e-06,1.0674892974217036e-06,8.20029668035424e-12,698.5790108283732,85.23251131804119,0.0,0.0,4.551317536379667e-05,6.749346734119282e-05,1.4829434949704765,False,True,216.0,1701485.5920352782,1657613.329377831,10.566952476208714,104553.5417336855,0.09004603259273228,0.0018180445009904353,0.7943282347242815,0.7
0.20386311880566363,5.055102894429384e-06,1.0305490419419115e-06,4.147510599975313e-12,403.6191423220495,82.28305716344003,0.0,0.0,4.277704427155445e-05,3.0551146715044125e-05,0.7141948967091163,False,True,218.0,1701485.5920352782,1671503.2504867467,10.351666406653603,106522.03935809212,0.08605569302500532,0.0017879819180172684,0.7943282347242815,0.7
0.16214803558899554,6.4410777968674926e-06,1.044408111837959e-06,5.636343748027076e-12,514.2807872152542,83.38961938811568,0.0,0.0,4.016471718538695e-05,4.4410975406974934e-05,1.1057211034746908,False,True,220.0,1701485.5920352782,1685402.653071383,10.138882816109142,108540.00030222096,0.0821485679411695,0.0017586388866439818,0.7943282347242815,0.7
nan,0.0,0.0,0.0,0.0,0.0,0.0,0.0,0.0,0.0,1.2059983034525943,False,False,222.0,1701485.5920352782,1699311.2369932458,9.928541937544562,110609.26285896744,0.07832625666285828,0.0017299934208995448,0.7943282347242815,0.7
nan,0.0,0.0,0.0,0.0,0.0,0.0,0.0,0.0,0.0,1.2571339118781317,False,False,224.0,1701485.5920352782,1713228.7111104543,9.720585827551814,112731.74837883108,0.07459032788139469,0.0017020243350487254,0.7943282347242815,0.7
nan,0.0,0.0,0.0,0.0,0.0,0.0,0.0,0.0,0.0,0.8639040883647101,False,False,226.0,1701485.5920352782,1727154.7929310587,9.514958299997897,114909.46532356611,0.0709423134377334,0.0016747112105594156,0.7943282347242815,0.7
nan,0.0,0.0,0.0,0.0,0.0,0.0,0.0,0.0,0.0,0.9585662350980879,False,False,228.0,1701485.5920352782,1741089.20828186,9.311604862418355,117144.51350498166,0.0673837016743727,0.001648034364550858,0.7943282347242815,0.7
nan,0.0,0.0,0.0,0.0,0.0,0.0,0.0,0.0,0.0,1.022700100553478,False,False,230.0,1701485.5920352782,1755031.6909919332,9.11047265502919,119439.08851229583,0.06391593035798933,0.0016219748196542945,0.7943282347242815,0.7
nan,0.0,0.0,0.0,0.0,0.0,0.0,0.0,0.0,0.0,0.7877483266127302,False,False,232.0,1701485.5920352782,1768981.982590127,8.911510392239427,121795.48633038405,0.060540379175650874,0.0015965142752204934,0.7943282347242815,0.7
nan,0.0,0.0,0.0,0.0,0.0,0.0,0.0,0.0,0.0,1.7625818789013046,False,False,234.0,1701485.5920352782,1782939.8320158515,8.714668306551884,124216.10815003361,0.057258361812093525,0.0015716350798114969,0.7943282347242815,0.7
nan,0.0,0.0,0.0,0.0,0.0,0.0,0.0,0.0,0.0,1.0590060107990724,False,False,236.0,1701485.5920352782,1796904.9953424882,8.519898094746052,126703.46536998182,0.054071117620723516,0.001547320204916794,0.7943282347242815,0.7
nan,0.0,0.0,0.0,0.0,0.0,0.0,0.0,0.0,0.0,1.1287955216538674,False,False,238.0,1701485.5920352782,1810877.2355128056,8.327152866240727,129260.18478854962,0.05097980290744249,0.0015235532198367631,0.7943282347242815,0.7
nan,0.0,0.0,0.0,0.0,0.0,0.0,0.0,0.0,0.0,1.4621707395609624,False,False,240.0,1701485.5920352782,1824856.3220857922,8.136387093539465,131889.0139806117,0.04798548185330497,0.0015003182676788967,0.7943282347242815,0.7
nan,0.0,0.0,0.0,0.0,0.0,0.0,0.0,0.0,0.0,1.4183909695957493,False,False,242.0,1701485.5920352782,1838842.0309943575,7.947556564666382,134592.82685311325,0.04508911710992419,0.00147760004241478,0.7943282347242815,0.7
nan,0.0,0.0,0.0,0.0,0.0,0.0,0.0,0.0,0.0,1.5390862644900531,False,False,244.0,1701485.5920352782,1852834.1443133585,7.760618337504372,137374.62936926988,0.042291560110475496,0.001455383766948266,0.7943282347242815,0.7
nan,0.0,0.0,0.0,0.0,0.0,0.0,0.0,0.0,0.0,0.7234487398676196,False,False,246.0,1701485.5920352782,1866832.450037475,7.575530695951619,140237.56542806188,0.039593541148920185,0.0014336551721475608,0.7943282347242815,0.7
nan,0.0,0.0,0.0,0.0,0.0,0.0,0.0,0.0,0.0,0.7143887419621863,False,False,248.0,1701485.5920352782,1880836.741868443,7.3922531078159945,143184.92288134235,0.03699565929095105,0.0014124004767961777,0.7943282347242815,0.7
nan,0.0,0.0,0.0,0.0,0.0,0.0,0.0,0.0,0.0,0.9104417447728471,False,False,250.0,1701485.5920352782,1894846.8190112205,7.210746184371867,146220.13966652684,0.03449837219137997,0.0013916063684198373,0.7943282347242815,0.7
nan,0.0,0.0,0.0,0.0,0.0,0.0,0.0,0.0,0.0,1.298613348154784,False,False,252.0,1701485.5920352782,1908862.4859786353,7.030971641505613,149346.8100265195,0.0321019859058876,0.0013712599849484493,0.7943282347242815,0.7
nan,0.0,0.0,0.0,0.0,0.0,0.0,0.0,0.0,0.0,1.502518566501947,False,False,254.0,1701485.5920352782,1922883.5524041408,6.852892262381525,152568.6907829547,0.02980664479752086,0.0013513488971742223,0.7943282347242815,0.7
nan,0.0,0.0,0.0,0.0,0.0,0.0,0.0,0.0,0.0,1.0993756429617767,False,False,256.0,1701485.5920352782,1936909.8328622836,6.6764718615610406,155889.70762091264,0.027612321652674514,0.0013318610919688433,0.7943282347242815,0.7
nan,0.0,0.0,0.0,0.0,0.0,0.0,0.0,0.0,0.0,0.8554296053961855,False,False,258.0,1701485.5920352782,1950941.1466965303,6.501675250513425,159313.9613354439,0.025518808135049205,0.0013127849562244078,0.7943282347242815,0.7
nan,0.0,0.0,0.0,0.0,0.0,0.0,0.0,0.0,0.0,1.334045461790925,False,False,260.0,1701485.5920352782,1964977.3178541057,6.328468204456598,162845.73398065378,0.02352570572048491,0.0012941092614845327,0.7943282347242815,0.7
nan,0.0,0.0,0.0,0.0,0.0,0.0,0.0,0.0,0.0,1.6294673430250937,False,False,262.0,1701485.5920352782,1979018.17472752,6.156817430472231,166489.49485166985,0.02163241726942529,0.0012758231492336351,0.7943282347242815,0.7
nan,0.0,0.0,0.0,0.0,0.0,0.0,0.0,0.0,0.0,0.8935703154084504,False,False,264.0,1701485.5920352782,1993063.5500024902,5.9866905368391885,170249.9062184087,0.019838139406815725,0.0012579161168139333,0.7943282347242815,0.7
nan,0.0,0.0,0.0,0.0,0.0,0.0,0.0,0.0,0.0,1.1166819976211193,False,False,266.0,1701485.5920352782,2007113.2805119364,5.818056003534373,174131.82871679452,0.01814185589138323,0.0012403780039412162,0.7943282347242815,0.7
nan,0.0,0.0,0.0,0.0,0.0,0.0,0.0,0.0,0.0,0.9827803406027826,False,False,268.0,1701485.5920352782,2021167.2070958074,5.6508831538506445,178140.32628929056,0.016542332166103804,0.0012231989797917705,0.7943282347242815,0.7
nan,0.0,0.0,0.0,0.0,0.0,0.0,0.0,0.0,0.0,0.7732874800410088,False,False,270.0,1701485.5920352782,2035225.1744664465,5.485142127084742,182280.6705511839,0.015038111289208301,0.0012063695306342432,0.7943282347242815,0.7
nan,0.0,0.0,0.0,0.0,0.0,0.0,0.0,0.0,0.0,0.5940529995377004,False,False,272.0,1701485.5920352782,2049287.0310792679,5.320803852249838,186558.3444424756,0.013627511449243087,0.0011898804479814316,0.7943282347242815,0.7
nan,0.0,0.0,0.0,0.0,0.0,0.0,0.0,0.0,0.0,1.0669887350561222,False,False,274.0,1701485.5920352782,2063352.6290084897,5.157840022770027,190979.0450079572,0.012308625267533983,0.00117372281723825,0.7943282347242815,0.7
nan,0.0,0.0,0.0,0.0,0.0,0.0,0.0,0.0,0.0,0.6674226804191132,False,False,276.0,1701485.5920352782,2077421.8238277135,4.996223072115042,195548.68512952988,0.011079321086317014,0.0011578880068232264,0.7943282347242815,0.7
nan,0.0,0.0,0.0,0.0,0.0,0.0,0.0,0.0,0.0,0.9671590900847222,False,False,278.0,1701485.5920352782,2091494.4744951199,4.835926150336589,200273.39401607425,0.009937246429581341,0.001142367657742,0.7943282347242815,0.7
nan,0.0,0.0,0.0,0.0,0.0,0.0,0.0,0.0,0.0,1.3633851976010434,False,False,280.0,1701485.5920352782,2105570.443243092,4.676923101468212,205159.5162374225,0.008879833805575079,0.0011271536735923166,0.7943282347242815,0.7
nan,0.0,0.0,0.0,0.0,0.0,0.0,0.0,0.0,0.0,0.982310078269921,False,False,282.0,1701485.5920352782,2119649.5954720583,4.519188441753491,210213.60907009148,0.007904308994296774,0.0011122382109810093,0.7943282347242815,0.7
nan,0.0,0.0,0.0,0.0,0.0,0.0,0.0,0.0,0.0,0.8724656608596568,False,False,284.0,1701485.5920352782,2133731.7996483897,4.36269733866809,215442.4379053803,0.007007701929158985,0.0010976136703343808,0.7943282347242815,0.7
nan,0.0,0.0,0.0,0.0,0.0,0.0,0.0,0.0,0.0,0.6529844536004551,False,False,286.0,1701485.5920352782,2147816.927206152,4.207425590703162,220852.9694547455,0.0061868602393127,0.0010832726870843195,0.7943282347242815,0.7
nan,0.0,0.0,0.0,0.0,0.0,0.0,0.0,0.0,0.0,0.8172844389615875,False,False,288.0,1701485.5920352782,2161904.852452563,4.053349607878908,226452.36247490472,0.005438465467540132,0.001069208123213302,0.7943282347242815,0.7
nan,0.0,0.0,0.0,0.0,0.0,0.0,0.0,0.0,0.0,0.8949229866685278,False,False,290.0,1701485.5920352782,2175995.452476993,3.90044639295888,232247.95572656768,0.004759051918592777,0.001055413059142249,0.7943282347242815,0.7
nan,0.0,0.0,0.0,0.0,0.0,0.0,0.0,0.0,0.0,0.9976031701709155,False,False,292.0,1701485.5920352782,2190088.607063355,3.748693523336085,238247.25287805637,0.004145028025090197,0.0010418807859459782,0.7943282347242815,0.7
nan,0.0,0.0,0.0,0.0,0.0,0.0,0.0,0.0,0.0,0.7752438061539999,False,False,294.0,1701485.5920352782,2204184.1986057367,3.598069133564253,244457.90406887623,0.0035927000441440117,0.0010286047978817134,0.7943282347242815,0.7
nan,0.0,0.0,0.0,0.0,0.0,0.0,0.0,0.0,0.0,0.8240566920666291,False,False,296.0,1701485.5920352782,2218282.112027147,3.44855189850797,250887.68386129613,0.0030982978195993344,0.001015578785216806,0.7943282347242815,0.7
nan,0.0,0.0,0.0,0.0,0.0,0.0,0.0,0.0,0.0,0.7033000075528448,False,False,298.0,1701485.5920352782,2232382.23470124,3.3001210170872524,257544.4653310278,0.002658002265009335,0.0010027966273424684,0.7943282347242815,0.7
nan,0.0,0.0,0.0,0.0,0.0,0.0,0.0,0.0,0.0,0.5739355192548486,False,False,300.0,1701485.5920352782,2246484.456376887,3.1527561965924806,264436.19008347526,0.002267974144432842,0.0009902523861609887,0.7943282347242815,0.7
nan,0.0,0.0,0.0,0.0,0.0,0.0,0.0,0.0,0.0,1.051371892497443,False,False,302.0,1701485.5920352782,2260588.669105491,3.0064376375473225,271570.8340309834,0.00192438365579757,0.0009779402997344114,0.7943282347242815,0.7
nan,0.0,0.0,0.0,0.0,0.0,0.0,0.0,0.0,0.0,1.1569676513128229,False,False,304.0,1701485.5920352782,2274694.7671709163,2.8611460190978963,278956.3688303546,0.001623440259182748,0.0009658547761833226,0.7943282347242815,0.7
nan,0.0,0.0,0.0,0.0,0.0,0.0,0.0,0.0,0.0,0.8020426248080155,False,False,306.0,1701485.5920352782,2288802.6470219386,2.716862484907473,286600.7189602166,0.0013614221443840127,0.0009539903878248375,0.7943282347242815,0.7
nan,0.0,0.0,0.0,0.0,0.0,0.0,0.0,0.0,0.0,0.7748213862114276,False,False,308.0,1701485.5920352782,2302912.2072070963,2.5735686295368545,294511.71451422485,0.001134704702934579,0.0009423418655394577,0.7943282347242815,0.7
nan,0.0,0.0,0.0,0.0,0.0,0.0,0.0,0.0,0.0,2.0599484421443996,False,False,310.0,1701485.5920352782,2317023.348311865,2.431246485291572,302697.03989790095,0.0009397873632261427,0.0009309040933568993,0.7943282347242815,0.7
nan,0.0,0.0,0.0,0.0,0.0,0.0,0.0,0.0,0.0,0.9913579340822442,False,False,312.0,1701485.5920352782,2331135.9728980395,2.2898785095176803,311164.1787448569,0.0007733181664477339,0.000919672103251502,0.7943282347242815,0.7
nan,0.0,0.0,0.0,0.0,0.0,0.0,0.0,0.0,0.0,0.9594493157699763,False,False,314.0,1701485.5920352782,2345249.985445253,2.1494475723287567,319920.3555061041,0.0006321155075936519,0.000908641070138225,0.7943282347242815,0.7
nan,0.0,0.0,0.0,0.0,0.0,0.0,0.0,0.0,0.0,0.6360166976705838,False,False,316.0,1701485.5920352782,2359365.292294537,2.009936944747756,328972.4743141445,0.0005131865397676123,0.0008978063070606775,0.7943282347242815,0.7
nan,0.0,0.0,0.0,0.0,0.0,0.0,0.0,0.0,0.0,0.7390555545668712,False,False,318.0,1701485.5920352782,2373481.8015938406,1.871330287247478,338327.05587398465,0.0004137418397525237,0.0008871632605630233,0.7943282347242815,0.7
nan,0.0,0.0,0.0,0.0,0.0,0.0,0.0,0.0,0.0,0.7567973661716788,False,False,320.0,1701485.5920352782,2387599.4232454333,1.7336116386743994,347990.1732807099,0.0003312060545262686,0.0008767075062379704,0.7943282347242815,0.7
nan,0.0,0.0,0.0,0.0,0.0,0.0,0.0,0.0,0.0,1.7764225896534782,False,False,322.0,1701485.5920352782,2401718.068855126,1.5967654055419045,357967.3878001213,0.00026322438641157206,0.0008664347444434074,0.7943282347242815,0.7
nan,0.0,0.0,0.0,0.0,0.0,0.0,0.0,0.0,0.0,1.3226513252055137,False,False,324.0,1701485.5920352782,2415837.6516832146,1.4607763516780738,368263.68576834624,0.00020766492153315993,0.0008563407961806183,0.7943282347242815,0.7
nan,0.0,0.0,0.0,0.0,0.0,0.0,0.0,0.0,0.0,1.5162160215265348,False,False,326.0,1701485.5920352782,2429958.0865971087,1.3256295882152023,378883.41785732005,0.00016261695379419757,0.0008464215991272895,0.7943282347242815,0.7
nan,0.0,0.0,0.0,0.0,0.0,0.0,0.0,0.0,0.0,0.8813451218716449,False,False,328.0,1701485.5920352782,2444079.2900255504,1.1913105639081727,389830.2420101672,0.00012638559573869017,0.0008366732038188712,0.7943282347242815,0.7
nan,0.0,0.0,0.0,0.0,0.0,0.0,0.0,0.0,0.0,1.114138135637514,False,False,330.0,1701485.5920352782,2458201.17991439,1.0578050557692638,401107.0713652324,9.748308987315727e-05,0.0008270917699721112,0.7943282347242815,0.7
nan,0.0,0.0,0.0,0.0,0.0,0.0,0.0,0.0,0.0,0.717255549051567,False,False,332.0,1701485.5920352782,2472323.6756838327,0.9250991600076395,412716.0284542959,7.46173318294398e-05,0.000817673562944896,0.7943282347242815,0.7
nan,0.0,0.0,0.0,0.0,0.0,0.0,0.0,0.0,0.0,0.9292650388429159,False,False,334.0,1701485.5920352782,2486446.6981871193,0.7931792832622915,424658.4068764173,5.667818458337703e-05,0.000808414950326765,0.7943282347242815,0.7
nan,0.0,0.0,0.0,0.0,0.0,0.0,0.0,0.0,0.0,0.8927282583434967,False,False,336.0,1701485.5920352782,2500570.169670573,0.6620321341176916,436934.6415143916,4.272219764487997e-05,0.0007993123986547408,0.7943282347242815,0.7
nan,0.0,0.0,0.0,0.0,0.0,0.0,0.0,0.0,0.0,0.846626529328689,False,False,338.0,1701485.5920352782,2514694.01373497,0.5316447148914201,449544.2881762095,3.1956346257690926e-05,0.0007903624702493417,0.7943282347242815,0.7
nan,0.0,0.0,0.0,0.0,0.0,0.0,0.0,0.0,0.0,0.7752161934455466,False,False,340.0,1701485.5920352782,2528818.155298174,0.40200431368432965,462486.0133188185,2.3721375419719504e-05,0.0007815618201658906,0.7943282347242815,0.7
nan,0.0,0.0,0.0,0.0,0.0,0.0,0.0,0.0,0.0,1.3067349531708492,False,False,342.0,1701485.5920352782,2542942.5205589985,0.2730984966833125,475757.5942517386,1.7475276558336437e-05,0.0007729071932564279,0.7943282347242815,0.7
nan,0.0,0.0,0.0,0.0,0.0,0.0,0.0,0.0,0.0,1.167087042237221,False,False,344.0,1701485.5920352782,2557067.036962241,0.1449151007076763,489355.9299372432,1.2777347333893417e-05,0.0007643954213377679,0.7943282347242815,0.7
nan,0.0,0.0,0.0,0.0,0.0,0.0,0.0,0.0,0.0,1.468789961074844,False,False,346.0,1701485.5920352782,2571191.6331648473,0.01744222599011089,503277.06221451395,9.273194689943775e-06,0.0007560234204614194,0.7943282347242815,0.7
nan,0.0,0.0,0.0,0.0,0.0,0.0,0.0,0.0,0.0,1.0303569855764423,False,False,348.0,1701485.5920352782,2585316.2390031707,-0.10933177081561174,505212.8264405012,8.868940383288782e-06,0.0007477881882812845,0.7943282347242815,0.7
nan,0.0,0.0,0.0,0.0,0.0,0.0,0.0,0.0,0.0,1.2608562502427543,False,False,350.0,1701485.5920352782,2599440.785461276,-0.23541828340924786,505212.8264405012,8.868940383288782e-06,0.0007396868015152337,0.7943282347242815,0.7
nan,0.0,0.0,0.0,0.0,0.0,0.0,0.0,0.0,0.0,1.2623450860803718,False,False,352.0,1701485.5920352782,2613565.20464026,-0.3608284624076343,505212.8264405012,8.868940383288782e-06,0.0007317164134968134,0.7943282347242815,0.7
nan,0.0,0.0,0.0,0.0,0.0,0.0,0.0,0.0,0.0,1.2091243388225834,False,False,354.0,1701485.5920352782,2627689.4297285383,-0.4855732217057833,505212.8264405012,8.868940383288782e-06,0.0007238742518135288,0.7943282347242815,0.7
nan,0.0,0.0,0.0,0.0,0.0,0.0,0.0,0.0,0.0,1.4047419933470782,False,False,356.0,1701485.5920352782,2641813.3949730773,-0.6096632446417802,505212.8264405012,8.868940383288782e-06,0.0007161576160282621,0.7943282347242815,0.7
nan,0.0,0.0,0.0,0.0,0.0,0.0,0.0,0.0,0.0,0.905726973105713,False,False,358.0,1701485.5920352782,2655937.0356515287,-0.733108989972977,505212.8264405012,8.868940383288782e-06,0.0007085638754805799,0.7943282347242815,0.7
nan,0.0,0.0,0.0,0.0,0.0,0.0,0.0,0.0,0.0,0.9964641060291449,False,False,360.0,1701485.5920352782,2670060.2880452294,-0.8559206976696633,505212.8264405012,8.868940383288782e-06,0.000701090467164785,0.7943282347242815,0.7
nan,0.0,0.0,0.0,0.0,0.0,0.0,0.0,0.0,0.0,0.9573122360691825,False,False,362.0,1701485.5920352782,2684183.089413057,-0.9781083945329896,505212.8264405012,8.868940383288782e-06,0.0006937348936817239,0.7943282347242815,0.7
nan,0.0,0.0,0.0,0.0,0.0,0.0,0.0,0.0,0.0,1.2093901641660012,False,False,364.0,1701485.5920352782,2698305.37796608,-1.099681899642858,505212.8264405012,8.868940383288782e-06,0.0006864947212614868,0.7943282347242815,0.7
nan,0.0,0.0,0.0,0.0,0.0,0.0,0.0,0.0,0.0,0.8751728494886662,False,False,366.0,1701485.5920352782,2712427.092842996,-1.220650829641987,505212.8264405012,8.868940383288782e-06,0.0006793675778542518,0.7943282347242815,0.7
nan,0.0,0.0,0.0,0.0,0.0,0.0,0.0,0.0,0.0,1.0233424390974106,False,False,368.0,1701485.5920352782,2726548.1740863267,-1.341024603861524,505212.8264405012,8.868940383288782e-06,0.0006723511512866507,0.7943282347242815,0.7
nan,0.0,0.0,0.0,0.0,0.0,0.0,0.0,0.0,0.0,0.9385387765337416,False,False,370.0,1701485.5920352782,2740668.562619336,-1.4608124492937518,505212.8264405012,8.868940383288782e-06,0.0006654431874811334,0.7943282347242815,0.7
nan,0.0,0.0,0.0,0.0,0.0,0.0,0.0,0.0,0.0,0.8537220753846454,False,False,372.0,1701485.5920352782,2754788.20022365,-1.5800234054172546,505212.8264405012,8.868940383288782e-06,0.0006586414887359341,0.7943282347242815,0.7
nan,0.0,0.0,0.0,0.0,0.0,0.0,0.0,0.0,0.0,1.0523169268339552,False,False,374.0,1701485.5920352782,2768907.0295175556,-1.6986663288792943,505212.8264405012,8.868940383288782e-06,0.0006519439120633164,0.7943282347242815,0.7
nan,0.0,0.0,0.0,0.0,0.0,0.0,0.0,0.0,0.0,1.0369921820346752,False,False,376.0,1701485.5920352782,2783024.993934955,-1.8167498980403398,505212.8264405012,8.868940383288782e-06,0.0006453483675838953,0.7943282347242815,0.7
nan,0.0,0.0,0.0,0.0,0.0,0.0,0.0,0.0,0.0,0.989081342724107,False,False,378.0,1701485.5920352782,2797142.0377049497,-1.9342826173854506,505212.8264405012,8.868940383288782e-06,0.0006388528169749133,0.7943282347242815,0.7
nan,0.0,0.0,0.0,0.0,0.0,0.0,0.0,0.0,0.0,0.7996295626859531,False,False,380.0,1701485.5920352782,2811258.105832026,-2.0512728218070198,505212.8264405012,8.868940383288782e-06,0.0006324552719704452,0.7943282347242815,0.7
nan,0.0,0.0,0.0,0.0,0.0,0.0,0.0,0.0,0.0,1.0083403164537685,False,False,382.0,1701485.5920352782,2825373.144076843,-2.1677286807628873,505212.8264405012,8.868940383288782e-06,0.0006261537929115719,0.7943282347242815,0.7
nan,0.0,0.0,0.0,0.0,0.0,0.0,0.0,0.0,0.0,0.9577889117384124,False,False,384.0,1701485.5920352782,2839487.098937581,-2.283658202314434,505212.8264405012,8.868940383288782e-06,0.0006199464873446706,0.7943282347242815,0.7
nan,0.0,0.0,0.0,0.0,0.0,0.0,0.0,0.0,0.0,1.553443963679295,False,False,386.0,1701485.5920352782,2853599.9176318385,-2.39906923704822,505212.8264405012,8.868940383288782e-06,0.0006138315086660241,0.7943282347242815,0.7
nan,0.0,0.0,0.0,0.0,0.0,0.0,0.0,0.0,0.0,0.9379538581888971,False,False,388.0,1701485.5920352782,2867711.5480790585,-2.5139694818852374,505212.8264405012,8.868940383288782e-06,0.0006078070548110369,0.7943282347242815,0.7
nan,0.0,0.0,0.0,0.0,0.0,0.0,0.0,0.0,0.0,0.889014675940967,False,False,390.0,1701485.5920352782,2881821.9388834788,-2.6283664837813387,505212.8264405012,8.868940383288782e-06,0.000601871366986401,0.7943282347242815,0.7
nan,0.0,0.0,0.0,0.0,0.0,0.0,0.0,0.0,0.0,0.8695225920747149,False,False,392.0,1701485.5920352782,2895931.0393175557,-2.742267643322601,505212.8264405012,8.868940383288782e-06,0.0005960227284436554,0.7943282347242815,0.7
nan,0.0,0.0,0.0,0.0,0.0,0.0,0.0,0.0,0.0,0.970695265450439,False,False,394.0,1701485.5920352782,2910038.799305892,-2.855680218218784,505212.8264405012,8.868940383288782e-06,0.0005902594632925929,0.7943282347242815,0.7
nan,0.0,0.0,0.0,0.0,0.0,0.0,0.0,0.0,0.0,1.9891217994658936,False,False,396.0,1701485.5920352782,2924145.169409608,-2.9686113266985084,505212.8264405012,8.868940383288782e-06,0.0005845799353530882,0.7943282347242815,0.7
nan,0.0,0.0,0.0,0.0,0.0,0.0,0.0,0.0,0.0,1.872296600646817,False,False,398.0,1701485.5920352782,2938250.100811171,-3.0810679508088996,505212.8264405012,8.868940383288782e-06,0.0005789825470439338,0.7943282347242815,0.7
nan,0.0,0.0,0.0,0.0,0.0,0.0,0.0,0.0,0.0,1.2246527029363004,False,False,400.0,1701485.5920352782,2952353.5452996506,-3.193056939623317,505212.8264405012,8.868940383288782e-06,0.0005734657383073543,0.7943282347242815,0.7
nan,0.0,0.0,0.0,0.0,0.0,0.0,0.0,0.0,0.0,1.0593094354621222,False,False,402.0,1701485.5920352782,2966455.4552564025,-3.3045850123596168,505212.8264405012,8.868940383288782e-06,0.0005680279855679033,0.7943282347242815,0.7
nan,0.0,0.0,0.0,0.0,0.0,0.0,0.0,0.0,0.0,1.1506640465868905,False,False,404.0,1701485.5920352782,2980555.783641143,-3.415658761412065,505212.8264405012,8.868940383288782e-06,0.0005626678007245203,0.7943282347242815,0.7
nan,0.0,0.0,0.0,0.0,0.0,0.0,0.0,0.0,0.0,1.0497565988207544,False,False,406.0,1701485.5920352782,2994654.4839784307,-3.5262846552996856,505212.8264405012,8.868940383288782e-06,0.0005573837301745486,0.7943282347242815,0.7
nan,0.0,0.0,0.0,0.0,0.0,0.0,0.0,0.0,0.0,0.7074413191510587,False,False,408.0,1701485.5920352782,3008751.510344515,-3.636469041533531,505212.8264405012,8.868940383288782e-06,0.0005521743538685859,0.7943282347242815,0.7
nan,0.0,0.0,0.0,0.0,0.0,0.0,0.0,0.0,0.0,0.9251296349351718,False,False,410.0,1701485.5920352782,3022846.817354561,-3.746218149405435,505212.8264405012,8.868940383288782e-06,0.0005470382843950659,0.7943282347242815,0.7
nan,0.0,0.0,0.0,0.0,0.0,0.0,0.0,0.0,0.0,1.1516280334529474,False,False,412.0,1701485.5920352782,3036940.360150217,-3.855538092700977,505212.8264405012,8.868940383288782e-06,0.0005419741660935256,0.7943282347242815,0.7
nan,0.0,0.0,0.0,0.0,0.0,0.0,0.0,0.0,0.0,0.8353251876062179,False,False,414.0,1701485.5920352782,3051032.0943875425,-3.9644348723386833,505212.8264405012,8.868940383288782e-06,0.0005369806741955409,0.7943282347242815,0.7
nan,0.0,0.0,0.0,0.0,0.0,0.0,0.0,0.0,0.0,0.8386455971427027,False,False,416.0,1701485.5920352782,3065121.9762252555,-4.0729143789379565,505212.8264405012,8.868940383288782e-06,0.0005320565139923666,0.7943282347242815,0.7
nan,0.0,0.0,0.0,0.0,0.0,0.0,0.0,0.0,0.0,0.9679845053825915,False,False,418.0,1701485.5920352782,3079209.962313306,-4.180982395317922,505212.8264405012,8.868940383288782e-06,0.0005272004200283443,0.7943282347242815,0.7
nan,0.0,0.0,0.0,0.0,0.0,0.0,0.0,0.0,0.0,0.8836494682025204,False,False,420.0,1701485.5920352782,3093296.009781764,-4.288644598929341,505212.8264405012,8.868940383288782e-06,0.0005224111553191795,0.7943282347242815,0.7
nan,0.0,0.0,0.0,0.0,0.0,0.0,0.0,0.0,0.0,1.437851399220294,False,False,422.0,1701485.5920352782,3107380.0762300077,-4.395906564221587,505212.8264405012,8.868940383288782e-06,0.0005176875105942282,0.7943282347242815,0.7
nan,0.0,0.0,0.0,0.0,0.0,0.0,0.0,0.0,0.0,0.8515988669899114,False,False,424.0,1701485.5920352782,3121462.1197162024,-4.502773764946723,505212.8264405012,8.868940383288782e-06,0.0005130283035619638,0.7943282347242815,0.7
nan,0.0,0.0,0.0,0.0,0.0,0.0,0.0,0.0,0.0,0.9813911676762626,False,False,426.0,1701485.5920352782,3135542.0987470686,-4.6092515764025705,505212.8264405012,8.868940383288782e-06,0.0005084323781978206,0.7943282347242815,0.7
nan,0.0,0.0,0.0,0.0,0.0,0.0,0.0,0.0,0.0,1.1657925065675145,False,False,428.0,1701485.5920352782,3149619.9722679197,-4.715345277616794,505212.8264405012,8.868940383288782e-06,0.0005038986040536551,0.7943282347242815,0.7
nan,0.0,0.0,0.0,0.0,0.0,0.0,0.0,0.0,0.0,0.7935427849888238,False,False,430.0,1701485.5920352782,3163695.699652969,-4.821060053473373,505212.8264405012,8.868940383288782e-06,0.0004994258755880805,0.7943282347242815,0.7
nan,0.0,0.0,0.0,0.0,0.0,0.0,0.0,0.0,0.0,0.6546365909548744,False,False,432.0,1701485.5920352782,3177769.2406958938,-4.92640099678377,505212.8264405012,8.868940383288782e-06,0.0004950131115169655,0.7943282347242815,0.7
nan,0.0,0.0,0.0,0.0,0.0,0.0,0.0,0.0,0.0,0.927686022766573,False,False,434.0,1701485.5920352782,3191840.555600648,-5.0313731103039565,505212.8264405012,8.868940383288782e-06,0.0004906592541834162,0.7943282347242815,0.7
nan,0.0,0.0,0.0,0.0,0.0,0.0,0.0,0.0,0.0,0.7410674452227111,False,False,436.0,1701485.5920352782,3205909.6049725222,-5.135981308699218,505212.8264405012,8.868940383288782e-06,0.0004863632689465784,0.7943282347242815,0.7
nan,0.0,0.0,0.0,0.0,0.0,0.0,0.0,0.0,0.0,0.7840150958109537,False,False,438.0,1701485.5920352782,3219976.3498094347,-5.240230420458162,505212.8264405012,8.868940383288782e-06,0.00048212414358863226,0.7943282347242815,0.7
nan,0.0,0.0,0.0,0.0,0.0,0.0,0.0,0.0,0.0,1.0242114733116157,False,False,440.0,1701485.5920352782,3234040.751493451,-5.344125189757581,505212.8264405012,8.868940383288782e-06,0.00047794088773936547,0.7943282347242815,0.7
nan,0.0,0.0,0.0,0.0,0.0,0.0,0.0,0.0,0.0,0.5200628380108075,False,False,442.0,1701485.5920352782,3248102.771782528,-5.44767027827928,505212.8264405012,8.868940383288782e-06,0.00047381253231773974,0.7943282347242815,0.7
nan,0.0,0.0,0.0,0.0,0.0,0.0,0.0,0.0,0.0,1.0238510497396733,False,False,444.0,1701485.5920352782,3262162.3728024648,-5.550870266980887,505212.8264405012,8.868940383288782e-06,0.0004697381289898862,0.7943282347242815,0.7
nan,0.0,0.0,0.0,0.0,0.0,0.0,0.0,0.0,0.0,1.169024807653941,False,False,446.0,1701485.5920352782,3276219.517039074,-5.653729657821284,505212.8264405012,8.868940383288782e-06,0.0004657167496429805,0.7943282347242815,0.7
nan,0.0,0.0,0.0,0.0,0.0,0.0,0.0,0.0,0.0,1.4096314465417967,False,False,448.0,1701485.5920352782,3290274.1673305444,-5.756252875442598,505212.8264405012,8.868940383288782e-06,0.00046174748587448055,0.7943282347242815,0.7
nan,0.0,0.0,0.0,0.0,0.0,0.0,0.0,0.0,0.0,0.8005950295731826,False,False,450.0,1701485.5920352782,3304326.286860002,-5.858444268809676,505212.8264405012,8.868940383288782e-06,0.0004578294484962144,0.7943282347242815,0.7
nan,0.0,0.0,0.0,0.0,0.0,0.0,0.0,0.0,0.0,0.9706840620697484,False,False,452.0,1701485.5920352782,3318375.8391482653,-5.960308112808271,505212.8264405012,8.868940383288782e-06,0.0004539617670528359,0.7943282347242815,0.7
nan,0.0,0.0,0.0,0.0,0.0,0.0,0.0,0.0,0.0,0.587194390145449,False,False,454.0,1701485.5920352782,3332422.78804678,-6.061848609803461,505212.8264405012,8.868940383288782e-06,0.00045014358935417724,0.7943282347242815,0.7
nan,0.0,0.0,0.0,0.0,0.0,0.0,0.0,0.0,0.0,0.7470373864287632,False,False,456.0,1701485.5920352782,3346467.0977307395,-6.163069891159,505212.8264405012,8.868940383288782e-06,0.00044637408102104543,0.7943282347242815,0.7
nan,0.0,0.0,0.0,0.0,0.0,0.0,0.0,0.0,0.0,1.4060766107435734,False,False,458.0,1701485.5920352782,3360508.7326923674,-6.263976018718997,505212.8264405012,8.868940383288782e-06,0.00044265242504403076,0.7943282347242815,0.7
nan,0.0,0.0,0.0,0.0,0.0,0.0,0.0,0.0,0.0,0.9889413467029847,False,False,460.0,1701485.5920352782,3374547.657734382,-6.364570986253017,505212.8264405012,8.868940383288782e-06,0.00043897782135489963,0.7943282347242815,0.7
nan,0.0,0.0,0.0,0.0,0.0,0.0,0.0,0.0,0.0,1.5597443321097102,False,False,462.0,1701485.5920352782,3388583.83796362,-6.464858720865541,505212.8264405012,8.868940383288782e-06,0.00043534948641017534,0.7943282347242815,0.7
nan,0.0,0.0,0.0,0.0,0.0,0.0,0.0,0.0,0.0,2.1905796699818674,False,False,464.0,1701485.5920352782,3402617.2387848175,-6.564843084370735,505212.8264405012,8.868940383288782e-06,0.00043176665278650843,0.7943282347242815,0.7
nan,0.0,0.0,0.0,0.0,0.0,0.0,0.0,0.0,0.0,1.293173192922486,False,False,466.0,1701485.5920352782,3416647.8258945416,-6.664527874633704,505212.8264405012,8.868940383288782e-06,0.0004282285687874671,0.7943282347242815,0.7
nan,0.0,0.0,0.0,0.0,0.0,0.0,0.0,0.0,0.0,1.8906482222296557,False,False,468.0,1701485.5920352782,3430675.5652752863,-6.763916826879124,505212.8264405012,8.868940383288782e-06,0.0004247344980613763,0.7943282347242815,0.7
nan,0.0,0.0,0.0,0.0,0.0,0.0,0.0,0.0,0.0,1.3172885062138766,False,False,470.0,1701485.5920352782,3444700.4231897006,-6.863013614967864,505212.8264405012,8.868940383288782e-06,0.00042128371922986224,0.7943282347242815,0.7
nan,0.0,0.0,0.0,0.0,0.0,0.0,0.0,0.0,0.0,1.6133665807814475,False,False,472.0,1701485.5920352782,3458722.366174962,-6.961821852643164,505212.8264405012,8.868940383288782e-06,0.0004178755255267601,0.7943282347242815,0.7
nan,0.0,0.0,0.0,0.0,0.0,0.0,0.0,0.0,0.0,0.7477643247119409,False,False,474.0,1701485.5920352782,3472741.3610372944,-7.060345094746306,505212.8264405012,8.868940383288782e-06,0.0004145092244470569,0.7943282347242815,0.7
nan,0.0,0.0,0.0,0.0,0.0,0.0,0.0,0.0,0.0,1.0172495165831414,False,False,476.0,1701485.5920352782,3486757.3748466074,-7.158586838403586,505212.8264405012,8.868940383288782e-06,0.0004111841374055636,0.7943282347242815,0.7
nan,0.0,0.0,0.0,0.0,0.0,0.0,0.0,0.0,0.0,0.9029958662815416,False,False,478.0,1701485.5920352782,3500770.37493128,-7.256550524184536,505212.8264405012,8.868940383288782e-06,0.0004078995994049973,0.7943282347242815,0.7
nan,0.0,0.0,0.0,0.0,0.0,0.0,0.0,0.0,0.0,1.2237524675091045,False,False,480.0,1701485.5920352782,3514780.328873061,-7.354239537232879,505212.8264405012,8.868940383288782e-06,0.00040465495871319553,0.7943282347242815,0.7
nan,0.0,0.0,0.0,0.0,0.0,0.0,0.0,0.0,0.0,1.4539490009242149,False,False,482.0,1701485.5920352782,3528787.2045020913,-7.451657208370375,505212.8264405012,8.868940383288782e-06,0.0004014495765491707,0.7943282347242815,0.7
nan,0.0,0.0,0.0,0.0,0.0,0.0,0.0,0.0,0.0,1.4439482142713818,False,False,484.0,1701485.5920352782,3542790.9698920576,-7.548806815174823,505212.8264405012,8.868940383288782e-06,0.00039828282677773115,0.7943282347242815,0.7
nan,0.0,0.0,0.0,0.0,0.0,0.0,0.0,0.0,0.0,0.6291162090356222,False,False,486.0,1701485.5920352782,3556791.593355445,-7.645691583032456,505212.8264405012,8.868940383288782e-06,0.00039515409561240985,0.7943282347242815,0.7
nan,0.0,0.0,0.0,0.0,0.0,0.0,0.0,0.0,0.0,0.6800745971839045,False,False,488.0,1701485.5920352782,3570789.0434389217,-7.742314686165902,505212.8264405012,8.868940383288782e-06,0.000392062781326439,0.7943282347242815,0.7
nan,0.0,0.0,0.0,0.0,0.0,0.0,0.0,0.0,0.0,1.28689472572988,False,False,490.0,1701485.5920352782,3584783.2889188146,-7.838679248637827,505212.8264405012,8.868940383288782e-06,0.0003890082939715322,0.7943282347242815,0.7
nan,0.0,0.0,0.0,0.0,0.0,0.0,0.0,0.0,0.0,1.119700215985861,False,False,492.0,1701485.5920352782,3598774.2987967078,-7.934788345331388,505212.8264405012,8.868940383288782e-06,0.00038599005510422707,0.7943282347242815,0.7
nan,0.0,0.0,0.0,0.0,0.0,0.0,0.0,0.0,0.0,0.8870720386354757,False,False,494.0,1701485.5920352782,3612762.042295135,-8.030645002908008,505212.8264405012,8.868940383288782e-06,0.00038300749751956633,0.7943282347242815,0.7
nan,0.0,0.0,0.0,0.0,0.0,0.0,0.0,0.0,0.0,0.7758244020746697,False,False,496.0,1701485.5920352782,3626746.4888533805,-8.126252200742757,505212.8264405012,8.868940383288782e-06,0.00038006006499188957,0.7943282347242815,0.7
nan,0.0,0.0,0.0,0.0,0.0,0.0,0.0,0.0,0.0,0.5616049442924728,False,False,498.0,1701485.5920352782,3640727.6081233667,-8.22161287183841,505212.8264405012,8.868940383288782e-06,0.0003771472120225272,0.7943282347242815,0.7
nan,0.0,0.0,0.0,0.0,0.0,0.0,0.0,0.0,0.0,0.5982566925257052,False,False,500.0,1701485.5920352782,3654705.3699656553,-8.316729903718471,505212.8264405012,8.868940383288782e-06,0.00037426840359417916,0.7943282347242815,0.7
nan,0.0,0.0,0.0,0.0,0.0,0.0,0.0,0.0,0.0,0.7598763974916836,False,False,502.0,1701485.5920352782,3668679.7444455237,-8.411606139299693,505212.8264405012,8.868940383288782e-06,0.00037142311493179136,0.7943282347242815,0.7
nan,0.0,0.0,0.0,0.0,0.0,0.0,0.0,0.0,0.0,1.1576148081735436,False,False,504.0,1701485.5920352782,3682650.7018291457,-8.506244377744833,505212.8264405012,8.868940383288782e-06,0.00036861083126972196,0.7943282347242815,0.7
nan,0.0,0.0,0.0,0.0,0.0,0.0,0.0,0.0,0.0,1.3042092094987372,False,False,506.0,1701485.5920352782,3696618.2125798524,-8.600647375295997,505212.8264405012,8.868940383288782e-06,0.0003658310476250225,0.7943282347242815,0.7
nan,0.0,0.0,0.0,0.0,0.0,0.0,0.0,0.0,0.0,0.7662382709472625,False,False,508.0,1701485.5920352782,3710582.24735448,-8.694817846089082,505212.8264405012,8.868940383288782e-06,0.0003630832685766428,0.7943282347242815,0.7
nan,0.0,0.0,0.0,0.0,0.0,0.0,0.0,0.0,0.0,1.3394389198643926,False,False,510.0,1701485.5920352782,3724542.7769998084,-8.788758462950014,505212.8264405012,8.868940383288782e-06,0.00036036700805039087,0.7943282347242815,0.7
nan,0.0,0.0,0.0,0.0,0.0,0.0,0.0,0.0,0.0,1.447477610852711,False,False,512.0,1701485.5920352782,3738499.7725490704,-8.882471858172906,505212.8264405012,8.868940383288782e-06,0.0003576817891094755,0.7943282347242815,0.7
nan,0.0,0.0,0.0,0.0,0.0,0.0,0.0,0.0,0.0,1.2305774513939987,False,False,514.0,1701485.5920352782,3752453.2052185484,-8.97596062428094,505212.8264405012,8.868940383288782e-06,0.00035502714375046856,0.7943282347242815,0.7
nan,0.0,0.0,0.0,0.0,0.0,0.0,0.0,0.0,0.0,1.0559862251532013,False,False,516.0,1701485.5920352782,3766403.0464042476,-9.069227314770247,505212.8264405012,8.868940383288782e-06,0.00035240261270452685,0.7943282347242815,0.7
nan,0.0,0.0,0.0,0.0,0.0,0.0,0.0,0.0,0.0,0.8549472943869943,False,False,518.0,1701485.5920352782,3780349.267678637,-9.162274444837239,505212.8264405012,8.868940383288782e-06,0.0003498077452437247,0.7943282347242815,0.7
nan,0.0,0.0,0.0,0.0,0.0,0.0,0.0,0.0,0.0,1.1989813893941876,False,False,520.0,1701485.5920352782,3794291.840787476,-9.255104492089842,505212.8264405012,8.868940383288782e-06,0.00034724209899234106,0.7943282347242815,0.7
nan,0.0,0.0,0.0,0.0,0.0,0.0,0.0,0.0,0.0,1.0238393394380771,False,False,522.0,1701485.5920352782,3808230.7376466966,-9.347719897243048,505212.8264405012,8.868940383288782e-06,0.0003447052397429662,0.7943282347242815,0.7
nan,0.0,0.0,0.0,0.0,0.0,0.0,0.0,0.0,0.0,0.7485113241649614,False,False,524.0,1701485.5920352782,3822165.930339376,-9.440123064799176,505212.8264405012,8.868940383288782e-06,0.00034219674127728187,0.7943282347242815,0.7
nan,0.0,0.0,0.0,0.0,0.0,0.0,0.0,0.0,0.0,0.6456301900167274,False,False,526.0,1701485.5920352782,3836097.391112754,-9.532316363713162,505212.8264405012,8.868940383288782e-06,0.00033971618519138566,0.7943282347242815,0.7
nan,0.0,0.0,0.0,0.0,0.0,0.0,0.0,0.0,0.0,0.6287250747260644,False,False,528.0,1701485.5920352782,3850025.092375336,-9.624302128043455,505212.8264405012,8.868940383288782e-06,0.00033726316072552477,0.7943282347242815,0.7
nan,0.0,0.0,0.0,0.0,0.0,0.0,0.0,0.0,0.0,0.48710384876110296,False,False,530.0,1701485.5920352782,3863949.006694047,-9.716082657588618,505212.8264405012,8.868940383288782e-06,0.00033483726459811804,0.7943282347242815,0.7
nan,0.0,0.0,0.0,0.0,0.0,0.0,0.0,0.0,0.0,0.7494096485403756,False,False,532.0,1701485.5920352782,3877869.1067914525,-9.80766021851017,505212.8264405012,8.868940383288782e-06,0.0003324381008439396,0.7943282347242815,0.7
nan,0.0,0.0,0.0,0.0,0.0,0.0,0.0,0.0,0.0,1.0682468609959779,False,False,534.0,1701485.5920352782,3891785.365543048,-9.899037043942034,505212.8264405012,8.868940383288782e-06,0.0003300652806563489,0.7943282347242815,0.7
nan,0.0,0.0,0.0,0.0,0.0,0.0,0.0,0.0,0.0,0.7519241210628109,False,False,536.0,1701485.5920352782,3905697.7559745912,-9.990215334586695,505212.8264405012,8.868940383288782e-06,0.0003277184222334514,0.7943282347242815,0.7
nan,0.0,0.0,0.0,0.0,0.0,0.0,0.0,0.0,0.0,1.0504998824799892,False,False,538.0,1701485.5920352782,3919606.251259513,-10.081197259298783,505212.8264405012,8.868940383288782e-06,0.0003253971506280795,0.7943282347242815,0.7
nan,0.0,0.0,0.0,0.0,0.0,0.0,0.0,0.0,0.0,1.3132786347584493,False,False,540.0,1701485.5920352782,3933510.8247163654,-10.171984955656027,505212.8264405012,8.868940383288782e-06,0.0003231010976014865,0.7943282347242815,0.7
nan,0.0,0.0,0.0,0.0,0.0,0.0,0.0,0.0,0.0,1.103163545358737,False,False,542.0,1701485.5920352782,3947411.4498063396,-10.262580530517994,505212.8264405012,8.868940383288782e-06,0.00032082990148064926,0.7943282347242815,0.7
nan,0.0,0.0,0.0,0.0,0.0,0.0,0.0,0.0,0.0,1.185077690808382,False,False,544.0,1701485.5920352782,3961308.100130827,-10.352986060573159,505212.8264405012,8.868940383288782e-06,0.00031858320701907896,0.7943282347242815,0.7
nan,0.0,0.0,0.0,0.0,0.0,0.0,0.0,0.0,0.0,0.897569320730115,False,False,546.0,1701485.5920352782,3975200.7494290457,-10.443203592874184,505212.8264405012,8.868940383288782e-06,0.00031636066526104115,0.7943282347242815,0.7
nan,0.0,0.0,0.0,0.0,0.0,0.0,0.0,0.0,0.0,1.013059645884231,False,False,548.0,1701485.5920352782,3989089.371575702,-10.533235145362001,505212.8264405012,8.868940383288782e-06,0.0003141619334090943,0.7943282347242815,0.7
nan,0.0,0.0,0.0,0.0,0.0,0.0,0.0,0.0,0.0,1.306574009685191,False,False,550.0,1701485.5920352782,4002973.9405787117,-10.623082707378899,505212.8264405012,8.868940383288782e-06,0.0003119866746948503,0.7943282347242815,0.7
nan,0.0,0.0,0.0,0.0,0.0,0.0,0.0,0.0,0.0,0.5746098056317732,False,False,552.0,1701485.5920352782,4016854.430576973,-10.712748240170765,505212.8264405012,8.868940383288782e-06,0.0003098345582528706,0.7943282347242815,0.7
nan,0.0,0.0,0.0,0.0,0.0,0.0,0.0,0.0,0.0,0.6914740892957477,False,False,554.0,1701485.5920352782,4030730.8158381768,-10.802233677378956,505212.8264405012,8.868940383288782e-06,0.0003077052589976123,0.7943282347242815,0.7
nan,0.0,0.0,0.0,0.0,0.0,0.0,0.0,0.0,0.0,0.5156868716070344,False,False,556.0,1701485.5920352782,4044603.07075667,-10.891540925521769,505212.8264405012,8.868940383288782e-06,0.0003055984575033398,0.7943282347242815,0.7
nan,0.0,0.0,0.0,0.0,0.0,0.0,0.0,0.0,0.0,0.677456907142943,False,False,558.0,1701485.5920352782,4058471.1698513683,-10.980671864466112,505212.8264405012,8.868940383288782e-06,0.00030351383988692004,0.7943282347242815,0.7
nan,0.0,0.0,0.0,0.0,0.0,0.0,0.0,0.0,0.0,0.8992307396841822,False,False,560.0,1701485.5920352782,4072335.087763698,-11.069628347889237,505212.8264405012,8.868940383288782e-06,0.0003014510976934264,0.7943282347242815,0.7
nan,0.0,0.0,0.0,0.0,0.0,0.0,0.0,0.0,0.0,0.9795170486208936,False,False,562.0,1701485.5920352782,4086194.7992555965,-11.158412203731103,505212.8264405012,8.868940383288782e-06,0.0002994099277844709,0.7943282347242815,0.7
nan,0.0,0.0,0.0,0.0,0.0,0.0,0.0,0.0,0.0,0.8054589292439245,False,False,564.0,1701485.5920352782,4100050.2792075532,-11.247025234637363,505212.8264405012,8.868940383288782e-06,0.0002973900322291923,0.7943282347242815,0.7
nan,0.0,0.0,0.0,0.0,0.0,0.0,0.0,0.0,0.0,0.9664481733761356,False,False,566.0,1701485.5920352782,4113901.502616675,-11.335469218393275,505212.8264405012,8.868940383288782e-06,0.00029539111819783253,0.7943282347242815,0.7
nan,0.0,0.0,0.0,0.0,0.0,0.0,0.0,0.0,0.0,0.9122180404505265,False,False,568.0,1701485.5920352782,4127748.444594815,-11.423745908348797,505212.8264405012,8.868940383288782e-06,0.00029341289785782395,0.7943282347242815,0.7
nan,0.0,0.0,0.0,0.0,0.0,0.0,0.0,0.0,0.0,0.7638528686793788,False,False,570.0,1701485.5920352782,4141591.0803667214,-11.511857033835042,505212.8264405012,8.868940383288782e-06,0.0002914550882723285,0.7943282347242815,0.7
nan,0.0,0.0,0.0,0.0,0.0,0.0,0.0,0.0,0.0,1.080183600445621,False,False,572.0,1701485.5920352782,4155429.385268236,-11.599804300572224,505212.8264405012,8.868940383288782e-06,0.00028951741130115713,0.7943282347242815,0.7
nan,0.0,0.0,0.0,0.0,0.0,0.0,0.0,0.0,0.0,1.403165813788926,False,False,574.0,1701485.5920352782,4169263.334744527,-11.687589391069402,505212.8264405012,8.868940383288782e-06,0.00028759959350400965,0.7943282347242815,0.7
nan,0.0,0.0,0.0,0.0,0.0,0.0,0.0,0.0,0.0,0.9691318677656005,False,False,576.0,1701485.5920352782,4183092.9043483576,-11.775213965016196,505212.8264405012,8.868940383288782e-06,0.00028570136604597225,0.7943282347242815,0.7
nan,0.0,0.0,0.0,0.0,0.0,0.0,0.0,0.0,0.0,1.9905204194382737,False,False,578.0,1701485.5920352782,4196918.0697383825,-11.862679659666561,505212.8264405012,8.868940383288782e-06,0.0002838224646052142,0.7943282347242815,0.7
nan,0.0,0.0,0.0,0.0,0.0,0.0,0.0,0.0,0.0,0.959227088816031,False,False,580.0,1701485.5920352782,4210738.806677498,-11.949988090214987,505212.8264405012,8.868940383288782e-06,0.00028196262928282205,0.7943282347242815,0.7
nan,0.0,0.0,0.0,0.0,0.0,0.0,0.0,0.0,0.0,1.1007774193138302,False,False,582.0,1701485.5920352782,4224555.091031204,-12.03714085016506,505212.8264405012,8.868940383288782e-06,0.0002801216045147211,0.7943282347242815,0.7
nan,0.0,0.0,0.0,0.0,0.0,0.0,0.0,0.0,0.0,1.3820894953960048,False,False,584.0,1701485.5920352782,4238366.898766014,-12.1241395116908,505212.8264405012,8.868940383288782e-06,0.000278299138985624,0.7943282347242815,0.7
nan,0.0,0.0,0.0,0.0,0.0,0.0,0.0,0.0,0.0,0.8462940341812664,False,False,586.0,1701485.5920352782,4252174.205947894,-12.21098562599078,505212.8264405012,8.868940383288782e-06,0.00027649498554495685,0.7943282347242815,0.7
nan,0.0,0.0,0.0,0.0,0.0,0.0,0.0,0.0,0.0,0.6969213197691143,False,False,588.0,1701485.5920352782,4265976.988740728,-12.297680723635338,505212.8264405012,8.868940383288782e-06,0.00027470890112470987,0.7943282347242815,0.7
nan,0.0,0.0,0.0,0.0,0.0,0.0,0.0,0.0,0.0,0.9144026039257829,False,False,590.0,1701485.5920352782,4279775.223404823,-12.38422631490674,505212.8264405012,8.868940383288782e-06,0.000272940646659163,0.7943282347242815,0.7
nan,0.0,0.0,0.0,0.0,0.0,0.0,0.0,0.0,0.0,0.8988482635754537,False,False,592.0,1701485.5920352782,4293568.886295434,-12.470623890132897,505212.8264405012,8.868940383288782e-06,0.00027118998700643857,0.7943282347242815,0.7
nan,0.0,0.0,0.0,0.0,0.0,0.0,0.0,0.0,0.0,0.6350988456642005,False,False,594.0,1701485.5920352782,4307357.953861325,-12.556874920014439,505212.8264405012,8.868940383288782e-06,0.0002694566908718331,0.7943282347242815,0.7
nan,0.0,0.0,0.0,0.0,0.0,0.0,0.0,0.0,0.0,0.8455052318218036,False,False,596.0,1701485.5920352782,4321142.40264336,-12.642980855945362,505212.8264405012,8.868940383288782e-06,0.0002677405307328824,0.7943282347242815,0.7
nan,0.0,0.0,0.0,0.0,0.0,0.0,0.0,0.0,0.0,1.0887876692698681,False,False,598.0,1701485.5920352782,4334922.2092731185,-12.728943130327584,505212.8264405012,8.868940383288782e-06,0.00026604128276611625,0.7943282347242815,0.7
nan,0.0,0.0,0.0,0.0,0.0,0.0,0.0,0.0,0.0,1.268641238972031,False,False,600.0,1701485.5920352782,4348697.350471533,-12.814763156879211,505212.8264405012,8.868940383288782e-06,0.00026435872677546015,0.7943282347242815,0.7
