qber,gain,error_gain,double_click_gain,detection_rate_hz,error_rate_hz,rate_bits_per_pulse,rate_bits_per_second,eta_total_baseline,eta_total_faded,fading_factor,clipped,visible,time_s,cumulative_rate_integral_bits,distance_m,elevation_deg,atmospheric_path_m,eta_atmospheric,eta_geometric,eta_pointing,eta_optical
nan,0.0,0.0,0.0,0.0,0.0,0.0,0.0,0.0,0.0,0.71053547355054,False,False,-600.0,0.0,3858391.045977445,-9.679468402040552,505212.8264405012,8.868940383288782e-06,0.00033580245286931026,0.7943282347242815,0.7
nan,0.0,0.0,0.0,0.0,0.0,0.0,0.0,0.0,0.0,0.7735524979703035,False,False,-598.0,0.0,3844465.616633718,-9.587606216541339,505212.8264405012,8.868940383288782e-06,0.00033823913072031397,0.7943282347242815,0.7
nan,0.0,0.0,0.0,0.0,0.0,0.0,0.0,0.0,0.0,1.2666548871793517,False,False,-596.0,0.0,3830536.411278565,-9.495537882247325,505212.8264405012,8.868940383288782e-06,0.0003407030970131563,0.7943282347242815,0.7
nan,0.0,0.0,0.0,0.0,0.0,0.0,0.0,0.0,0.0,1.1192124033016002,False,False,-594.0,0.0,3816603.4574079663,-9.403261085758894,505212.8264405012,8.868940383288782e-06,0.00034319475799506397,0.7943282347242815,0.7
nan,0.0,0.0,0.0,0.0,0.0,0.0,0.0,0.0,0.0,1.3095670378702982,False,False,-592.0,0.0,3802666.7826774484,-9.31077347916407,505212.8264405012,8.868940383288782e-06,0.0003457145274571878,0.7943282347242815,0.7
nan,0.0,0.0,0.0,0.0,0.0,0.0,0.0,0.0,0.0,1.2608176722881137,False,False,-590.0,0.0,3788726.414904953,-9.218072679396277,505212.8264405012,8.868940383288782e-06,0.0003482628269022774,0.7943282347242815,0.7
nan,0.0,0.0,0.0,0.0,0.0,0.0,0.0,0.0,0.0,0.8862690374832467,False,False,-588.0,0.0,3774782.3820737684,-9.125156267577747,505212.8264405012,8.868940383288782e-06,0.00035084008571669226,0.7943282347242815,0.7
nan,0.0,0.0,0.0,0.0,0.0,0.0,0.0,0.0,0.0,1.0814717608477595,False,False,-586.0,0.0,3760834.712335524,-9.032021788348258,505212.8264405012,8.868940383288782e-06,0.00035344674134687613,0.7943282347242815,0.7
nan,0.0,0.0,0.0,0.0,0.0,0.0,0.0,0.0,0.0,0.9158065078114492,False,False,-584.0,0.0,3746883.4340132643,-8.938666749178868,505212.8264405012,8.868940383288782e-06,0.000356083239480425,0.7943282347242815,0.7
nan,0.0,0.0,0.0,0.0,0.0,0.0,0.0,0.0,0.0,0.8600757486668873,False,False,-582.0,0.0,3732928.5756045766,-8.845088619670149,505212.8264405012,8.868940383288782e-06,0.0003587500342318889,0.7943282347242815,0.7
nan,0.0,0.0,0.0,0.0,0.0,0.0,0.0,0.0,0.0,0.944790877208383,False,False,-580.0,0.0,3718970.165784809,-8.751284830834493,505212.8264405012,8.868940383288782e-06,0.00036144758833344347,0.7943282347242815,0.7
nan,0.0,0.0,0.0,0.0,0.0,0.0,0.0,0.0,0.0,0.6218759863173633,False,False,-578.0,0.0,3705008.2334103473,-8.657252774362378,505212.8264405012,8.868940383288782e-06,0.0003641763733305811,0.7943282347242815,0.7
nan,0.0,0.0,0.0,0.0,0.0,0.0,0.0,0.0,0.0,1.1381174904790055,False,False,-576.0,0.0,3691042.807521978,-8.562989801871606,505212.8264405012,8.868940383288782e-06,0.00036693686978296944,0.7943282347242815,0.7
nan,0.0,0.0,0.0,0.0,0.0,0.0,0.0,0.0,0.0,0.8453036542367164,False,False,-574.0,0.0,3677073.917348325,-8.46849322413966,505212.8264405012,8.868940383288782e-06,0.0003697295674706328,0.7943282347242815,0.7
nan,0.0,0.0,0.0,0.0,0.0,0.0,0.0,0.0,0.0,1.2077585419328938,False,False,-572.0,0.0,3663101.592309366,-8.373760310318367,505212.8264405012,8.868940383288782e-06,0.0003725549656056184,0.7943282347242815,0.7
nan,0.0,0.0,0.0,0.0,0.0,0.0,0.0,0.0,0.0,1.0822326739141637,False,False,-570.0,0.0,3649125.8620200325,-8.278788287130443,505212.8264405012,8.868940383288782e-06,0.0003754135730493146,0.7943282347242815,0.7
nan,0.0,0.0,0.0,0.0,0.0,0.0,0.0,0.0,0.0,1.5341949403794521,False,False,-568.0,0.0,3635146.756293895,-8.183574338047562,505212.8264405012,8.868940383288782e-06,0.00037830590853558694,0.7943282347242815,0.7
nan,0.0,0.0,0.0,0.0,0.0,0.0,0.0,0.0,0.0,0.9463930409018899,False,False,-566.0,0.0,3621164.305146935,-8.088115602449356,505212.8264405012,8.868940383288782e-06,0.00038123250089991845,0.7943282347242815,0.7
nan,0.0,0.0,0.0,0.0,0.0,0.0,0.0,0.0,0.0,0.8731101751725335,False,False,-564.0,0.0,3607178.538801406,-7.992409174762797,505212.8264405012,8.868940383288782e-06,0.00038419388931472886,0.7943282347242815,0.7
nan,0.0,0.0,0.0,0.0,0.0,0.0,0.0,0.0,0.0,1.0159869280807678,False,False,-562.0,0.0,3593189.487689783,-7.896452103581584,505212.8264405012,8.868940383288782e-06,0.00038719062353107154,0.7943282347242815,0.7
nan,0.0,0.0,0.0,0.0,0.0,0.0,0.0,0.0,0.0,0.5281307786542295,False,False,-560.0,0.0,3579197.182458811,-7.800241390764734,505212.8264405012,8.868940383288782e-06,0.0003902232641268961,0.7943282347242815,0.7
nan,0.0,0.0,0.0,0.0,0.0,0.0,0.0,0.0,0.0,0.9681723398950326,False,False,-558.0,0.0,3565201.6539736507,-7.7037739905141995,505212.8264405012,8.868940383288782e-06,0.00039329238276208597,0.7943282347242815,0.7
nan,0.0,0.0,0.0,0.0,0.0,0.0,0.0,0.0,0.0,1.4765552256190746,False,False,-556.0,0.0,3551202.9333221177,-7.607046808430443,505212.8264405012,8.868940383288782e-06,0.00039639856244047886,0.7943282347242815,0.7
nan,0.0,0.0,0.0,0.0,0.0,0.0,0.0,0.0,0.0,1.5361171086267114,False,False,-554.0,0.0,3537201.05181903,-7.510056700545887,505212.8264405012,8.868940383288782e-06,0.00039954239777908817,0.7943282347242815,0.7
nan,0.0,0.0,0.0,0.0,0.0,0.0,0.0,0.0,0.0,1.404978229911957,False,False,-552.0,0.0,3523196.041010658,-7.412800472335127,505212.8264405012,8.868940383288782e-06,0.0004027244952847501,0.7943282347242815,0.7
nan,0.0,0.0,0.0,0.0,0.0,0.0,0.0,0.0,0.0,1.0575123553790737,False,False,-550.0,0.0,3509187.932679283,-7.315274877701696,505212.8264405012,8.868940383288782e-06,0.00040594547363842915,0.7943282347242815,0.7
nan,0.0,0.0,0.0,0.0,0.0,0.0,0.0,0.0,0.0,1.4186819163473876,False,False,-548.0,0.0,3495176.758847868,-7.217476617940494,505212.8264405012,8.868940383288782e-06,0.0004092059639874266,0.7943282347242815,0.7
nan,0.0,0.0,0.0,0.0,0.0,0.0,0.0,0.0,0.0,1.4915654063451853,False,False,-546.0,0.0,3481162.5517848404,-7.119402340675156,505212.8264405012,8.868940383288782e-06,0.0004125066102457356,0.7943282347242815,0.7
nan,0.0,0.0,0.0,0.0,0.0,0.0,0.0,0.0,0.0,1.2562972705407152,False,False,-544.0,0.0,3467145.3440089943,-7.02104863876988,505212.8264405012,8.868940383288782e-06,0.0004158480694028083,0.7943282347242815,0.7
nan,0.0,0.0,0.0,0.0,0.0,0.0,0.0,0.0,0.0,1.0585709682413527,False,False,-542.0,0.0,3453125.168294514,-6.922412049214868,505212.8264405012,8.868940383288782e-06,0.00041923101184099715,0.7943282347242815,0.7
nan,0.0,0.0,0.0,0.0,0.0,0.0,0.0,0.0,0.0,0.8972461783150366,False,False,-540.0,0.0,3439102.0576761174,-6.823489051984498,505212.8264405012,8.868940383288782e-06,0.00042265612166195296,0.7943282347242815,0.7
nan,0.0,0.0,0.0,0.0,0.0,0.0,0.0,0.0,0.0,0.6626417047680475,False,False,-538.0,0.0,3425076.0454543354,-6.724276068867813,505212.8264405012,8.868940383288782e-06,0.00042612409702226013,0.7943282347242815,0.7
nan,0.0,0.0,0.0,0.0,0.0,0.0,0.0,0.0,0.0,1.176137718268022,False,False,-536.0,0.0,3411047.165200915,-6.62476946227013,505212.8264405012,8.868940383288782e-06,0.00042963565047861454,0.7943282347242815,0.7
nan,0.0,0.0,0.0,0.0,0.0,0.0,0.0,0.0,0.0,0.5628849819736161,False,False,-534.0,0.0,3397015.4507643646,-6.524965533985314,505212.8264405012,8.868940383288782e-06,0.0004331915093428465,0.7943282347242815,0.7
nan,0.0,0.0,0.0,0.0,0.0,0.0,0.0,0.0,0.0,0.7095563013543863,False,False,-532.0,0.0,3382980.936275632,-6.424860523937562,505212.8264405012,8.868940383288782e-06,0.0004367924160471114,0.7943282347242815,0.7
nan,0.0,0.0,0.0,0.0,0.0,0.0,0.0,0.0,0.0,0.8968965633663277,False,False,-530.0,0.0,3368943.6561539294,-6.324450608892039,505212.8264405012,8.868940383288782e-06,0.00044043912851957675,0.7943282347242815,0.7
nan,0.0,0.0,0.0,0.0,0.0,0.0,0.0,0.0,0.0,1.186963169291148,False,False,-528.0,0.0,3354903.6451127087,-6.223731901133448,505212.8264405012,8.868940383288782e-06,0.0004441324205709508,0.7943282347242815,0.7
nan,0.0,0.0,0.0,0.0,0.0,0.0,0.0,0.0,0.0,1.6922263596596507,False,False,-526.0,0.0,3340860.9381657825,-6.122700447111462,505212.8264405012,8.868940383288782e-06,0.0004478730822922077,0.7943282347242815,0.7
nan,0.0,0.0,0.0,0.0,0.0,0.0,0.0,0.0,0.0,1.5560885977503203,False,False,-524.0,0.0,3326815.5706336065,-6.02135222605216,505212.8264405012,8.868940383288782e-06,0.00045166192046387684,0.7943282347242815,0.7
nan,0.0,0.0,0.0,0.0,0.0,0.0,0.0,0.0,0.0,1.0543225060560797,False,False,-522.0,0.0,3312767.5781497215,-5.919683148534566,505212.8264405012,8.868940383288782e-06,0.00045549975897728016,0.7943282347242815,0.7
nan,0.0,0.0,0.0,0.0,0.0,0.0,0.0,0.0,0.0,1.2142599040970052,False,False,-520.0,0.0,3298716.9966673614,-5.817689055031029,505212.8264405012,8.868940383288782e-06,0.0004593874392681127,0.7943282347242815,0.7
nan,0.0,0.0,0.0,0.0,0.0,0.0,0.0,0.0,0.0,0.73420584464467,False,False,-518.0,0.0,3284663.8624662287,-5.71536571441059,505212.8264405012,8.868940383288782e-06,0.00046332582076277936,0.7943282347242815,0.7
nan,0.0,0.0,0.0,0.0,0.0,0.0,0.0,0.0,0.0,1.2927748726561321,False,False,-516.0,0.0,3270608.212159457,-5.612708822404319,505212.8264405012,8.868940383288782e-06,0.0004673157813379089,0.7943282347242815,0.7
nan,0.0,0.0,0.0,0.0,0.0,0.0,0.0,0.0,0.0,1.0226241473400468,False,False,-514.0,0.0,3256550.0827007378,-5.509714000030937,505212.8264405012,8.868940383288782e-06,0.00047135821779349684,0.7943282347242815,0.7
nan,0.0,0.0,0.0,0.0,0.0,0.0,0.0,0.0,0.0,0.8120702297688749,False,False,-512.0,0.0,3242489.511391649,-5.406376791982506,505212.8264405012,8.868940383288782e-06,0.0004754540463401268,0.7943282347242815,0.7
nan,0.0,0.0,0.0,0.0,0.0,0.0,0.0,0.0,0.0,0.7532938909260091,False,False,-510.0,0.0,3228426.5358891683,-5.302692664967995,505212.8264405012,8.868940383288782e-06,0.000479604203100751,0.7943282347242815,0.7
nan,0.0,0.0,0.0,0.0,0.0,0.0,0.0,0.0,0.0,0.8608946916446834,False,False,-508.0,0.0,3214361.1942133866,-5.198657006014175,505212.8264405012,8.868940383288782e-06,0.0004838096446275254,0.7943282347242815,0.7
nan,0.0,0.0,0.0,0.0,0.0,0.0,0.0,0.0,0.0,0.824383345834833,False,False,-506.0,0.0,3200293.5247554267,-5.09426512072218,505212.8264405012,8.868940383288782e-06,0.0004880713484342072,0.7943282347242815,0.7
nan,0.0,0.0,0.0,0.0,0.0,0.0,0.0,0.0,0.0,1.7148194574605677,False,False,-504.0,0.0,3186223.566285571,-4.989512231478566,505212.8264405012,8.868940383288782e-06,0.0004923903135446536,0.7943282347242815,0.7
nan,0.0,0.0,0.0,0.0,0.0,0.0,0.0,0.0,0.0,0.9700666908706702,False,False,-502.0,0.0,3172151.3579616114,-4.884393475619379,505212.8264405012,8.868940383288782e-06,0.0004967675610579684,0.7943282347242815,0.7
nan,0.0,0.0,0.0,0.0,0.0,0.0,0.0,0.0,0.0,0.9699321809974464,False,False,-500.0,0.0,3158076.939337411,-4.778903903545924,505212.8264405012,8.868940383288782e-06,0.0005012041347308759,0.7943282347242815,0.7
nan,0.0,0.0,0.0,0.0,0.0,0.0,0.0,0.0,0.0,0.9686503125502107,False,False,-498.0,0.0,3144000.3503717124,-4.673038476790641,505212.8264405012,8.868940383288782e-06,0.0005057011015779136,0.7943282347242815,0.7
nan,0.0,0.0,0.0,0.0,0.0,0.0,0.0,0.0,0.0,0.9682391880108342,False,False,-496.0,0.0,3129921.6314371726,-4.566792066031679,505212.8264405012,8.868940383288782e-06,0.0005102595524900655,0.7943282347242815,0.7
nan,0.0,0.0,0.0,0.0,0.0,0.0,0.0,0.0,0.0,0.9754271964400741,False,False,-494.0,0.0,3115840.8233296485,-4.460159449054378,505212.8264405012,8.868940383288782e-06,0.0005148806028724783,0.7943282347242815,0.7
nan,0.0,0.0,0.0,0.0,0.0,0.0,0.0,0.0,0.0,0.8420331150629227,False,False,-492.0,0.0,3101757.9672777387,-4.35313530865831,505212.8264405012,8.868940383288782e-06,0.0005195653933019258,0.7943282347242815,0.7
nan,0.0,0.0,0.0,0.0,0.0,0.0,0.0,0.0,0.0,0.7753461743218143,False,False,-490.0,0.0,3087673.104952571,-4.245714230507936,505212.8264405012,8.868940383288782e-06,0.0005243150902047262,0.7943282347242815,0.7
nan,0.0,0.0,0.0,0.0,0.0,0.0,0.0,0.0,0.0,0.6958919904170069,False,False,-488.0,0.0,3073586.278477888,-4.137890700925257,505212.8264405012,8.868940383288782e-06,0.0005291308865558138,0.7943282347242815,0.7
nan,0.0,0.0,0.0,0.0,0.0,0.0,0.0,0.0,0.0,0.561598366739672,False,False,-486.0,0.0,3059497.5304403803,-4.029659104622628,505212.8264405012,8.868940383288782e-06,0.0005340140025997392,0.7943282347242815,0.7
nan,0.0,0.0,0.0,0.0,0.0,0.0,0.0,0.0,0.0,0.8349705565692833,False,False,-484.0,0.0,3045406.9039003286,-3.9210137223737336,505212.8264405012,8.868940383288782e-06,0.0005389656865943558,0.7943282347242815,0.7
nan,0.0,0.0,0.0,0.0,0.0,0.0,0.0,0.0,0.0,1.1969874207972995,False,False,-482.0,0.0,3031314.4424025323,-3.8119487286209663,505212.8264405012,8.868940383288782e-06,0.0005439872155780182,0.7943282347242815,0.7
nan,0.0,0.0,0.0,0.0,0.0,0.0,0.0,0.0,0.0,0.8924385195137197,False,False,-480.0,0.0,3017220.1899875463,-3.70245818901707,505212.8264405012,8.868940383288782e-06,0.0005490798961611269,0.7943282347242815,0.7
nan,0.0,0.0,0.0,0.0,0.0,0.0,0.0,0.0,0.0,0.7976051225449096,False,False,-478.0,0.0,3003124.191203238,-3.592536057898994,505212.8264405012,8.868940383288782e-06,0.0005542450653428968,0.7943282347242815,0.7
nan,0.0,0.0,0.0,0.0,0.0,0.0,0.0,0.0,0.0,0.8187921741787568,False,False,-476.0,0.0,2989026.4911166593,-3.482176175691663,505212.8264405012,8.868940383288782e-06,0.0005594840913542654,0.7943282347242815,0.7
nan,0.0,0.0,0.0,0.0,0.0,0.0,0.0,0.0,0.0,0.7941406264827814,False,False,-474.0,0.0,2974927.1353262733,-3.3713722662397463,505212.8264405012,8.868940383288782e-06,0.0005647983745278812,0.7943282347242815,0.7
nan,0.0,0.0,0.0,0.0,0.0,0.0,0.0,0.0,0.0,0.5981555474501917,False,False,-472.0,0.0,2960826.169974512,-3.2601179340646773,505212.8264405012,8.868940383288782e-06,0.0005701893481961657,0.7943282347242815,0.7
nan,0.0,0.0,0.0,0.0,0.0,0.0,0.0,0.0,0.0,1.177405192182833,False,False,-470.0,0.0,2946723.6417607036,-3.1484066615448403,505212.8264405012,8.868940383288782e-06,0.0005756584796184726,0.7943282347242815,0.7
nan,0.0,0.0,0.0,0.0,0.0,0.0,0.0,0.0,0.0,1.1666056612050235,False,False,-468.0,0.0,2932619.597954369,-3.0362318060162456,505212.8264405012,8.868940383288782e-06,0.0005812072709384107,0.7943282347242815,0.7
nan,0.0,0.0,0.0,0.0,0.0,0.0,0.0,0.0,0.0,0.8434187563345764,False,False,-466.0,0.0,2918514.086408902,-2.923586596791169,505212.8264405012,8.868940383288782e-06,0.0005868372601724463,0.7943282347242815,0.7
nan,0.0,0.0,0.0,0.0,0.0,0.0,0.0,0.0,0.0,0.9918408710236888,False,False,-464.0,0.0,2904407.155575647,-2.810464132092129,505212.8264405012,8.868940383288782e-06,0.0005925500222309385,0.7943282347242815,0.7
nan,0.0,0.0,0.0,0.0,0.0,0.0,0.0,0.0,0.0,0.8574672851940086,False,False,-462.0,0.0,2890298.8545183856,-2.6968573758981367,505212.8264405012,8.868940383288782e-06,0.000598347169972817,0.7943282347242815,0.7
nan,0.0,0.0,0.0,0.0,0.0,0.0,0.0,0.0,0.0,0.865841089003743,False,False,-460.0,0.0,2876189.2329282523,-2.582759154700791,505212.8264405012,8.868940383288782e-06,0.0006042303552951531,0.7943282347242815,0.7
nan,0.0,0.0,0.0,0.0,0.0,0.0,0.0,0.0,0.0,1.0202954144279701,False,False,-458.0,0.0,2862078.3411390814,-2.4681621541668184,505212.8264405012,8.868940383288782e-06,0.0006102012702589344,0.7943282347242815,0.7
nan,0.0,0.0,0.0,0.0,0.0,0.0,0.0,0.0,0.0,1.277349223794727,False,False,-456.0,0.0,2847966.230143212,-2.353058915703926,505212.8264405012,8.868940383288782e-06,0.0006162616482524042,0.7943282347242815,0.7
nan,0.0,0.0,0.0,0.0,0.0,0.0,0.0,0.0,0.0,1.6249812021014358,False,False,-454.0,0.0,2833852.9516077647,-2.237441832927262,505212.8264405012,8.868940383288782e-06,0.0006224132651933811,0.7943282347242815,0.7
nan,0.0,0.0,0.0,0.0,0.0,0.0,0.0,0.0,0.0,1.8691517784125213,False,False,-452.0,0.0,2819738.557891397,-2.1213031480224256,505212.8264405012,8.868940383288782e-06,0.000628657940772043,0.7943282347242815,0.7
nan,0.0,0.0,0.0,0.0,0.0,0.0,0.0,0.0,0.0,1.1413769840722512,False,False,-450.0,0.0,2805623.102061565,-2.0046349480020393,505212.8264405012,8.868940383288782e-06,0.0006349975397357099,0.7943282347242815,0.7
nan,0.0,0.0,0.0,0.0,0.0,0.0,0.0,0.0,0.0,0.8876217130553201,False,False,-448.0,0.0,2791506.637912308,-1.8874291608520453,505212.8264405012,8.868940383288782e-06,0.0006414339732172346,0.7943282347242815,0.7
nan,0.0,0.0,0.0,0.0,0.0,0.0,0.0,0.0,0.0,0.9564600360478412,False,False,-446.0,0.0,2777389.219982559,-1.7696775515641225,505212.8264405012,8.868940383288782e-06,0.0006479692001086771,0.7943282347242815,0.7
nan,0.0,0.0,0.0,0.0,0.0,0.0,0.0,0.0,0.0,0.9910213894756832,False,False,-444.0,0.0,2763270.9035750283,-1.6513717180501517,505212.8264405012,8.868940383288782e-06,0.0006546052284819989,0.7943282347242815,0.7
nan,0.0,0.0,0.0,0.0,0.0,0.0,0.0,0.0,0.0,0.7893200247773312,False,False,-442.0,0.0,2749151.74477565,-1.5325030869347518,505212.8264405012,8.868940383288782e-06,0.0006613441170586107,0.7943282347242815,0.7
nan,0.0,0.0,0.0,0.0,0.0,0.0,0.0,0.0,0.0,0.7493353514199445,False,False,-440.0,0.0,2735031.8004736314,-1.413062909221933,505212.8264405012,8.868940383288782e-06,0.0006681879767296598,0.7943282347242815,0.7
nan,0.0,0.0,0.0,0.0,0.0,0.0,0.0,0.0,0.0,1.0966593443973762,False,False,-438.0,0.0,2720911.12838212,-1.2930422558308061,505212.8264405012,8.868940383288782e-06,0.0006751389721290442,0.7943282347242815,0.7
nan,0.0,0.0,0.0,0.0,0.0,0.0,0.0,0.0,0.0,1.5896255249903284,False,False,-436.0,0.0,2706789.7870595055,-1.1724320129969044,505212.8264405012,8.868940383288782e-06,0.0006821993232612165,0.7943282347242815,0.7
nan,0.0,0.0,0.0,0.0,0.0,0.0,0.0,0.0,0.0,1.0820755389639958,False,False,-434.0,0.0,2692667.8359313956,-1.0512228775331642,505212.8264405012,8.868940383288782e-06,0.0006893713071859321,0.7943282347242815,0.7
nan,0.0,0.0,0.0,0.0,0.0,0.0,0.0,0.0,0.0,0.8351161746892937,False,False,-432.0,0.0,2678545.335313266,-0.9294053519465119,505212.8264405012,8.868940383288782e-06,0.0006966572597621953,0.7943282347242815,0.7
nan,0.0,0.0,0.0,0.0,0.0,0.0,0.0,0.0,0.0,0.840480618614606,False,False,-430.0,0.0,2664422.34643383,-0.8069697394048703,505212.8264405012,8.868940383288782e-06,0.0007040595774537484,0.7943282347242815,0.7
nan,0.0,0.0,0.0,0.0,0.0,0.0,0.0,0.0,0.0,0.6907482097452486,False,False,-428.0,0.0,2650298.931459147,-0.683906138548912,505212.8264405012,8.868940383288782e-06,0.0007115807191985518,0.7943282347242815,0.7
nan,0.0,0.0,0.0,0.0,0.0,0.0,0.0,0.0,0.0,0.7860976210650419,False,False,-426.0,0.0,2636175.153517488,-0.5602044381431525,505212.8264405012,8.868940383288782e-06,0.0007192232083448255,0.7943282347242815,0.7
nan,0.0,0.0,0.0,0.0,0.0,0.0,0.0,0.0,0.0,1.0008617040495156,False,False,-424.0,0.0,2622051.0767250024,-0.4358543115610328,505212.8264405012,8.868940383288782e-06,0.000726989634656311,0.7943282347242815,0.7
nan,0.0,0.0,0.0,0.0,0.0,0.0,0.0,0.0,0.0,0.9504495862568589,False,False,-422.0,0.0,2607926.7662122035,-0.31084521109762775,505212.8264405012,8.868940383288782e-06,0.0007348826563895564,0.7943282347242815,0.7
nan,0.0,0.0,0.0,0.0,0.0,0.0,0.0,0.0,0.0,1.3461641519584824,False,False,-420.0,0.0,2593802.288151306,-0.18516636210375728,505212.8264405012,8.868940383288782e-06,0.000742905002446135,0.7943282347242815,0.7
nan,0.0,0.0,0.0,0.0,0.0,0.0,0.0,0.0,0.0,1.1308868525054645,False,False,-418.0,0.0,2579677.709784449,-0.05880675693529462,505212.8264405012,8.868940383288782e-06,0.0007510594746028477,0.7943282347242815,0.7
nan,0.0,0.0,0.0,0.0,0.0,0.0,0.0,0.0,0.0,1.1630183202951385,False,False,-416.0,0.0,2565553.0994528392,0.06824485128912706,497681.3346411134,1.0548401542716644e-05,0.0007593489498230894,0.7943282347242815,0.7
nan,0.0,0.0,0.0,0.0,0.0,0.0,0.0,0.0,0.0,0.9857165075989115,False,False,-414.0,0.0,2551428.5266268407,0.19599995512920232,483888.534209902,1.449154393678951e-05,0.0007677763826527117,0.7943282347242815,0.7
nan,0.0,0.0,0.0,0.0,0.0,0.0,0.0,0.0,0.0,1.395542019210619,False,False,-412.0,0.0,2537304.06193706,0.3244702994699026,470420.2114712236,1.9760497995366495e-05,0.0007763448077038578,0.7943282347242815,0.7
nan,0.0,0.0,0.0,0.0,0.0,0.0,0.0,0.0,0.0,0.7812769854199372,False,False,-410.0,0.0,2523179.7772064544,0.4536678883819241,457279.98561939265,2.6742385425980125e-05,0.000785057342230404,0.7943282347242815,0.7
nan,0.0,0.0,0.0,0.0,0.0,0.0,0.0,0.0,0.0,0.8155129901094536,False,False,-408.0,0.0,2509055.7454835023,0.5836049922036038,444470.60902596184,3.5916491805970324e-05,0.0007939171887988175,0.7943282347242815,0.7
nan,0.0,0.0,0.0,0.0,0.0,0.0,0.0,0.0,0.0,0.6499339130923305,False,False,-406.0,0.0,2494932.0410764865,0.7142941548525918,431993.9501376331,4.786967716842168e-05,0.0008029276380583988,0.7943282347242815,0.7
nan,0.0,0.0,0.0,0.0,0.0,0.0,0.0,0.0,0.0,1.0445017125052567,False,False,-404.0,0.0,2480808.739588922,0.8457482013754544,419850.9869017249,6.331259742331581e-05,0.0008120920716150743,0.7943282347242815,0.7
nan,0.0,0.0,0.0,0.0,0.0,0.0,0.0,0.0,0.0,1.252046824862672,False,False,-402.0,0.0,2466685.917956181,0.9779802457448807,408041.8107761794,8.30963393583989e-05,0.000821413965013087,0.7943282347242815,0.7
nan,0.0,0.0,0.0,0.0,0.0,0.0,0.0,0.0,0.0,0.9142664864861704,False,False,-400.0,0.0,2452563.65448335,1.1110036989130552,396565.64109343855,0.00010822898587919989,0.0008308968908291471,0.7943282347242815,0.7
nan,0.0,0.0,0.0,0.0,0.0,0.0,0.0,0.0,0.0,1.4935129883054787,False,False,-398.0,0.0,2438442.028884389,1.2448322771312772,385420.84927370213,0.00013989155807672465,0.0008405445218837893,0.7943282347242815,0.7
nan,0.0,0.0,0.0,0.0,0.0,0.0,0.0,0.0,0.0,1.0368605654377272,False,False,-396.0,0.0,2424321.122322621,1.3794800105460563,374604.9921359204,0.00017945273373295084,0.0008503606345749427,0.7943282347242815,0.7
nan,0.0,0.0,0.0,0.0,0.0,0.0,0.0,0.0,0.0,0.6696240531419841,False,False,-394.0,0.0,2410201.0174526162,1.514961252081943,364114.8533446949,0.00022848172373295927,0.0008603491123389255,0.7943282347242815,0.7
nan,0.0,0.0,0.0,0.0,0.0,0.0,0.0,0.0,0.0,0.7753623939926205,False,False,-392.0,0.0,2396081.7984635257,1.651290686622225,353946.49186678044,0.0002887587022558312,0.0008705139492443289,0.7943282347242815,0.7
nan,0.0,0.0,0.0,0.0,0.0,0.0,0.0,0.0,0.0,0.9786208421524409,False,False,-390.0,0.0,2381963.551123921,1.7884833404990688,344095.2961955452,0.00036228223475469145,0.0008808592537245168,0.7943282347242815,0.7
nan,0.0,0.0,0.0,0.0,0.0,0.0,0.0,0.0,0.0,0.9032263023486703,False,False,-388.0,0.0,2367846.362828203,1.926554591304901,334556.04303899244,0.00045127322805556827,0.0008913892524547301,0.7943282347242815,0.7
nan,0.0,0.0,0.0,0.0,0.0,0.0,0.0,0.0,0.0,1.76139354662268,False,False,-386.0,0.0,2353730.3226446356,2.0655201780377443,325322.95915280544,0.000558175035243264,0.0009021082943800859,0.7943282347242815,0.7
nan,0.0,0.0,0.0,0.0,0.0,0.0,0.0,0.0,0.0,1.5195792428125026,False,False,-384.0,0.0,2339615.521365082,2.205396211593312,316389.7850325693,0.0006856494779480469,0.000913020854901034,0.7943282347242815,0.7
nan,0.0,0.0,0.0,0.0,0.0,0.0,0.0,0.0,0.0,1.8375789356653884,False,False,-382.0,0.0,2325502.0515565025,2.3461991856175675,307749.8392507695,0.0008365686922152462,0.0009241315402231739,0.7943282347242815,0.7
nan,0.0,0.0,0.0,0.0,0.0,0.0,0.0,0.0,0.0,1.7896138347759636,False,False,-380.0,0.0,2311390.0076142945,2.487945987734147,299396.0823277745,0.0010140028525134005,0.000935445091878648,0.7943282347242815,0.7
nan,0.0,0.0,0.0,0.0,0.0,0.0,0.0,0.0,0.0,0.752307906693228,False,False,-378.0,0.0,2297279.4858175428,2.6306539111610316,291321.1791528871,0.0012212039728078257,0.0009469663914266879,0.7943282347242815,0.7
nan,0.0,0.0,0.0,0.0,0.0,0.0,0.0,0.0,0.0,0.7877868219428082,False,False,-376.0,0.0,2283170.584386267,2.7743406667325683,283517.55911410856,0.0014615861159160055,0.0009587004653412405,0.7943282347242815,0.7
nan,0.0,0.0,0.0,0.0,0.0,0.0,0.0,0.0,0.0,0.4158881856433447,False,False,-374.0,0.0,2269063.403540746,2.9190243953424333,275977.473244526,0.001738702455881479,0.000970652490093995,0.7943282347242815,0.7
nan,0.0,0.0,0.0,0.0,0.0,0.0,0.0,0.0,0.0,0.5877106731259206,False,False,-372.0,0.0,2254958.045563002,3.0647236808248275,268693.047843319,0.0020562197279025926,0.0009828277974415448,0.7943282347242815,0.7
nan,0.0,0.0,0.0,0.0,0.0,0.0,0.0,0.0,0.0,1.0909958206720354,False,False,-370.0,0.0,2240854.6148605472,3.2114575632913955,261656.33417399426,0.0024178906634727926,0.0009952318799258105,0.7943282347242815,0.7
nan,0.0,0.0,0.0,0.0,0.0,0.0,0.0,0.0,0.0,0.7932392686355717,False,False,-368.0,0.0,2226753.218032473,3.3592455529424274,254859.35397696824,0.002827525043842212,0.0010078703965973438,0.7943282347242815,0.7
nan,0.0,0.0,0.0,0.0,0.0,0.0,0.0,0.0,0.0,0.747314332115608,False,False,-366.0,0.0,2212653.9639380006,3.508107644371536,248294.1406549396,0.0032889600134918266,0.001020749178971553,0.7943282347242815,0.7
nan,0.0,0.0,0.0,0.0,0.0,0.0,0.0,0.0,0.0,0.9563623696518754,False,False,-364.0,0.0,2198556.9637675765,3.6580643313840673,241952.77609560775,0.0038060302793070434,0.0010338742372284291,0.7943282347242815,0.7
nan,0.0,0.0,0.0,0.0,0.0,0.0,0.0,0.0,0.0,1.190974417712145,False,False,-362.0,0.0,2184462.3311166395,3.809136622350253,235827.42318628158,0.004382538783936202,0.0010472517666668452,0.7943282347242815,0.7
nan,0.0,0.0,0.0,0.0,0.0,0.0,0.0,0.0,0.0,0.9384287163385329,False,False,-360.0,0.0,2170370.182062174,3.9613460561150675,229910.35414830025,0.005022228387564223,0.0010608881544250449,0.7943282347242815,0.7
nan,0.0,0.0,0.0,0.0,0.0,0.0,0.0,0.0,0.0,0.8840996853835977,False,False,-358.0,0.0,2156280.6352421576,4.114714718488334,224193.97487721688,0.005728755025418259,0.0010747899864795452,0.7943282347242815,0.7
nan,0.0,0.0,0.0,0.0,0.0,0.0,0.0,0.0,0.0,1.1640582266081305,False,False,-356.0,0.0,2142193.8119380404,4.269265259338381,218670.84551787598,0.006505662733228143,0.0010889640549352417,0.7943282347242815,0.7
nan,0.0,0.0,0.0,0.0,0.0,0.0,0.0,0.0,0.0,1.1033077842062358,False,False,-354.0,0.0,2128109.836160394,4.425020910315171,213333.69753403048,0.007356360853667861,0.0011034173656201743,0.7943282347242815,0.7
nan,0.0,0.0,0.0,0.0,0.0,0.0,0.0,0.0,0.0,0.9306589737276261,False,False,-352.0,0.0,2114028.834737852,4.582005503229164,208175.447550505,0.008284103657323528,0.0011181571459990681,0.7943282347242815,0.7
nan,0.0,0.0,0.0,0.0,0.0,0.0,0.0,0.0,0.0,1.0333980241219107,False,False,-350.0,0.0,2099950.937409511,4.740243489113153,203189.20825548912,0.009291972534844144,0.0011331908534204691,0.7943282347242815,0.7
nan,0.0,0.0,0.0,0.0,0.0,0.0,0.0,0.0,0.0,1.004887222099463,False,False,-348.0,0.0,2085876.2769209289,4.899759957996662,198368.29665145502,0.010382860845248334,0.0011485261837130437,0.7943282347242815,0.7
nan,0.0,0.0,0.0,0.0,0.0,0.0,0.0,0.0,0.0,1.0453805964281155,False,False,-346.0,0.0,2071804.9891238883,5.060580659422534,193706.23993773642,0.011559461440611126,0.0011641710801473958,0.7943282347242815,0.7
nan,0.0,0.0,0.0,0.0,0.0,0.0,0.0,0.0,0.0,1.7265910824346127,False,False,-344.0,0.0,2057737.2130801054,5.2227320237378345,189196.77929798275,0.012824256830547042,0.0011801337427805485,0.7943282347242815,0.7
nan,0.0,0.0,0.0,0.0,0.0,0.0,0.0,0.0,0.0,1.091256880398821,False,False,-342.0,0.0,2043673.0911690427,5.386241184192239,184833.8718514317,0.01417951190193616,0.001196422638201157,0.7943282347242815,0.7
nan,0.0,0.0,0.0,0.0,0.0,0.0,0.0,0.0,0.0,0.8633873761096956,False,False,-340.0,0.0,2029612.769200028,5.551135999878335,180611.69101105817,0.01562726906996958,0.0012130465096943724,0.7943282347242815,0.7
nan,0.0,0.0,0.0,0.0,0.0,0.0,0.0,0.0,0.0,1.3659708721034793,False,False,-338.0,0.0,2015556.3965288803,5.717445079550773,176524.6254730197,0.017169345706132644,0.0012300143878462648,0.7943282347242815,0.7
nan,0.0,0.0,0.0,0.0,0.0,0.0,0.0,0.0,0.0,0.8953144876186679,False,False,-336.0,0.0,2001504.1261792362,5.885197806361998,172567.27704387583,0.01880733366592431,0.0012473356016087203,0.7943282347242815,0.7
nan,0.0,0.0,0.0,0.0,0.0,0.0,0.0,0.0,0.0,1.5078100037565227,False,False,-334.0,0.0,1987456.1149688102,6.05442436355471,168734.45749241023,0.020542600724116237,0.001265019789846765,0.7943282347242815,0.7
nan,0.0,0.0,0.0,0.0,0.0,0.0,0.0,0.0,0.0,1.0708508203323035,False,False,-332.0,0.0,1973412.523640807,6.22515576115318,165021.18459465067,0.02237629371655052,0.0012830769133914189,0.7943282347242815,0.7
nan,0.0,0.0,0.0,0.0,0.0,0.0,0.0,0.0,0.0,1.0174867644484524,False,False,-330.0,0.0,1959373.5170007371,6.397423863696699,161422.67752252222,0.02430934318448666,0.0013015172676223014,0.7943282347242815,0.7
nan,0.0,0.0,0.0,0.0,0.0,0.0,0.0,0.0,0.0,1.2003179079565507,False,False,-328.0,0.0,1945339.2640588875,6.571261419062019,157934.35170943086,0.026342469319236058,0.0013203514956054915,0.7943282347242815,0.7
nan,0.0,0.0,0.0,0.0,0.0,0.0,0.0,0.0,0.0,1.4581025102174503,False,False,-326.0,0.0,1931309.938178713,6.746702088422346,154551.81331016807,0.028476189010321968,0.0013395906018134035,0.7943282347242815,0.7
nan,0.0,0.0,0.0,0.0,0.0,0.0,0.0,0.0,0.0,1.4746488887082363,False,False,-324.0,0.0,1917285.7172314362,6.9237804773938425,151270.85335751553,0.03071082380908324,0.0013592459664548112,0.7943282347242815,0.7
nan,0.0,0.0,0.0,0.0,0.0,0.0,0.0,0.0,0.0,1.0593332937443944,False,False,-322.0,0.0,1903266.783757148,7.102532168422684,148087.44170447072,0.03304650863043015,0.0013793293604445799,0.7943282347242815,0.7
nan,0.0,0.0,0.0,0.0,0.0,0.0,0.0,0.0,0.0,0.896317400033454,False,False,-320.0,0.0,1889253.3251327325,7.282993754467965,144997.72082854726,0.03548320102799295,0.001399852961044145,0.7943282347242815,0.7
nan,0.0,0.0,0.0,0.0,0.0,0.0,0.0,0.0,0.0,1.0286198162152822,False,False,-318.0,0.0,1875245.533746933,7.465202874039389,141997.99956348943,0.0380206908913912,0.0014208293682053802,0.7943282347242815,0.7
nan,0.0,0.0,0.0,0.0,0.0,0.0,0.0,0.0,0.0,1.0197085749468338,False,False,-316.0,0.0,1861243.6071829216,7.649198247650218,139084.7468135696,0.04065861042856795,0.0014422716216521093,0.7943282347242815,0.7
nan,0.0,0.0,0.0,0.0,0.0,0.0,0.0,0.0,0.0,0.8183743638614543,False,False,-314.0,0.0,1847247.7484087308,7.835019715750449,136254.58529712443,0.04339644431002855,0.0014641932187352625,0.7943282347242815,0.7
nan,0.0,0.0,0.0,0.0,0.0,0.0,0.0,0.0,0.0,1.012473210512648,False,False,-312.0,0.0,1833258.1659759432,8.022708278206828,133504.28535771015,0.046233539866166726,0.0014866081330994795,0.7943282347242815,0.7
nan,0.0,0.0,0.0,0.0,0.0,0.0,0.0,0.0,0.0,1.2884455303309412,False,False,-310.0,0.0,1819275.0742270395,8.212306135400953,130830.75887453379,0.04916911724230902,0.001509530834200878,0.7943282347242815,0.7
nan,0.0,0.0,0.0,0.0,0.0,0.0,0.0,0.0,0.0,1.117660538403558,False,False,-308.0,0.0,1805298.693511847,8.403856731018909,128231.05329786813,0.052202279428934545,0.001532976307717639,0.7943282347242815,0.7
nan,0.0,0.0,0.0,0.0,0.0,0.0,0.0,0.0,0.0,1.5663893615677946,False,False,-306.0,0.0,1791329.2504135377,8.59740479661135,125702.34582970476,0.05533202209689195,0.0015569600768971987,0.7943282347242815,0.7
nan,0.0,0.0,0.0,0.0,0.0,0.0,0.0,0.0,0.0,1.2854485605412478,False,False,-304.0,0.0,1777366.9779846594,8.792996398003945,123241.93776549862,0.0585572431786018,0.0015814982248859417,0.7943282347242815,0.7
nan,0.0,0.0,0.0,0.0,0.0,0.0,0.0,0.0,0.0,1.020676898328963,False,False,-302.0,0.0,1763412.115993714,8.990678983645592,120847.24900891774,0.06187675214664167,0.001606607418089595,0.7943282347242815,0.7
nan,0.0,0.0,0.0,0.0,0.0,0.0,0.0,0.0,0.0,1.007064595974157,False,False,-300.0,0.0,1749464.9111828092,9.190501434982943,118515.8127682181,0.06528927895048436,0.0016323049306148532,0.7943282347242815,0.7
nan,0.0,0.0,0.0,0.0,0.0,0.0,0.0,0.0,0.0,0.833513784684588,False,False,-298.0,0.0,1735525.617536964,9.392514118956102,116245.27043986291,0.06879348258089199,0.0016586086698452281,0.7943282347242815,0.7
nan,0.0,0.0,0.0,0.0,0.0,0.0,0.0,0.0,0.0,0.6817235066576469,False,False,-296.0,0.0,1721594.4965656644,9.596768942714219,114033.36668296016,0.07238795923855326,0.0016855372032066618,0.7943282347242815,0.7
nan,0.0,0.0,0.0,0.0,0.0,0.0,0.0,0.0,0.0,0.9641984762553182,False,False,-294.0,0.0,1707671.8175972975,9.803319410655105,111877.94468565675,0.0760712500908602,0.0017131097861811122,0.7943282347242815,0.7
0.2091190834247653,4.921668287765688e-06,1.0292147612582945e-06,4.006180485543051e-12,392.9652026056038,82.17652298671105,0.0,0.0,3.86530526622243e-05,2.9216793992141277e-05,0.7558728736758973,False,True,-292.0,0.0,1693757.8580871425,10.012220683897036,109776.94162333546,0.0798418486060409,0.0017413463916290336,0.7943282347242815,0.7
0.19601202689489738,5.268465296621228e-06,1.0326825614161537e-06,4.374230487339442e-12,420.65482914681104,82.45340568419319,0.0,0.0,4.119297483765593e-05,3.2684781750325966e-05,0.793455240344712,False,True,-290.0,0.0,1679852.9039396315,10.223529642297867,107728.38430687739,0.08369820745925086,0.0017702677404845318,0.7943282347242815,0.7
0.17842972085432282,5.8184365205437956e-06,1.0381820041692268e-06,4.962788652090273e-12,464.56667789395533,82.89250265483855,0.0,0.0,4.385422548188909e-05,3.8184524477105604e-05,0.8707148298144051,False,True,-288.0,0.0,1665957.2498456205,10.437304949140408,105730.38501819587,0.087638745009504,0.0017998953338899308,0.7943282347242815,0.7
0.1541856092240264,6.796775107110649e-06,1.0479649106485527e-06,6.024571837709912e-12,542.6810485521322,83.67360808534396,0.0,0.0,4.664095533521002e-05,4.796797205290573e-05,1.0284517482148123,False,True,-286.0,0.0,1652071.1996354768,10.653607118610669,103781.13752941773,0.09166185134988207,0.001830251486839457,0.7943282347242815,0.7
0.14006184004856256,7.534852632818612e-06,1.055345324247331e-06,6.838143503740591e-12,601.6120385071953,84.26288910868446,0.0,0.0,4.9557471472421264e-05,5.534880019962641e-05,1.1168608598287348,False,True,-284.0,0.0,1638195.0666488172,10.872498586199823,101878.91330127628,0.09576589393673772,0.0018613593634049025,0.7943282347242815,0.7
0.14231379398677535,7.406611444119959e-06,1.0540629751985806e-06,6.696010936631282e-12,591.3727615480756,84.16050135634325,0.0,0.0,5.260824676947016e-05,5.406637873201272e-05,1.0277167944587111,False,True,-282.0,0.0,1624329.1741217887,11.094043782168882,100022.05785576439,0.09994922280611626,0.00189324301361927,0.7943282347242815,0.7
0.19859480241783287,5.19631469817804e-06,1.0319610907855486e-06,4.297462056588731e-12,414.89404380379585,82.39580065355054,0.0,0.0,5.579792975127001e-05,3.196327199067364e-05,0.5728397475167281,False,True,-280.0,0.0,1610473.8555928427,11.318309208220525,98208.98731778198,0.10421017538746798,0.00192592741209764,0.7943282347242815,0.7
0.162648466676959,6.41996192657461e-06,1.044196963481816e-06,5.613375469689707e-12,512.5948137276743,83.37276047936763,0.0,0.0,5.913135484068343e-05,4.419981534617715e-05,0.7474852464528158,False,True,-278.0,0.0,1596629.4553279865,11.54536351752984,96438.1851200867,0.1085470809266222,0.0019594384984778345,0.7943282347242815,0.7
0.1630268769397355,6.40408646894748e-06,1.044038216684526e-06,5.596113137639666e-12,511.32725523771876,83.36008551557231,0.0,0.0,6.261355303022633e-05,4.4041059751961124e-05,0.7033790229201745,False,True,-276.0,0.0,1582796.328766589,11.775277598293645,94708.19886573509,0.11295826453109373,0.0019938032197666985,0.7943282347242815,0.7
0.14094001800064798,7.484318679992493e-06,1.0548400094807279e-06,6.782096721456859e-12,597.5772105078885,84.22254280575879,0.0,0.0,6.624976299962441e-05,5.484345687644624e-05,0.8278287256175869,False,True,-274.0,0.0,1568974.842988849,12.008124660964373,93017.63734211067,0.11744205085163181,0.0020290495746812286,0.7943282347242815,0.7
0.10446591079549152,1.037406402428167e-05,1.0837360469473265e-06,1.0068315541700838e-11,828.3057558509383,86.5297152021163,0.0,0.0,7.004544270406234e-05,8.374116835255352e-05,1.1955262915012868,False,True,-272.0,0.0,1555165.377206116,12.243980329343147,91365.16768049,0.12199676741479328,0.002065206660077068,0.7943282347242815,0.7
0.09437307422560944,1.1615018270119058e-05,1.0961449813377556e-06,1.1530277127048379e-11,927.3883855868719,87.52049294895797,0.0,0.0,7.400628145929075e-05,9.615084724965424e-05,1.2992254894274715,False,True,-270.0,0.0,1541368.3232753363,12.482922735715226,89749.51265525215,0.12662074762132564,0.002102304719560173,0.7943282347242815,0.7
0.09996994746832263,1.0892472211672484e-05,1.0889198748010623e-06,1.067534112372845e-11,869.697488588562,86.94361224753067,0.0,0.0,7.813821255139728e-05,8.892530535078045e-05,1.1380514404816684,False,True,-268.0,0.0,1527584.086238938,12.725032620217819,88169.44811677899,0.13131233342558318,0.0021403751943806994,0.7943282347242815,0.7
0.09392295804813136,1.1677314419129391e-05,1.0967679123027292e-06,1.1604471657879988e-11,932.3623532307798,87.57023018815157,0.0,0.0,8.244742640047183e-05,9.67738159949552e-05,1.1737639392756276,False,True,-266.0,0.0,1513813.0848915947,12.970393434641268,86623.80055220933,0.13606987771112986,0.0021794507767112278,0.7943282347242815,0.7
0.1337756859925371,7.917521139575887e-06,1.0591718218071785e-06,7.264199098729261e-12,632.1657854272104,84.56841160653609,0.0,0.0,8.694038430863325e-05,5.917551483311164e-05,0.6806447349374721,False,True,-264.0,0.0,1500055.7523753545,13.21909145087116,85111.44476842173,0.14089174637723131,0.0022195654654143964,0.7943282347242815,0.7
0.10643746653900982,1.0161979008747798e-05,1.081615300713714e-06,9.82151022566967e-12,811.372060561873,86.36038654674181,0.0,0.0,9.16238328244979e-05,8.162029642005617e-05,0.890819494272815,False,True,-262.0,0.0,1486312.5368047329,13.47121587419011,83631.30169161354,0.14577632015107556,0.0022607546244077484,0.7943282347242815,0.7
0.08716527800512394,1.2699938267058835e-05,1.1069936496960954e-06,1.2833397564418668e-11,1014.0126319766781,88.38669296695458,0.0,0.0,9.650481875714477e-05,0.00010700017911956952,1.1087547803062188,False,True,-260.0,0.0,1472583.901923458,13.726858961666334,82182.33627818085,0.15072199613962214,0.002303055043735996,0.7943282347242815,0.7
0.10402653979439132,1.0422540115739388e-05,1.0842207841086033e-06,1.0124852671364451e-11,832.1762761679137,86.56841850872985,0.0,0.0,0.00010159070487409524,8.422593430787355e-05,0.8290712660401123,False,True,-258.0,0.0,1458870.3277946701,13.986116145866688,80763.5555316449,0.15572718913488293,0.0023465050034629812,0.7943282347242815,0.7
0.08622505917799214,1.2856588119907843e-05,1.1085600714661245e-06,1.3023478531758676e-11,1026.5201675446417,88.51176219393915,0.0,0.0,0.00010688918631891667,0.00010856669766544587,1.0156939294263514,False,True,-256.0,0.0,1445172.311526462,14.249086164140122,79374.00662059554,0.16079033268576814,0.002391144340497251,0.7943282347242815,0.7
0.09248562202730866,1.188079381982509e-05,1.0988026066047278e-06,1.1847350427474764e-11,948.6089426482783,87.73268812149358,0.0,0.0,0.0001124083077848319,9.880863397014328e-05,0.8790154030187818,False,True,-254.0,0.0,1431490.368034796,14.51587119373019,78012.77509292254,0.16590987994860718,0.0024370145184661315,0.7943282347242815,0.7
0.06947256328976284,1.6478059150925718e-05,1.1447730072551427e-06,1.755327671183638e-11,1315.672547230986,91.40314430610817,0.0,0.0,0.00011815648148210695,0.0001447819391563317,1.2253406443746955,False,True,-252.0,0.0,1417825.0308459299,14.786576992982171,76678.98318159633,0.1710843043285043,0.0024841587007536103,0.7943282347242815,0.7
0.05971038896728749,1.9714004466511628e-05,1.1771308747982522e-06,2.1820541312281662e-11,1574.0430493066453,93.98672272535508,0.0,0.0,0.0001241425059371986,0.0001771419779005095,1.4269244572050315,False,True,-250.0,0.0,1404176.8529406283,15.061313048923298,75371.78819769429,0.17631209992213784,0.0025326218268167796,0.7943282347242815,0.7
0.07786258524897828,1.4440849996843094e-05,1.124401913946903e-06,1.4973147823929946e-11,1153.0138182845255,89.77663671942882,0.0,0.0,0.00013037558566283,0.00012440953266920575,0.9542394922845958,False,True,-248.0,0.0,1390546.407642578,15.34019273150327,74090.38100632711,0.18159178177277252,0.0025824506918941227,0.7943282347242815,0.7
0.05523447981012763,2.1664665503470963e-05,1.1966365293446354e-06,2.449305647121175e-11,1729.7914388332329,95.54413030396582,0.0,0.0,0.0001368653517378352,0.00019664899185725532,1.4368062432187756,False,True,-246.0,0.0,1376934.2895535603,15.623333454791817,72833.98458158126,0.1869218859464879,0.002633694030216219,0.7943282347242815,0.7
0.0672208842248138,1.712647595887209e-05,1.1512568576103975e-06,1.8391738035070347e-11,1367.4446755844797,91.92084022130237,0.0,0.0,0.00014362188333640635,0.00015126621618635321,1.0532254045996703,False,True,-244.0,0.0,1363341.1155381065,15.910856845441401,71601.85263653102,0.19230096943887143,0.002686402601825301,0.7943282347242815,0.7
0.04435071385094323,2.8528854308979247e-05,1.2652750539527874e-06,3.449641878480005e-11,2277.8550601432794,101.02449796633768,1.750899428837796e-06,139.93529874184608,0.0001506557302457352,0.00026529260264482676,1.7609194300947393,False,True,-242.0,139.93529874184608,1349767.5257605189,16.202888918730366,70393.26832472967,0.1977276099200245,0.0027406292831042706,0.7943282347242815,0.7
0.06301558186071643,1.8484969851589668e-05,1.164841130875724e-06,2.0175384796741154e-11,1475.9121294186325,93.00546161060414,0.0,0.0,0.00015797793641044518,0.0001648513970074964,1.0435089908960018,False,True,-240.0,279.87059748369217,1336214.1847773131,16.499560262512972,69207.5430097625,0.2032004053249837,0.002796429161108001,0.7943282347242815,0.7
0.06256626506763541,1.864297099438909e-05,1.1664210648831861e-06,2.0385205999764417e-11,1488.5275572495639,93.13160970735605,0.0,0.0,0.00016560006454153196,0.00016643143776732056,1.0050203677642897,False,True,-238.0,279.87059748369217,1322681.7826883455,16.801006229408646,68044.01509951708,0.20871797329638792,0.002853859631779517,0.7943282347242815,0.7
0.05916402761551646,1.9933084621298003e-05,1.1793215689969014e-06,2.2116937696953484e-11,1591.5352638117351,94.16163629922576,0.0,0.0,0.00017353422182545954,0.00017933282287868626,1.033414740863384,False,True,-236.0,279.87059748369217,1309171.0363500488,17.107367137571615,66902.04894215344,0.2142789504847949,0.0029129805021208856,0.7943282347242815,0.7
0.06937632250136781,1.6504767580312512e-05,1.1450400784618809e-06,1.7587648723976722e-11,1317.805052461245,91.42446831348325,0.0,0.0,0.0001817930867673347,0.0001450490278548698,0.7978797787866859,False,True,-234.0,279.87059748369217,1295682.690654457,17.418788480387235,65781.03378078321,0.21988199171196116,0.002973854096372418,0.7943282347242815,0.7
0.08824954481131714,1.2523962351689078e-05,1.105233976770634e-06,1.2620445600507392e-11,999.9620281582771,88.24619381356945,0.0,0.0,0.00019038993719861451,0.00010524039777159701,0.5527623955346462,False,True,-232.0,279.87059748369217,1282217.5198778717,17.7354211454465,64680.382764171096,0.22552576900099836,0.003036545366234154,0.7943282347242815,0.7
0.07775549063502774,1.4463675100118591e-05,1.124630153795355e-06,1.500160065866187e-11,1154.8362636036152,89.79486027962132,0.0,0.0,0.0001993386794765363,0.00012463778700075225,0.6252564094838557,False,True,-230.0,279.87059748369217,1268776.3291032943,18.057421643152413,63599.53201077838,0.2312089704773326,0.003101122005139342,0.7943282347242815,0.7
0.049107530902775955,2.5058810632080907e-05,1.2305763175017237e-06,2.9322828233217964e-11,2000.793231345855,98.25401543838153,1.5095249579750654e-07,12.064418005591937,0.00020865387889693854,0.00023059123609320663,1.10513754794419,False,True,-228.0,291.9350154892841,1255359.9557209744,18.38495234531283,62537.939723781616,0.23693029914287836,0.003167654566560613,0.7943282347242815,0.7
0.054366344814096836,2.208858247613467e-05,1.2008754913521543e-06,2.5083812421657575e-11,1763.6386242408403,95.88258557293689,0.0,0.0,0.00021835079133659642,0.00020088825432464344,0.9200253092509576,False,True,-226.0,303.9994334948761,1241969.2710116818,18.718181734073262,61495.08535471091,0.2426884715258054,0.0032362165862946392,0.7943282347242815,0.7
0.05524973894157522,2.1657359817148017e-05,1.1965634760611892e-06,2.4482906710580765e-11,1729.2081243272135,95.53829744472948,0.0,0.0,0.00022844539613338111,0.0001965759334115059,0.8604941782093618,False,True,-224.0,303.9994334948761,1228605.1818175917,19.057284661535885,60470.468813567095,0.24848221620721514,0.0033068847086294467,0.7943282347242815,0.7
0.037565198492398186,3.5551460660373595e-05,1.3354976764016196e-06,4.569615134392385e-11,2838.567356531683,106.63134618215469,5.186352606852139e-06,414.50342005202657,0.00023895443020345737,0.00033552091628528773,1.404120927992877,False,True,-222.0,718.5028535469027,1215268.63230595,19.402442620404813,59463.609723395624,0.2543102722254326,0.0033797388162493083,0.7943282347242815,0.7
0.039183261448267885,3.3580346644148316e-05,1.3157875020811285e-06,4.24540164900351e-11,2681.185921323998,105.05760894665323,4.200980644772182e-06,335.7505701655972,0.0002498954233834174,0.0003158090947661052,1.2637650201442694,False,True,-220.0,1468.7568437645264,1201960.605830978,19.753844025981774,58474.04671746517,0.2601713873577009,0.003454862163674045,0.7943282347242815,0.7
0.03747364230186298,3.566993414920047e-05,1.3366823532381457e-06,4.589347031400325e-11,2848.026742215187,106.72593540391205,5.246016040212644e-06,419.2718380626535,0.00026128673497280777,0.00033670569336429455,1.2886444212307053,False,True,-218.0,2223.779251992777,1188682.1268998007,20.111684509820737,57501.3367771644,0.26606431627932164,0.003532341513961123,0.7943282347242815,0.7
0.035168330308658305,3.8937084774093605e-05,1.3693522585915538e-06,5.1444460919595714e-11,3108.8887979627516,109.33442813964172,6.908673604806968e-06,552.154674834914,0.00027314759143498633,0.00036937841842056324,1.3523034066675321,False,True,-216.0,3195.2057648903447,1175434.2632484892,20.476167225321767,56545.0546091497,0.27198781859787796,0.0036122672783190798,0.7943282347242815,0.7
0.0475865032085549,2.607286208187419e-05,1.2407163351153154e-06,3.0810050517304284e-11,2081.759056371301,99.06363401545113,6.099124322391844e-07,48.74539165759413,0.00028549812519728453,0.00024073200984850267,0.8431999673628412,False,True,-214.0,3796.1058313828526,1162218.1280346499,20.847503165516024,55604.79206004311,0.27794065676154805,0.00369473365818733,0.7943282347242815,0.7
0.04245040784388173,3.019948769117314e-05,1.281980569166586e-06,3.7072242020850654e-11,2411.244948922546,102.35833149326186,2.547512233631725e-06,203.60214846742528,0.00029835941446768966,0.00028199942704881825,0.9451668470121526,False,True,-212.0,4048.453371507872,1149034.882153344,21.225911493251424,54680.15756735531,0.28392159383831794,0.0037798387892287433,0.7943282347242815,0.7
0.03974293967651998,3.294846965082656e-05,1.3094690417664491e-06,4.143097435402373e-11,2630.734396315752,104.55311841772311,3.888205614011979e-06,310.7529794144989,0.00031175352395959046,0.00030949011463575325,0.992739747429028,False,True,-210.0,4562.808499389796,1135885.7366834567,21.611619883938143,53770.77564530418,0.2899293911628866,0.0038676848865553375,0.7943282347242815,0.7
0.04043146415341427,3.220300888554794e-05,1.3020147993881126e-06,4.0234199447530496e-11,2571.213899700725,103.95794261651038,3.5213086057129966e-06,281.42985461464264,0.000325703546385402,0.00030203526413570065,0.9273318251754776,False,True,-208.0,5154.991333418938,1122771.9554720258,22.004864880953672,52876.28640429466,0.29596280584747786,0.003958378390361196,0.7943282347242815,0.7
0.048116197520110676,2.5710536611598614e-05,1.237093257951716e-06,3.027632098211851e-11,2052.8295768714443,98.77435339587164,4.450382067615157e-07,35.568321851613035,0.0003402336445436348,0.00023710866133109642,0.6968995134186012,False,True,-206.0,5471.989509885194,1109694.8578643783,22.405892263730323,51996.34510296209,0.3020205881518893,0.004052030110968224,0.7943282347242815,0.7
0.0369078176866833,3.641999717806888e-05,1.3441826159976868e-06,4.7149158762964926e-11,2907.9147015152753,107.32478565195188,5.624826820566053e-06,449.54713477148397,0.000355369093782286,0.0003442065940226857,0.9685889967504071,False,True,-204.0,5957.104966508291,1096655.8215883144,22.814957428458797,51130.62173173694,0.3081014787077362,0.004148755372095812,0.7943282347242815,0.7
0.050086996972678856,2.4446543398082373e-05,1.224453945172214e-06,2.8434726611349103e-11,1951.9074260478646,97.76518133940878,0.0,0.0,0.0003711363245722778,0.00022446841219693877,0.6048139115879619,False,True,-202.0,6406.652101279775,1083656.2858009436,23.232325781234824,50278.80062702934,0.31420420559088585,0.004248674150941879,0.7943282347242815,0.7
0.04753933186555739,2.6105624408893895e-05,1.2410439423320022e-06,3.085843975631039e-11,2084.374928413538,99.08979145409859,6.248677426977478e-07,49.94064925053609,0.0003875629648687675,0.00024105964166636586,0.62198833097479,False,True,-200.0,6456.592750530311,1070697.7543071334,23.658273143346968,49440.58011514244,0.3203274812359922,0.004351911213406238,0.7943282347242815,0.7
0.044563537366706416,2.83531915885871e-05,1.2635185128233873e-06,3.422878868555535e-11,2263.8294630341156,100.88424886777172,1.6680389394167295e-06,133.3129267483107,0.0004046778818720706,0.00026353592547920967,0.6512239420154926,False,True,-198.0,6639.8463265291575,1057781.798958895,24.093086168253564,48615.67218520168,0.326469999185781,0.004458596242493369,0.7943282347242815,0.7
0.03946226252966011,3.32623535096502e-05,1.3126077265521776e-06,4.1938180658007316e-11,2655.796108516851,104.80372325954167,4.043377146398502e-06,323.1545910565515,0.0004225112227257345,0.0003126290571399732,0.7399307765675864,False,True,-196.0,7096.313844334019,1044910.0632453612,24.537062769618693,47803.80219033759,0.33263043066808473,0.004568863957595879,0.7943282347242815,0.7
0.02939676670381784,5.052263343378955e-05,1.4852020683156185e-06,7.283233433087797e-11,4033.9242148500844,118.58432904482949,1.30050702674128e-05,1039.3905915184944,0.0004410944536014843,0.0004852390874502202,1.1000797754047917,False,True,-194.0,8458.859026909066,1032084.2660833166,24.990512559570213,47004.708576580924,0.3388074209920163,0.004682854221977092,0.7943282347242815,0.7
0.022965599450088678,7.558180853664243e-05,1.7357815405658232e-06,1.2818541475076052e-10,6034.746546964699,138.59157198039705,2.67540778954565e-05,2138.238108483704,0.00046046039652271873,0.0007358466398546389,1.598067163672637,False,True,-192.0,11636.487726911264,1019306.2058185278,25.4537572960991,46218.14263885653,0.3449995857552097,0.004800712135335537,0.7943282347242815,0.7
0.020681394082099482,9.174416076862729e-05,1.897397143587472e-06,1.7048281307130078e-10,7325.211821760446,151.49559242068165,3.581682676110035e-05,2862.550681238381,0.00048064326316368084,0.0008974836852156516,1.867255309703608,False,True,-190.0,16637.27651663335,1006577.7644483228,25.92713133823811,45443.86830363874,0.351205506852762,0.004922588107839718,0.7943282347242815,0.7
0.022432070553669664,7.882531406929156e-05,1.7682150066175184e-06,1.3625888925854484e-10,6293.720686273972,141.181186479588,2.8564451347588247e-05,2282.9266872140774,0.0005016786847325983,0.0007682841994762814,1.5314268332643781,False,True,-188.0,21782.753885085807,993900.9120760664,26.410982107331943,44681.66193780871,0.3574237282787265,0.005048637911461341,0.7943282347242815,0.7
0.02414152417086833,6.929709434400854e-05,1.6729374780768254e-06,1.1313490640770479e-10,5532.950440110887,133.57385678615356,2.3261562465421247e-05,1859.1094606510328,0.0005236037368992375,0.0006729949449857946,1.285313487201689,False,True,-186.0,25924.790032950918,981277.711608233,26.905670552331475,43931.31218335657,0.36365275171030204,0.005179022703803049,0.7943282347242815,0.7
0.04028916533338585,3.235429651545338e-05,1.3035276015564909e-06,4.047618911853872e-11,2583.2932944631266,104.07873064525191,3.5955789305872034e-06,287.3656838962963,0.0005464569585602897,0.0003035481892699399,0.5554841685421597,False,True,-184.0,28071.265177498248,968710.3237047816,27.411571616612,43192.619817596555,0.3698910318647805,0.005313909018904103,0.7943282347242815,0.7
0.025507455669729465,6.319344360792435e-05,1.611903961446679e-06,9.926666421178006e-11,5045.611146217101,128.70070263882556,1.989313681781754e-05,1589.8983103566954,0.0005702783630466984,0.0006119543939770432,1.0730801545892283,False,True,-182.0,29948.52917175124,956201.0119934138,27.92907470331589,42465.397638618015,0.37613697161905624,0.005453468718707542,0.7943282347242815,0.7
0.01780264163346226,0.00012559066506873863,2.2358456027269405e-06,2.7581965088397367e-10,10027.648809000555,178.51863817285152,5.501777894640298e-05,4397.128245160324,0.0005951094401641586,0.0012359855123669087,2.0769045640176147,False,True,-180.0,35935.55572726826,943752.1485579883,28.45858413564684,41749.47037570701,0.38238891688164656,0.005597878897977313,0.7943282347242815,0.7
0.02069718043084656,9.160877565564047e-05,1.8960433587937348e-06,1.701070219259151e-10,7314.40214600743,151.38750095968706,3.5740533005431736e-05,2856.4531354194805,0.0006209931472183149,0.0008961297099581138,1.4430589354685304,False,True,-178.0,43189.137107848066,931366.2197109399,29.000519607893228,41044.67462451839,0.3886451512071332,0.005747321734455118,0.7943282347242815,0.7
0.022414408339449868,7.893745591262535e-05,1.769336370102906e-06,1.365417496528664e-10,6302.674528672447,141.270720516314,2.8627129556864164e-05,2287.9360519983534,0.0006479738869084681,0.0007694057063756366,1.187402335064039,False,True,-176.0,48333.526295265896,919045.8320588436,29.555316622212143,40350.85880678889,0.394903890143258,0.005901984274938268,0.7943282347242815,0.7
0.021256067060393312,8.706041156257536e-05,1.8505619464795432e-06,1.576929695784242e-10,6951.243007103578,147.75608751208372,3.31806715742185e-05,2651.864014985346,0.0006760974696755951,0.0008506420054017834,1.258164752206421,False,True,-174.0,53273.326362249594,906793.7188693465,30.12342690536375,39667.88315436906,0.4011632753015735,0.006062058146734029,0.7943282347242815,0.7
0.020489949531160023,9.34184394906963e-05,1.9141391104440937e-06,1.7516014173288617e-10,7458.892768701058,152.83233638901913,3.67607739783283e-05,2937.9927846874675,0.000705411057759932,0.0009142280226488749,1.2960216778456117,False,True,-172.0,58863.18316192241,894612.7467464521,30.70531879863248,38995.6197173542,0.4074213681432168,0.006227739182597742,0.7943282347242815,0.7
0.021707084205784852,8.370653674065923e-05,1.8170248416041136e-06,1.4880150522228626e-10,6683.456553029806,145.07835418232258,3.129751296891245e-05,2501.3583047934712,0.0007359630878590031,0.0008171003932832192,1.1102464332284019,False,True,-170.0,64302.53425140335,882505.9226195164,31.301477613093688,38333.95239608899,0.4136761434722733,0.006399226945788691,0.7943282347242815,0.7
0.023634947130627235,7.187158584302797e-05,1.6986811315943029e-06,1.1920567293640754e-10,5738.507888188692,135.62933054602706,2.468959768988245e-05,1973.2408222001661,0.0007678031688794601,0.0006987416772921126,0.9100531302988284,False,True,-168.0,68777.13337839699,870476.401049309,31.91240594117716,37682.7769967158,0.41992548263120916,0.006576724140277622,0.7943282347242815,0.7
0.021504553042224404,8.518008032020572e-05,1.831759555386799e-06,1.5268058566450397e-10,6801.110022834767,146.25483123205427,3.212439468177548e-05,2567.444304713217,0.0008009819508420187,0.0008318370734927205,1.0385216203914032,False,True,-166.0,73317.81850531037,858527.4918519381,32.53862391412602,37042.00130994877,0.42616716639402713,0.0067604358894171315,0.7943282347242815,0.7
0.026848708468060492,5.8163033213296586e-05,1.5616023223619198e-06,8.839149648901757e-11,4643.963549440188,124.68442347521903,1.7138841106677774e-05,1369.7696228868715,0.0008355509605332468,0.0005616472374810237,0.6721878903981892,False,True,-164.0,77255.03243291046,846662.6680383357,33.18066939344046,36411.54521262342,0.43239886755558155,0.006950568864549026,0.7943282347242815,0.7
0.03163665323642167,4.5292508319410374e-05,1.4329033799089294e-06,6.284799943203803e-11,3616.3306154737024,114.40859766999687,1.0221175163480952e-05,816.8962628218142,0.0008715623990012602,0.00043293533056036875,0.4967347502100567,False,True,-162.0,79441.69831861915,834885.5740632105,33.839098082725386,35791.340791457515,0.4386181432184382,0.007147330243085965,0.7943282347242815,0.7
0.019622312700745013,0.00010184148228243945,1.99836541125341e-06,1.9953319169506678e-10,8131.421375604727,159.5572929336381,4.152082770178389e-05,3318.425566175743,0.0009090688954693072,0.0009984666747831178,1.0983399385452066,False,True,-160.0,83577.02014761671,823200.0343728109,34.514483544513546,35181.33248833965,0.44482242678202893,0.007350926473593008,0.7943282347242815,0.7
0.021402452477072766,8.594277243852395e-05,1.839386102863388e-06,1.5470524793450715e-10,6862.00633792078,146.86376454472162,3.2552688695302145e-05,2601.674397969904,0.0009481232117004057,0.0008394646473019981,0.8853961562616587,False,True,-158.0,89497.12011176236,811610.0622353872,35.20741710461215,34581.4772662643,0.45100901964340046,0.007561561823342558,0.7943282347242815,0.7
0.018580577855063864,0.00011420495766252192,2.121994107282761e-06,2.378529701993452e-10,9118.569497659311,169.4282904780694,4.853549255693839e-05,3879.051268550627,0.0009887778902972653,0.0011221147854525756,1.1348501988805837,False,True,-156.0,95977.84577828289,800119.8688317848,35.918507624314806,33991.744794812344,0.4571750826241078,0.007779436681772674,0.7943282347242815,0.7
0.01597591005943479,0.0001639783956245699,2.619704100188544e-06,4.227466864938624e-10,13092.675022355903,209.1673985945663,7.697560310050239e-05,6152.040396090883,0.0010310848398789514,0.0016199184055159944,1.571081585979066,False,True,-154.0,106008.9374429244,788733.8725759705,36.6483811184338,33412.11765384287,0.4633176271437266,0.008004745591310602,0.7943282347242815,0.7
0.015586462686972512,0.00017540876915180556,2.7340022353523926e-06,4.721346070694141e-10,14005.320651106114,218.29340774755102,8.353436005477881e-05,6676.229049451201,0.001075094849561611,0.0017342415406919542,1.6131056170524136,False,True,-152.0,118837.20688846649,777456.7086264234,37.397680194553494,32842.59155368773,0.4694335061684411,0.008237674975216328,0.7943282347242815,0.7
0.018648594018464415,0.0001133068529532006,2.1130135002340837e-06,2.3496739562885464e-10,9046.861312868232,168.7112437650316,4.802499907015037e-05,3838.2516330016765,0.0011208570247059197,0.0011131327165959874,0.9931085696572594,False,True,-150.0,129351.68757091937,766293.2385389566,38.16706328619352,32283.175569856212,0.4755194049708754,0.008478400530568767,0.7943282347242815,0.7
0.017776678975166552,0.0001260099265696915,2.240038012313716e-06,2.772667243473655e-10,10061.124283379075,178.85337651488246,5.5256817182481474e-05,4416.232647403787,0.0011684181355190889,0.001240178654875005,1.061416814044944,False,True,-148.0,137606.17185132485,755248.5599996246,38.9572036497358,31733.89238972959,0.48157183174835216,0.008727084253399579,0.7943282347242815,0.7
0.020962759663916967,8.938959893632372e-05,1.8738526789560821e-06,1.639989454819143e-10,7137.214416535349,149.61571048367392,3.4490744212316396e-05,2756.5675764614234,0.0012178218698473385,0.0008739359342462722,0.7176221382490244,False,True,-146.0,144778.97207519005,744328.0165627057,39.76878809204802,31194.77856832964,0.4875871081571845,0.008983871062453228,0.7943282347242815,0.7
0.019070862595446807,0.0001080324549839873,2.0602721048484145e-06,2.183433263704916e-10,8625.732795989776,164.50016493736024,4.5029773786222724e-05,3598.8673839681614,0.0012691079814269662,0.0010603828990996828,0.8355340243841222,False,True,-144.0,151134.40703561963,733537.2073031683,40.6025153927879,30665.884789569645,0.49356135983491395,0.009248884988331742,0.7943282347242815,0.7
0.01600990684711863,0.00016305087970493412,2.6104293954167407e-06,4.1885261488938473e-10,13018.618531757862,208.42686997161567,7.644371971362415e-05,6109.531237990332,0.001322311325030842,0.0016106417294473102,1.2180503176207336,False,True,-142.0,160842.80565757814,722881.9962754879,41.45909438247653,30147.276128838712,0.49949050699637304,0.009522224896124467,0.7943282347242815,0.7
0.016655292157249653,0.00014724046990305552,2.4523330436061142e-06,3.550948745422092e-10,11756.253714015671,195.80384028168234,6.738609780266399e-05,5385.62842145779,0.0013774607704359577,0.001452513098452068,1.0544860003471146,False,True,-140.0,172337.96531702625,712368.5216509654,42.33924163468498,29639.032311975825,0.5053702552069794,0.009803959712333925,0.7943282347242815,0.7
0.02480814512366252,6.617763770922153e-05,1.6417444402315292e-06,1.0595494989669019e-10,5283.880848900185,131.08328291565692,2.1536779428608144e-05,1721.2614349186138,0.0014345779880275738,0.0006417982654569991,0.44737774510218065,False,True,-138.0,179444.85517340264,702003.2043838169,43.24367872821948,29141.24796489068,0.5111960864552928,0.010094123131339228,0.7943282347242815,0.7
0.02643468606771175,5.9628231914795696e-05,1.576253591440335e-06,9.150736753576544e-11,4760.950731616468,125.8542379741239,1.7938758470452426e-05,1433.70057941411,0.0014936761002489459,0.0005763000874848874,0.38582667781109803,False,True,-136.0,182599.81718773537,691792.7562322475,44.17312903317976,28654.032847180133,0.5169632506677078,0.010392707783189384,0.7943282347242815,0.7
0.021248697609859625,8.711744567203092e-05,1.851132259628359e-06,1.5784609899798644e-10,6955.7968329746445,147.80162353949746,3.3212729543397386e-05,2654.4261504342576,0.0015547581951124486,0.0008512123961710601,0.5474886055252443,False,True,-134.0,186687.94391758373,681744.1869345226,45.12831397340329,28177.512062135065,0.5226667578304938,0.010699658853633278,0.7943282347242815,0.7
0.015304516411659261,0.00018473125549672368,2.8272225314960275e-06,5.143306871122071e-10,14749.664341318892,225.73647997818037,8.888850921517718e-05,7104.143097470551,0.0016178157007348476,0.0018274831941675013,1.129599121418724,False,True,-132.0,196446.51316548855,671864.8103118686,46.109948717332884,27711.826234383807,0.5283013709099185,0.011014867159449248,0.7943282347242815,0.7
0.015360118494095269,0.0001828151590944942,2.808062506208309e-06,5.055173869656317e-10,14596.675727115517,224.20666878837855,8.778771974876206e-05,7016.165855432769,0.0016828266234633642,0.0018083187082261528,1.0745722007324308,False,True,-130.0,210566.82211839186,662162.2490403019,47.118737250053,27257.131645384106,0.533861599786156,0.011338161697822657,0.7943282347242815,0.7
0.015336310237814553,0.00018363072460760146,2.8162177617768632e-06,5.092597837025192e-10,14661.793660376687,224.8578162183595,8.825623907472339e-05,7053.610834147648,0.0017497536567603958,0.0018164758579341928,1.038132339895966,False,True,-128.0,224636.59880797227,652644.437802407,48.15536678143839,26813.600315704207,0.539341696445058,0.011669301708226493,0.7943282347242815,0.7
0.017769054984245518,0.0001261335758364932,2.241274444398149e-06,2.7769416226589205e-10,10070.996923374247,178.9520980776044,5.5327318904789614e-05,4421.8672826149905,0.0018185421737182987,0.001241415303449473,0.6826431200719432,False,True,-126.0,236112.07692473492,643319.624498629,49.220501449442416,26381.4200218967,0.5447356516989837,0.012007968309414455,0.7943282347242815,0.7
0.015826159840821637,0.00016819279009423668,2.661845980105152e-06,4.4065493571330895e-10,13429.168723231542,212.532170743225,7.939298553860589e-05,6345.242317387897,0.0018891181229897397,0.001662069350877475,0.879812294769088,False,True,-124.0,246879.1865247378,634196.3691664335,50.3147752839081,25960.794234507375,0.5500371937365038,0.012353755803087391,0.7943282347242815,0.7
0.01995859955917705,9.840261851783913e-05,1.9639784585720113e-06,1.8941273101370594e-10,7856.849072682882,156.81170443856917,3.957532767700534e-05,3162.937408097832,0.001961385856094121,0.0009640745937314081,0.49152724882561055,False,True,-122.0,256387.36625022354,625283.5402260537,51.438784405358945,25551.94196265893,0.555239788827029,0.012706162769715522,0.7943282347242815,0.7
0.01577928878767435,0.00016955674771001756,2.6754848880152083e-06,4.4652615258410776e-10,13538.072422036914,213.62115437577037,8.017557045759243e-05,6407.788031108265,0.002035225923506692,0.001675711230804606,0.8233539143985339,False,True,-120.0,265958.09168942965,616590.3076448395,52.593078445450196,25155.097489572654,0.5603366445313123,0.01306458312083317,0.7943282347242815,0.7
0.013665406987482004,0.00026732898068930884,3.653159320668123e-06,9.633785542031539e-10,21344.589053281008,291.68249639363825,0.0001364481298029895,10905.200774108194,0.002110492887570825,0.002653647184507461,1.2573589800446123,False,True,-118.0,283271.0804946461,608126.1325903177,53.77815119157391,24770.509982544354,0.5653207157891442,0.013428297315469658,0.7943282347242815,0.7
0.015266218058194175,0.00018607458095730624,2.8406551279813424e-06,5.20552821919071e-10,14856.920688337505,226.80899090145664,8.966033902663908e-05,7165.829242011974,0.0021870132119141765,0.0018409189397997773,0.8417502600217576,False,True,-116.0,301342.1105107663,599900.7531269956,54.99443047787619,24398.44296026149,0.5701847142707062,0.01379646399540605,0.7943282347242815,0.7
0.01348051085513634,0.0002815283731057413,3.7951462896808192e-06,1.054186617271536e-09,22478.323956072065,303.0192900951007,0.00014463822516480552,11559.769176098409,0.002264583299372227,0.0027956800865755627,1.2345229638276336,False,True,-114.0,320067.7089288767,591924.1655061832,56.24226736895893,24039.173600093818,0.5749211213850751,0.01416811234326253,0.7943282347242815,0.7
0.014820322176418854,0.00020328535122970614,3.0127543989707097e-06,6.034334817797622e-10,16231.095750867464,240.5500683041589,9.955533837172162e-05,7956.656896986767,0.0023429677629454135,0.00201306015497396,0.8591924254404948,False,True,-112.0,339584.13500196184,584206.6006044117,57.52192471093871,23692.99186815806,0.5795222053366037,0.014542135516980558,0.7943282347242815,0.7
0.014188781149606016,0.00023393102641906924,3.3191961379628763e-06,7.655354378294755e-10,18677.966050865,265.01757261549443,0.00011719754592263019,9366.65654827499,0.0024218980263654806,0.002319583915495705,0.9577545752315106,False,True,-110.0,356907.4484472236,576758.4950872477,58.83356515725332,23360.199455714792,0.5839800426040959,0.014917285561284053,0.7943282347242815,0.7
0.0142175931559099,0.0002323331389035644,3.3032180455663814e-06,7.566236620710879e-10,18550.384475968498,263.74181936502697,0.000116277075490253,9293.090755279538,0.002501071361551669,0.002303601314283546,0.9210458164833761,False,True,-108.0,375567.1957507781,569590.4569145904,60.17723881330511,23041.108506882665,0.5882865441866352,0.015292170237605037,0.7943282347242815,0.7
0.013892593974197235,0.00025172858046920113,3.4971629601596476e-06,8.682149963132763e-10,20098.992220096996,279.2271382043566,0.00012745351618229174,10186.333703076429,0.0025801504785275316,0.002497602684264354,0.9680065969213212,False,True,-106.0,395046.62020913407,562713.224863781,61.55287068402003,22736.04012486885,0.5924334869109871,0.01566525224439841,0.7943282347242815,0.7
0.012493941501543692,0.00039287530545684693,4.908561083778955e-06,1.9047326253430586e-09,31368.697559598393,391.91867228923866,0.0002089324861018453,16698.29196240309,0.0026587637879991275,0.003909525001791892,1.470429610722972,False,True,-104.0,421931.2458746136,556137.621830696,62.960248150577996,22445.322647018656,0.5964125500262856,0.016034851314737485,0.7943282347242815,0.7
0.012487785137512891,0.0003938473377387538,4.9182809306630295e-06,1.9132391264633193e-09,31446.30841028255,392.694742795573,0.00020949413876148888,16743.18033886943,0.0027365064563929,0.003919249149714641,1.4322089906123454,False,True,-102.0,455372.7181758861,549874.5017786472,64.39900874537783,22169.289683126408,0.6002153572194907,0.01639914967212114,0.7943282347242815,0.7
0.013765170851771705,0.00026024661868850895,3.582339169843209e-06,9.195781607841903e-10,20779.10563265129,286.0279391804568,0.00013236420252567648,10578.805337466749,0.0028129423663266783,0.0025828048771627857,0.9181862053347289,False,True,-100.0,482694.70385222224,543934.6903413889,65.86862853566832,21908.27791650463,0.6038335240710127,0.016756201293012606,0.7943282347242815,0.7
0.017670200660965894,0.0001277590943059542,2.257528832649476e-06,2.8334150234556145e-10,10200.784661462723,180.24991186734937,5.625432349581767e-05,4495.955298319399,0.002887607080916978,0.0012576725519422014,0.4355414419966097,False,True,-98.0,497769.4644880084,538328.9192499337,67.36841146367631,21662.624673507707,0.6072587108307956,0.01710394536066468,0.7943282347242815,0.7
0.013576773698040227,0.00027395254833159226,3.7193917526994557e-06,1.0052406682594799e-09,21873.440541909767,296.97075223504726,0.00014026819449257692,11210.507797884782,0.0029600118869689386,0.0027199007918574814,0.9188817125469952,False,True,-96.0,513475.92758421256,533067.754941409,68.89748002152483,21432.665274277497,0.6104826802352582,0.01744022419525466,0.7943282347242815,0.7
0.012758689551559307,0.0003551782358283835,4.531608846404864e-06,1.5892755954761333e-09,28358.81640994625,361.8213346241698,0.00018715469366466377,14957.768297570006,0.0030296489593329744,0.0035324132555739733,1.1659480365513009,False,True,-94.0,539644.2036796673,528161.5219181981,70.45476765949945,21218.730185450113,0.6134973599055898,0.017762805808077996,0.7943282347242815,0.7
0.012921462983526685,0.0003353922959512537,4.333759137094151e-06,1.4349685980525274e-09,26779.029756732292,346.0242417363759,0.00017572794468867576,14044.52022331348,0.0030959976465908543,0.0033344855152637755,1.0770310238883842,False,True,-92.0,568646.4922005509,523620.2216514246,72.03901333293878,21021.142004041394,0.6162949086753776,0.01806941105297168,0.7943282347242815,0.7
0.013602958273525994,0.00027196186302395106,3.699485874705198e-06,9.925678455249946e-10,21714.496458419664,295.3813892545106,0.00013912002258173245,11118.743658434656,0.003158531827608786,0.0026999885035784966,0.8548239026682733,False,True,-90.0,593809.7560822989,519453.44805607543,73.64875858298282,20840.21231067163,0.6188677859936117,0.018357745140083107,0.7943282347242815,0.7
0.012116882493777122,0.00046283805604248926,5.608154338715073e-06,2.564809404374269e-09,36954.79659172422,447.77692788335764,0.0002493682658397619,19929.9983781398,0.0032167282312336744,0.004609451976366046,1.4329628258953775,False,True,-88.0,624858.4981188733,515670.30079562514,75.28234751691566,20676.23843895035,0.6212088233516724,0.01862553304326158,0.7943282347242815,0.7
0.014407036108557073,0.00022234706599708328,3.2033622084517013e-06,7.020747111859351e-10,17753.057445074435,255.76893964847534,0.00011052591136579539,8833.446496669227,0.0032700755503726055,0.0022037178777072003,0.6739042703328674,False,True,-86.0,653621.9429936823,512279.2978894419,76.93793000301098,20529.500216081942,0.6233112964959028,0.01887055808455979,0.7943282347242815,0.7
0.014334289419860102,0.0002260785161289843,3.240674881805371e-06,7.222266349388363e-10,18050.990985362023,258.74812909946496,0.00011267463938980618,9005.177032988217,0.0033180841207513774,0.002241040747291014,0.6754020289225012,False,True,-84.0,671460.5665233398,509288.28928305476,78.61346832198788,20400.256736907068,0.6251689970246276,0.01909070273325087,0.7943282347242815,0.7
0.015163596588556877,0.00018977228178800124,2.87763032472319e-06,5.378647525623185e-10,15152.159552712215,229.76123490277647,9.178530419063446e-05,7335.660604191976,0.0033602958784364058,0.001877902898259149,0.5588504602555905,False,True,-82.0,687801.4041605201,506704.373185484,80.3067474232814,20288.743239046198,0.6267763018433707,0.019283990431077494,0.7943282347242815,0.7
0.013293261636632739,0.00029753321405001756,3.955186859955135e-06,1.1613287227845867e-09,23756.21291497896,315.797553774369,0.00015387285836013614,12297.819079865709,0.0033962942637680575,0.0029557748483851776,0.8702940966916863,False,True,-80.0,707434.8838445777,504533.8170656905,82.01538882194866,20195.168150286918,0.6281282388727968,0.01944862707044512,0.7943282347242815,0.7
0.013502927219314429,0.0002797270338756751,3.777133779697943e-06,1.0424454895208414e-09,22334.498002327073,301.581101005346,0.00014359907190240426,11476.718019751177,0.0034257137077081993,0.0027776616377989958,0.8108271369989204,False,True,-78.0,731209.4209441945,502781.9852203696,83.73686804560816,20119.710380119614,0.6292205473848654,0.01958304062787238,0.7943282347242815,0.7
0.011746465446870294,0.0005609763161214519,6.589488913833221e-06,3.654150801225493e-09,44790.5382550045,526.1305099591325,0.00030611368338123653,24465.202870820387,0.0034482483240884914,0.005591337212052186,1.6215007408232984,False,True,-76.0,767151.3418347661,501453.2747690476,85.46853540646569,20062.51692535625,0.6300497313869184,0.01968591740852712,0.7943282347242815,0.7
0.012412790259225651,0.0004060865038045531,5.040666598828157e-06,2.0219489003039393e-09,32423.531191575243,402.4664921444842,0.00021656648072355925,17308.41570816973,0.0034636594410092036,0.004041689782577066,1.1668842885429411,False,True,-74.0,808924.9604137562,500551.06179565773,87.20763973870454,20023.700854566414,0.6306131045894909,0.01975623340139664,0.7943282347242815,0.7
0.012915476684872095,0.0003360808355858748,4.340644196241698e-06,1.440208150113325e-09,26834.005448144384,346.57397172723955,0.00017612553959529768,14076.296784045644,0.003471781638028207,0.0033413732240656874,0.9624376105530115,False,True,-72.0,840309.6729059715,500077.6591390778,88.95135461460082,20003.33972802855,0.6309088256756691,0.01979327938383531,0.7943282347242815,0.7
0.012497173429865269,0.00039236693231122307,4.9034776012375615e-06,1.900291178081336e-09,31328.107063756583,391.5127872051532,0.00020863874351246205,16674.81548150331,0.003472527012085075,0.003904439273571349,1.1243798133126495,False,True,-70.0,871060.7851715204,500034.2870450927,89.3031935579091,20001.474498894822,0.6309359228376742,0.01979667864569823,0.7943282347242815,0.7
0.013394093836415709,0.0002886953323714097,3.866812371917883e-06,1.1015374496725177e-09,23050.561952464555,308.741389773424,0.0001487731029041885,11890.236673084022,0.0034658874713403764,0.0028673701189104953,0.8273119489945777,False,True,-68.0,899625.8373261078,500421.0575405365,87.55889624008674,20018.108928061338,0.6306943068454395,0.019766396514947528,0.7943282347242815,0.7
0.014201291938600943,0.0002332344976976949,3.3122311919579146e-06,7.616445238799638e-10,18622.352479589612,264.4614641461812,0.00011679630030661134,9334.588215724489,0.003451934947268872,0.0023126170009308143,0.6699480251678926,False,True,-66.0,920850.6622149163,501236.97299381025,85.81863300981699,20053.20953026967,0.63018477225056,0.019702741238244285,0.7943282347242815,0.7
0.012915876000517672,0.0003360348186084982,4.340184049003811e-06,1.4398576837313508e-09,26830.331273092186,346.53723177607014,0.00017609896712827468,14074.17306063245,0.003430819514810676,0.003340912899596279,0.9737944200135639,False,True,-64.0,944259.4234912733,502479.93890474545,84.08524211346187,20106.70605303676,0.6294089866892658,0.019606356175013818,0.7943282347242815,0.7
0.013405704440847488,0.0002877112642100694,3.856972172302773e-06,1.0949756240886566e-09,22971.99011019715,307.95570983537453,0.00014820532013736868,11844.858366490967,0.0034027655106208636,0.00285752660036258,0.8397659466817623,False,True,-62.0,970178.4549183968,504146.79054324963,82.36149206953526,20178.492474080485,0.6283694686090674,0.019478203671570413,0.7943282347242815,0.7
0.012419409789326265,0.000404975671742137,5.029558822073276e-06,2.011959899008826e-09,32334.83802475755,401.5796039009531,0.00021592456250165264,17257.112351351596,0.0033680658328672643,0.0040305769553559915,1.1967037330516566,False,True,-60.0,999280.4256362393,506233.33265292895,80.65005502203054,20268.428487642268,0.6270695540887832,0.019319541362538047,0.7943282347242815,0.7
0.012570304197940599,0.0003812053624136776,4.791867367426119e-06,1.8040674044689797e-09,30436.92376579061,382.6013905855157,0.00020218982760348834,16159.405538807576,0.003327074685734115,0.0037927803864839797,1.1399745255935267,False,True,-58.0,1032696.9435263985,508734.39107363764,78.95348246029697,20376.341436487564,0.6255133537300219,0.019131891972436674,0.7943282347242815,0.7
0.012819282863693358,0.0003475459090403731,4.455289316107985e-06,1.5288336430378393e-09,27749.42165450159,355.72768549295364,0.000182746544125097,14605.460385100434,0.0032801990924176067,0.0034560631611660966,1.0536138398291162,False,True,-56.0,1063461.8094503065,511643.8748333438,77.27418381598233,20502.0286349245,0.6237057008566843,0.018917007939191387,0.7943282347242815,0.7
0.012987913861829719,0.00032793443026921343,4.259184132664748e-06,1.3788185539949047e-09,26183.564656812123,340.0698823583249,0.00017142167228325836,13700.35453018978,0.0032278895385470874,0.003259882115228473,1.0099112984813556,False,True,-54.0,1091767.6243655966,514954.84702751186,75.61440832325835,20645.260019437956,0.6216520924561316,0.01867683233966359,0.7943282347242815,0.7
0.01322439374053073,0.0003038870827452439,4.018722434884347e-06,1.2052708405742246e-09,24263.530587190984,320.8704820204244,0.00015753980178712896,12590.888353562541,0.0031706301224372897,0.0030193326478129535,0.9522815753393421,False,True,-52.0,1118058.867249349,518659.6026510883,73.97623039467105,20805.78105786026,0.6193586244237347,0.018413457660104063,0.7943282347242815,0.7
0.012929570507736519,0.0003344642600280381,4.3244792323504394e-06,1.4279214206740898e-09,26704.931747019156,345.28329792737554,0.00017519205944148072,14001.691228727903,0.0031089285803580675,0.003325202046735491,1.069565273304707,False,True,-50.0,1144651.4468316394,522749.7514758654,72.36153862988976,20983.315845286597,0.6168319227324811,0.018129083925339254,0.7943282347242815,0.7
0.013584474347500103,0.0002733640870684015,3.7135074283084847e-06,1.0014863159881583e-09,21826.455498222418,296.500924812455,0.00013992878048467737,11183.381168102214,0.0030433065268947166,0.0027140145684115685,0.8917979652811555,False,True,-48.0,1169836.5192284696,527216.3040712883,70.77202844606506,21177.570315248886,0.6140790721415101,0.01782597759054862,0.7943282347242815,0.7
0.01602968247574391,0.00016251616304627917,2.605082490808081e-06,4.1661540945355557e-10,12975.924667031695,207.99995224169106,7.613711066685827e-05,6085.026444711248,0.002974290206630394,0.0016052936922884395,0.5397232888404304,False,True,-46.0,1187104.926841283,532049.7591418882,69.20919820287752,21388.235497573078,0.6111075439903204,0.017506432425147437,0.7943282347242815,0.7
0.014228260188921057,0.00023174707795730142,3.2973577231986564e-06,7.533677449051363e-10,18503.591082951756,263.2739083576371,0.00011593948685621587,9266.11001293776,0.002902401998725873,0.002297739344608837,0.7916681926271836,False,True,-44.0,1202456.063298932,537240.1904883246,67.67434859746167,21614.990759475404,0.6079251245080943,0.017172733399151336,0.7943282347242815,0.7
0.014378295882746773,0.00022380644428788622,3.2179552764367093e-06,7.09923334970251e-10,17869.579902946934,256.9341071449564,0.0001113662419192385,8900.607354169773,0.0028281528555907363,0.0022183149168753646,0.7843688195601469,False,True,-42.0,1220622.7806660396,542777.3320783039,66.16858502720805,21857.506973292402,0.6045398449116531,0.016827124338851418,0.7943282347242815,0.7
0.01581250636630311,0.00016858783868112457,2.665796272426564e-06,4.42351649769714e-10,13460.710944061691,212.84757749794147,7.961963815077228e-05,6363.356836401234,0.002752035795483173,0.0016660205020819475,0.6053774826680426,False,True,-40.0,1235886.7448566107,548650.6599244892,64.69282256319782,22115.449562287722,0.600959914382701,0.016471779869804498,0.7943282347242815,0.7
0.013620098312385484,0.0002706743824477863,3.6866116995830778e-06,9.84413467281863e-10,21611.698984904226,294.35346487207715,0.00013837747016662478,11059.39742053649,0.0026745205105877007,0.0026871102037007,1.0047072711026743,False,True,-38.0,1253309.4991135483,554849.469694991,63.24779314334091,22388.481384612533,0.5971936568185071,0.01610878192741439,0.7943282347242815,0.7
0.014273463165235029,0.00022929603144834437,3.272848458812516e-06,7.39824445644701e-10,18307.889964617076,261.31699304313787,0.00011452769646878813,9153.276970461584,0.0025960490999738066,0.002273223228025945,0.8756472395105628,False,True,-36.0,1273522.1735045463,561362.9492156941,61.8340545805225,22676.265424430312,0.5932494520481942,0.01574010090137019,0.7943282347242815,0.7
0.016750262138380528,0.0001451690822316911,2.431620181768945e-06,3.471084881555209e-10,11590.866038869854,194.15004456192239,6.620080660458606e-05,5290.897636144087,0.002517032892906706,0.001431796192827869,0.5688428613161309,False,True,-34.0,1287966.348111152,568180.2452516694,60.45200098464662,22978.467267764245,0.5891356820124788,0.015367581298457009,0.7943282347242815,0.7
0.015142593113700174,0.00019054727945517973,2.885379921712307e-06,5.415274703506849e-10,15214.038390840888,230.3799929687173,9.223074413933025e-05,7371.261034042863,0.0024378502933008485,0.0018856543489450962,0.7734906257889695,False,True,-32.0,1300628.506781339,575290.5241686801,59.10187421526925,23294.757348781786,0.5848606822209386,0.01499293166332423,0.7943282347242815,0.7
0.015606180646386258,0.00017479187844185782,2.7278336304848207e-06,4.69403112014643e-10,13956.065689445506,217.80088226231973,8.318020984606526e-05,6647.924673746015,0.0023588455508872564,0.0017280715532256732,0.7325920735148074,False,True,-30.0,1314647.6924891279,582683.0262690161,57.78377601018995,23624.81295946327,0.580432698637134,0.014617718389757336,0.7943282347242815,0.7
0.017842155888286724,0.00012495789117625294,2.229518173838273e-06,2.736422349515141e-10,9977.125672062966,178.01343155797488,5.4657050381449374e-05,4368.298114388617,0.0022803283483979913,0.0012296569806398076,0.5392455790428969,False,True,-28.0,1325663.9152772625,590347.1137645371,56.497680471619766,23968.32002197334,0.5758598499985813,0.01424336298414041,0.7943282347242815,0.7
0.015210208577794945,0.00018807468528200618,2.860655191342455e-06,5.298833055764752e-10,15016.616822906717,228.40587400923565,9.080967311080172e-05,7257.686264621343,0.0022025740857824112,0.001860923725434717,0.8448858712390003,False,True,-26.0,1337289.8996562725,598272.3124917856,55.243446632332855,24324.97462837364,0.5711500954589723,0.013871142304408588,0.7943282347242815,0.7
0.01667274039863751,0.0001468554858508168,2.4484833917064525e-06,3.5360411155030367e-10,11725.515084908142,195.49646905098155,6.716577515479006e-05,5368.019805541855,0.002125824740885615,0.0014486626917351588,0.6814591362464096,False,True,-24.0,1349915.6057264358,606448.347589,54.02083086690624,24694.484356622525,0.5663112073436536,0.013502191286937321,0.7943282347242815,0.7
0.014591118812488129,0.00021343292461544744,3.1142251615608157e-06,6.55049690478917e-10,17041.31761027143,248.65188997281675,0.00010539424986753943,8423.314096730566,0.002050290189748047,0.002114557036635009,1.0313452443016662,False,True,-22.0,1363706.9396287082,614865.1734437876,52.829498955599625,25076.569375100007,0.5613507487358576,0.013137507685009467,0.7943282347242815,0.7
0.016395225700132132,0.00015322765092604663,2.5122019204335945e-06,3.786566508013127e-10,12234.293611500152,200.58400504222962,7.081399914790283e-05,5659.592985557268,0.001976149877342095,0.0015123939048188398,0.7653234818671734,False,True,-20.0,1377789.846710996,623512.9982850013,51.66903764895938,25470.96335029346,0.5562760555581644,0.012777958370243345,0.7943282347242815,0.7
0.014410099591759038,0.00022219262938365087,3.2018179179732147e-06,7.012466100593053e-10,17740.726623178525,255.64563747017354,0.00011043698777416194,8826.339549716435,0.0019035547398713443,0.0022021731682305367,1.1568740956613495,False,True,-18.0,1392275.7792462697,632382.303835652,50.53896561866156,25877.4141738686,0.5510942227790585,0.012424286787529907,0.7943282347242815,0.7
0.014587727494865562,0.0002135906806190241,3.1158026443131868e-06,6.558682251329416e-10,17053.913465230176,248.7778423517963,0.00010548504714355569,8430.570792195202,0.0018326292916142997,0.0021161349335703946,1.1546988489452576,False,True,-16.0,1409532.6895881814,641463.86046829,49.43874371366576,26295.684526216974,0.5458120943559966,0.01207712120012805,0.7943282347242815,0.7
0.01520515486116532,0.00018825727095683287,2.862480958639004e-06,5.307390140103118e-10,15031.195175714343,228.55165039513764,9.091460187188685e-05,7266.072375946313,0.0017634738017817868,0.0018627499258117644,1.0562957748108708,False,True,-14.0,1425229.332756323,650748.7383133896,48.36778447003743,26725.552293847613,0.5404362565212302,0.011736983410862255,0.7943282347242815,0.7
0.01708929052754644,0.0001382271973256911,2.3622047339072254e-06,3.209631116140179e-10,11036.598857692252,188.60764431509006,6.223124064048309e-05,4973.6421787984145,0.001696166499264798,0.0013623675058517981,0.8032038755878714,False,True,-12.0,1437469.0473110678,660228.3147676776,47.32546084768584,27166.810857825112,0.5349730340217148,0.011404297694920193,0.7943282347242815,0.7
0.0151521805985015,0.0001901927314317548,2.8818346151762413e-06,5.398503641262396e-10,15185.729893048596,230.0969218595352,9.202696010009508e-05,7354.974215999794,0.0016307657549583477,0.00188210819362924,1.1541254088189459,False,True,-10.0,1449797.663705866,669894.2788359824,46.31111418787141,27619.26926988326,0.529428488938274,0.011079399727365389,0.7943282347242815,0.7
0.015246159070463576,0.0001867859812710359,2.8477687825908437e-06,5.238624245972779e-10,14913.721665582028,227.3769728460826,9.006911686587843e-05,7198.499564539279,0.0015673122022024164,0.0018480342694499816,1.1791104968449102,False,True,-8.0,1464351.1374864052,679738.6327194379,45.324061401913646,28082.75233204131,0.5238084217285569,0.010762545332653245,0.7943282347242815,0.7
0.016874631587606322,0.00014254300519456154,2.40536069804848e-06,3.3710560844066e-10,11381.189800119919,192.05338490564645,6.469863295554592e-05,5170.840987042266,0.0015058307655757511,0.0014055316441424946,0.9333928328958617,False,True,-6.0,1476720.4780379867,689753.6910370056,44.36360141444689,28557.10059451667,0.5181183741624188,0.010453918923226656,0.7943282347242815,0.7
0.016006517371011487,0.0001631428817672959,2.611349370965095e-06,4.192381140441972e-10,13025.964335449264,208.50032440954476,7.649647589713096e-05,6113.74761511509,0.0014463325767129168,0.0016115619001478988,1.1142402004181493,False,True,-4.0,1488005.066640144,699932.0780380854,43.42902089424374,29042.170285590146,0.5123636338448525,0.010153641529194459,0.7943282347242815,0.7
0.01911483451134072,0.00010751131127348664,2.055060923089937e-06,2.1673066970167922e-10,8584.12264841185,164.08408384944434,4.473410159002275e-05,3575.2366851265015,0.0013888167629763654,0.0010551709002877493,0.7597625031731461,False,True,-2.0,1497694.0509403856,710266.723133035,42.51959931249612,29537.833185943782,0.5065492400486595,0.00986177835103995,0.7943282347242815,0.7
0.021671674235925923,8.396047815949747e-05,1.8195641313652024e-06,1.494669355464161e-10,6703.7322269007545,145.28110098627138,3.143995558270782e-05,2512.7425964248046,0.0013332721007623051,0.0008196400203774489,0.6147582477041375,False,True,0.0,1503782.0302219368,720750.8550368632,41.63461337294813,30043.97645865538,0.5006799906085827,0.009578345792407152,0.7943282347242815,0.7
0.01949061281156502,0.00010325464914310679,2.0124963874422883e-06,2.0375998627098058e-10,8244.254132557911,160.68556521783108,4.2321086724348016e-05,3382.383828740087,0.0012796785300259598,0.0010125997927136997,0.791292319871271,False,True,2.0,1509677.1566471017,731377.9947902155,40.77334086082664,30560.502444999656,0.49476044965426363,0.009303317950580845,0.7943282347242815,0.7
0.018618969086697586,0.00011369628664796555,2.116907646370778e-06,2.362166690787879e-10,9077.955218799512,169.02216758925314,4.824634155080502e-05,3855.941755943363,0.0012280085304130866,0.0011170274956071688,0.9096251922870722,False,True,4.0,1516915.482231785,742141.9478916771,39.93506395849268,31087.328434941355,0.48879495598722855,0.009036632558736022,0.7943282347242815,0.7
0.0177397677610456,0.00012661083412946562,2.246046793488986e-06,2.7934681600511156e-10,10109.103087956553,179.33314105281818,5.559945741238247e-05,4443.6171231437775,0.0011782283622907906,0.0012461884895772538,1.0576799281544458,False,True,6.0,1525215.0411108723,753036.7957469171,39.11907207547709,31624.38642016741,0.48278763193148666,0.008778196386859501,0.7943282347242815,0.7
0.018433479915523295,0.00011619682082858557,2.141911762991391e-06,2.443097453772866e-10,9277.607625962384,171.01859383728336,4.966815592266533e-05,3969.5759348143843,0.001130299178116814,0.001142035712021674,1.010383564044003,False,True,8.0,1533628.2341688306,764056.8866135775,38.324664239360175,32171.622836513052,0.47674239251031175,0.008527890117935222,0.7943282347242815,0.7
0.01646761193600817,0.00015151283982912443,2.4950546496285833e-06,3.7183568676444567e-10,12097.376401576139,199.2149000249788,6.983192193304441e-05,5581.103458297559,0.0010841780110952208,0.001495243180589554,1.3791491482833904,False,True,10.0,1543178.9135619425,775196.8261963093,37.55115109205689,32728.998301686715,0.47066295482330295,0.008285572723015437,0.7943282347242815,0.7
0.02204481298485561,8.135955497316162e-05,1.7935561739144271e-06,1.427118938732368e-10,6496.064369759558,143.20452416893337,2.998219922691107e-05,2396.2358640668826,0.001039818649049023,0.0007936286384128112,0.76323755025805,False,True,12.0,1551156.252884307,786451.4680240366,36.79785653368696,33296.48735338651,0.46455284751677167,0.008051085363624307,0.7943282347242815,0.7
0.019348825528017415,0.00010482056016734945,2.0281547304270963e-06,2.084898303601448e-10,8369.282579605735,161.9357884274669,4.320834113446989e-05,3453.294932425145,0.0009971724020021208,0.0010282605322619591,1.03117628425879,False,True,14.0,1557005.783680799,797815.9037213903,36.064119053511114,33874.0781921224,0.4584154202580715,0.00782425485296766,0.7943282347242815,0.7
0.019598485094989782,0.00010209428413590254,2.0008933059211377e-06,2.0028641973800927e-10,8151.606062129038,159.7591299088643,4.1663954201047526e-05,3329.8645152681106,0.0009561887721901244,0.0010009949511207347,1.0468591351768155,False,True,16.0,1563788.9431284922,809285.453268268,35.34929278453975,34461.77243244028,0.45225385313930383,0.007604896709014725,0.7943282347242815,0.7
0.01729722585452831,0.0001342886611841151,2.3228213022038677e-06,3.065536474038674e-10,10722.130762251687,185.4631174364532,5.998110542099809e-05,4793.806981549428,0.000916816035194506,0.0013229767771368607,1.4430122580220646,False,True,18.0,1571912.6146253098,820855.6553255125,34.65274831547581,35059.58486557665,0.4460711659502323,0.007392817832989412,0.7943282347242815,0.7
0.019492238380569037,0.00010323696744498267,2.0123195791246474e-06,2.0370685583986053e-10,8242.842356777934,160.67144815176698,4.231107112427584e-05,3381.5833624396846,0.0008790017406739819,0.0010124229574749613,1.1517872043105144,False,True,20.0,1580088.0049692988,832522.2576906722,33.97387329072178,35667.543236171696,0.439870227270895,0.007187818846425891,0.7943282347242815,0.7
0.02018336761198012,9.623077304979535e-05,1.942261068049049e-06,1.8314171792935438e-10,7683.440455019758,155.0777032284236,3.834809707457253e-05,3064.8547437551038,0.0008426931408149717,0.0009423540252770092,1.1182647391263385,False,True,22.0,1586534.4430754937,844281.2079355385,33.3120728263244,36285.688035100975,0.433653763345996,0.006989696118929965,0.7943282347242815,0.7
0.017220505516428345,0.00013571542727559464,2.3370882640638072e-06,3.1173810464350267e-10,10836.049334863088,186.60224734729948,6.079605414647522e-05,4858.9392738334145,0.0008078375541722296,0.0013372463644751198,1.6553406777992166,False,True,24.0,1594458.2370930822,856128.6442665004,32.666769766991344,36914.07231020594,0.42742436671097056,0.006798243517326386,0.7943282347242815,0.7
0.01851172990968486,0.00011512866226585418,2.1312307007288193e-06,2.408374589168339e-10,9192.32167789025,170.16577614404542,4.9060674250156095e-05,3921.0248142173537,0.00077438267206494,0.0011313528907899678,1.460973923619887,False,True,26.0,1603238.201181133,868060.8866395984,32.03740480672706,37552.76149631709,0.42118450454785217,0.006613253905110713,0.7943282347242815,0.7
0.019771689150321813,0.00010028474464539094,1.9827987976480696e-06,1.9492275393217079e-10,8007.1253675890675,158.31439375562732,4.063978016363666e-05,3248.010527809868,0.000742276814154116,0.0009828977249660875,1.3241660068369216,False,True,28.0,1610407.2365231602,880074.428154275,31.42343649321159,38201.833265742156,0.4149365267550026,0.006434520419181313,0.7943282347242815,0.7
0.023847738524328074,7.076720957537089e-05,1.6876379100497708e-06,1.1658542916854363e-10,5650.330177217906,134.74759664241293,2.4076537935987023e-05,1924.2438904546896,0.0007114691392796762,0.0006876971269248603,0.9665874300902444,False,True,30.0,1615579.4909414249,892165.9267431655,30.824341133806207,38861.37740007871,0.40868267372103695,0.006261837548792166,0.7943282347242815,0.7
0.023991589086541493,7.003966202302863e-05,1.6803627910167482e-06,1.1487244566638655e-10,5592.239941428939,134.166722748108,2.3673051018230685e-05,1891.9964286960562,0.0006819098170895094,0.0006804211391468991,0.9978168990894366,False,True,32.0,1619395.7312605756,904332.1971695954,30.239612619005964,39531.49568415756,0.40242508379650266,0.006095002039613037,0.7943282347242815,0.7
0.033316797386625054,4.202892359571335e-05,1.4002691318163264e-06,5.689224627377169e-11,3355.753275193347,111.80295194912014,8.508898457171165e-06,680.0477674258165,0.0006535501654682615,0.0004002980583566982,0.6124978303232301,False,True,34.0,1621967.7754566974,916570.203339741,29.668762177279863,40212.30182263616,0.3961658004619555,0.005933813643759916,0.7943282347242815,0.7
0.03323836664621872,4.2170770488043705e-05,1.4016875312351366e-06,5.714672020187681e-11,3367.0788846258506,111.9162024939352,8.582857268310759e-06,685.9586999219681,0.0006263427582695318,0.0004017165869998407,0.6413686143824967,False,True,36.0,1623333.7819240452,928877.0509324621,29.111318073531432,40903.92137972958,0.38990677919328065,0.005778075734704844,0.7943282347242815,0.7
0.02597482353216175,6.134467959996318e-05,1.5934172272460463e-06,9.521161117954327e-11,4897.99861313267,127.22464963689407,1.8878334161349505e-05,1508.7933019490258,0.0006002415073831468,0.0005934656026177381,0.9887113692037903,False,True,38.0,1625528.533925916,941249.980346577,28.5668252618728,41606.491742440994,0.3836498940279116,0.005627595804115416,0.7943282347242815,0.7
0.03730377892466981,3.5891841408320384e-05,1.3389013170952931e-06,4.6263807244807396e-11,2865.7446837628686,106.90310613763783,5.357895368561762e-06,428.21345228544345,0.0005752017227292708,0.0003389248453587222,0.5892277995110307,False,True,40.0,1627465.5406801505,953686.3599627101,28.034845002022312,42320.162107593205,0.37739694383748923,0.005482185855927572,0.7943282347242815,0.7
0.030737675714431784,4.725589059066543e-05,1.4525362405725422e-06,6.653260416313408e-11,3773.0947179903014,115.97616188142132,1.1261031062037853e-05,900.0035752216008,0.0005511801533656561,0.00045257006185439776,0.8210928116531079,False,True,42.0,1628793.7577076575,966183.6797147092,27.514954447398274,43045.09349291811,0.3711496583140109,0.005341662711330329,0.7943282347242815,0.7
0.02960792417765371,4.9978569464436105e-05,1.479761695210623e-06,7.176847144433862e-11,3990.48402436044,118.14994842540233,1.2713498783835457e-05,1016.087629631025,0.0005281350125233884,0.00047979817434752966,0.9084763611014748,False,True,44.0,1630709.84891251,978739.5449639508,27.006746211880127,43781.458772431506,0.3649097036776797,0.0052058482368418394,0.7943282347242815,0.7
0.02784399870857369,5.491894478447819e-05,1.5291630276552405e-06,8.164392221781046e-11,4384.942869426044,122.09434359346817,1.5375411317783867e-05,1228.832873319858,0.0005060259890496489,0.0005292045188494142,1.0458050185194956,False,True,46.0,1632954.769415461,991351.6706685355,26.509827921230716,44529.44273628919,0.3586786881156562,0.005074569506283199,0.7943282347242815,0.7
0.04077432115259986,3.1844240575415785e-05,1.2984272920826546e-06,3.9662149131843247e-11,2542.56843774832,103.6715020332141,3.345578502597617e-06,267.3851618856554,0.00048481424743091546,0.00029844746614008234,0.6155913686975756,False,True,48.0,1634450.9874506665,1004017.8758383889,26.023821754308223,45289.242175360865,0.35245816696113913,0.004947658906206261,0.7943282347242815,0.7
0.0518251910993949,2.343059250291909e-05,1.2142949340358314e-06,2.6977453639970944e-11,1870.7899418916081,96.95404624535848,0.0,0.0,0.00046446241829689784,0.00021430866003538756,0.4614122727544239,False,True,50.0,1634718.3726125523,1016736.07826655,25.5483639784341,46061.065990723364,0.34624964762295407,0.00482495419319999,0.7943282347242815,0.7
0.03114816788897129,4.6338661072167475e-05,1.4433643948260109e-06,6.480177413399924e-11,3699.8595338011573,115.24384592444949,1.0774404036438967e-05,861.1113938195904,0.00044493458105995245,0.00044339733741090173,0.9965450119759436,False,True,52.0,1635579.4840063718,1029504.2895264418,25.08310448261386,46845.13532834262,0.34005459427560314,0.004706298510479687,0.7943282347242815,0.7
0.03193895090096939,4.466843501003303e-05,1.4266629526085871e-06,6.169281206110722e-11,3566.5021670449783,113.91033760145051,9.892107629446418e-06,790.596543418781,0.0004261962401270143,0.0004266943167428499,1.001168655583839,False,True,54.0,1637231.19194361,1042320.6102245878,24.6277063117186,47641.683739198925,0.3338744323201151,0.004591540370248194,0.7943282347242815,0.7
0.031072820643853607,4.6504344125672884e-05,1.4450211441770807e-06,6.51131884746876e-11,3713.0883153610425,115.37612725800223,1.0862198990452133e-05,868.1281378515499,0.00040821429592686434,0.0004450542448620894,1.0902465918092816,False,True,56.0,1638889.9166248804,1055183.225498097,24.181845204224647,48450.95736517987,0.3277105526256507,0.004480533607499345,0.7943282347242815,0.7
0.02541373409007485,6.357767244276311e-05,1.6157460615262613e-06,1.0011792114976775e-10,5076.289475820227,129.0074709027407,2.010438787214005e-05,1606.7819068153294,0.00039095701182395863,0.00061579692588646,1.5751013724336091,False,True,58.0,1641364.8266695472,1068090.4007461907,23.74520913565958,49273.21515113136,0.3215643155614495,0.004373137310204877,0.7943282347242815,0.7
0.030786392906924868,4.7145139289994696e-05,1.4514287818334776e-06,6.632272997858314e-11,3764.251901944552,115.8877380539042,1.1202197508859965e-05,895.3014828544472,0.00037439397783948505,0.00045146249657003864,1.2058487136339446,False,True,60.0,1643866.9100592171,1081040.477585117,23.317497869514828,50108.729083438,0.3154370548289349,0.004269215730177834,0.7943282347242815,0.7
0.05155844835329295,2.3580979900546733e-05,1.215798734322378e-06,2.719187956055379e-11,1882.7974585958484,97.07411552872527,0.0,0.0,0.0003584960719666246,0.00021581256936223508,0.6019942371427904,False,True,62.0,1644762.2115420715,1094031.8700159544,22.898422517049408,50957.78445562701,0.309330081102894,0.004168638178331575,0.7943282347242815,0.7
0.04580377385018716,2.737105541677433e-05,1.2536976323508716e-06,3.2743717732916637e-11,2185.4118783500594,100.10011144545886,1.2081834245371749e-06,96.56037672008328,0.0003432354197505011,0.00025371429010946346,0.7391844649770969,False,True,64.0,1644858.7719187916,1107063.0607950154,22.487705107118614,51820.68016154426,0.3032446854902883,0.0040712789075463066,0.7943282347242815,0.7
0.035853903130927844,3.790460232644305e-05,1.3590279400286314e-06,4.966739798763327e-11,3026.451370142536,108.51009425555434,6.3798159741836385e-06,509.8873410781694,0.00032858535270153936,0.0003590531972403492,1.092724293059053,False,True,66.0,1645465.2196365898,1120132.597996822,22.085078166910417,52697.729016689205,0.29718214281497773,0.003977016985908203,0.7943282347242815,0.7
0.04261301226175999,3.004891906848898e-05,1.2804749567181544e-06,3.683782569762917e-11,2399.222962502574,102.2381175198183,2.4751092465994606e-06,197.81556046968566,0.00031452036602182043,0.0002804936954630121,0.8918140946190821,False,True,68.0,1646172.9225381375,1133239.0917599443,21.69028431425964,53589.25810837855,0.29114371473602046,0.0038857361626928742,0.7943282347242815,0.7
0.04527971221809033,2.777763245070692e-05,1.2577632034678966e-06,3.3356178978075073e-11,2217.8745753813214,100.42472250908553,1.3978316900807705e-06,111.71743614772363,0.00030101607604641334,0.0002577801725628306,0.8563667959151914,False,True,70.0,1646482.455534755,1146381.2112062962,21.303075862024723,54495.60917551162,0.2851306527064768,0.0037973247291204467,0.7943282347242815,0.7
0.05023089110674779,2.435910632541576e-05,1.2235796172896502e-06,2.8308503700449543e-11,1944.9261089483177,97.69537158925363,0.0,0.0,0.00028804917773468723,0.00022359402013263623,0.776235578560066,False,True,72.0,1646594.1729709026,1159557.6815248698,20.92321443485796,55417.13901876073,0.27914420077928437,0.0037116753756072517,0.7943282347242815,0.7
0.03528864694415881,3.875183610202224e-05,1.3674998626421702e-06,5.1124065248673066e-11,3094.097821062927,109.18652561818068,6.8135679858574825e-06,544.5536481965316,0.000275597402488458,0.0003675258597382071,1.33356068097775,False,True,74.0,1647138.7266190993,1172767.2812112116,20.5504705985658,56354.219942089,0.27318559826619815,0.0036286850469757267,0.7943282347242815,0.7
0.03316941050806739,4.229627527711865e-05,1.4029425176289704e-06,5.7372208532023254e-11,3377.0996767603806,112.01640550512677,8.648332467779446e-06,691.1916056199924,0.00026363947652338117,0.00040297168789792256,1.5284952512116847,False,True,76.0,1648374.4718729157,1186008.8394543475,20.184623502146536,57307.24022661343,0.2672560822550035,0.003548254796853927,0.7943282347242815,0.7
0.06079878697945184,1.9291622799899786e-05,1.1729072650990434e-06,2.1251778075786827e-11,1540.318448725657,93.64949324459093,0.0,0.0,0.00025215507997681076,0.0001729180788564751,0.6857608376257078,False,True,78.0,1649065.6634785358,1199281.2336632144,19.825460532498248,58276.60463792108,0.26135688998961426,0.0034702896422962076,0.7943282347242815,0.7
0.036703151017392084,3.669913362668456e-05,1.3469738437076556e-06,4.761930834049051e-11,2930.2020448857215,107.54764816491175,5.766264554162934e-06,460.85111441661223,0.00024112480689844002,0.00034699806056364606,1.4390807193463053,False,True,80.0,1649526.5145929526,1212583.387125027,19.47277698171191,59262.734968001954,0.2554892611172926,0.003394698419482935,0.7943282347242815,0.7
0.05328267784136935,2.264160732384837e-05,1.2064054688474016e-06,2.585983749803136e-11,1807.7942862280493,96.3241205565574,0.0,0.0,0.0002305301262378736,0.0002064186264890789,0.8954084650788109,False,True,82.0,1649987.3657073693,1225914.266788383,19.126375726802255,60266.0706131237,0.24965443980620777,0.0033213936412067064,0.7943282347242815,0.7
0.03565116865125797,3.8204176320273895e-05,1.3620235331764808e-06,5.0180837668324763e-11,3050.3705268792346,108.74927410259822,6.532955536885493e-06,522.1265537382045,0.00022035334391650726,0.00036204905118405,1.643038606762563,False,True,84.0,1650509.4922611075,1239272.8811642502,18.78606692167456,61287.069189021626,0.24385367673625524,0.0032502913567226434,0.7943282347242815,0.7
0.06149863513551374,1.902945899403932e-05,1.1702857555006445e-06,2.0900534909125342e-11,1519.3862673874905,93.4401816879734,0.0,0.0,0.00021057756604776434,0.00017029639056490476,0.808710983611033,False,True,86.0,1651031.6188148458,1252658.2783383455,18.451667701085455,62326.20718493126,0.23808823096513831,0.0031813110144282403,0.7943282347242815,0.7
0.04685372111992544,2.6591275738083598e-05,1.2459002176552084e-06,3.157822873039777e-11,2123.151225760743,99.47753542722171,8.474471364891817e-07,67.72962870360367,0.00020118666335033807,0.00024591628292323274,1.222328949782344,False,True,88.0,1651099.3484435494,1266069.5440887292,18.123001896320403,63383.98065808679,0.23235937167117074,0.0031143753277420505,0.7943282347242815,0.7
0.06112139770922288,1.9169880728375134e-05,1.1716899040373837e-06,2.1088500611946736e-11,1530.598086644118,93.55229438675072,0.0,0.0,0.00019216523678280484,0.00017170063472886278,0.8935051812879546,False,True,90.0,1651167.078072253,1279505.8001027869,17.799899762286124,64460.9059703871,0.22666837977380552,0.0030494101444678424,0.7943282347242815,0.7
0.06330693611514056,1.8383939376069305e-05,1.1638308756254365e-06,2.004147817519691e-11,1467.8454619878164,92.92479888896167,0.0,0.0,0.00018349858441356112,0.00016384107362753223,0.8928737742100198,False,True,92.0,1651167.078072253,1292966.202288063,17.482197715695126,65557.52056918414,0.22101654943152318,0.002986344319860375,0.7943282347242815,0.7
0.05280509533424308,2.28942200496597e-05,1.2089314723254197e-06,2.621632794896064e-11,1827.963872062585,96.52580653181693,0.0,0.0,0.0001751726695294502,0.00020894481126314908,1.1927934410340255,False,True,94.0,1651167.078072253,1306449.9391717294,17.169738084006752,66674.3838140826,0.215405189417092,0.0029251095935488047,0.7943282347242815,0.7
0.07085089580712217,1.6104817942867067e-05,1.1410407780627462e-06,1.7074417429150846e-11,1285.8715126285276,91.10514856259039,0.0,0.0,0.00016717408997611518,0.00014104946626839244,0.8437280339826868,False,True,96.0,1651167.078072253,1319956.230383739,16.862368864777928,67812.07785194056,0.20983562436860856,0.002865640470422847,0.7943282347242815,0.7
0.06474472591688672,1.7901116537430222e-05,1.159002883822168e-06,1.9404331685505778e-11,1429.2950023641847,92.53931318244511,0.0,0.0,0.00015949004871548472,0.0001590127576432836,0.9970073927743758,False,True,98.0,1651167.078072253,1333484.3252190035,16.559943495071828,68971.20854237028,0.20430919591423521,0.002807874105543713,0.7943282347242815,0.7
0.06417202339954534,1.8090364070189494e-05,1.1608952664184944e-06,1.965351796702153e-11,1444.4052639066422,92.69040839384348,0.0,0.0,0.00015210832557982978,0.00016090526702798377,1.0578333987611819,False,True,100.0,1651167.078072253,1347033.501274195,16.26232063057043,70152.40643608195,0.19882726366834103,0.002751750193105644,0.7943282347242815,0.7
0.054420453366954426,2.206167667130746e-05,1.2006064464877138e-06,2.5046211673420203e-11,1761.490359785173,95.86110398102878,0.0,0.0,0.00014501725019629708,0.0002006191903367489,1.383416042334194,False,True,102.0,1651167.078072253,1360603.0631549994,15.969363934035696,71356.3278086608,0.19339120609553037,0.0026972108594438236,0.7943282347242815,0.7
0.0505604581150639,2.4161182998419347e-05,1.2216004810019753e-06,2.8023343576024075e-11,1929.123138137209,97.53734962458698,0.0,0.0,0.0001382056760516399,0.00022161473884502178,1.603514017486637,False,True,104.0,1651167.078072253,1374192.3412499188,15.680941872768845,72583.65575257836,0.1880024212381136,0.0026442005600591256,0.7943282347242815,0.7
0.045359085292482344,2.771527887126554e-05,1.2571396982266673e-06,3.326203802923974e-11,2212.8960222676797,100.37493941743459,1.3686796254727058e-06,109.38754626216982,0.0001316629556644556,0.0002571566194670285,1.9531432981224783,False,True,106.0,1651276.4656185152,1387800.6905669088,15.396927524718404,73835.10133019854,0.18266232730276472,0.0025926659806098035,0.7943282347242815,0.7
0.06166496004112046,1.8968198074635265e-05,1.1696731763244417e-06,2.0818654597987267e-11,1514.4949565152683,93.3912709759925,0.0,0.0,0.0001253789168290333,0.00016968376973178597,1.3533676476338263,False,True,108.0,1651385.8531647774,1401427.4896293697,15.117198392896556,75111.4047909466,0.17737236310026883,0.0025425559418032866,0.7943282347242815,0.7
0.06928099046426514,1.6531309311440266e-05,1.1453054827677107e-06,1.7621820198821465e-11,1319.924247851972,91.44565922898482,0.0,0.0,0.00011934383989381135,0.00014531444955039307,1.2176116478210322,False,True,110.0,1651385.8531647774,1415072.1394282074,14.841636227768317,76413.3368558164,0.17213398833227822,0.002493821308107774,0.7943282347242815,0.7
0.0908242694899457,1.2125003478881942e-05,1.1012445835325025e-06,1.2139928372045532e-11,968.107594840681,87.92766508907317,0.0,0.0,0.00011354843603604118,0.00010125075987330148,0.8916966486545326,False,True,112.0,1651385.8531647774,1428734.0624268572,14.570126857286288,77741.7000726466,0.16694868371789348,0.0024464149001927385,0.7943282347242815,0.7
0.10679757741590157,1.012417413030885e-05,1.0812372704537274e-06,9.777609862371467e-12,808.3535715360745,86.33020313554444,0.0,0.0,0.00010798382649360808,8.124224380104999e-05,0.7523556669466515,False,True,114.0,1651385.8531647774,1442412.7016163596,14.302560024253536,79097.33024577782,0.1618179509521565,0.0024002914109990687,0.7943282347242815,0.7
0.12929299272130493,8.21503796889013e-06,1.0621468443169553e-06,7.597451942400673e-12,655.9206901209446,84.8059490135606,0.0,0.0,0.00010264152271479642,6.215070712498681e-05,0.605512325627525,False,True,116.0,1651385.8531647774,1456107.5196177317,14.03882923070465,80481.09794384663,0.15674331248795317,0.002355407325333472,0.7943282347242815,0.7
0.11427202466025425,9.398454551415558e-06,1.0739804302676374e-06,8.940364311206065e-12,750.4092882808285,85.75078869571067,0.0,0.0,9.751340738669152e-05,7.398497717165597e-05,0.7587159463956269,False,True,118.0,1651385.8531647774,1469817.9978290396,13.77883158900647,81893.9100897162,0.15172631113186116,0.0023117208428772937,0.7943282347242815,0.7
0.10339749057357743,1.0492737465815071e-05,1.0849227232126365e-06,1.0206805538715709e-11,837.7811065388346,86.62446406607042,0.0,0.0,9.259171630315267e-05,8.492791514969247e-05,0.9172301642150331,False,True,120.0,1651385.8531647774,1483543.6356147393,13.522467679388612,83336.71163678105,0.14676850944360254,0.002269191804496863,0.7943282347242815,0.7
0.10496045928742588,1.0320036787223485e-05,1.083195801050108e-06,1.0005358999052036e-11,823.9920104062146,86.48657986140569,0.0,0.0,8.786902103429134e-05,8.320089039168837e-05,0.9468739882650883,False,True,122.0,1651385.8531647774,1497283.9495349696,13.269641413624164,84810.48733588432,0.14187148892872006,0.002227781621740871,0.7943282347242815,0.7
0.09660334985570457,1.1315901138199318e-05,1.0931539565860342e-06,1.1175099756952542e-11,903.5057064880314,87.28167786048881,0.0,0.0,8.333821235936319e-05,9.31596416349094e-05,1.1178502513732256,False,True,124.0,1651385.8531647774,1511038.4726126434,13.020259904592015,86316.26359761253,0.13703684901222118,0.0021874532094094817,0.7943282347242815,0.7
0.14102814767595645,7.479284737895023e-06,1.0547896725263866e-06,6.776516387906849e-12,597.1752809261743,84.2185237068873,0.0,0.0,7.899248442669066e-05,5.479311707883915e-05,0.6936497500555279,False,True,126.0,1651385.8531647774,1524806.7536362777,12.774233341461136,87855.11045456611,0.13226620578152332,0.002148170921080168,0.7943282347242815,0.7
0.08962501793013228,1.2307619950823426e-05,1.1030706587698032e-06,1.235948562676845e-11,982.6884066101358,88.07346606216653,0.0,0.0,7.482531960452213e-05,0.00010307694690198633,1.3775677464096898,False,True,128.0,1651385.8531647774,1538588.3564966575,12.531474870247846,89428.14362873082,0.12756119048525447,0.00210990048747607,0.7943282347242815,0.7
0.10388591690706507,1.0438150977126328e-05,1.0843768850731458e-06,1.014306935108887e-11,833.4227082614816,86.58088221891342,0.0,0.0,7.083047398840558e-05,8.438204455002669e-05,1.1913240135007341,False,True,130.0,1651385.8531647774,1552382.859555495,12.291900479507488,91036.52670899646,0.122923447774761,0.002072608957564291,0.7943282347242815,0.7
0.09579871243549297,1.1422023307645199e-05,1.0942151262806007e-06,1.1300908473025602e-11,911.9789146318859,87.36640579005304,0.0,0.0,6.700196353144458e-05,9.422087539449472e-05,1.406240510403491,False,True,132.0,1651385.8531647774,1566189.8550443936,12.055428890929926,92681.4734442571,0.11835463367398023,0.0020362646422734075,0.7943282347242815,0.7
0.11119944156962004,9.683805856350061e-06,1.076833803494743e-06,9.268323328592487e-12,773.1928500328673,85.97861314927782,0.0,0.0,6.333405076536308e-05,7.683851744700033e-05,1.2132260058916482,False,True,134.0,1651385.8531647774,1580008.9484924914,11.821981454620245,94364.25015754276,0.11385641326336965,0.002000837060721924,0.7943282347242815,0.7
0.15226260569500089,6.888648705481854e-06,1.0488836016141617e-06,6.125254952099623e-12,550.0165951772047,83.74695995717366,0.0,0.0,5.982123208145536e-05,4.8886714323306444e-05,0.8172134311232512,False,True,136.0,1651385.8531647774,1593839.7581812683,11.591482048853207,96086.17828688421,0.1094304580629351,0.001966296888852029,0.7943282347242815,0.7
0.15732304198437724,6.6520295624003555e-06,1.0465175261268297e-06,5.866286100238023e-12,531.1239994018001,83.55804325679975,0.0,0.0,5.645822554198858e-05,4.6520506872464555e-05,0.8239810306802285,False,True,138.0,1651385.8531647774,1607681.91462509,11.363856984100691,97848.63705867542,0.1050784430993767,0.0019326159103658814,0.7943282347242815,0.7
0.2599836679480388,3.920250379235135e-06,1.0192010728682403e-06,2.9567583611115324e-12,313.00808881619844,81.37699102784077,0.0,0.0,5.323995919393355e-05,1.9202570634360687e-05,0.36067966476857727,False,True,140.0,1651385.8531647774,1621535.0600761184,11.139034911138033,99653.0662994885,0.1008020436420708,0.0018997669698648234,0.7943282347242815,0.7
0.18637600422543962,5.55629872507384e-06,1.0355607546621668e-06,4.681511830214011e-12,443.63657332687126,82.68321186492851,0.0,0.0,5.016155985859126e-05,3.556313161358114e-05,0.7089718045817545,False,True,142.0,1651385.8531647774,1635398.848052341,10.916946733046858,101500.96939219633,0.09660293159313173,0.0018677239280949698,0.7943282347242815,0.7
0.17424982200837058,5.966506108966623e-06,1.0396626274992897e-06,5.122270320255214e-12,476.3891316661741,83.01072139955305,0.0,0.0,4.7218342371886485e-05,3.966522908634332e-05,0.8400385759827045,False,True,144.0,1651385.8531647774,1649272.9428874862,10.697525520936466,103393.91638251755,0.09248277151652433,0.0018364616192060612,0.7943282347242815,0.7
0.13763732260750236,7.677979354052897e-06,1.0567765213275212e-06,6.997158558603168e-12,613.039834473843,84.37716146872619,0.0,0.0,4.440579925195791e-05,5.6780078298865874e-05,1.2786635812294802,False,True,146.0,1651385.8531647774,1663157.019301717,10.480706433216705,105333.54724183914,0.08844321629232606,0.001805955809933636,0.7943282347242815,0.7
0.21764002805137717,4.7196977699492586e-06,1.027195155045779e-06,3.792929746767354e-12,376.83908828550955,82.0152697453137,0.0,0.0,4.17195907721367e-05,2.7197079077571562e-05,0.6519018661068866,False,True,148.0,1651385.8531647774,1677050.7619920112,10.266426638261535,107321.57529216942,0.08448590238282264,0.0017761831606180455,0.7943282347242815,0.7
0.19915365871427243,5.180962176401012e-06,1.0318075730905212e-06,4.2811402318365494e-12,413.66823855283786,82.3835432016861,0.0,0.0,3.91555354189651e-05,3.180974597631238e-05,0.8123946112841361,False,True,150.0,1651385.8531647774,1690953.8652412337,10.054625240309692,109359.79079899767,0.08061244469810652,0.001747121187977057,0.7943282347242815,0.7
nan,0.0,0.0,0.0,0.0,0.0,0.0,0.0,0.0,0.0,0.8268958604446122,False,False,152.0,1651385.8531647774,1704866.0325449277,9.845243208456436,111450.06473732088,0.07682443105089372,0.0017187482295521707,0.7943282347242815,0.7
nan,0.0,0.0,0.0,0.0,0.0,0.0,0.0,0.0,0.0,0.6371488228981271,False,False,154.0,1651385.8531647774,1718786.976254949,9.638223308596928,113594.35273601161,0.07312341619163565,0.0016910434097519567,0.7943282347242815,0.7
nan,0.0,0.0,0.0,0.0,0.0,0.0,0.0,0.0,0.0,0.5467144550801337,False,False,156.0,1651385.8531647774,1732716.4172390634,9.433510038187919,115794.6992049001,0.06951091541800186,0.001663986607418976,0.7943282347242815,0.7
nan,0.0,0.0,0.0,0.0,0.0,0.0,0.0,0.0,0.0,0.5607370559850259,False,False,158.0,1651385.8531647774,1746654.084555727,9.231049563701053,118053.24164851186,0.06598839775532342,0.0016375584248498865,0.7943282347242815,0.7
nan,0.0,0.0,0.0,0.0,0.0,0.0,0.0,0.0,0.0,1.0337598296677404,False,False,160.0,1651385.8531647774,1760599.7151432766,9.030789660646843,120372.21516939621,0.06255727870843764,0.0016117401582014634,0.7943282347242815,0.7
nan,0.0,0.0,0.0,0.0,0.0,0.0,0.0,0.0,0.0,1.2951532239211208,False,False,162.0,1651385.8531647774,1774553.0535228138,8.832679656053601,122753.95716295122,0.05921891258950143,0.001586513769218135,0.7943282347242815,0.7
nan,0.0,0.0,0.0,0.0,0.0,0.0,0.0,0.0,0.0,0.7153442245036261,False,False,164.0,1651385.8531647774,1788513.8515141082,8.636670373292032,125200.91220438338,0.05597458443119894,0.001561861858219544,0.7943282347242815,0.7
nan,0.0,0.0,0.0,0.0,0.0,0.0,0.0,0.0,0.0,0.8202109631023284,False,False,166.0,1651385.8531647774,1802481.8679638728,8.442714079139929,127715.63712678937,0.05282550150054305,0.001537767638289393,0.7943282347242815,0.7
nan,0.0,0.0,0.0,0.0,0.0,0.0,0.0,0.0,0.0,1.0311766280088552,False,False,168.0,1651385.8531647774,1816456.8684858074,8.250764432987731,130300.80628744213,0.04977278443495358,0.0015142149106095047,0.7943282347242815,0.7
nan,0.0,0.0,0.0,0.0,0.0,0.0,0.0,0.0,0.0,1.076478872840709,False,False,170.0,1651385.8531647774,1830438.6252118319,8.06077643808941,132959.2170169684,0.046817458029782426,0.0014911880408855994,0.7943282347242815,0.7
nan,0.0,0.0,0.0,0.0,0.0,0.0,0.0,0.0,0.0,0.6538142801811389,False,False,172.0,1651385.8531647774,1844426.9165539725,7.872706394767995,135693.79524363525,0.04396044171444919,0.0014686719368137541,0.7943282347242815,0.7
nan,0.0,0.0,0.0,0.0,0.0,0.0,0.0,0.0,0.0,0.7028488159758467,False,False,174.0,1651385.8531647774,1858421.5269763789,7.686511855489572,138507.6012812865,0.041202539764115455,0.0014466520265389133,0.7943282347242815,0.7
nan,0.0,0.0,0.0,0.0,0.0,0.0,0.0,0.0,0.0,0.5719633213388023,False,False,176.0,1651385.8531647774,1872422.2467769901,7.502151581722846,141403.83576620196,0.03854443130342386,0.0014251142380590652,0.7943282347242815,0.7
nan,0.0,0.0,0.0,0.0,0.0,0.0,0.0,0.0,0.0,1.0508166811751296,False,False,178.0,1651385.8531647774,1886428.8718783844,7.319585502506175,144385.84572330012,0.03598666017043889,0.0014040449795309055,0.7943282347242815,0.7
nan,0.0,0.0,0.0,0.0,0.0,0.0,0.0,0.0,0.0,2.041696979970637,False,False,180.0,1651385.8531647774,1900441.203627381,7.138774674647141,147457.13073730475,0.033529624720595515,0.0013834311204348941,0.7943282347242815,0.7
nan,0.0,0.0,0.0,0.0,0.0,0.0,0.0,0.0,0.0,1.2463607849298983,False,False,182.0,1651385.8531647774,1914459.0486029726,6.959681244483001,150621.34919849006,0.031173567663396826,0.001363259973559612,0.7943282347242815,0.7
nan,0.0,0.0,0.0,0.0,0.0,0.0,0.0,0.0,0.0,0.5792668278437273,False,False,184.0,1651385.8531647774,1928482.218432204,6.782268411134655,153882.32458593132,0.028918566038022932,0.0013435192777672322,0.7943282347242815,0.7
nan,0.0,0.0,0.0,0.0,0.0,0.0,0.0,0.0,0.0,0.9990437659053245,False,False,186.0,1651385.8531647774,1942510.5296136194,6.606500391188745,157244.05174341824,0.026764521448032097,0.0013241971815037604,0.7943282347242815,0.7
nan,0.0,0.0,0.0,0.0,0.0,0.0,0.0,0.0,0.0,1.500053534107085,False,False,188.0,1651385.8531647774,1956543.803347925,6.4323423847461285,160710.70309474692,0.024711150689357014,0.0013052822270194283,0.7943282347242815,0.7
nan,0.0,0.0,0.0,0.0,0.0,0.0,0.0,0.0,0.0,1.7044175155584738,False,False,190.0,1651385.8531647774,1970581.8653755418,6.25976054277843,164286.63473509642,0.022757976920109176,0.0012867633352662807,0.7943282347242815,0.7
nan,0.0,0.0,0.0,0.0,0.0,0.0,0.0,0.0,0.0,1.2381829148339876,False,False,192.0,1651385.8531647774,1984624.545820716,6.08872193573562,167976.39232430173,0.020904321534323148,0.0012686297914416191,0.7943282347242815,0.7
nan,0.0,0.0,0.0,0.0,0.0,0.0,0.0,0.0,0.0,1.2188995846225033,False,False,194.0,1651385.8531647774,1998671.6790419007,5.91919452335176,171784.7166959607,0.01914929691438043,0.0012508712311474213,0.7943282347242815,0.7
nan,0.0,0.0,0.0,0.0,0.0,0.0,0.0,0.0,0.0,1.0734054457621764,False,False,196.0,1651385.8531647774,2012723.1034881144,5.751147125597636,175716.54908252458,0.01749180024833739,0.0012334776271373487,0.7943282347242815,0.7
nan,0.0,0.0,0.0,0.0,0.0,0.0,0.0,0.0,0.0,1.219720225550567,False,False,198.0,1651385.8531647774,2026778.6615610041,5.58454939473116,179777.03584234804,0.015930508607263586,0.0012164392766242883,0.7943282347242815,0.7
nan,0.0,0.0,0.0,0.0,0.0,0.0,0.0,0.0,0.0,1.359670247536182,False,False,200.0,1651385.8531647774,2040838.199482366,5.419371788399808,183971.53255848662,0.014463875484124382,0.0011997467891226923,0.7943282347242815,0.7
nan,0.0,0.0,0.0,0.0,0.0,0.0,0.0,0.0,0.0,0.8819350410287199,False,False,202.0,1651385.8531647774,2054901.5671668644,5.255585543750231,188305.6073625121,0.013090128998124902,0.0011833910748012323,0.7943282347242815,0.7
nan,0.0,0.0,0.0,0.0,0.0,0.0,0.0,0.0,0.0,0.7879835285431039,False,False,204.0,1651385.8531647774,2068968.6180997265,5.093162652502771,192785.04331841588,0.011807271966576275,0.0011673633333224487,0.7943282347242815,0.7
nan,0.0,0.0,0.0,0.0,0.0,0.0,0.0,0.0,0.0,0.809437390104685,False,False,206.0,1651385.8531647774,2083039.20921919,4.932075836950832,197415.83968337352,0.010613084038779634,0.0011516550431472095,0.7943282347242815,0.7
nan,0.0,0.0,0.0,0.0,0.0,0.0,0.0,0.0,0.0,0.8432719255916545,False,False,208.0,1651385.8531647774,2097113.2008034906,4.772298526846238,202204.2118431002,0.00950512607265076,0.001136257951282863,0.7943282347242815,0.7
nan,0.0,0.0,0.0,0.0,0.0,0.0,0.0,0.0,0.0,0.9630299953326631,False,False,210.0,1651385.8531647774,2111190.4563621935,4.613804837134045,207156.58970067182,0.008480746913774878,0.001121164063454981,0.7943282347242815,0.7
nan,0.0,0.0,0.0,0.0,0.0,0.0,0.0,0.0,0.0,1.309649742907144,False,False,212.0,1651385.8531647774,2125270.842531674,4.456569546501538,212279.61427965562,0.007537092707570954,0.0011063656346835692,0.7943282347242815,0.7
nan,0.0,0.0,0.0,0.0,0.0,0.0,0.0,0.0,0.0,0.7455076941174423,False,False,214.0,1651385.8531647774,2139354.2289745747,4.30056807670816,217580.1322854283,0.006671118837810611,0.0010918551602455081,0.7943282347242815,0.7
nan,0.0,0.0,0.0,0.0,0.0,0.0,0.0,0.0,0.0,1.1272042503849231,False,False,216.0,1651385.8531647774,2153440.4882830586,4.145776472664034,223065.1883542748,0.005879604538416893,0.0010776253670059105,0.7943282347242815,0.7
nan,0.0,0.0,0.0,0.0,0.0,0.0,0.0,0.0,0.0,0.9614103079806652,False,False,218.0,1651385.8531647774,2167529.4958856953,3.9921713832266077,228742.01470877518,0.005159170170466845,0.0010636692051018734,0.7943282347242815,0.7
nan,0.0,0.0,0.0,0.0,0.0,0.0,0.0,0.0,0.0,0.43064905525394837,False,False,220.0,1651385.8531647774,2181621.129957837,3.8397300426866483,234618.01793152312,0.004506297093089586,0.0010499798399628937,0.7943282347242815,0.7
nan,0.0,0.0,0.0,0.0,0.0,0.0,0.0,0.0,0.0,0.6378866991395092,False,False,222.0,1651385.8531647774,2195715.2713353164,3.688430252915005,240700.7625690528,0.0039173499865037785,0.001036550644653001,0.7943282347242815,0.7
nan,0.0,0.0,0.0,0.0,0.0,0.0,0.0,0.0,0.0,0.7634046931842843,False,False,224.0,1651385.8531647774,2209811.8034313396,3.538250366143889,246997.95128507543,0.00338860140948652,0.001023375192520331,0.7943282347242815,0.7
nan,0.0,0.0,0.0,0.0,0.0,0.0,0.0,0.0,0.0,1.0254885037854409,False,False,226.0,1651385.8531647774,2223910.612156436,3.389169268357465,253517.40129893285,0.0029162582943328052,0.001010447250140574,0.7943282347242815,0.7
nan,0.0,0.0,0.0,0.0,0.0,0.0,0.0,0.0,0.0,1.1563615324385856,False,False,228.0,1651385.8531647774,2238011.5858413335,3.241166363266557,260267.0168730263,0.002496490002848202,0.00099776077054135,0.7943282347242815,0.7
nan,0.0,0.0,0.0,0.0,0.0,0.0,0.0,0.0,0.0,1.0234955562587869,False,False,230.0,1651385.8531647774,2252114.6151626403,3.094221556845272,267254.75765329675,0.0021254574906870707,0.0009853098866952046,0.7943282347242815,0.7
nan,0.0,0.0,0.0,0.0,0.0,0.0,0.0,0.0,0.0,0.781061906641037,False,False,232.0,1651385.8531647774,2266219.5930712163,2.9483152424063794,274488.60272203403,0.001799343058413022,0.0009730889052694684,0.7943282347242815,0.7
nan,0.0,0.0,0.0,0.0,0.0,0.0,0.0,0.0,0.0,1.157702135208507,False,False,234.0,1651385.8531647774,2280326.4147231206,2.803428286194872,281976.5102922625,0.0015143801105078868,0.0009610923006218075,0.7943282347242815,0.7
nan,0.0,0.0,0.0,0.0,0.0,0.0,0.0,0.0,0.0,0.849193765573381,False,False,236.0,1651385.8531647774,2294434.977413033,2.659542013478701,289726.3730598459,0.0012668823025541885,0.0009493147090307876,0.7943282347242815,0.7
nan,0.0,0.0,0.0,0.0,0.0,0.0,0.0,0.0,0.0,0.6569721762946191,False,False,238.0,1651385.8531647774,2308545.1805100455,2.5166381951178245,297745.9693320358,0.0010532714362518536,0.0009377509231513036,0.7943282347242815,0.7
nan,0.0,0.0,0.0,0.0,0.0,0.0,0.0,0.0,0.0,0.696318125858381,False,False,240.0,1651385.8531647774,2322656.925395724,2.3746990345926404,306042.9101697874,0.0008701034653172888,0.0009263958866851793,0.7943282347242815,0.7
nan,0.0,0.0,0.0,0.0,0.0,0.0,0.0,0.0,0.0,0.732092020192824,False,False,242.0,1651385.8531647774,2336770.1154043623,2.2337071554739136,314624.58291329513,0.00071409200523322,0.0009152446892576943,0.7943282347242815,0.7
nan,0.0,0.0,0.0,0.0,0.0,0.0,0.0,0.0,0.0,0.8394558844731129,False,False,244.0,1651385.8531647774,2350884.6557653192,2.093645589317356,323498.09160280594,0.0005821287973856621,0.0009042925614912532,0.7943282347242815,0.7
nan,0.0,0.0,0.0,0.0,0.0,0.0,0.0,0.0,0.0,0.8042968743209855,False,False,246.0,1651385.8531647774,2365000.453547371,1.954497763966416,332670.1949566357,0.00047130066270899984,0.0008935348702677722,0.7943282347242815,0.7
nan,0.0,0.0,0.0,0.0,0.0,0.0,0.0,0.0,0.0,0.8104137069985867,False,False,248.0,1651385.8531647774,2379117.417604996,1.816247492247706,342147.2427175557,0.0003789025890458545,0.0008829671141717886,0.7943282347242815,0.7
nan,0.0,0.0,0.0,0.0,0.0,0.0,0.0,0.0,0.0,1.1063954612384912,False,False,250.0,1651385.8531647774,2393235.4585265075,1.6788789610438775,351935.1113243467,0.0003024467254051707,0.0008725849191066476,0.7943282347242815,0.7
nan,0.0,0.0,0.0,0.0,0.0,0.0,0.0,0.0,0.0,1.2597879197765016,False,False,252.0,1651385.8531647774,2407354.4885839727,1.5423767207301124,362039.1399946708,0.0002396671988687099,0.0008623840340764721,0.7943282347242815,0.7
nan,0.0,0.0,0.0,0.0,0.0,0.0,0.0,0.0,0.0,1.2277209057853,False,False,254.0,1651385.8531647774,2421474.4216848365,1.4067256749598147,372464.0684155263,0.00018852081814345263,0.0008523603271269641,0.7943282347242815,0.7
nan,0.0,0.0,0.0,0.0,0.0,0.0,0.0,0.0,0.0,0.9614672763732621,False,False,256.0,1651385.8531647774,2435595.1733251917,1.2719110707870935,383213.9773155319,0.00014718387302330692,0.0008425097814383911,0.7943282347242815,0.7
nan,0.0,0.0,0.0,0.0,0.0,0.0,0.0,0.0,0.0,0.7952962045006036,False,False,258.0,1651385.8531647774,2449716.6605446306,1.1379184891127243,394292.23323441483,0.00011404537239480448,0.000832828491564426,0.7943282347242815,0.7
nan,0.0,0.0,0.0,0.0,0.0,0.0,0.0,0.0,0.0,0.8374774784240717,False,False,260.0,1651385.8531647774,2463838.8018826083,1.0047338354419413,405701.4388010175,8.769717669229473e-05,0.000823312659810787,0.7943282347242815,0.7
nan,0.0,0.0,0.0,0.0,0.0,0.0,0.0,0.0,0.0,0.8740522210412441,False,False,262.0,1651385.8531647774,2477961.517336276,0.8723433309426523,417443.3897781929,6.69215670922831e-05,0.0008139585927479007,0.7943282347242815,0.7
nan,0.0,0.0,0.0,0.0,0.0,0.0,0.0,0.0,0.0,1.1697197944324484,False,False,264.0,1651385.8531647774,2492084.7283197073,0.7407335037921942,429519.0400280684,5.0676848575054185e-05,0.0008047626978520719,0.7943282347242815,0.7
nan,0.0,0.0,0.0,0.0,0.0,0.0,0.0,0.0,0.0,0.9522332887573259,False,False,266.0,1651385.8531647774,2506208.357624482,0.6098911808030434,441928.4753969317,3.8081605176487885e-05,0.0007957214802698959,0.7943282347242815,0.7
nan,0.0,0.0,0.0,0.0,0.0,0.0,0.0,0.0,0.0,0.6821379237058144,False,False,268.0,1651385.8531647774,2520332.3293815693,0.47980347931628603,454670.89731661696,2.8398213951832692e-05,0.0007868315397008659,0.7943282347242815,0.7
nan,0.0,0.0,0.0,0.0,0.0,0.0,0.0,0.0,0.0,0.668488717644924,False,False,270.0,1651385.8531647774,2534456.5690244534,0.3504577993537379,467744.6166794964,2.101618260118452e-05,0.0007780895673933909,0.7943282347242815,0.7
nan,0.0,0.0,0.0,0.0,0.0,0.0,0.0,0.0,0.0,1.3709955441915358,False,False,272.0,1651385.8531647774,2548581.0032534725,0.22184181601902128,481147.0582743518,1.543580975377368e-05,0.0007694923432496009,0.7943282347242815,0.7
nan,0.0,0.0,0.0,0.0,0.0,0.0,0.0,0.0,0.0,0.8415223051380446,False,False,274.0,1651385.8531647774,2562705.5600013086,0.09394347213877705,494874.77578464535,1.1252583444060024e-05,0.000761036733034571,0.7943282347242815,0.7
nan,0.0,0.0,0.0,0.0,0.0,0.0,0.0,0.0,0.0,0.6411629091483485,False,False,276.0,1651385.8531647774,2576830.1683995924,-0.033249028865070494,505212.8264405012,8.868940383288782e-06,0.0007527196856857557,0.7943282347242815,0.7
nan,0.0,0.0,0.0,0.0,0.0,0.0,0.0,0.0,0.0,0.7608476409754665,False,False,278.0,1651385.8531647774,2590954.7587465867,-0.15974722987959503,505212.8264405012,8.868940383288782e-06,0.0007445382307186203,0.7943282347242815,0.7
nan,0.0,0.0,0.0,0.0,0.0,0.0,0.0,0.0,0.0,1.4365943774297285,False,False,280.0,1651385.8531647774,2605079.2624759,-0.28556242679041977,505212.8264405012,8.868940383288782e-06,0.0007364894757246353,0.7943282347242815,0.7
nan,0.0,0.0,0.0,0.0,0.0,0.0,0.0,0.0,0.0,1.1408019935586295,False,False,282.0,1651385.8531647774,2619203.612126193,-0.4107056749635521,505212.8264405012,8.868940383288782e-06,0.0007285706039579672,0.7943282347242815,0.7
nan,0.0,0.0,0.0,0.0,0.0,0.0,0.0,0.0,0.0,1.1070000994106068,False,False,284.0,1651385.8531647774,2633327.7413118547,-0.5351877955272039,505212.8264405012,8.868940383288782e-06,0.0007207788720073451,0.7943282347242815,0.7
nan,0.0,0.0,0.0,0.0,0.0,0.0,0.0,0.0,0.0,0.6499562229333413,False,False,286.0,1651385.8531647774,2647451.5846945914,-0.6590193814607114,505212.8264405012,8.868940383288782e-06,0.0007131116075497601,0.7943282347242815,0.7
nan,0.0,0.0,0.0,0.0,0.0,0.0,0.0,0.0,0.0,0.5460405296097064,False,False,288.0,1651385.8531647774,2661575.0779559147,-0.7822108034969762,505212.8264405012,8.868940383288782e-06,0.0007055662071827728,0.7943282347242815,0.7
nan,0.0,0.0,0.0,0.0,0.0,0.0,0.0,0.0,0.0,0.7774805396470906,False,False,290.0,1651385.8531647774,2675698.1577704875,-0.9047722158452602,505212.8264405012,8.868940383288782e-06,0.0006981401343323611,0.7943282347242815,0.7
nan,0.0,0.0,0.0,0.0,0.0,0.0,0.0,0.0,0.0,0.7798172230489014,False,False,292.0,1651385.8531647774,2689820.761780293,-1.026713561740552,505212.8264405012,8.868940383288782e-06,0.0006908309172333668,0.7943282347242815,0.7
nan,0.0,0.0,0.0,0.0,0.0,0.0,0.0,0.0,0.0,0.9888280094833661,False,False,294.0,1651385.8531647774,2703942.828569613,-1.1480445788252565,505212.8264405012,8.868940383288782e-06,0.0006836361469797171,0.7943282347242815,0.7
nan,0.0,0.0,0.0,0.0,0.0,0.0,0.0,0.0,0.0,0.7116796903465522,False,False,296.0,1651385.8531647774,2718064.2976407646,-1.268774804369479,505212.8264405012,8.868940383288782e-06,0.0006765534756417366,0.7943282347242815,0.7
nan,0.0,0.0,0.0,0.0,0.0,0.0,0.0,0.0,0.0,1.1504917112381583,False,False,298.0,1651385.8531647774,2732185.1093905903,-1.3889135803348585,505212.8264405012,8.868940383288782e-06,0.0006695806144479559,0.7943282347242815,0.7
nan,0.0,0.0,0.0,0.0,0.0,0.0,0.0,0.0,0.0,1.4945289189696622,False,False,300.0,1651385.8531647774,2746305.2050876543,-1.5084700582878743,505212.8264405012,8.868940383288782e-06,0.0006627153320289549,0.7943282347242815,0.7
nan,0.0,0.0,0.0,0.0,0.0,0.0,0.0,0.0,0.0,0.731867883031619,False,False,302.0,1651385.8531647774,2760424.526850144,-1.6274532041672305,505212.8264405012,8.868940383288782e-06,0.0006559554527208602,0.7943282347242815,0.7
nan,0.0,0.0,0.0,0.0,0.0,0.0,0.0,0.0,0.0,0.9278391744008695,False,False,304.0,1651385.8531647774,2774543.0176244276,-1.7458718029107851,505212.8264405012,8.868940383288782e-06,0.0006492988549262389,0.7943282347242815,0.7
nan,0.0,0.0,0.0,0.0,0.0,0.0,0.0,0.0,0.0,0.8746852000173667,False,False,306.0,1651385.8531647774,2788660.6211642646,-1.8637344629463795,505212.8264405012,8.868940383288782e-06,0.0006427434695302081,0.7943282347242815,0.7
nan,0.0,0.0,0.0,0.0,0.0,0.0,0.0,0.0,0.0,1.383658649157607,False,False,308.0,1651385.8531647774,2802777.28201063,-1.9810496205512917,505212.8264405012,8.868940383288782e-06,0.0006362872783696795,0.7943282347242815,0.7
nan,0.0,0.0,0.0,0.0,0.0,0.0,0.0,0.0,0.0,1.1665076031453983,False,False,310.0,1651385.8531647774,2816892.9454721464,-2.09782554408466,505212.8264405012,8.868940383288782e-06,0.0006299283127537403,0.7943282347242815,0.7
nan,0.0,0.0,0.0,0.0,0.0,0.0,0.0,0.0,0.0,1.3419642402912006,False,False,312.0,1651385.8531647774,2831007.5576060987,-2.2140703380974407,505212.8264405012,8.868940383288782e-06,0.0006236646520332535,0.7943282347242815,0.7
nan,0.0,0.0,0.0,0.0,0.0,0.0,0.0,0.0,0.0,1.0602280792058099,False,False,314.0,1651385.8531647774,2845121.065199996,-2.329791947323181,505212.8264405012,8.868940383288782e-06,0.0006174944222178524,0.7943282347242815,0.7
nan,0.0,0.0,0.0,0.0,0.0,0.0,0.0,0.0,0.0,1.0840635378981283,False,False,316.0,1651385.8531647774,2859233.4157536924,-2.444998160554645,505212.8264405012,8.868940383288782e-06,0.0006114157946385546,0.7943282347242815,0.7
nan,0.0,0.0,0.0,0.0,0.0,0.0,0.0,0.0,0.0,1.8152555099616379,False,False,318.0,1651385.8531647774,2873344.5574620175,-2.55969661440904,505212.8264405012,8.868940383288782e-06,0.00060542698465432,0.7943282347242815,0.7
nan,0.0,0.0,0.0,0.0,0.0,0.0,0.0,0.0,0.0,2.1600251305670226,False,False,320.0,1651385.8531647774,2887454.439197921,-2.673894796986154,505212.8264405012,8.868940383288782e-06,0.0005995262504009259,0.7943282347242815,0.7
nan,0.0,0.0,0.0,0.0,0.0,0.0,0.0,0.0,0.0,0.8038240212716362,False,False,322.0,1651385.8531647774,2901563.0104960985,-2.7876000514225443,505212.8264405012,8.868940383288782e-06,0.0005937118915806112,0.7943282347242815,0.7
nan,0.0,0.0,0.0,0.0,0.0,0.0,0.0,0.0,0.0,0.9975744040380468,False,False,324.0,1651385.8531647774,2915670.2215370974,-2.9008195793454954,505212.8264405012,8.868940383288782e-06,0.0005879822482909933,0.7943282347242815,0.7
nan,0.0,0.0,0.0,0.0,0.0,0.0,0.0,0.0,0.0,1.038701824485305,False,False,326.0,1651385.8531647774,2929776.0231318735,-3.013560444229552,505212.8264405012,8.868940383288782e-06,0.0005823356998918329,0.7943282347242815,0.7
nan,0.0,0.0,0.0,0.0,0.0,0.0,0.0,0.0,0.0,0.7305031993976536,False,False,328.0,1651385.8531647774,2943880.3667067946,-3.1258295746592575,505212.8264405012,8.868940383288782e-06,0.0005767706639082698,0.7943282347242815,0.7
nan,0.0,0.0,0.0,0.0,0.0,0.0,0.0,0.0,0.0,0.6989247524539817,False,False,330.0,1651385.8531647774,2957983.2042890643,-3.23763376750066,505212.8264405012,8.868940383288782e-06,0.0005712855949692153,0.7943282347242815,0.7
nan,0.0,0.0,0.0,0.0,0.0,0.0,0.0,0.0,0.0,0.8970590298335022,False,False,332.0,1651385.8531647774,2972084.488492566,-3.3489796909848843,505212.8264405012,8.868940383288782e-06,0.0005658789837796309,0.7943282347242815,0.7
nan,0.0,0.0,0.0,0.0,0.0,0.0,0.0,0.0,0.0,1.2193025349639663,False,False,334.0,1651385.8531647774,2986184.172504103,-3.4598738877063435,505212.8264405012,8.868940383288782e-06,0.0005605493561254834,0.7943282347242815,0.7
nan,0.0,0.0,0.0,0.0,0.0,0.0,0.0,0.0,0.0,1.2097648949845043,False,False,336.0,1651385.8531647774,3000282.210070023,-3.5703227775383204,505212.8264405012,8.868940383288782e-06,0.0005552952719102065,0.7943282347242815,0.7
nan,0.0,0.0,0.0,0.0,0.0,0.0,0.0,0.0,0.0,0.9275555158740072,False,False,338.0,1651385.8531647774,3014378.555483223,-3.6803326604687525,505212.8264405012,8.868940383288782e-06,0.0005501153242215478,0.7943282347242815,0.7
nan,0.0,0.0,0.0,0.0,0.0,0.0,0.0,0.0,0.0,0.7031846007723006,False,False,340.0,1651385.8531647774,3028473.1635705084,-3.7899097193582905,505212.8264405012,8.868940383288782e-06,0.000545008138427726,0.7943282347242815,0.7
nan,0.0,0.0,0.0,0.0,0.0,0.0,0.0,0.0,0.0,0.4761902895015694,False,False,342.0,1651385.8531647774,3042565.989680313,-3.8990600226236007,505212.8264405012,8.868940383288782e-06,0.0005399723713018607,0.7943282347242815,0.7
nan,0.0,0.0,0.0,0.0,0.0,0.0,0.0,0.0,0.0,1.1367979592393647,False,False,344.0,1651385.8531647774,3056656.989670746,-4.007789526847852,505212.8264405012,8.868940383288782e-06,0.0005350067101736851,0.7943282347242815,0.7
nan,0.0,0.0,0.0,0.0,0.0,0.0,0.0,0.0,0.0,0.8723290748603604,False,False,346.0,1651385.8531647774,3070746.119897978,-4.11610407932077,505212.8264405012,8.868940383288782e-06,0.0005301098721075809,0.7943282347242815,0.7
nan,0.0,0.0,0.0,0.0,0.0,0.0,0.0,0.0,0.0,0.7272811044956701,False,False,348.0,1651385.8531647774,3084833.3372049388,-4.224009420510586,505212.8264405012,8.868940383288782e-06,0.0005252806031060189,0.7943282347242815,0.7
nan,0.0,0.0,0.0,0.0,0.0,0.0,0.0,0.0,0.0,0.9498904692039201,False,False,350.0,1651385.8531647774,3098918.5989103224,-4.331511186469665,505212.8264405012,8.868940383288782e-06,0.000520517677337526,0.7943282347242815,0.7
nan,0.0,0.0,0.0,0.0,0.0,0.0,0.0,0.0,0.0,0.931164652839489,False,False,352.0,1651385.8531647774,3113001.862797904,-4.438614911176232,505212.8264405012,8.868940383288782e-06,0.0005158198963883165,0.7943282347242815,0.7
nan,0.0,0.0,0.0,0.0,0.0,0.0,0.0,0.0,0.0,0.9423964032345311,False,False,354.0,1651385.8531647774,3127083.0871061212,-4.545326028813873,505212.8264405012,8.868940383288782e-06,0.0005111860885367918,0.7943282347242815,0.7
nan,0.0,0.0,0.0,0.0,0.0,0.0,0.0,0.0,0.0,1.1423115597993658,False,False,356.0,1651385.8531647774,3141162.230517961,-4.651649875990746,505212.8264405012,8.868940383288782e-06,0.0005066151080501013,0.7943282347242815,0.7
nan,0.0,0.0,0.0,0.0,0.0,0.0,0.0,0.0,0.0,0.8912467970573459,False,False,358.0,1651385.8531647774,3155239.2521511004,-4.757591693900565,505212.8264405012,8.868940383288782e-06,0.0005021058345020236,0.7943282347242815,0.7
nan,0.0,0.0,0.0,0.0,0.0,0.0,0.0,0.0,0.0,0.6936024440278505,False,False,360.0,1651385.8531647774,3169314.111548321,-4.8631566304267135,505212.8264405012,8.868940383288782e-06,0.0004976571721114334,0.7943282347242815,0.7
nan,0.0,0.0,0.0,0.0,0.0,0.0,0.0,0.0,0.0,0.816441889531209,False,False,362.0,1651385.8531647774,3183386.768668168,-4.968349742191623,505212.8264405012,8.868940383288782e-06,0.0004932680491006605,0.7943282347242815,0.7
nan,0.0,0.0,0.0,0.0,0.0,0.0,0.0,0.0,0.0,0.9187371605027025,False,False,364.0,1651385.8531647774,3197457.1838758704,-5.073175996552833,505212.8264405012,8.868940383288782e-06,0.0004889374170730607,0.7943282347242815,0.7
nan,0.0,0.0,0.0,0.0,0.0,0.0,0.0,0.0,0.0,0.6954077886176329,False,False,366.0,1651385.8531647774,3211525.317934484,-5.177640273547174,505212.8264405012,8.868940383288782e-06,0.00048466425040915526,0.7943282347242815,0.7
nan,0.0,0.0,0.0,0.0,0.0,0.0,0.0,0.0,0.0,0.624771101333941,False,False,368.0,1651385.8531647774,3225591.131996285,-5.2817473677851305,505212.8264405012,8.868940383288782e-06,0.00048044754568071524,0.7943282347242815,0.7
nan,0.0,0.0,0.0,0.0,0.0,0.0,0.0,0.0,0.0,0.6103853003654187,False,False,370.0,1651385.8531647774,3239654.587594372,-5.38550199029629,505212.8264405012,8.868940383288782e-06,0.000476286321082187,0.7943282347242815,0.7
nan,0.0,0.0,0.0,0.0,0.0,0.0,0.0,0.0,0.0,1.0176830973564182,False,False,372.0,1651385.8531647774,3253715.646634496,-5.488908770327652,505212.8264405012,8.868940383288782e-06,0.00047217961587888476,0.7943282347242815,0.7
nan,0.0,0.0,0.0,0.0,0.0,0.0,0.0,0.0,0.0,1.4393640080739283,False,False,374.0,1651385.8531647774,3267774.2713871025,-5.591972257096124,505212.8264405012,8.868940383288782e-06,0.00046812648987138746,0.7943282347242815,0.7
nan,0.0,0.0,0.0,0.0,0.0,0.0,0.0,0.0,0.0,1.5853250162104555,False,False,376.0,1651385.8531647774,3281830.4244795768,-5.694696921496511,505212.8264405012,8.868940383288782e-06,0.00046412602287560997,0.7943282347242815,0.7
nan,0.0,0.0,0.0,0.0,0.0,0.0,0.0,0.0,0.0,0.8925638596432186,False,False,378.0,1651385.8531647774,3295884.0688886875,-5.7970871577663425,505212.8264405012,8.868940383288782e-06,0.0004601773142180282,0.7943282347242815,0.7
nan,0.0,0.0,0.0,0.0,0.0,0.0,0.0,0.0,0.0,0.7681471261668392,False,False,380.0,1651385.8531647774,3309935.167933225,-5.899147285108746,505212.8264405012,8.868940383288782e-06,0.00045627948224556057,0.7943282347242815,0.7
nan,0.0,0.0,0.0,0.0,0.0,0.0,0.0,0.0,0.0,0.6176846674738439,False,False,382.0,1651385.8531647774,3323983.6852668324,-6.000881549274635,505212.8264405012,8.868940383288782e-06,0.0004524316638496242,0.7943282347242815,0.7
nan,0.0,0.0,0.0,0.0,0.0,0.0,0.0,0.0,0.0,1.358897250606202,False,False,384.0,1651385.8531647774,3338029.5848710095,-6.102294124105278,505212.8264405012,8.868940383288782e-06,0.00044863301400391086,0.7943282347242815,0.7
nan,0.0,0.0,0.0,0.0,0.0,0.0,0.0,0.0,0.0,0.9505565777874838,False,False,386.0,1651385.8531647774,3352072.8310483024,-6.203389113036657,505212.8264405012,8.868940383288782e-06,0.0004448827053154273,0.7943282347242815,0.7
nan,0.0,0.0,0.0,0.0,0.0,0.0,0.0,0.0,0.0,0.9440519872151472,False,False,388.0,1651385.8531647774,3366113.3884156607,-6.304170550566291,505212.8264405012,8.868940383288782e-06,0.00044117992758837616,0.7943282347242815,0.7
nan,0.0,0.0,0.0,0.0,0.0,0.0,0.0,0.0,0.0,0.8332738888968945,False,False,390.0,1651385.8531647774,3380151.2218979625,-6.404642403684037,505212.8264405012,8.868940383288782e-06,0.0004375238874004643,0.7943282347242815,0.7
nan,0.0,0.0,0.0,0.0,0.0,0.0,0.0,0.0,0.0,0.9523509225020729,False,False,392.0,1651385.8531647774,3394186.2967217015,-6.504808573267559,505212.8264405012,8.868940383288782e-06,0.00043391380769123374,0.7943282347242815,0.7
nan,0.0,0.0,0.0,0.0,0.0,0.0,0.0,0.0,0.0,0.712531765140344,False,False,394.0,1651385.8531647774,3408218.578408831,-6.604672895443612,505212.8264405012,8.868940383288782e-06,0.0004303489273620375,0.7943282347242815,0.7
nan,0.0,0.0,0.0,0.0,0.0,0.0,0.0,0.0,0.0,0.7216665251214245,False,False,396.0,1651385.8531647774,3422248.032770761,-6.704239142916152,505212.8264405012,8.868940383288782e-06,0.00042682850088728144,0.7943282347242815,0.7
nan,0.0,0.0,0.0,0.0,0.0,0.0,0.0,0.0,0.0,0.668386072673567,False,False,398.0,1651385.8531647774,3436274.6259025075,-6.803511026262097,505212.8264405012,8.868940383288782e-06,0.00042335179793657915,0.7943282347242815,0.7
nan,0.0,0.0,0.0,0.0,0.0,0.0,0.0,0.0,0.0,0.4332468033621459,False,False,400.0,1651385.8531647774,3450298.3241769774,-6.9024921951957126,505212.8264405012,8.868940383288782e-06,0.00041991810300747383,0.7943282347242815,0.7
nan,0.0,0.0,0.0,0.0,0.0,0.0,0.0,0.0,0.0,0.7670747887923002,False,False,402.0,1651385.8531647774,3464319.094239401,-7.001186239802436,505212.8264405012,8.868940383288782e-06,0.00041652671506839004,0.7943282347242815,0.7
nan,0.0,0.0,0.0,0.0,0.0,0.0,0.0,0.0,0.0,1.08315857564239,False,False,404.0,1651385.8531647774,3478336.9030019,-7.099596691743048,505212.8264405012,8.868940383288782e-06,0.0004131769472114977,0.7943282347242815,0.7
nan,0.0,0.0,0.0,0.0,0.0,0.0,0.0,0.0,0.0,1.3119675162240958,False,False,406.0,1651385.8531647774,3492351.7176381866,-7.19772702542908,505212.8264405012,8.868940383288782e-06,0.0004098681263151751,0.7943282347242815,0.7
nan,0.0,0.0,0.0,0.0,0.0,0.0,0.0,0.0,0.0,1.6592457664851306,False,False,408.0,1651385.8531647774,3506363.505578387,-7.295580659170061,505212.8264405012,8.868940383288782e-06,0.0004065995927157747,0.7943282347242815,0.7
nan,0.0,0.0,0.0,0.0,0.0,0.0,0.0,0.0,0.0,1.5261911816733873,False,False,410.0,1651385.8531647774,3520372.2345039966,-7.393160956293458,505212.8264405012,8.868940383288782e-06,0.00040337069988839687,0.7943282347242815,0.7
nan,0.0,0.0,0.0,0.0,0.0,0.0,0.0,0.0,0.0,1.1128535657533878,False,False,412.0,1651385.8531647774,3534377.8723429563,-7.4904712262382995,505212.8264405012,8.868940383288782e-06,0.0004001808141363968,0.7943282347242815,0.7
nan,0.0,0.0,0.0,0.0,0.0,0.0,0.0,0.0,0.0,1.1762836846159648,False,False,414.0,1651385.8531647774,3548380.3872648426,-7.587514725622722,505212.8264405012,8.868940383288782e-06,0.0003970293142893536,0.7943282347242815,0.7
nan,0.0,0.0,0.0,0.0,0.0,0.0,0.0,0.0,0.0,0.8896912575124667,False,False,416.0,1651385.8531647774,3562379.747676176,-7.684294659286578,505212.8264405012,8.868940383288782e-06,0.0003939155914092414,0.7943282347242815,0.7
nan,0.0,0.0,0.0,0.0,0.0,0.0,0.0,0.0,0.0,1.1614602635703164,False,False,418.0,1651385.8531647774,3576375.922215838,-7.78081418130961,505212.8264405012,8.868940383288782e-06,0.0003908390485045495,0.7943282347242815,0.7
nan,0.0,0.0,0.0,0.0,0.0,0.0,0.0,0.0,0.0,0.9478791338289794,False,False,420.0,1651385.8531647774,3590368.8797506015,-7.877076396005795,505212.8264405012,8.868940383288782e-06,0.0003877991002521099,0.7943282347242815,0.7
nan,0.0,0.0,0.0,0.0,0.0,0.0,0.0,0.0,0.0,0.49820584643145477,False,False,422.0,1651385.8531647774,3604358.589370764,-7.973084358894608,505212.8264405012,8.868940383288782e-06,0.00038479517272639797,0.7943282347242815,0.7
nan,0.0,0.0,0.0,0.0,0.0,0.0,0.0,0.0,0.0,0.7456020734639863,False,False,424.0,1651385.8531647774,3618345.0203858847,-8.068841077649823,505212.8264405012,8.868940383288782e-06,0.000381826703136077,0.7943282347242815,0.7
nan,0.0,0.0,0.0,0.0,0.0,0.0,0.0,0.0,0.0,0.8874826921145513,False,False,426.0,1651385.8531647774,3632328.1423206185,-8.164349513026323,505212.8264405012,8.868940383288782e-06,0.00037889313956757174,0.7943282347242815,0.7
nan,0.0,0.0,0.0,0.0,0.0,0.0,0.0,0.0,0.0,0.6702086035444684,False,False,428.0,1651385.8531647774,3646307.9249106525,-8.259612579765626,505212.8264405012,8.868940383288782e-06,0.00037599394073545473,0.7943282347242815,0.7
nan,0.0,0.0,0.0,0.0,0.0,0.0,0.0,0.0,0.0,0.9575451630343383,False,False,430.0,1651385.8531647774,3660284.338098735,-8.354633147480738,505212.8264405012,8.868940383288782e-06,0.0003731285757394428,0.7943282347242815,0.7
nan,0.0,0.0,0.0,0.0,0.0,0.0,0.0,0.0,0.0,1.332052698568513,False,False,432.0,1651385.8531647774,3674257.3520307965,-8.44941404152073,505212.8264405012,8.868940383288782e-06,0.00037029652382780686,0.7943282347242815,0.7
nan,0.0,0.0,0.0,0.0,0.0,0.0,0.0,0.0,0.0,0.7823330865229805,False,False,434.0,1651385.8531647774,3688226.9370521554,-8.543958043815552,505212.8264405012,8.868940383288782e-06,0.0003674972741670028,0.7943282347242815,0.7
nan,0.0,0.0,0.0,0.0,0.0,0.0,0.0,0.0,0.0,1.0965113466843197,False,False,436.0,1651385.8531647774,3702193.0637038257,-8.638267893701896,505212.8264405012,8.868940383288782e-06,0.00036473032561733606,0.7943282347242815,0.7
nan,0.0,0.0,0.0,0.0,0.0,0.0,0.0,0.0,0.0,1.2807118886744944,False,False,438.0,1651385.8531647774,3716155.7027188926,-8.732346288730339,505212.8264405012,8.868940383288782e-06,0.00036199518651448744,0.7943282347242815,0.7
nan,0.0,0.0,0.0,0.0,0.0,0.0,0.0,0.0,0.0,0.8166478082569922,False,False,440.0,1651385.8531647774,3730114.8250189796,-8.826195885454176,505212.8264405012,8.868940383288782e-06,0.00035929137445672016,0.7943282347242815,0.7
nan,0.0,0.0,0.0,0.0,0.0,0.0,0.0,0.0,0.0,0.7972677151307264,False,False,442.0,1651385.8531647774,3744070.401710798,-8.919819300200658,505212.8264405012,8.868940383288782e-06,0.0003566184160976054,0.7943282347242815,0.7
nan,0.0,0.0,0.0,0.0,0.0,0.0,0.0,0.0,0.0,0.6591821927869695,False,False,444.0,1651385.8531647774,3758022.40408277,-9.0132191098252,505212.8264405012,8.868940383288782e-06,0.0003539758469441034,0.7943282347242815,0.7
nan,0.0,0.0,0.0,0.0,0.0,0.0,0.0,0.0,0.0,0.709495813297875,False,False,446.0,1651385.8531647774,3771970.80360173,-9.106397852448346,505212.8264405012,8.868940383288782e-06,0.00035136321115984345,0.7943282347242815,0.7
nan,0.0,0.0,0.0,0.0,0.0,0.0,0.0,0.0,0.0,0.8448033143208348,False,False,448.0,1651385.8531647774,3785915.5719097024,-9.19935802817684,505212.8264405012,8.868940383288782e-06,0.0003487800613734514,0.7943282347242815,0.7
nan,0.0,0.0,0.0,0.0,0.0,0.0,0.0,0.0,0.0,1.2647087781407722,False,False,450.0,1651385.8531647774,3799856.6808207487,-9.292102099808423,505212.8264405012,8.868940383288782e-06,0.00034622595849177794,0.7943282347242815,0.7
nan,0.0,0.0,0.0,0.0,0.0,0.0,0.0,0.0,0.0,0.8866672981096634,False,False,452.0,1651385.8531647774,3813794.102317886,-9.384632493521265,505212.8264405012,8.868940383288782e-06,0.00034370047151788827,0.7943282347242815,0.7
nan,0.0,0.0,0.0,0.0,0.0,0.0,0.0,0.0,0.0,0.6026668493046954,False,False,454.0,1651385.8531647774,3827727.808550077,-9.476951599548242,505212.8264405012,8.868940383288782e-06,0.00034120317737367027,0.7943282347242815,0.7
nan,0.0,0.0,0.0,0.0,0.0,0.0,0.0,0.0,0.0,0.335571792750322,False,False,456.0,1651385.8531647774,3841657.771829284,-9.5690617728364,505212.8264405012,8.868940383288782e-06,0.0003387336607269366,0.7943282347242815,0.7
nan,0.0,0.0,0.0,0.0,0.0,0.0,0.0,0.0,0.0,0.539618484340109,False,False,458.0,1651385.8531647774,3855583.96462759,-9.66096533369209,505212.8264405012,8.868940383288782e-06,0.0003362915138228836,0.7943282347242815,0.7
nan,0.0,0.0,0.0,0.0,0.0,0.0,0.0,0.0,0.0,0.5369820147068365,False,False,460.0,1651385.8531647774,3869506.359574381,-9.752664568412035,505212.8264405012,8.868940383288782e-06,0.00033387633631979036,0.7943282347242815,0.7
nan,0.0,0.0,0.0,0.0,0.0,0.0,0.0,0.0,0.0,0.8143048087562882,False,False,462.0,1651385.8531647774,3883424.9294535955,-9.844161729900874,505212.8264405012,8.868940383288782e-06,0.00033148773512883004,0.7943282347242815,0.7
nan,0.0,0.0,0.0,0.0,0.0,0.0,0.0,0.0,0.0,0.960771131828212,False,False,464.0,1651385.8531647774,3897339.647201028,-9.935459038275104,505212.8264405012,8.868940383288782e-06,0.0003291253242578839,0.7943282347242815,0.7
nan,0.0,0.0,0.0,0.0,0.0,0.0,0.0,0.0,0.0,0.6151650305503499,False,False,466.0,1651385.8531647774,3911250.4859016966,-10.02655868145431,505212.8264405012,8.868940383288782e-06,0.0003267887246592397,0.7943282347242815,0.7
nan,0.0,0.0,0.0,0.0,0.0,0.0,0.0,0.0,0.0,0.8993161272661103,False,False,468.0,1651385.8531647774,3925157.4187872657,-10.117462815739644,505212.8264405012,8.868940383288782e-06,0.00032447756408106776,0.7943282347242815,0.7
nan,0.0,0.0,0.0,0.0,0.0,0.0,0.0,0.0,0.0,0.881164761868603,False,False,470.0,1651385.8531647774,3939060.4192335242,-10.208173566379793,505212.8264405012,8.868940383288782e-06,0.000322191476922567,0.7943282347242815,0.7
nan,0.0,0.0,0.0,0.0,0.0,0.0,0.0,0.0,0.0,0.8644892911335205,False,False,472.0,1651385.8531647774,3952959.46075792,-10.298693028125138,505212.8264405012,8.868940383288782e-06,0.0003199301040926808,0.7943282347242815,0.7
nan,0.0,0.0,0.0,0.0,0.0,0.0,0.0,0.0,0.0,0.7967313853177211,False,False,474.0,1651385.8531647774,3966854.51701715,-10.389023265769982,505212.8264405012,8.868940383288782e-06,0.0003176930928722799,0.7943282347242815,0.7
nan,0.0,0.0,0.0,0.0,0.0,0.0,0.0,0.0,0.0,1.1686811443736105,False,False,476.0,1651385.8531647774,3980745.561804791,-10.479166314683384,505212.8264405012,8.868940383288782e-06,0.0003154800967797188,0.7943282347242815,0.7
nan,0.0,0.0,0.0,0.0,0.0,0.0,0.0,0.0,0.0,1.2150216675205545,False,False,478.0,1651385.8531647774,3994632.5690490007,-10.56912418132881,505212.8264405012,8.868940383288782e-06,0.00031329077543967057,0.7943282347242815,0.7
nan,0.0,0.0,0.0,0.0,0.0,0.0,0.0,0.0,0.0,1.1001313489344107,False,False,480.0,1651385.8531647774,4008515.5128102456,-10.658898843772816,505212.8264405012,8.868940383288782e-06,0.0003111247944551505,0.7943282347242815,0.7
nan,0.0,0.0,0.0,0.0,0.0,0.0,0.0,0.0,0.0,1.3878083227935294,False,False,482.0,1651385.8531647774,4022394.3672790993,-10.748492252183214,505212.8264405012,8.868940383288782e-06,0.00030898182528263845,0.7943282347242815,0.7
nan,0.0,0.0,0.0,0.0,0.0,0.0,0.0,0.0,0.0,1.1071684856750623,False,False,484.0,1651385.8531647774,4036269.1067740656,-10.837906329316644,505212.8264405012,8.868940383288782e-06,0.0003068615451102209,0.7943282347242815,0.7
nan,0.0,0.0,0.0,0.0,0.0,0.0,0.0,0.0,0.0,1.048850170076638,False,False,486.0,1651385.8531647774,4050139.7057394693,-10.927142970996197,505212.8264405012,8.868940383288782e-06,0.0003047636367386613,0.7943282347242815,0.7
nan,0.0,0.0,0.0,0.0,0.0,0.0,0.0,0.0,0.0,1.1484689157315786,False,False,488.0,1651385.8531647774,4064006.138743375,-11.016204046579048,505212.8264405012,8.868940383288782e-06,0.000302687788465327,0.7943282347242815,0.7
nan,0.0,0.0,0.0,0.0,0.0,0.0,0.0,0.0,0.0,0.9484238832062838,False,False,490.0,1651385.8531647774,4077868.3804755546,-11.105091399414446,505212.8264405012,8.868940383288782e-06,0.0003006336939708904,0.7943282347242815,0.7
nan,0.0,0.0,0.0,0.0,0.0,0.0,0.0,0.0,0.0,0.6816478030861541,False,False,492.0,1651385.8531647774,4091726.4057455068,-11.193806847292239,505212.8264405012,8.868940383288782e-06,0.00029860105220873084,0.7943282347242815,0.7
nan,0.0,0.0,0.0,0.0,0.0,0.0,0.0,0.0,0.0,1.3801912994676542,False,False,494.0,1651385.8531647774,4105580.189480497,-11.28235218288229,505212.8264405012,8.868940383288782e-06,0.0002965895672969649,0.7943282347242815,0.7
nan,0.0,0.0,0.0,0.0,0.0,0.0,0.0,0.0,0.0,1.4235577521384586,False,False,496.0,1651385.8531647774,4119429.7067236686,-11.370729174164834,505212.8264405012,8.868940383288782e-06,0.00029459894841303086,0.7943282347242815,0.7
nan,0.0,0.0,0.0,0.0,0.0,0.0,0.0,0.0,0.0,0.7702645184612632,False,False,498.0,1651385.8531647774,4133274.932632156,-11.458939564852054,505212.8264405012,8.868940383288782e-06,0.00029262890969076604,0.7943282347242815,0.7
nan,0.0,0.0,0.0,0.0,0.0,0.0,0.0,0.0,0.0,0.6711596634219336,False,False,500.0,1651385.8531647774,4147115.8424752755,-11.546985074801157,505212.8264405012,8.868940383288782e-06,0.00029067917011990136,0.7943282347242815,0.7
nan,0.0,0.0,0.0,0.0,0.0,0.0,0.0,0.0,0.0,0.6234965739160746,False,False,502.0,1651385.8531647774,4160952.4116327204,-11.634867400418972,505212.8264405012,8.868940383288782e-06,0.00028874945344791565,0.7943282347242815,0.7
nan,0.0,0.0,0.0,0.0,0.0,0.0,0.0,0.0,0.0,0.5340423231281984,False,False,504.0,1651385.8531647774,4174784.6155928145,-11.722588215058552,505212.8264405012,8.868940383288782e-06,0.00028683948808418466,0.7943282347242815,0.7
nan,0.0,0.0,0.0,0.0,0.0,0.0,0.0,0.0,0.0,0.853676390311452,False,False,506.0,1651385.8531647774,4188612.4299507947,-11.810149169407616,505212.8264405012,8.868940383288782e-06,0.000284949007006362,0.7943282347242815,0.7
nan,0.0,0.0,0.0,0.0,0.0,0.0,0.0,0.0,0.0,1.3943007957929288,False,False,508.0,1651385.8531647774,4202435.830407128,-11.897551891869321,505212.8264405012,8.868940383288782e-06,0.0002830777476689367,0.7943282347242815,0.7
nan,0.0,0.0,0.0,0.0,0.0,0.0,0.0,0.0,0.0,1.2236421436550984,False,False,510.0,1651385.8531647774,4216254.79276586,-11.984797988935355,505212.8264405012,8.868940383288782e-06,0.00028122545191390795,0.7943282347242815,0.7
nan,0.0,0.0,0.0,0.0,0.0,0.0,0.0,0.0,0.0,1.6172944554484165,False,False,512.0,1651385.8531647774,4230069.292933006,-12.071889045551648,505212.8264405012,8.868940383288782e-06,0.0002793918658835216,0.7943282347242815,0.7
nan,0.0,0.0,0.0,0.0,0.0,0.0,0.0,0.0,0.0,1.0322386886101076,False,False,514.0,1651385.8531647774,4243879.3069149675,-12.158826625476765,505212.8264405012,8.868940383288782e-06,0.00027757673993501384,0.7943282347242815,0.7
nan,0.0,0.0,0.0,0.0,0.0,0.0,0.0,0.0,0.0,1.0582117082610096,False,False,516.0,1651385.8531647774,4257684.810816984,-12.245612271633266,505212.8264405012,8.868940383288782e-06,0.00027577982855731247,0.7943282347242815,0.7
nan,0.0,0.0,0.0,0.0,0.0,0.0,0.0,0.0,0.0,0.7663476649586111,False,False,518.0,1651385.8531647774,4271485.780841604,-12.332247506452028,505212.8264405012,8.868940383288782e-06,0.00027400089028964267,0.7943282347242815,0.7
nan,0.0,0.0,0.0,0.0,0.0,0.0,0.0,0.0,0.0,0.8866092947948834,False,False,520.0,1651385.8531647774,4285282.193287216,-12.418733832209988,505212.8264405012,8.868940383288782e-06,0.00027223968764198585,0.7943282347242815,0.7
nan,0.0,0.0,0.0,0.0,0.0,0.0,0.0,0.0,0.0,1.2547140255484395,False,False,522.0,1651385.8531647774,4299074.024546571,-12.505072731360928,505212.8264405012,8.868940383288782e-06,0.0002704959870173502,0.7943282347242815,0.7
nan,0.0,0.0,0.0,0.0,0.0,0.0,0.0,0.0,0.0,1.2892743975977596,False,False,524.0,1651385.8531647774,4312861.251105371,-12.591265666860211,505212.8264405012,8.868940383288782e-06,0.0002687695586357978,0.7943282347242815,0.7
nan,0.0,0.0,0.0,0.0,0.0,0.0,0.0,0.0,0.0,1.4185843774313929,False,False,526.0,1651385.8531647774,4326643.849540856,-12.67731408248285,505212.8264405012,8.868940383288782e-06,0.0002670601764601905,0.7943282347242815,0.7
nan,0.0,0.0,0.0,0.0,0.0,0.0,0.0,0.0,0.0,0.9865402616217043,False,False,528.0,1651385.8531647774,4340421.796520435,-12.76321940313553,505212.8264405012,8.868940383288782e-06,0.0002653676181236077,0.7943282347242815,0.7
nan,0.0,0.0,0.0,0.0,0.0,0.0,0.0,0.0,0.0,1.2475269944345921,False,False,530.0,1651385.8531647774,4354195.068800344,-12.848983035162629,505212.8264405012,8.868940383288782e-06,0.0002636916648583911,0.7943282347242815,0.7
nan,0.0,0.0,0.0,0.0,0.0,0.0,0.0,0.0,0.0,1.5800703732707602,False,False,532.0,1651385.8531647774,4367963.643224325,-12.934606366646218,505212.8264405012,8.868940383288782e-06,0.00026203210142677886,0.7943282347242815,0.7
nan,0.0,0.0,0.0,0.0,0.0,0.0,0.0,0.0,0.0,1.3458962932250378,False,False,534.0,1651385.8531647774,4381727.4967223285,-13.020090767700381,505212.8264405012,8.868940383288782e-06,0.00026038871605308766,0.7943282347242815,0.7
nan,0.0,0.0,0.0,0.0,0.0,0.0,0.0,0.0,0.0,0.7356881348601171,False,False,536.0,1651385.8531647774,4395486.606309254,-13.105437590759868,505212.8264405012,8.868940383288782e-06,0.00025876130035740126,0.7943282347242815,0.7
nan,0.0,0.0,0.0,0.0,0.0,0.0,0.0,0.0,0.0,0.9393134440235094,False,False,538.0,1651385.8531647774,4409240.949083704,-13.190648170863176,505212.8264405012,8.868940383288782e-06,0.00025714964929073,0.7943282347242815,0.7
nan,0.0,0.0,0.0,0.0,0.0,0.0,0.0,0.0,0.0,1.016805857191276,False,False,540.0,1651385.8531647774,4422990.502226762,-13.275723825930266,505212.8264405012,8.868940383288782e-06,0.00025555356107160584,0.7943282347242815,0.7
nan,0.0,0.0,0.0,0.0,0.0,0.0,0.0,0.0,0.0,0.8107484587828087,False,False,542.0,1651385.8531647774,4436735.2430008035,-13.360665857035043,505212.8264405012,8.868940383288782e-06,0.0002539728371240705,0.7943282347242815,0.7
nan,0.0,0.0,0.0,0.0,0.0,0.0,0.0,0.0,0.0,0.6749092149040969,False,False,544.0,1651385.8531647774,4450475.148748323,-13.445475548672583,505212.8264405012,8.868940383288782e-06,0.0002524072820170301,0.7943282347242815,0.7
nan,0.0,0.0,0.0,0.0,0.0,0.0,0.0,0.0,0.0,0.670519892813974,False,False,546.0,1651385.8531647774,4464210.196890785,-13.530154169021401,505212.8264405012,8.868940383288782e-06,0.0002508567034049358,0.7943282347242815,0.7
nan,0.0,0.0,0.0,0.0,0.0,0.0,0.0,0.0,0.0,1.1560531359996702,False,False,548.0,1651385.8531647774,4477940.364927497,-13.614702970200677,505212.8264405012,8.868940383288782e-06,0.0002493209119697611,0.7943282347242815,0.7
nan,0.0,0.0,0.0,0.0,0.0,0.0,0.0,0.0,0.0,1.06396605660981,False,False,550.0,1651385.8531647774,4491665.630434502,-13.699123188522758,505212.8264405012,8.868940383288782e-06,0.00024779972136424204,0.7943282347242815,0.7
nan,0.0,0.0,0.0,0.0,0.0,0.0,0.0,0.0,0.0,1.5848435972459787,False,False,552.0,1651385.8531647774,4505385.9710635,-13.783416044740877,505212.8264405012,8.868940383288782e-06,0.00024629294815635037,0.7943282347242815,0.7
nan,0.0,0.0,0.0,0.0,0.0,0.0,0.0,0.0,0.0,0.6974449014634047,False,False,554.0,1651385.8531647774,4519101.364540787,-13.867582744292188,505212.8264405012,8.868940383288782e-06,0.000244800411774967,0.7943282347242815,0.7
nan,0.0,0.0,0.0,0.0,0.0,0.0,0.0,0.0,0.0,0.9577722015529063,False,False,556.0,1651385.8531647774,4532811.788666201,-13.95162447753643,505212.8264405012,8.868940383288782e-06,0.0002433219344567301,0.7943282347242815,0.7
nan,0.0,0.0,0.0,0.0,0.0,0.0,0.0,0.0,0.0,1.494912141851441,False,False,558.0,1651385.8531647774,4546517.221312113,-14.035542419990042,505212.8264405012,8.868940383288782e-06,0.00024185734119402467,0.7943282347242815,0.7
nan,0.0,0.0,0.0,0.0,0.0,0.0,0.0,0.0,0.0,1.8782774462857905,False,False,560.0,1651385.8531647774,4560217.640422414,-14.119337732555914,505212.8264405012,8.868940383288782e-06,0.00024040645968408932,0.7943282347242815,0.7
nan,0.0,0.0,0.0,0.0,0.0,0.0,0.0,0.0,0.0,1.054486365173173,False,False,562.0,1651385.8531647774,4573913.0240115365,-14.203011561749086,505212.8264405012,8.868940383288782e-06,0.0002389691202792111,0.7943282347242815,0.7
nan,0.0,0.0,0.0,0.0,0.0,0.0,0.0,0.0,0.0,1.5449556006951046,False,False,564.0,1651385.8531647774,4587603.350163488,-14.286565039918049,505212.8264405012,8.868940383288782e-06,0.00023754515593798215,0.7943282347242815,0.7
nan,0.0,0.0,0.0,0.0,0.0,0.0,0.0,0.0,0.0,1.5476694626886949,False,False,566.0,1651385.8531647774,4601288.5970308995,-14.369999285462221,505212.8264405012,8.868940383288782e-06,0.00023613440217759414,0.7943282347242815,0.7
nan,0.0,0.0,0.0,0.0,0.0,0.0,0.0,0.0,0.0,1.5873317974560306,False,False,568.0,1651385.8531647774,4614968.742834103,-14.453315403045254,505212.8264405012,8.868940383288782e-06,0.00023473669702714237,0.7943282347242815,0.7
nan,0.0,0.0,0.0,0.0,0.0,0.0,0.0,0.0,0.0,1.2229415657442975,False,False,570.0,1651385.8531647774,4628643.765860211,-14.536514483804586,505212.8264405012,8.868940383288782e-06,0.00023335188098191903,0.7943282347242815,0.7
nan,0.0,0.0,0.0,0.0,0.0,0.0,0.0,0.0,0.0,1.387344322090687,False,False,572.0,1651385.8531647774,4642313.644462229,-14.61959760555712,505212.8264405012,8.868940383288782e-06,0.00023197979695866784,0.7943282347242815,0.7
nan,0.0,0.0,0.0,0.0,0.0,0.0,0.0,0.0,0.0,1.4152192795549974,False,False,574.0,1651385.8531647774,4655978.357058172,-14.702565833001193,505212.8264405012,8.868940383288782e-06,0.00023062029025178076,0.7943282347242815,0.7
nan,0.0,0.0,0.0,0.0,0.0,0.0,0.0,0.0,0.0,0.9335771936910884,False,False,576.0,1651385.8531647774,4669637.882130209,-14.785420217914918,505212.8264405012,8.868940383288782e-06,0.00022927320849041157,0.7943282347242815,0.7
nan,0.0,0.0,0.0,0.0,0.0,0.0,0.0,0.0,0.0,0.44598169381018593,False,False,578.0,1651385.8531647774,4683292.198223808,-14.868161799350883,505212.8264405012,8.868940383288782e-06,0.0002279384015964871,0.7943282347242815,0.7
nan,0.0,0.0,0.0,0.0,0.0,0.0,0.0,0.0,0.0,0.9931124954049307,False,False,580.0,1651385.8531647774,4696941.28394691,-14.950791603827428,505212.8264405012,8.868940383288782e-06,0.00022661572174359173,0.7943282347242815,0.7
nan,0.0,0.0,0.0,0.0,0.0,0.0,0.0,0.0,0.0,1.3054569292160765,False,False,582.0,1651385.8531647774,4710585.117969116,-15.033310645516504,505212.8264405012,8.868940383288782e-06,0.00022530502331670666,0.7943282347242815,0.7
nan,0.0,0.0,0.0,0.0,0.0,0.0,0.0,0.0,0.0,1.3225195284446238,False,False,584.0,1651385.8531647774,4724223.679020887,-15.115719926428032,505212.8264405012,8.868940383288782e-06,0.0002240061628727838,0.7943282347242815,0.7
nan,0.0,0.0,0.0,0.0,0.0,0.0,0.0,0.0,0.0,0.9650339238772053,False,False,586.0,1651385.8531647774,4737856.945892753,-15.19802043659121,505212.8264405012,8.868940383288782e-06,0.00022271899910213406,0.7943282347242815,0.7
nan,0.0,0.0,0.0,0.0,0.0,0.0,0.0,0.0,0.0,0.8590038120172823,False,False,588.0,1651385.8531647774,4751484.89743455,-15.280213154232415,505212.8264405012,8.868940383288782e-06,0.0002214433927906096,0.7943282347242815,0.7
nan,0.0,0.0,0.0,0.0,0.0,0.0,0.0,0.0,0.0,0.594224020455675,False,False,590.0,1651385.8531647774,4765107.512554655,-15.362299045949994,505212.8264405012,8.868940383288782e-06,0.00022017920678256544,0.7943282347242815,0.7
nan,0.0,0.0,0.0,0.0,0.0,0.0,0.0,0.0,0.0,1.265923934565515,False,False,592.0,1651385.8531647774,4778724.770219252,-15.444279066886075,505212.8264405012,8.868940383288782e-06,0.00021892630594457692,0.7943282347242815,0.7
nan,0.0,0.0,0.0,0.0,0.0,0.0,0.0,0.0,0.0,1.0386715120087264,False,False,594.0,1651385.8531647774,4792336.649451596,-15.52615416089519,505212.8264405012,8.868940383288782e-06,0.00021768455712990086,0.7943282347242815,0.7
nan,0.0,0.0,0.0,0.0,0.0,0.0,0.0,0.0,0.0,1.251572179430568,False,False,596.0,1651385.8531647774,4805943.129331295,-15.607925260710052,505212.8264405012,8.868940383288782e-06,0.00021645382914365824,0.7943282347242815,0.7
nan,0.0,0.0,0.0,0.0,0.0,0.0,0.0,0.0,0.0,0.961507634586872,False,False,598.0,1651385.8531647774,4819544.188993618,-15.689593288104405,505212.8264405012,8.868940383288782e-06,0.00021523399270872526,0.7943282347242815,0.7
nan,0.0,0.0,0.0,0.0,0.0,0.0,0.0,0.0,0.0,0.49910391034816276,False,False,600.0,1651385.8531647774,4833139.807628792,-15.771159154053008,505212.8264405012,8.868940383288782e-06,0.00021402492043231565,0.7943282347242815,0.7
