qber,gain,error_gain,double_click_gain,detection_rate_hz,error_rate_hz,rate_bits_per_pulse,rate_bits_per_second,eta_total_baseline,eta_total_faded,fading_factor,clipped,visible,time_s,cumulative_rate_integral_bits,distance_m,elevation_deg,atmospheric_path_m,eta_atmospheric,eta_geometric,eta_pointing,eta_optical
nan,0.0,0.0,0.0,0.0,0.0,0.0,0.0,0.0,0.0,1.5477703448666593,False,False,-600.0,0.0,4833139.807628792,-15.771159154053008,505212.8264405012,8.868940383288782e-06,0.00021402492043231565,0.7943282347242815,0.7
nan,0.0,0.0,0.0,0.0,0.0,0.0,0.0,0.0,0.0,0.9163976121727619,False,False,-598.0,0.0,4819544.188993618,-15.689593288104405,505212.8264405012,8.868940383288782e-06,0.00021523399270872526,0.7943282347242815,0.7
nan,0.0,0.0,0.0,0.0,0.0,0.0,0.0,0.0,0.0,0.9323626479646957,False,False,-596.0,0.0,4805943.129331295,-15.607925260710052,505212.8264405012,8.868940383288782e-06,0.00021645382914365824,0.7943282347242815,0.7
nan,0.0,0.0,0.0,0.0,0.0,0.0,0.0,0.0,0.0,0.9589637847114758,False,False,-594.0,0.0,4792336.649451596,-15.52615416089519,505212.8264405012,8.868940383288782e-06,0.00021768455712990086,0.7943282347242815,0.7
nan,0.0,0.0,0.0,0.0,0.0,0.0,0.0,0.0,0.0,0.7711692717844534,False,False,-592.0,0.0,4778724.770219252,-15.444279066886075,505212.8264405012,8.868940383288782e-06,0.00021892630594457692,0.7943282347242815,0.7
nan,0.0,0.0,0.0,0.0,0.0,0.0,0.0,0.0,0.0,0.9100431808741648,False,False,-590.0,0.0,4765107.512554655,-15.362299045949994,505212.8264405012,8.868940383288782e-06,0.00022017920678256544,0.7943282347242815,0.7
nan,0.0,0.0,0.0,0.0,0.0,0.0,0.0,0.0,0.0,0.7470147743117661,False,False,-588.0,0.0,4751484.89743455,-15.280213154232415,505212.8264405012,8.868940383288782e-06,0.0002214433927906096,0.7943282347242815,0.7
nan,0.0,0.0,0.0,0.0,0.0,0.0,0.0,0.0,0.0,0.6158458003942715,False,False,-586.0,0.0,4737856.945892753,-15.19802043659121,505212.8264405012,8.868940383288782e-06,0.00022271899910213406,0.7943282347242815,0.7
nan,0.0,0.0,0.0,0.0,0.0,0.0,0.0,0.0,0.0,1.6355256966977942,False,False,-584.0,0.0,4724223.679020887,-15.115719926428032,505212.8264405012,8.868940383288782e-06,0.0002240061628727838,0.7943282347242815,0.7
nan,0.0,0.0,0.0,0.0,0.0,0.0,0.0,0.0,0.0,1.259301515094956,False,False,-582.0,0.0,4710585.117969116,-15.033310645516504,505212.8264405012,8.868940383288782e-06,0.00022530502331670666,0.7943282347242815,0.7
nan,0.0,0.0,0.0,0.0,0.0,0.0,0.0,0.0,0.0,0.8771245786726367,False,False,-580.0,0.0,4696941.28394691,-14.950791603827428,505212.8264405012,8.868940383288782e-06,0.00022661572174359173,0.7943282347242815,0.7
nan,0.0,0.0,0.0,0.0,0.0,0.0,0.0,0.0,0.0,1.1606742369943033,False,False,-578.0,0.0,4683292.198223808,-14.868161799350883,505212.8264405012,8.868940383288782e-06,0.0002279384015964871,0.7943282347242815,0.7
nan,0.0,0.0,0.0,0.0,0.0,0.0,0.0,0.0,0.0,0.9304521059854342,False,False,-576.0,0.0,4669637.882130209,-14.785420217914918,505212.8264405012,8.868940383288782e-06,0.00022927320849041157,0.7943282347242815,0.7
nan,0.0,0.0,0.0,0.0,0.0,0.0,0.0,0.0,0.0,0.8274478730866577,False,False,-574.0,0.0,4655978.357058172,-14.702565833001193,505212.8264405012,8.868940383288782e-06,0.00023062029025178076,0.7943282347242815,0.7
nan,0.0,0.0,0.0,0.0,0.0,0.0,0.0,0.0,0.0,0.7417809435678782,False,False,-572.0,0.0,4642313.644462229,-14.61959760555712,505212.8264405012,8.868940383288782e-06,0.00023197979695866784,0.7943282347242815,0.7
nan,0.0,0.0,0.0,0.0,0.0,0.0,0.0,0.0,0.0,1.1135459374533074,False,False,-570.0,0.0,4628643.765860211,-14.536514483804586,505212.8264405012,8.868940383288782e-06,0.00023335188098191903,0.7943282347242815,0.7
nan,0.0,0.0,0.0,0.0,0.0,0.0,0.0,0.0,0.0,0.5587032474835032,False,False,-568.0,0.0,4614968.742834103,-14.453315403045254,505212.8264405012,8.868940383288782e-06,0.00023473669702714237,0.7943282347242815,0.7
nan,0.0,0.0,0.0,0.0,0.0,0.0,0.0,0.0,0.0,0.833915967550399,False,False,-566.0,0.0,4601288.5970308995,-14.369999285462221,505212.8264405012,8.868940383288782e-06,0.00023613440217759414,0.7943282347242815,0.7
nan,0.0,0.0,0.0,0.0,0.0,0.0,0.0,0.0,0.0,0.8148932513225308,False,False,-564.0,0.0,4587603.350163488,-14.286565039918049,505212.8264405012,8.868940383288782e-06,0.00023754515593798215,0.7943282347242815,0.7
nan,0.0,0.0,0.0,0.0,0.0,0.0,0.0,0.0,0.0,0.7678564893506514,False,False,-562.0,0.0,4573913.0240115365,-14.203011561749086,505212.8264405012,8.868940383288782e-06,0.0002389691202792111,0.7943282347242815,0.7
nan,0.0,0.0,0.0,0.0,0.0,0.0,0.0,0.0,0.0,0.5723700713923667,False,False,-560.0,0.0,4560217.640422414,-14.119337732555914,505212.8264405012,8.868940383288782e-06,0.00024040645968408932,0.7943282347242815,0.7
nan,0.0,0.0,0.0,0.0,0.0,0.0,0.0,0.0,0.0,0.8912341193993192,False,False,-558.0,0.0,4546517.221312113,-14.035542419990042,505212.8264405012,8.868940383288782e-06,0.00024185734119402467,0.7943282347242815,0.7
nan,0.0,0.0,0.0,0.0,0.0,0.0,0.0,0.0,0.0,0.6613413503666461,False,False,-556.0,0.0,4532811.788666201,-13.95162447753643,505212.8264405012,8.868940383288782e-06,0.0002433219344567301,0.7943282347242815,0.7
nan,0.0,0.0,0.0,0.0,0.0,0.0,0.0,0.0,0.0,0.973017082870375,False,False,-554.0,0.0,4519101.364540787,-13.867582744292188,505212.8264405012,8.868940383288782e-06,0.000244800411774967,0.7943282347242815,0.7
nan,0.0,0.0,0.0,0.0,0.0,0.0,0.0,0.0,0.0,0.8150346287415577,False,False,-552.0,0.0,4505385.9710635,-13.783416044740877,505212.8264405012,8.868940383288782e-06,0.00024629294815635037,0.7943282347242815,0.7
nan,0.0,0.0,0.0,0.0,0.0,0.0,0.0,0.0,0.0,0.7765894132626701,False,False,-550.0,0.0,4491665.630434502,-13.699123188522758,505212.8264405012,8.868940383288782e-06,0.00024779972136424204,0.7943282347242815,0.7
nan,0.0,0.0,0.0,0.0,0.0,0.0,0.0,0.0,0.0,0.727890608712211,False,False,-548.0,0.0,4477940.364927497,-13.614702970200677,505212.8264405012,8.868940383288782e-06,0.0002493209119697611,0.7943282347242815,0.7
nan,0.0,0.0,0.0,0.0,0.0,0.0,0.0,0.0,0.0,0.9134599489357158,False,False,-546.0,0.0,4464210.196890785,-13.530154169021401,505212.8264405012,8.868940383288782e-06,0.0002508567034049358,0.7943282347242815,0.7
nan,0.0,0.0,0.0,0.0,0.0,0.0,0.0,0.0,0.0,0.9125392430757618,False,False,-544.0,0.0,4450475.148748323,-13.445475548672583,505212.8264405012,8.868940383288782e-06,0.0002524072820170301,0.7943282347242815,0.7
nan,0.0,0.0,0.0,0.0,0.0,0.0,0.0,0.0,0.0,0.7955049727037201,False,False,-542.0,0.0,4436735.2430008035,-13.360665857035043,505212.8264405012,8.868940383288782e-06,0.0002539728371240705,0.7943282347242815,0.7
nan,0.0,0.0,0.0,0.0,0.0,0.0,0.0,0.0,0.0,0.7459322226926588,False,False,-540.0,0.0,4422990.502226762,-13.275723825930266,505212.8264405012,8.868940383288782e-06,0.00025555356107160584,0.7943282347242815,0.7
nan,0.0,0.0,0.0,0.0,0.0,0.0,0.0,0.0,0.0,0.8970584030042248,False,False,-538.0,0.0,4409240.949083704,-13.190648170863176,505212.8264405012,8.868940383288782e-06,0.00025714964929073,0.7943282347242815,0.7
nan,0.0,0.0,0.0,0.0,0.0,0.0,0.0,0.0,0.0,0.8914483341304172,False,False,-536.0,0.0,4395486.606309254,-13.105437590759868,505212.8264405012,8.868940383288782e-06,0.00025876130035740126,0.7943282347242815,0.7
nan,0.0,0.0,0.0,0.0,0.0,0.0,0.0,0.0,0.0,0.7508890953112071,False,False,-534.0,0.0,4381727.4967223285,-13.020090767700381,505212.8264405012,8.868940383288782e-06,0.00026038871605308766,0.7943282347242815,0.7
nan,0.0,0.0,0.0,0.0,0.0,0.0,0.0,0.0,0.0,0.8914163567109711,False,False,-532.0,0.0,4367963.643224325,-12.934606366646218,505212.8264405012,8.868940383288782e-06,0.00026203210142677886,0.7943282347242815,0.7
nan,0.0,0.0,0.0,0.0,0.0,0.0,0.0,0.0,0.0,1.1500751883343003,False,False,-530.0,0.0,4354195.068800344,-12.848983035162629,505212.8264405012,8.868940383288782e-06,0.0002636916648583911,0.7943282347242815,0.7
nan,0.0,0.0,0.0,0.0,0.0,0.0,0.0,0.0,0.0,1.2384745356164208,False,False,-528.0,0.0,4340421.796520435,-12.76321940313553,505212.8264405012,8.868940383288782e-06,0.0002653676181236077,0.7943282347242815,0.7
nan,0.0,0.0,0.0,0.0,0.0,0.0,0.0,0.0,0.0,1.2788641309445614,False,False,-526.0,0.0,4326643.849540856,-12.67731408248285,505212.8264405012,8.868940383288782e-06,0.0002670601764601905,0.7943282347242815,0.7
nan,0.0,0.0,0.0,0.0,0.0,0.0,0.0,0.0,0.0,1.0014969530238291,False,False,-524.0,0.0,4312861.251105371,-12.591265666860211,505212.8264405012,8.868940383288782e-06,0.0002687695586357978,0.7943282347242815,0.7
nan,0.0,0.0,0.0,0.0,0.0,0.0,0.0,0.0,0.0,1.3654120055979428,False,False,-522.0,0.0,4299074.024546571,-12.505072731360928,505212.8264405012,8.868940383288782e-06,0.0002704959870173502,0.7943282347242815,0.7
nan,0.0,0.0,0.0,0.0,0.0,0.0,0.0,0.0,0.0,0.8128432386706882,False,False,-520.0,0.0,4285282.193287216,-12.418733832209988,505212.8264405012,8.868940383288782e-06,0.00027223968764198585,0.7943282347242815,0.7
nan,0.0,0.0,0.0,0.0,0.0,0.0,0.0,0.0,0.0,1.787504690264417,False,False,-518.0,0.0,4271485.780841604,-12.332247506452028,505212.8264405012,8.868940383288782e-06,0.00027400089028964267,0.7943282347242815,0.7
nan,0.0,0.0,0.0,0.0,0.0,0.0,0.0,0.0,0.0,1.1573230778487162,False,False,-516.0,0.0,4257684.810816984,-12.245612271633266,505212.8264405012,8.868940383288782e-06,0.00027577982855731247,0.7943282347242815,0.7
nan,0.0,0.0,0.0,0.0,0.0,0.0,0.0,0.0,0.0,1.0585121873141934,False,False,-514.0,0.0,4243879.3069149675,-12.158826625476765,505212.8264405012,8.868940383288782e-06,0.00027757673993501384,0.7943282347242815,0.7
nan,0.0,0.0,0.0,0.0,0.0,0.0,0.0,0.0,0.0,0.6608969559230474,False,False,-512.0,0.0,4230069.292933006,-12.071889045551648,505212.8264405012,8.868940383288782e-06,0.0002793918658835216,0.7943282347242815,0.7
nan,0.0,0.0,0.0,0.0,0.0,0.0,0.0,0.0,0.0,0.4917967595011085,False,False,-510.0,0.0,4216254.79276586,-11.984797988935355,505212.8264405012,8.868940383288782e-06,0.00028122545191390795,0.7943282347242815,0.7
nan,0.0,0.0,0.0,0.0,0.0,0.0,0.0,0.0,0.0,0.6513292054610339,False,False,-508.0,0.0,4202435.830407128,-11.897551891869321,505212.8264405012,8.868940383288782e-06,0.0002830777476689367,0.7943282347242815,0.7
nan,0.0,0.0,0.0,0.0,0.0,0.0,0.0,0.0,0.0,0.8577524342365761,False,False,-506.0,0.0,4188612.4299507947,-11.810149169407616,505212.8264405012,8.868940383288782e-06,0.000284949007006362,0.7943282347242815,0.7
nan,0.0,0.0,0.0,0.0,0.0,0.0,0.0,0.0,0.0,1.0028062591761833,False,False,-504.0,0.0,4174784.6155928145,-11.722588215058552,505212.8264405012,8.868940383288782e-06,0.00028683948808418466,0.7943282347242815,0.7
nan,0.0,0.0,0.0,0.0,0.0,0.0,0.0,0.0,0.0,1.8717710875608984,False,False,-502.0,0.0,4160952.4116327204,-11.634867400418972,505212.8264405012,8.868940383288782e-06,0.00028874945344791565,0.7943282347242815,0.7
nan,0.0,0.0,0.0,0.0,0.0,0.0,0.0,0.0,0.0,1.209203176250492,False,False,-500.0,0.0,4147115.8424752755,-11.546985074801157,505212.8264405012,8.868940383288782e-06,0.00029067917011990136,0.7943282347242815,0.7
nan,0.0,0.0,0.0,0.0,0.0,0.0,0.0,0.0,0.0,0.9215811040551053,False,False,-498.0,0.0,4133274.932632156,-11.458939564852054,505212.8264405012,8.868940383288782e-06,0.00029262890969076604,0.7943282347242815,0.7
nan,0.0,0.0,0.0,0.0,0.0,0.0,0.0,0.0,0.0,0.9234391592666091,False,False,-496.0,0.0,4119429.7067236686,-11.370729174164834,505212.8264405012,8.868940383288782e-06,0.00029459894841303086,0.7943282347242815,0.7
nan,0.0,0.0,0.0,0.0,0.0,0.0,0.0,0.0,0.0,0.8656307855024434,False,False,-494.0,0.0,4105580.189480497,-11.28235218288229,505212.8264405012,8.868940383288782e-06,0.0002965895672969649,0.7943282347242815,0.7
nan,0.0,0.0,0.0,0.0,0.0,0.0,0.0,0.0,0.0,0.6400466179438049,False,False,-492.0,0.0,4091726.4057455068,-11.193806847292239,505212.8264405012,8.868940383288782e-06,0.00029860105220873084,0.7943282347242815,0.7
nan,0.0,0.0,0.0,0.0,0.0,0.0,0.0,0.0,0.0,0.8468485536402375,False,False,-490.0,0.0,4077868.3804755546,-11.105091399414446,505212.8264405012,8.868940383288782e-06,0.0003006336939708904,0.7943282347242815,0.7
nan,0.0,0.0,0.0,0.0,0.0,0.0,0.0,0.0,0.0,1.207861382785253,False,False,-488.0,0.0,4064006.138743375,-11.016204046579048,505212.8264405012,8.868940383288782e-06,0.000302687788465327,0.7943282347242815,0.7
nan,0.0,0.0,0.0,0.0,0.0,0.0,0.0,0.0,0.0,0.7781449548064829,False,False,-486.0,0.0,4050139.7057394693,-10.927142970996197,505212.8264405012,8.868940383288782e-06,0.0003047636367386613,0.7943282347242815,0.7
nan,0.0,0.0,0.0,0.0,0.0,0.0,0.0,0.0,0.0,0.8778307560541195,False,False,-484.0,0.0,4036269.1067740656,-10.837906329316644,505212.8264405012,8.868940383288782e-06,0.0003068615451102209,0.7943282347242815,0.7
nan,0.0,0.0,0.0,0.0,0.0,0.0,0.0,0.0,0.0,1.020736689781772,False,False,-482.0,0.0,4022394.3672790993,-10.748492252183214,505212.8264405012,8.868940383288782e-06,0.00030898182528263845,0.7943282347242815,0.7
nan,0.0,0.0,0.0,0.0,0.0,0.0,0.0,0.0,0.0,0.6995249933734682,False,False,-480.0,0.0,4008515.5128102456,-10.658898843772816,505212.8264405012,8.868940383288782e-06,0.0003111247944551505,0.7943282347242815,0.7
nan,0.0,0.0,0.0,0.0,0.0,0.0,0.0,0.0,0.0,0.8879543064255958,False,False,-478.0,0.0,3994632.5690490007,-10.56912418132881,505212.8264405012,8.868940383288782e-06,0.00031329077543967057,0.7943282347242815,0.7
nan,0.0,0.0,0.0,0.0,0.0,0.0,0.0,0.0,0.0,1.3695266220025217,False,False,-476.0,0.0,3980745.561804791,-10.479166314683384,505212.8264405012,8.868940383288782e-06,0.0003154800967797188,0.7943282347242815,0.7
nan,0.0,0.0,0.0,0.0,0.0,0.0,0.0,0.0,0.0,1.1833742110059406,False,False,-474.0,0.0,3966854.51701715,-10.389023265769982,505212.8264405012,8.868940383288782e-06,0.0003176930928722799,0.7943282347242815,0.7
nan,0.0,0.0,0.0,0.0,0.0,0.0,0.0,0.0,0.0,0.7278165176867505,False,False,-472.0,0.0,3952959.46075792,-10.298693028125138,505212.8264405012,8.868940383288782e-06,0.0003199301040926808,0.7943282347242815,0.7
nan,0.0,0.0,0.0,0.0,0.0,0.0,0.0,0.0,0.0,1.805623938360727,False,False,-470.0,0.0,3939060.4192335242,-10.208173566379793,505212.8264405012,8.868940383288782e-06,0.000322191476922567,0.7943282347242815,0.7
nan,0.0,0.0,0.0,0.0,0.0,0.0,0.0,0.0,0.0,1.1610441564640603,False,False,-468.0,0.0,3925157.4187872657,-10.117462815739644,505212.8264405012,8.868940383288782e-06,0.00032447756408106776,0.7943282347242815,0.7
nan,0.0,0.0,0.0,0.0,0.0,0.0,0.0,0.0,0.0,1.250283959683973,False,False,-466.0,0.0,3911250.4859016966,-10.02655868145431,505212.8264405012,8.868940383288782e-06,0.0003267887246592397,0.7943282347242815,0.7
nan,0.0,0.0,0.0,0.0,0.0,0.0,0.0,0.0,0.0,1.0254892715365413,False,False,-464.0,0.0,3897339.647201028,-9.935459038275104,505212.8264405012,8.868940383288782e-06,0.0003291253242578839,0.7943282347242815,0.7
nan,0.0,0.0,0.0,0.0,0.0,0.0,0.0,0.0,0.0,1.5074788493345697,False,False,-462.0,0.0,3883424.9294535955,-9.844161729900874,505212.8264405012,8.868940383288782e-06,0.00033148773512883004,0.7943282347242815,0.7
nan,0.0,0.0,0.0,0.0,0.0,0.0,0.0,0.0,0.0,1.9663608044635477,False,False,-460.0,0.0,3869506.359574381,-9.752664568412035,505212.8264405012,8.868940383288782e-06,0.00033387633631979036,0.7943282347242815,0.7
nan,0.0,0.0,0.0,0.0,0.0,0.0,0.0,0.0,0.0,1.231629066874172,False,False,-458.0,0.0,3855583.96462759,-9.66096533369209,505212.8264405012,8.868940383288782e-06,0.0003362915138228836,0.7943282347242815,0.7
nan,0.0,0.0,0.0,0.0,0.0,0.0,0.0,0.0,0.0,0.8223798398701634,False,False,-456.0,0.0,3841657.771829284,-9.5690617728364,505212.8264405012,8.868940383288782e-06,0.0003387336607269366,0.7943282347242815,0.7
nan,0.0,0.0,0.0,0.0,0.0,0.0,0.0,0.0,0.0,1.0126689490467,False,False,-454.0,0.0,3827727.808550077,-9.476951599548242,505212.8264405012,8.868940383288782e-06,0.00034120317737367027,0.7943282347242815,0.7
nan,0.0,0.0,0.0,0.0,0.0,0.0,0.0,0.0,0.0,0.8102839974250317,False,False,-452.0,0.0,3813794.102317886,-9.384632493521265,505212.8264405012,8.868940383288782e-06,0.00034370047151788827,0.7943282347242815,0.7
nan,0.0,0.0,0.0,0.0,0.0,0.0,0.0,0.0,0.0,0.712108058083788,False,False,-450.0,0.0,3799856.6808207487,-9.292102099808423,505212.8264405012,8.868940383288782e-06,0.00034622595849177794,0.7943282347242815,0.7
nan,0.0,0.0,0.0,0.0,0.0,0.0,0.0,0.0,0.0,1.0823288886895992,False,False,-448.0,0.0,3785915.5719097024,-9.19935802817684,505212.8264405012,8.868940383288782e-06,0.0003487800613734514,0.7943282347242815,0.7
nan,0.0,0.0,0.0,0.0,0.0,0.0,0.0,0.0,0.0,0.9724005898840369,False,False,-446.0,0.0,3771970.80360173,-9.106397852448346,505212.8264405012,8.868940383288782e-06,0.00035136321115984345,0.7943282347242815,0.7
nan,0.0,0.0,0.0,0.0,0.0,0.0,0.0,0.0,0.0,0.5147343439559816,False,False,-444.0,0.0,3758022.40408277,-9.0132191098252,505212.8264405012,8.868940383288782e-06,0.0003539758469441034,0.7943282347242815,0.7
nan,0.0,0.0,0.0,0.0,0.0,0.0,0.0,0.0,0.0,0.9774615331493425,False,False,-442.0,0.0,3744070.401710798,-8.919819300200658,505212.8264405012,8.868940383288782e-06,0.0003566184160976054,0.7943282347242815,0.7
nan,0.0,0.0,0.0,0.0,0.0,0.0,0.0,0.0,0.0,1.5912389370015738,False,False,-440.0,0.0,3730114.8250189796,-8.826195885454176,505212.8264405012,8.868940383288782e-06,0.00035929137445672016,0.7943282347242815,0.7
nan,0.0,0.0,0.0,0.0,0.0,0.0,0.0,0.0,0.0,1.2291266738383608,False,False,-438.0,0.0,3716155.7027188926,-8.732346288730339,505212.8264405012,8.868940383288782e-06,0.00036199518651448744,0.7943282347242815,0.7
nan,0.0,0.0,0.0,0.0,0.0,0.0,0.0,0.0,0.0,0.7850496041277483,False,False,-436.0,0.0,3702193.0637038257,-8.638267893701896,505212.8264405012,8.868940383288782e-06,0.00036473032561733606,0.7943282347242815,0.7
nan,0.0,0.0,0.0,0.0,0.0,0.0,0.0,0.0,0.0,1.3090262481988943,False,False,-434.0,0.0,3688226.9370521554,-8.543958043815552,505212.8264405012,8.868940383288782e-06,0.0003674972741670028,0.7943282347242815,0.7
nan,0.0,0.0,0.0,0.0,0.0,0.0,0.0,0.0,0.0,0.7111848780227312,False,False,-432.0,0.0,3674257.3520307965,-8.44941404152073,505212.8264405012,8.868940383288782e-06,0.00037029652382780686,0.7943282347242815,0.7
nan,0.0,0.0,0.0,0.0,0.0,0.0,0.0,0.0,0.0,0.7649666607951342,False,False,-430.0,0.0,3660284.338098735,-8.354633147480738,505212.8264405012,8.868940383288782e-06,0.0003731285757394428,0.7943282347242815,0.7
nan,0.0,0.0,0.0,0.0,0.0,0.0,0.0,0.0,0.0,0.8670585004252247,False,False,-428.0,0.0,3646307.9249106525,-8.259612579765626,505212.8264405012,8.868940383288782e-06,0.00037599394073545473,0.7943282347242815,0.7
nan,0.0,0.0,0.0,0.0,0.0,0.0,0.0,0.0,0.0,0.8171306589720857,False,False,-426.0,0.0,3632328.1423206185,-8.164349513026323,505212.8264405012,8.868940383288782e-06,0.00037889313956757174,0.7943282347242815,0.7
nan,0.0,0.0,0.0,0.0,0.0,0.0,0.0,0.0,0.0,0.820523368453912,False,False,-424.0,0.0,3618345.0203858847,-8.068841077649823,505212.8264405012,8.868940383288782e-06,0.000381826703136077,0.7943282347242815,0.7
nan,0.0,0.0,0.0,0.0,0.0,0.0,0.0,0.0,0.0,1.0817168598014908,False,False,-422.0,0.0,3604358.589370764,-7.973084358894608,505212.8264405012,8.868940383288782e-06,0.00038479517272639797,0.7943282347242815,0.7
nan,0.0,0.0,0.0,0.0,0.0,0.0,0.0,0.0,0.0,1.1346395108847338,False,False,-420.0,0.0,3590368.8797506015,-7.877076396005795,505212.8264405012,8.868940383288782e-06,0.0003877991002521099,0.7943282347242815,0.7
nan,0.0,0.0,0.0,0.0,0.0,0.0,0.0,0.0,0.0,0.8774570696170353,False,False,-418.0,0.0,3576375.922215838,-7.78081418130961,505212.8264405012,8.868940383288782e-06,0.0003908390485045495,0.7943282347242815,0.7
nan,0.0,0.0,0.0,0.0,0.0,0.0,0.0,0.0,0.0,0.7195706024975633,False,False,-416.0,0.0,3562379.747676176,-7.684294659286578,505212.8264405012,8.868940383288782e-06,0.0003939155914092414,0.7943282347242815,0.7
nan,0.0,0.0,0.0,0.0,0.0,0.0,0.0,0.0,0.0,1.3422068246348082,False,False,-414.0,0.0,3548380.3872648426,-7.587514725622722,505212.8264405012,8.868940383288782e-06,0.0003970293142893536,0.7943282347242815,0.7
nan,0.0,0.0,0.0,0.0,0.0,0.0,0.0,0.0,0.0,1.2508676196625417,False,False,-412.0,0.0,3534377.8723429563,-7.4904712262382995,505212.8264405012,8.868940383288782e-06,0.0004001808141363968,0.7943282347242815,0.7
nan,0.0,0.0,0.0,0.0,0.0,0.0,0.0,0.0,0.0,0.9310351952360701,False,False,-410.0,0.0,3520372.2345039966,-7.393160956293458,505212.8264405012,8.868940383288782e-06,0.00040337069988839687,0.7943282347242815,0.7
nan,0.0,0.0,0.0,0.0,0.0,0.0,0.0,0.0,0.0,0.7226022483519662,False,False,-408.0,0.0,3506363.505578387,-7.295580659170061,505212.8264405012,8.868940383288782e-06,0.0004065995927157747,0.7943282347242815,0.7
nan,0.0,0.0,0.0,0.0,0.0,0.0,0.0,0.0,0.0,0.5941568755106724,False,False,-406.0,0.0,3492351.7176381866,-7.19772702542908,505212.8264405012,8.868940383288782e-06,0.0004098681263151751,0.7943282347242815,0.7
nan,0.0,0.0,0.0,0.0,0.0,0.0,0.0,0.0,0.0,0.6322762283889402,False,False,-404.0,0.0,3478336.9030019,-7.099596691743048,505212.8264405012,8.868940383288782e-06,0.0004131769472114977,0.7943282347242815,0.7
nan,0.0,0.0,0.0,0.0,0.0,0.0,0.0,0.0,0.0,0.6123670363955771,False,False,-402.0,0.0,3464319.094239401,-7.001186239802436,505212.8264405012,8.868940383288782e-06,0.00041652671506839004,0.7943282347242815,0.7
nan,0.0,0.0,0.0,0.0,0.0,0.0,0.0,0.0,0.0,0.476475888645488,False,False,-400.0,0.0,3450298.3241769774,-6.9024921951957126,505212.8264405012,8.868940383288782e-06,0.00041991810300747383,0.7943282347242815,0.7
nan,0.0,0.0,0.0,0.0,0.0,0.0,0.0,0.0,0.0,0.8633952521703125,False,False,-398.0,0.0,3436274.6259025075,-6.803511026262097,505212.8264405012,8.868940383288782e-06,0.00042335179793657915,0.7943282347242815,0.7
nan,0.0,0.0,0.0,0.0,0.0,0.0,0.0,0.0,0.0,1.9805957208151355,False,False,-396.0,0.0,3422248.032770761,-6.704239142916152,505212.8264405012,8.868940383288782e-06,0.00042682850088728144,0.7943282347242815,0.7
nan,0.0,0.0,0.0,0.0,0.0,0.0,0.0,0.0,0.0,2.025950520957025,False,False,-394.0,0.0,3408218.578408831,-6.604672895443612,505212.8264405012,8.868940383288782e-06,0.0004303489273620375,0.7943282347242815,0.7
nan,0.0,0.0,0.0,0.0,0.0,0.0,0.0,0.0,0.0,1.1137238231000555,False,False,-392.0,0.0,3394186.2967217015,-6.504808573267559,505212.8264405012,8.868940383288782e-06,0.00043391380769123374,0.7943282347242815,0.7
nan,0.0,0.0,0.0,0.0,0.0,0.0,0.0,0.0,0.0,0.970982147162151,False,False,-390.0,0.0,3380151.2218979625,-6.404642403684037,505212.8264405012,8.868940383288782e-06,0.0004375238874004643,0.7943282347242815,0.7
nan,0.0,0.0,0.0,0.0,0.0,0.0,0.0,0.0,0.0,1.1319744229597992,False,False,-388.0,0.0,3366113.3884156607,-6.304170550566291,505212.8264405012,8.868940383288782e-06,0.00044117992758837616,0.7943282347242815,0.7
nan,0.0,0.0,0.0,0.0,0.0,0.0,0.0,0.0,0.0,1.198097668572287,False,False,-386.0,0.0,3352072.8310483024,-6.203389113036657,505212.8264405012,8.868940383288782e-06,0.0004448827053154273,0.7943282347242815,0.7
nan,0.0,0.0,0.0,0.0,0.0,0.0,0.0,0.0,0.0,0.8125061915759304,False,False,-384.0,0.0,3338029.5848710095,-6.102294124105278,505212.8264405012,8.868940383288782e-06,0.00044863301400391086,0.7943282347242815,0.7
nan,0.0,0.0,0.0,0.0,0.0,0.0,0.0,0.0,0.0,1.8202596726477427,False,False,-382.0,0.0,3323983.6852668324,-6.000881549274635,505212.8264405012,8.868940383288782e-06,0.0004524316638496242,0.7943282347242815,0.7
nan,0.0,0.0,0.0,0.0,0.0,0.0,0.0,0.0,0.0,1.4837325807154413,False,False,-380.0,0.0,3309935.167933225,-5.899147285108746,505212.8264405012,8.868940383288782e-06,0.00045627948224556057,0.7943282347242815,0.7
nan,0.0,0.0,0.0,0.0,0.0,0.0,0.0,0.0,0.0,1.0403094359212215,False,False,-378.0,0.0,3295884.0688886875,-5.7970871577663425,505212.8264405012,8.868940383288782e-06,0.0004601773142180282,0.7943282347242815,0.7
nan,0.0,0.0,0.0,0.0,0.0,0.0,0.0,0.0,0.0,1.4855767215957913,False,False,-376.0,0.0,3281830.4244795768,-5.694696921496511,505212.8264405012,8.868940383288782e-06,0.00046412602287560997,0.7943282347242815,0.7
nan,0.0,0.0,0.0,0.0,0.0,0.0,0.0,0.0,0.0,1.0832018285401561,False,False,-374.0,0.0,3267774.2713871025,-5.591972257096124,505212.8264405012,8.868940383288782e-06,0.00046812648987138746,0.7943282347242815,0.7
nan,0.0,0.0,0.0,0.0,0.0,0.0,0.0,0.0,0.0,1.2278109939910817,False,False,-372.0,0.0,3253715.646634496,-5.488908770327652,505212.8264405012,8.868940383288782e-06,0.00047217961587888476,0.7943282347242815,0.7
nan,0.0,0.0,0.0,0.0,0.0,0.0,0.0,0.0,0.0,1.05523836814594,False,False,-370.0,0.0,3239654.587594372,-5.38550199029629,505212.8264405012,8.868940383288782e-06,0.000476286321082187,0.7943282347242815,0.7
nan,0.0,0.0,0.0,0.0,0.0,0.0,0.0,0.0,0.0,1.533706563943654,False,False,-368.0,0.0,3225591.131996285,-5.2817473677851305,505212.8264405012,8.868940383288782e-06,0.00048044754568071524,0.7943282347242815,0.7
nan,0.0,0.0,0.0,0.0,0.0,0.0,0.0,0.0,0.0,1.0181176495851665,False,False,-366.0,0.0,3211525.317934484,-5.177640273547174,505212.8264405012,8.868940383288782e-06,0.00048466425040915526,0.7943282347242815,0.7
nan,0.0,0.0,0.0,0.0,0.0,0.0,0.0,0.0,0.0,1.1410748600791598,False,False,-364.0,0.0,3197457.1838758704,-5.073175996552833,505212.8264405012,8.868940383288782e-06,0.0004889374170730607,0.7943282347242815,0.7
nan,0.0,0.0,0.0,0.0,0.0,0.0,0.0,0.0,0.0,1.5356588665350852,False,False,-362.0,0.0,3183386.768668168,-4.968349742191623,505212.8264405012,8.868940383288782e-06,0.0004932680491006605,0.7943282347242815,0.7
nan,0.0,0.0,0.0,0.0,0.0,0.0,0.0,0.0,0.0,0.8256888423606205,False,False,-360.0,0.0,3169314.111548321,-4.8631566304267135,505212.8264405012,8.868940383288782e-06,0.0004976571721114334,0.7943282347242815,0.7
nan,0.0,0.0,0.0,0.0,0.0,0.0,0.0,0.0,0.0,0.8659915612866348,False,False,-358.0,0.0,3155239.2521511004,-4.757591693900565,505212.8264405012,8.868940383288782e-06,0.0005021058345020236,0.7943282347242815,0.7
nan,0.0,0.0,0.0,0.0,0.0,0.0,0.0,0.0,0.0,0.7979237703407869,False,False,-356.0,0.0,3141162.230517961,-4.651649875990746,505212.8264405012,8.868940383288782e-06,0.0005066151080501013,0.7943282347242815,0.7
nan,0.0,0.0,0.0,0.0,0.0,0.0,0.0,0.0,0.0,0.6728714756839084,False,False,-354.0,0.0,3127083.0871061212,-4.545326028813873,505212.8264405012,8.868940383288782e-06,0.0005111860885367918,0.7943282347242815,0.7
nan,0.0,0.0,0.0,0.0,0.0,0.0,0.0,0.0,0.0,0.6108466494829504,False,False,-352.0,0.0,3113001.862797904,-4.438614911176232,505212.8264405012,8.868940383288782e-06,0.0005158198963883165,0.7943282347242815,0.7
nan,0.0,0.0,0.0,0.0,0.0,0.0,0.0,0.0,0.0,0.8767391045880889,False,False,-350.0,0.0,3098918.5989103224,-4.331511186469665,505212.8264405012,8.868940383288782e-06,0.000520517677337526,0.7943282347242815,0.7
nan,0.0,0.0,0.0,0.0,0.0,0.0,0.0,0.0,0.0,0.8802717080326076,False,False,-348.0,0.0,3084833.3372049388,-4.224009420510586,505212.8264405012,8.868940383288782e-06,0.0005252806031060189,0.7943282347242815,0.7
nan,0.0,0.0,0.0,0.0,0.0,0.0,0.0,0.0,0.0,0.6039679702991281,False,False,-346.0,0.0,3070746.119897978,-4.11610407932077,505212.8264405012,8.868940383288782e-06,0.0005301098721075809,0.7943282347242815,0.7
nan,0.0,0.0,0.0,0.0,0.0,0.0,0.0,0.0,0.0,0.8495026696007437,False,False,-344.0,0.0,3056656.989670746,-4.007789526847852,505212.8264405012,8.868940383288782e-06,0.0005350067101736851,0.7943282347242815,0.7
nan,0.0,0.0,0.0,0.0,0.0,0.0,0.0,0.0,0.0,0.6420424318254667,False,False,-342.0,0.0,3042565.989680313,-3.8990600226236007,505212.8264405012,8.868940383288782e-06,0.0005399723713018607,0.7943282347242815,0.7
nan,0.0,0.0,0.0,0.0,0.0,0.0,0.0,0.0,0.0,0.7745058227163925,False,False,-340.0,0.0,3028473.1635705084,-3.7899097193582905,505212.8264405012,8.868940383288782e-06,0.000545008138427726,0.7943282347242815,0.7
nan,0.0,0.0,0.0,0.0,0.0,0.0,0.0,0.0,0.0,1.108206281203275,False,False,-338.0,0.0,3014378.555483223,-3.6803326604687525,505212.8264405012,8.868940383288782e-06,0.0005501153242215478,0.7943282347242815,0.7
nan,0.0,0.0,0.0,0.0,0.0,0.0,0.0,0.0,0.0,0.7306557708549701,False,False,-336.0,0.0,3000282.210070023,-3.5703227775383204,505212.8264405012,8.868940383288782e-06,0.0005552952719102065,0.7943282347242815,0.7
nan,0.0,0.0,0.0,0.0,0.0,0.0,0.0,0.0,0.0,1.1615157961730773,False,False,-334.0,0.0,2986184.172504103,-3.4598738877063435,505212.8264405012,8.868940383288782e-06,0.0005605493561254834,0.7943282347242815,0.7
nan,0.0,0.0,0.0,0.0,0.0,0.0,0.0,0.0,0.0,1.3200815212213879,False,False,-332.0,0.0,2972084.488492566,-3.3489796909848843,505212.8264405012,8.868940383288782e-06,0.0005658789837796309,0.7943282347242815,0.7
nan,0.0,0.0,0.0,0.0,0.0,0.0,0.0,0.0,0.0,0.8872578105990238,False,False,-330.0,0.0,2957983.2042890643,-3.23763376750066,505212.8264405012,8.868940383288782e-06,0.0005712855949692153,0.7943282347242815,0.7
nan,0.0,0.0,0.0,0.0,0.0,0.0,0.0,0.0,0.0,0.8960463520958524,False,False,-328.0,0.0,2943880.3667067946,-3.1258295746592575,505212.8264405012,8.868940383288782e-06,0.0005767706639082698,0.7943282347242815,0.7
nan,0.0,0.0,0.0,0.0,0.0,0.0,0.0,0.0,0.0,1.065904029191086,False,False,-326.0,0.0,2929776.0231318735,-3.013560444229552,505212.8264405012,8.868940383288782e-06,0.0005823356998918329,0.7943282347242815,0.7
nan,0.0,0.0,0.0,0.0,0.0,0.0,0.0,0.0,0.0,1.0689226259646682,False,False,-324.0,0.0,2915670.2215370974,-2.9008195793454954,505212.8264405012,8.868940383288782e-06,0.0005879822482909933,0.7943282347242815,0.7
nan,0.0,0.0,0.0,0.0,0.0,0.0,0.0,0.0,0.0,1.1734858663533758,False,False,-322.0,0.0,2901563.0104960985,-2.7876000514225443,505212.8264405012,8.868940383288782e-06,0.0005937118915806112,0.7943282347242815,0.7
nan,0.0,0.0,0.0,0.0,0.0,0.0,0.0,0.0,0.0,0.8364625736341028,False,False,-320.0,0.0,2887454.439197921,-2.673894796986154,505212.8264405012,8.868940383288782e-06,0.0005995262504009259,0.7943282347242815,0.7
nan,0.0,0.0,0.0,0.0,0.0,0.0,0.0,0.0,0.0,0.791672458198602,False,False,-318.0,0.0,2873344.5574620175,-2.55969661440904,505212.8264405012,8.868940383288782e-06,0.00060542698465432,0.7943282347242815,0.7
nan,0.0,0.0,0.0,0.0,0.0,0.0,0.0,0.0,0.0,1.0922666109192536,False,False,-316.0,0.0,2859233.4157536924,-2.444998160554645,505212.8264405012,8.868940383288782e-06,0.0006114157946385546,0.7943282347242815,0.7
nan,0.0,0.0,0.0,0.0,0.0,0.0,0.0,0.0,0.0,0.7402966908588827,False,False,-314.0,0.0,2845121.065199996,-2.329791947323181,505212.8264405012,8.868940383288782e-06,0.0006174944222178524,0.7943282347242815,0.7
nan,0.0,0.0,0.0,0.0,0.0,0.0,0.0,0.0,0.0,1.1397820621360917,False,False,-312.0,0.0,2831007.5576060987,-2.2140703380974407,505212.8264405012,8.868940383288782e-06,0.0006236646520332535,0.7943282347242815,0.7
nan,0.0,0.0,0.0,0.0,0.0,0.0,0.0,0.0,0.0,0.5003147161024337,False,False,-310.0,0.0,2816892.9454721464,-2.09782554408466,505212.8264405012,8.868940383288782e-06,0.0006299283127537403,0.7943282347242815,0.7
nan,0.0,0.0,0.0,0.0,0.0,0.0,0.0,0.0,0.0,0.5017563307868312,False,False,-308.0,0.0,2802777.28201063,-1.9810496205512917,505212.8264405012,8.868940383288782e-06,0.0006362872783696795,0.7943282347242815,0.7
nan,0.0,0.0,0.0,0.0,0.0,0.0,0.0,0.0,0.0,0.3881181827506757,False,False,-306.0,0.0,2788660.6211642646,-1.8637344629463795,505212.8264405012,8.868940383288782e-06,0.0006427434695302081,0.7943282347242815,0.7
nan,0.0,0.0,0.0,0.0,0.0,0.0,0.0,0.0,0.0,0.9336582544858038,False,False,-304.0,0.0,2774543.0176244276,-1.7458718029107851,505212.8264405012,8.868940383288782e-06,0.0006492988549262389,0.7943282347242815,0.7
nan,0.0,0.0,0.0,0.0,0.0,0.0,0.0,0.0,0.0,1.141135461631212,False,False,-302.0,0.0,2760424.526850144,-1.6274532041672305,505212.8264405012,8.868940383288782e-06,0.0006559554527208602,0.7943282347242815,0.7
nan,0.0,0.0,0.0,0.0,0.0,0.0,0.0,0.0,0.0,0.7728336377223468,False,False,-300.0,0.0,2746305.2050876543,-1.5084700582878743,505212.8264405012,8.868940383288782e-06,0.0006627153320289549,0.7943282347242815,0.7
nan,0.0,0.0,0.0,0.0,0.0,0.0,0.0,0.0,0.0,0.9556957167705408,False,False,-298.0,0.0,2732185.1093905903,-1.3889135803348585,505212.8264405012,8.868940383288782e-06,0.0006695806144479559,0.7943282347242815,0.7
nan,0.0,0.0,0.0,0.0,0.0,0.0,0.0,0.0,0.0,1.1991220584913485,False,False,-296.0,0.0,2718064.2976407646,-1.268774804369479,505212.8264405012,8.868940383288782e-06,0.0006765534756417366,0.7943282347242815,0.7
nan,0.0,0.0,0.0,0.0,0.0,0.0,0.0,0.0,0.0,0.8717772369452667,False,False,-294.0,0.0,2703942.828569613,-1.1480445788252565,505212.8264405012,8.868940383288782e-06,0.0006836361469797171,0.7943282347242815,0.7
nan,0.0,0.0,0.0,0.0,0.0,0.0,0.0,0.0,0.0,0.5228862293968619,False,False,-292.0,0.0,2689820.761780293,-1.026713561740552,505212.8264405012,8.868940383288782e-06,0.0006908309172333668,0.7943282347242815,0.7
nan,0.0,0.0,0.0,0.0,0.0,0.0,0.0,0.0,0.0,0.8253608629615556,False,False,-290.0,0.0,2675698.1577704875,-0.9047722158452602,505212.8264405012,8.868940383288782e-06,0.0006981401343323611,0.7943282347242815,0.7
nan,0.0,0.0,0.0,0.0,0.0,0.0,0.0,0.0,0.0,1.2100370791990276,False,False,-288.0,0.0,2661575.0779559147,-0.7822108034969762,505212.8264405012,8.868940383288782e-06,0.0007055662071827728,0.7943282347242815,0.7
nan,0.0,0.0,0.0,0.0,0.0,0.0,0.0,0.0,0.0,0.5978327008017088,False,False,-286.0,0.0,2647451.5846945914,-0.6590193814607114,505212.8264405012,8.868940383288782e-06,0.0007131116075497601,0.7943282347242815,0.7
nan,0.0,0.0,0.0,0.0,0.0,0.0,0.0,0.0,0.0,0.8855135395365965,False,False,-284.0,0.0,2633327.7413118547,-0.5351877955272039,505212.8264405012,8.868940383288782e-06,0.0007207788720073451,0.7943282347242815,0.7
nan,0.0,0.0,0.0,0.0,0.0,0.0,0.0,0.0,0.0,0.9470298558610956,False,False,-282.0,0.0,2619203.612126193,-0.4107056749635521,505212.8264405012,8.868940383288782e-06,0.0007285706039579672,0.7943282347242815,0.7
nan,0.0,0.0,0.0,0.0,0.0,0.0,0.0,0.0,0.0,0.6838020121254321,False,False,-280.0,0.0,2605079.2624759,-0.28556242679041977,505212.8264405012,8.868940383288782e-06,0.0007364894757246353,0.7943282347242815,0.7
nan,0.0,0.0,0.0,0.0,0.0,0.0,0.0,0.0,0.0,0.7425952231050471,False,False,-278.0,0.0,2590954.7587465867,-0.15974722987959503,505212.8264405012,8.868940383288782e-06,0.0007445382307186203,0.7943282347242815,0.7
nan,0.0,0.0,0.0,0.0,0.0,0.0,0.0,0.0,0.0,0.7817399862599304,False,False,-276.0,0.0,2576830.1683995924,-0.033249028865070494,505212.8264405012,8.868940383288782e-06,0.0007527196856857557,0.7943282347242815,0.7
nan,0.0,0.0,0.0,0.0,0.0,0.0,0.0,0.0,0.0,0.9397851926946015,False,False,-274.0,0.0,2562705.5600013086,0.09394347213877705,494874.77578464535,1.1252583444060024e-05,0.000761036733034571,0.7943282347242815,0.7
nan,0.0,0.0,0.0,0.0,0.0,0.0,0.0,0.0,0.0,0.9485809978090817,False,False,-272.0,0.0,2548581.0032534725,0.22184181601902128,481147.0582743518,1.543580975377368e-05,0.0007694923432496009,0.7943282347242815,0.7
nan,0.0,0.0,0.0,0.0,0.0,0.0,0.0,0.0,0.0,1.315878268105295,False,False,-270.0,0.0,2534456.5690244534,0.3504577993537379,467744.6166794964,2.101618260118452e-05,0.0007780895673933909,0.7943282347242815,0.7
nan,0.0,0.0,0.0,0.0,0.0,0.0,0.0,0.0,0.0,1.0725604533349715,False,False,-268.0,0.0,2520332.3293815693,0.47980347931628603,454670.89731661696,2.8398213951832692e-05,0.0007868315397008659,0.7943282347242815,0.7
nan,0.0,0.0,0.0,0.0,0.0,0.0,0.0,0.0,0.0,1.101590842555955,False,False,-266.0,0.0,2506208.357624482,0.6098911808030434,441928.4753969317,3.8081605176487885e-05,0.0007957214802698959,0.7943282347242815,0.7
nan,0.0,0.0,0.0,0.0,0.0,0.0,0.0,0.0,0.0,0.9494782054146103,False,False,-264.0,0.0,2492084.7283197073,0.7407335037921942,429519.0400280684,5.0676848575054185e-05,0.0008047626978520719,0.7943282347242815,0.7
nan,0.0,0.0,0.0,0.0,0.0,0.0,0.0,0.0,0.0,0.9695346025534212,False,False,-262.0,0.0,2477961.517336276,0.8723433309426523,417443.3897781929,6.69215670922831e-05,0.0008139585927479007,0.7943282347242815,0.7
nan,0.0,0.0,0.0,0.0,0.0,0.0,0.0,0.0,0.0,1.3748219424291985,False,False,-260.0,0.0,2463838.8018826083,1.0047338354419413,405701.4388010175,8.769717669229473e-05,0.000823312659810787,0.7943282347242815,0.7
nan,0.0,0.0,0.0,0.0,0.0,0.0,0.0,0.0,0.0,1.6646399861466017,False,False,-258.0,0.0,2449716.6605446306,1.1379184891127243,394292.23323441483,0.00011404537239480448,0.000832828491564426,0.7943282347242815,0.7
nan,0.0,0.0,0.0,0.0,0.0,0.0,0.0,0.0,0.0,1.1846929941917212,False,False,-256.0,0.0,2435595.1733251917,1.2719110707870935,383213.9773155319,0.00014718387302330692,0.0008425097814383911,0.7943282347242815,0.7
nan,0.0,0.0,0.0,0.0,0.0,0.0,0.0,0.0,0.0,1.6821759522769288,False,False,-254.0,0.0,2421474.4216848365,1.4067256749598147,372464.0684155263,0.00018852081814345263,0.0008523603271269641,0.7943282347242815,0.7
nan,0.0,0.0,0.0,0.0,0.0,0.0,0.0,0.0,0.0,1.1064085157466523,False,False,-252.0,0.0,2407354.4885839727,1.5423767207301124,362039.1399946708,0.0002396671988687099,0.0008623840340764721,0.7943282347242815,0.7
nan,0.0,0.0,0.0,0.0,0.0,0.0,0.0,0.0,0.0,1.0312454061231386,False,False,-250.0,0.0,2393235.4585265075,1.6788789610438775,351935.1113243467,0.0003024467254051707,0.0008725849191066476,0.7943282347242815,0.7
nan,0.0,0.0,0.0,0.0,0.0,0.0,0.0,0.0,0.0,1.375086914121953,False,False,-248.0,0.0,2379117.417604996,1.816247492247706,342147.2427175557,0.0003789025890458545,0.0008829671141717886,0.7943282347242815,0.7
nan,0.0,0.0,0.0,0.0,0.0,0.0,0.0,0.0,0.0,0.9614530410746659,False,False,-246.0,0.0,2365000.453547371,1.954497763966416,332670.1949566357,0.00047130066270899984,0.0008935348702677722,0.7943282347242815,0.7
nan,0.0,0.0,0.0,0.0,0.0,0.0,0.0,0.0,0.0,1.174953139158863,False,False,-244.0,0.0,2350884.6557653192,2.093645589317356,323498.09160280594,0.0005821287973856621,0.0009042925614912532,0.7943282347242815,0.7
nan,0.0,0.0,0.0,0.0,0.0,0.0,0.0,0.0,0.0,0.6780740229967362,False,False,-242.0,0.0,2336770.1154043623,2.2337071554739136,314624.58291329513,0.00071409200523322,0.0009152446892576943,0.7943282347242815,0.7
nan,0.0,0.0,0.0,0.0,0.0,0.0,0.0,0.0,0.0,0.8820734120538958,False,False,-240.0,0.0,2322656.925395724,2.3746990345926404,306042.9101697874,0.0008701034653172888,0.0009263958866851793,0.7943282347242815,0.7
nan,0.0,0.0,0.0,0.0,0.0,0.0,0.0,0.0,0.0,0.6794024573459357,False,False,-238.0,0.0,2308545.1805100455,2.5166381951178245,297745.9693320358,0.0010532714362518536,0.0009377509231513036,0.7943282347242815,0.7
nan,0.0,0.0,0.0,0.0,0.0,0.0,0.0,0.0,0.0,1.0903635069114872,False,False,-236.0,0.0,2294434.977413033,2.659542013478701,289726.3730598459,0.0012668823025541885,0.0009493147090307876,0.7943282347242815,0.7
nan,0.0,0.0,0.0,0.0,0.0,0.0,0.0,0.0,0.0,1.1505666888855575,False,False,-234.0,0.0,2280326.4147231206,2.803428286194872,281976.5102922625,0.0015143801105078868,0.0009610923006218075,0.7943282347242815,0.7
nan,0.0,0.0,0.0,0.0,0.0,0.0,0.0,0.0,0.0,0.9745686440817906,False,False,-232.0,0.0,2266219.5930712163,2.9483152424063794,274488.60272203403,0.001799343058413022,0.0009730889052694684,0.7943282347242815,0.7
nan,0.0,0.0,0.0,0.0,0.0,0.0,0.0,0.0,0.0,1.285303603267799,False,False,-230.0,0.0,2252114.6151626403,3.094221556845272,267254.75765329675,0.0021254574906870707,0.0009853098866952046,0.7943282347242815,0.7
nan,0.0,0.0,0.0,0.0,0.0,0.0,0.0,0.0,0.0,0.5583913367699823,False,False,-228.0,0.0,2238011.5858413335,3.241166363266557,260267.0168730263,0.002496490002848202,0.00099776077054135,0.7943282347242815,0.7
nan,0.0,0.0,0.0,0.0,0.0,0.0,0.0,0.0,0.0,1.0584394312466305,False,False,-226.0,0.0,2223910.612156436,3.389169268357465,253517.40129893285,0.0029162582943328052,0.001010447250140574,0.7943282347242815,0.7
nan,0.0,0.0,0.0,0.0,0.0,0.0,0.0,0.0,0.0,0.8862022075554732,False,False,-224.0,0.0,2209811.8034313396,3.538250366143889,246997.95128507543,0.00338860140948652,0.001023375192520331,0.7943282347242815,0.7
nan,0.0,0.0,0.0,0.0,0.0,0.0,0.0,0.0,0.0,0.948737909984647,False,False,-222.0,0.0,2195715.2713353164,3.688430252915005,240700.7625690528,0.0039173499865037785,0.001036550644653001,0.7943282347242815,0.7
nan,0.0,0.0,0.0,0.0,0.0,0.0,0.0,0.0,0.0,0.8712542660004045,False,False,-220.0,0.0,2181621.129957837,3.8397300426866483,234618.01793152312,0.004506297093089586,0.0010499798399628937,0.7943282347242815,0.7
nan,0.0,0.0,0.0,0.0,0.0,0.0,0.0,0.0,0.0,0.6747006049920393,False,False,-218.0,0.0,2167529.4958856953,3.9921713832266077,228742.01470877518,0.005159170170466845,0.0010636692051018734,0.7943282347242815,0.7
nan,0.0,0.0,0.0,0.0,0.0,0.0,0.0,0.0,0.0,1.3760493604230224,False,False,-216.0,0.0,2153440.4882830586,4.145776472664034,223065.1883542748,0.005879604538416893,0.0010776253670059105,0.7943282347242815,0.7
nan,0.0,0.0,0.0,0.0,0.0,0.0,0.0,0.0,0.0,1.334318119573812,False,False,-214.0,0.0,2139354.2289745747,4.30056807670816,217580.1322854283,0.006671118837810611,0.0010918551602455081,0.7943282347242815,0.7
nan,0.0,0.0,0.0,0.0,0.0,0.0,0.0,0.0,0.0,1.4136368601208866,False,False,-212.0,0.0,2125270.842531674,4.456569546501538,212279.61427965562,0.007537092707570954,0.0011063656346835692,0.7943282347242815,0.7
nan,0.0,0.0,0.0,0.0,0.0,0.0,0.0,0.0,0.0,1.2951203722965297,False,False,-210.0,0.0,2111190.4563621935,4.613804837134045,207156.58970067182,0.008480746913774878,0.001121164063454981,0.7943282347242815,0.7
nan,0.0,0.0,0.0,0.0,0.0,0.0,0.0,0.0,0.0,1.6789236380541428,False,False,-208.0,0.0,2097113.2008034906,4.772298526846238,202204.2118431002,0.00950512607265076,0.001136257951282863,0.7943282347242815,0.7
nan,0.0,0.0,0.0,0.0,0.0,0.0,0.0,0.0,0.0,1.56590052522831,False,False,-206.0,0.0,2083039.20921919,4.932075836950832,197415.83968337352,0.010613084038779634,0.0011516550431472095,0.7943282347242815,0.7
nan,0.0,0.0,0.0,0.0,0.0,0.0,0.0,0.0,0.0,1.0866487356412555,False,False,-204.0,0.0,2068968.6180997265,5.093162652502771,192785.04331841588,0.011807271966576275,0.0011673633333224487,0.7943282347242815,0.7
nan,0.0,0.0,0.0,0.0,0.0,0.0,0.0,0.0,0.0,1.0259812045988936,False,False,-202.0,0.0,2054901.5671668644,5.255585543750231,188305.6073625121,0.013090128998124902,0.0011833910748012323,0.7943282347242815,0.7
nan,0.0,0.0,0.0,0.0,0.0,0.0,0.0,0.0,0.0,0.8432677818009159,False,False,-200.0,0.0,2040838.199482366,5.419371788399808,183971.53255848662,0.014463875484124382,0.0011997467891226923,0.7943282347242815,0.7
nan,0.0,0.0,0.0,0.0,0.0,0.0,0.0,0.0,0.0,0.6590574358293388,False,False,-198.0,0.0,2026778.6615610041,5.58454939473116,179777.03584234804,0.015930508607263586,0.0012164392766242883,0.7943282347242815,0.7
nan,0.0,0.0,0.0,0.0,0.0,0.0,0.0,0.0,0.0,1.4424912785503667,False,False,-196.0,0.0,2012723.1034881144,5.751147125597636,175716.54908252458,0.01749180024833739,0.0012334776271373487,0.7943282347242815,0.7
nan,0.0,0.0,0.0,0.0,0.0,0.0,0.0,0.0,0.0,0.8409180291168188,False,False,-194.0,0.0,1998671.6790419007,5.91919452335176,171784.7166959607,0.01914929691438043,0.0012508712311474213,0.7943282347242815,0.7
nan,0.0,0.0,0.0,0.0,0.0,0.0,0.0,0.0,0.0,0.9346848245262919,False,False,-192.0,0.0,1984624.545820716,6.08872193573562,167976.39232430173,0.020904321534323148,0.0012686297914416191,0.7943282347242815,0.7
nan,0.0,0.0,0.0,0.0,0.0,0.0,0.0,0.0,0.0,0.6943368047493953,False,False,-190.0,0.0,1970581.8653755418,6.25976054277843,164286.63473509642,0.022757976920109176,0.0012867633352662807,0.7943282347242815,0.7
nan,0.0,0.0,0.0,0.0,0.0,0.0,0.0,0.0,0.0,0.7687704258086296,False,False,-188.0,0.0,1956543.803347925,6.4323423847461285,160710.70309474692,0.024711150689357014,0.0013052822270194283,0.7943282347242815,0.7
nan,0.0,0.0,0.0,0.0,0.0,0.0,0.0,0.0,0.0,0.8406626568197836,False,False,-186.0,0.0,1942510.5296136194,6.606500391188745,157244.05174341824,0.026764521448032097,0.0013241971815037604,0.7943282347242815,0.7
nan,0.0,0.0,0.0,0.0,0.0,0.0,0.0,0.0,0.0,0.8579685633828386,False,False,-184.0,0.0,1928482.218432204,6.782268411134655,153882.32458593132,0.028918566038022932,0.0013435192777672322,0.7943282347242815,0.7
nan,0.0,0.0,0.0,0.0,0.0,0.0,0.0,0.0,0.0,0.8372704765218794,False,False,-182.0,0.0,1914459.0486029726,6.959681244483001,150621.34919849006,0.031173567663396826,0.001363259973559612,0.7943282347242815,0.7
nan,0.0,0.0,0.0,0.0,0.0,0.0,0.0,0.0,0.0,0.9954684382004947,False,False,-180.0,0.0,1900441.203627381,7.138774674647141,147457.13073730475,0.033529624720595515,0.0013834311204348941,0.7943282347242815,0.7
nan,0.0,0.0,0.0,0.0,0.0,0.0,0.0,0.0,0.0,0.898306722548315,False,False,-178.0,0.0,1886428.8718783844,7.319585502506175,144385.84572330012,0.03598666017043889,0.0014040449795309055,0.7943282347242815,0.7
nan,0.0,0.0,0.0,0.0,0.0,0.0,0.0,0.0,0.0,0.88606866277764,False,False,-176.0,0.0,1872422.2467769901,7.502151581722846,141403.83576620196,0.03854443130342386,0.0014251142380590652,0.7943282347242815,0.7
nan,0.0,0.0,0.0,0.0,0.0,0.0,0.0,0.0,0.0,0.8646603161315044,False,False,-174.0,0.0,1858421.5269763789,7.686511855489572,138507.6012812865,0.041202539764115455,0.0014466520265389133,0.7943282347242815,0.7
nan,0.0,0.0,0.0,0.0,0.0,0.0,0.0,0.0,0.0,0.9940792071756114,False,False,-172.0,0.0,1844426.9165539725,7.872706394767995,135693.79524363525,0.04396044171444919,0.0014686719368137541,0.7943282347242815,0.7
nan,0.0,0.0,0.0,0.0,0.0,0.0,0.0,0.0,0.0,0.7858258854817471,False,False,-170.0,0.0,1830438.6252118319,8.06077643808941,132959.2170169684,0.046817458029782426,0.0014911880408855994,0.7943282347242815,0.7
nan,0.0,0.0,0.0,0.0,0.0,0.0,0.0,0.0,0.0,1.1570224128868176,False,False,-168.0,0.0,1816456.8684858074,8.250764432987731,130300.80628744213,0.04977278443495358,0.0015142149106095047,0.7943282347242815,0.7
nan,0.0,0.0,0.0,0.0,0.0,0.0,0.0,0.0,0.0,0.8654640682979011,False,False,-166.0,0.0,1802481.8679638728,8.442714079139929,127715.63712678937,0.05282550150054305,0.001537767638289393,0.7943282347242815,0.7
nan,0.0,0.0,0.0,0.0,0.0,0.0,0.0,0.0,0.0,0.7124646477894495,False,False,-164.0,0.0,1788513.8515141082,8.636670373292032,125200.91220438338,0.05597458443119894,0.001561861858219544,0.7943282347242815,0.7
nan,0.0,0.0,0.0,0.0,0.0,0.0,0.0,0.0,0.0,1.4705862383063357,False,False,-162.0,0.0,1774553.0535228138,8.832679656053601,122753.95716295122,0.05921891258950143,0.001586513769218135,0.7943282347242815,0.7
nan,0.0,0.0,0.0,0.0,0.0,0.0,0.0,0.0,0.0,0.9921080418258814,False,False,-160.0,0.0,1760599.7151432766,9.030789660646843,120372.21516939621,0.06255727870843764,0.0016117401582014634,0.7943282347242815,0.7
nan,0.0,0.0,0.0,0.0,0.0,0.0,0.0,0.0,0.0,0.7066131177211669,False,False,-158.0,0.0,1746654.084555727,9.231049563701053,118053.24164851186,0.06598839775532342,0.0016375584248498865,0.7943282347242815,0.7
nan,0.0,0.0,0.0,0.0,0.0,0.0,0.0,0.0,0.0,0.5383700268602747,False,False,-156.0,0.0,1732716.4172390634,9.433510038187919,115794.6992049001,0.06951091541800186,0.001663986607418976,0.7943282347242815,0.7
nan,0.0,0.0,0.0,0.0,0.0,0.0,0.0,0.0,0.0,0.666284742638443,False,False,-154.0,0.0,1718786.976254949,9.638223308596928,113594.35273601161,0.07312341619163565,0.0016910434097519567,0.7943282347242815,0.7
nan,0.0,0.0,0.0,0.0,0.0,0.0,0.0,0.0,0.0,1.0514958821632145,False,False,-152.0,0.0,1704866.0325449277,9.845243208456436,111450.06473732088,0.07682443105089372,0.0017187482295521707,0.7943282347242815,0.7
0.2200652116987498,4.665209418163917e-06,1.0266502982272437e-06,3.735536519134007e-12,372.4885256414975,81.97176625065134,0.0,0.0,3.91555354189651e-05,2.665219300286552e-05,0.6806749727129628,False,True,-150.0,0.0,1690953.8652412337,10.054625240309692,109359.79079899767,0.08061244469810652,0.001747121187977057,0.7943282347242815,0.7
0.2254048105333725,4.549565342968167e-06,1.0254939141409375e-06,3.613922024150744e-12,363.25505138391685,81.87943603248227,0.0,0.0,4.17195907721367e-05,2.549574692271295e-05,0.6111216924913083,False,True,-148.0,0.0,1677050.7619920112,10.266426638261535,107321.57529216942,0.08448590238282264,0.0017761831606180455,0.7943282347242815,0.7
0.18677740440049947,5.5436823326878626e-06,1.0354345969203451e-06,4.668008616085393e-12,442.62923132407286,82.67313893849858,0.0,0.0,4.440579925195791e-05,3.54369669895089e-05,0.7980256540016322,False,True,-146.0,0.0,1663157.019301717,10.480706433216705,105333.54724183914,0.08844321629232606,0.001805955809933636,0.7943282347242815,0.7
0.21456192063276322,4.7907163733883025e-06,1.0279053062810202e-06,3.867822727237098e-12,382.50949072985236,82.07197099125726,0.0,0.0,4.7218342371886485e-05,2.7907268489059712e-05,0.5910260099616612,False,True,-144.0,0.0,1649272.9428874862,10.697525520936466,103393.91638251755,0.09248277151652433,0.0018364616192060612,0.7943282347242815,0.7
0.17507386087538854,5.936721754777118e-06,1.0393647985517417e-06,5.090155535668189e-12,474.0110325960579,82.9869415741215,0.0,0.0,5.016155985859126e-05,3.9367383771787946e-05,0.7848117937872585,False,True,-142.0,0.0,1635398.848052341,10.916946733046858,101500.96939219633,0.09660293159313173,0.0018677239280949698,0.7943282347242815,0.7
0.15333082524421224,6.8373089881124484e-06,1.0483702295969514e-06,6.068971803114521e-12,545.9174317923149,83.70597033191659,0.0,0.0,5.323995919393355e-05,4.837331362615427e-05,0.9085903587932537,False,True,-140.0,0.0,1621535.0600761184,11.139034911138033,99653.0662994885,0.1008020436420708,0.0018997669698648234,0.7943282347242815,0.7
0.13972497410679657,7.554418839389473e-06,1.0555409767255903e-06,6.859857797907808e-12,603.174280795741,84.27851076607055,0.0,0.0,5.645822554198858e-05,5.554446374154516e-05,0.9838152582432147,False,True,-138.0,0.0,1607681.91462509,11.363856984100691,97848.63705867542,0.1050784430993767,0.0019326159103658814,0.7943282347242815,0.7
0.13916485027895723,7.587178478997654e-06,1.055868557069435e-06,6.896230944519026e-12,605.7899382645542,84.30466605908542,0.0,0.0,5.982123208145536e-05,5.587206261781211e-05,0.933983816009241,False,True,-136.0,0.0,1593839.7581812683,11.591482048853207,96086.17828688421,0.1094304580629351,0.001966296888852029,0.7943282347242815,0.7
0.16333735832949114,6.391119352944159e-06,1.0439085518783857e-06,5.582016921605012e-12,510.2919100926341,83.34973257144107,0.0,0.0,6.333405076536308e-05,4.391138776233803e-05,0.6933298475573402,False,True,-134.0,0.0,1580008.9484924914,11.821981454620245,94364.25015754276,0.11385641326336965,0.002000837060721924,0.7943282347242815,0.7
0.18588978032753062,5.571658330917953e-06,1.0357143431943942e-06,4.697955335718176e-12,444.8629441973905,82.69547497271144,0.0,0.0,6.700196353144458e-05,3.57167285266322e-05,0.5330698780173814,False,True,-132.0,0.0,1566189.8550443936,12.055428890929926,92681.4734442571,0.11835463367398023,0.0020362646422734075,0.7943282347242815,0.7
0.08660932961514912,1.279210021532865e-05,1.1079152240194193e-06,1.2945169230123647e-11,1021.3712015829236,88.46027505731637,0.0,0.0,7.083047398840558e-05,0.00010792181034939707,1.523663534527004,False,True,-130.0,0.0,1552382.859555495,12.291900479507488,91036.52670899646,0.122923447774761,0.002072608957564291,0.7943282347242815,0.7
0.13819151929224593,7.64478609398135e-06,1.056444604991517e-06,6.9602444266870994e-12,610.3895550550573,84.35065997317635,0.0,0.0,7.482531960452213e-05,5.644814315506824e-05,0.7543989581790808,False,True,-128.0,0.0,1538588.3564966575,12.531474870247846,89428.14362873082,0.12756119048525447,0.00210990048747607,0.7943282347242815,0.7
0.12073857689924819,8.849636514348007e-06,1.0684925188180015e-06,8.31413093560506e-12,706.5895144724301,85.31261242933195,0.0,0.0,7.899248442669066e-05,6.849674672611581e-05,0.8671299203114005,False,True,-126.0,0.0,1524806.7536362777,12.774233341461136,87855.11045456611,0.13226620578152332,0.002148170921080168,0.7943282347242815,0.7
0.10459166500559046,1.0360272370768669e-05,1.0835981371701111e-06,1.0052238990653565e-11,827.2045764133735,86.51870394731893,0.0,0.0,8.333821235936319e-05,8.360325038760478e-05,1.0031802701394497,False,True,-124.0,0.0,1511038.4726126434,13.020259904592015,86316.26359761253,0.13703684901222118,0.0021874532094094817,0.7943282347242815,0.7
0.1194214347237046,8.956162053180108e-06,1.0695577220087685e-06,8.435216336432126e-12,715.0949292022049,85.39766240897329,0.0,0.0,8.786902103429134e-05,6.956201159838269e-05,0.7916557027673696,False,True,-122.0,0.0,1497283.9495349696,13.269641413624164,84810.48733588432,0.14187148892872006,0.002227781621740871,0.7943282347242815,0.7
0.10821998943221446,9.977557589426607e-06,1.0797711768870587e-06,9.60762123667768e-12,796.6471347499254,86.21314450384087,0.0,0.0,9.259171630315267e-05,7.977606365584762e-05,0.8615896415037219,False,True,-120.0,0.0,1483543.6356147393,13.522467679388612,83336.71163678105,0.14676850944360254,0.002269191804496863,0.7943282347242815,0.7
0.12186385234931901,8.76061548671334e-06,1.067602352161992e-06,8.21311489364775e-12,699.4817282269462,85.24153804969505,0.0,0.0,9.751340738669152e-05,6.760652861128651e-05,0.6933049559348425,False,True,-118.0,0.0,1469817.9978290396,13.77883158900647,81893.9100897162,0.15172631113186116,0.0023117208428772937,0.7943282347242815,0.7
0.13977280004599016,7.5516347751500115e-06,1.0555131374473884e-06,6.856767620965523e-12,602.9519902422214,84.27628796945783,0.0,0.0,0.00010264152271479642,5.551662288886785e-05,0.5408787927194768,False,True,-116.0,0.0,1456107.5196177317,14.03882923070465,80481.09794384663,0.15674331248795317,0.002355407325333472,0.7943282347242815,0.7
0.08014806325209987,1.3970359252786089e-05,1.1196972370468582e-06,1.4388951262707194e-11,1115.448001217574,89.40099695601451,0.0,0.0,0.00010798382649360808,0.00011970455839163126,1.108541549958104,False,True,-114.0,0.0,1442412.7016163596,14.302560024253536,79097.33024577782,0.1618179509521565,0.0024002914109990687,0.7943282347242815,0.7
0.04732891740735529,2.6252773833373613e-05,1.242515364473718e-06,3.1076038333411474e-11,2096.123912705655,99.20727554002838,6.921328756607318e-07,55.31660992597771,0.00011354843603604118,0.00024253117443471248,2.135927036086443,False,True,-112.0,55.31660992597771,1428734.0624268572,14.570126857286288,77741.7000726466,0.16694868371789348,0.0024464149001927385,0.7943282347242815,0.7
0.07487462277860422,1.5105954317787509e-05,1.1310526312551675e-06,1.5806468710044275e-11,1206.118342797785,90.30765594333941,0.0,0.0,0.00011934383989381135,0.00013106067413863788,1.098177117941335,False,True,-110.0,110.63321985195542,1415072.1394282074,14.841636227768317,76413.3368558164,0.17213398833227822,0.002493821308107774,0.7943282347242815,0.7
0.07889652203844963,1.4224136301412956e-05,1.1222348831823387e-06,1.4703515380012042e-11,1135.7105511294012,89.60361252648059,0.0,0.0,0.0001253789168290333,0.00012224236465398363,0.9749834162363463,False,True,-108.0,110.63321985195542,1401427.4896293697,15.117198392896556,75111.4047909466,0.17737236310026883,0.0025425559418032866,0.7943282347242815,0.7
0.051002956708970794,2.3900441759274487e-05,1.2189931963735544e-06,2.764886189227077e-11,1908.3045400770966,97.32917384508458,0.0,0.0,0.0001316629556644556,0.00021900726379382938,1.6633931897440586,False,True,-106.0,110.63321985195542,1387800.6905669088,15.396927524718404,73835.10133019854,0.18266232730276472,0.0025926659806098035,0.7943282347242815,0.7
0.06758314156899038,1.70187336799132e-05,1.1501794876145186e-06,1.8251840841773827e-11,1358.8421115747283,91.83481879646068,0.0,0.0,0.0001382056760516399,0.00015018877500203677,1.086704824958994,False,True,-104.0,110.63321985195542,1374192.3412499188,15.680941872768845,72583.65575257836,0.1880024212381136,0.0026442005600591256,0.7943282347242815,0.7
0.08541940606098208,1.2993925226346119e-05,1.1099333752352977e-06,1.3190524884962732e-11,1037.4856980723573,88.62141212610416,0.0,0.0,0.00014501725019629708,0.00010994008648123162,0.7581173021307148,False,True,-102.0,110.63321985195542,1360603.0631549994,15.969363934035696,71356.3278086608,0.19339120609553037,0.0026972108594438236,0.7943282347242815,0.7
0.06622832051913781,1.7428796393645393e-05,1.1542799138211402e-06,1.8785511184325284e-11,1391.5831188838429,92.1622128264606,0.0,0.0,0.00015210832557982978,0.00015428947276881354,1.014339433299718,False,True,-100.0,110.63321985195542,1347033.501274195,16.26232063057043,70152.40643608195,0.19882726366834103,0.002751750193105644,0.7943282347242815,0.7
0.05125461251695314,2.37546492484041e-05,1.2175353427030842e-06,2.7440058617388276e-11,1896.663897062821,97.21277311884919,0.0,0.0,0.00015949004871548472,0.00021754930394552084,1.3640305818302707,False,True,-98.0,110.63321985195542,1333484.3252190035,16.559943495071828,68971.20854237028,0.20430919591423521,0.002807874105543713,0.7943282347242815,0.7
0.07095440628658184,1.6077469566798322e-05,1.1407673077027632e-06,1.7039438597666552e-11,1283.687911557829,91.08331362184794,0.0,0.0,0.00016717408997611518,0.0001407759781069677,0.8420920857238159,False,True,-96.0,110.63321985195542,1319956.230383739,16.862368864777928,67812.07785194056,0.20983562436860856,0.002865640470422847,0.7943282347242815,0.7
0.049123865081130494,2.5048348732290435e-05,1.2304717036301413e-06,2.9307590777900725e-11,1999.9579124396578,98.24566265862514,1.4625847837808573e-07,11.689262974373447,0.0001751726695294502,0.00023048661447415585,1.3157681223520215,False,True,-94.0,122.32248282632887,1306449.9391717294,17.169738084006752,66674.3838140826,0.215405189417092,0.0029251095935488047,0.7943282347242815,0.7
0.046638843534080245,2.6747224784754507e-05,1.2474596317070386e-06,3.181035306602151e-11,2135.602806228594,99.60204513063809,9.192668108771288e-07,73.46959721663843,0.00018349858441356112,0.00024747581498149254,1.3486524474965014,False,True,-92.0,207.48134301734075,1292966.202288063,17.482197715695126,65557.52056918414,0.22101654943152318,0.002986344319860375,0.7943282347242815,0.7
0.03859326397335667,3.427323641813621e-05,1.322716060306392e-06,4.358492937152345e-11,2736.508944839285,105.61081207363426,4.545741938740488e-06,363.3045654845081,0.00019216523678280484,0.00032273822758922924,1.6794828918718778,False,True,-90.0,644.2555057184873,1279505.8001027869,17.799899762286124,64460.9059703871,0.22666837977380552,0.0030494101444678424,0.7943282347242815,0.7
0.04238380650575133,3.026159576540031e-05,1.2826016194759906e-06,3.7169067220336775e-11,2416.203899941816,102.40791857357569,2.5774111553016204e-06,205.99172862664267,0.00020118666335033807,0.00028262052656726486,1.4047677011031354,False,True,-88.0,1213.551799829638,1266069.5440887292,18.123001896320403,63383.98065808679,0.23235937167117074,0.0031143753277420505,0.7943282347242815,0.7
0.0482437975076629,2.562475480298162e-05,1.2362354818985577e-06,3.01503392334437e-11,2045.980422513186,98.70586520836875,4.061452971448209e-07,32.45992462644266,0.00021057756604776434,0.0002362508212261906,1.1219182824660576,False,True,-86.0,1452.0034530827234,1252658.2783383455,18.451667701085455,62326.20718493126,0.23808823096513831,0.0031813110144282403,0.7943282347242815,0.7
0.06378248669511281,1.8221388071368382e-05,1.1622054422285413e-06,1.9826455524425287e-11,1454.8667314739398,92.79501794339885,0.0,0.0,0.00022035334391650726,0.00016221553082875983,0.7361609674061671,False,True,-84.0,1484.463377709166,1239272.8811642502,18.78606692167456,61287.069189021626,0.24385367673625524,0.0032502913567226434,0.7943282347242815,0.7
0.05285065402666397,2.2869879258925543e-05,1.208688076345052e-06,2.6181922890694627e-11,1826.0204083419185,96.50637284690639,0.0,0.0,0.0002305301262378736,0.00020870139778600823,0.9053107339674066,False,True,-82.0,1484.463377709166,1225914.266788383,19.126375726802255,60266.0706131237,0.24965443980620777,0.0033213936412067064,0.7943282347242815,0.7
0.04090621572197673,3.170834506989552e-05,1.2970684036160234e-06,3.9446131463619423e-11,2531.7180102636576,103.56300307505889,3.2791630641239075e-06,262.0771104517371,0.00024112480689844002,0.0002970884679009536,1.232094166180442,False,True,-80.0,1746.5404881609031,1212583.387125027,19.47277698171191,59262.734968001954,0.2554892611172926,0.003394698419482935,0.7943282347242815,0.7
0.05598063530165274,2.1313103660832895e-05,1.1931210831834061e-06,2.4005831226205186e-11,1701.7213693683552,95.26344336363898,0.0,0.0,0.00025215507997681076,0.00019313329788253253,0.7659306245200131,False,True,-78.0,2008.6175986126402,1199281.2336632144,19.825460532498248,58276.60463792108,0.26135688998961426,0.0034702896422962076,0.7943282347242815,0.7
0.04295690735411608,2.973537259248346e-05,1.2773396455954345e-06,3.6351114176013584e-11,2374.1881882622893,101.98778204441986,2.324709369344974e-06,185.79530881633198,0.00026363947652338117,0.00027735813697438524,1.052035683850963,False,True,-76.0,2194.412907428972,1186008.8394543475,20.184623502146536,57307.24022661343,0.2672560822550035,0.003548254796853927,0.7943282347242815,0.7
0.041228462944435766,3.138115106674534e-05,1.2937966239090511e-06,3.8927528396200045e-11,2505.593564197501,103.3017714153334,3.119596582798335e-06,249.32424591496547,0.000275597402488458,0.00029381642465367195,1.0661073798254572,False,True,-74.0,2629.5324621602695,1172767.2812112116,20.5504705985658,56354.219942089,0.27318559826619815,0.0036286850469757267,0.7943282347242815,0.7
0.042364312327116106,3.027982312695507e-05,1.282783884160158e-06,3.719749779618991e-11,2417.659243619515,102.42247129723643,2.5861895150026996e-06,206.69331226245967,0.00028804917773468723,0.0002828028057005311,0.981786540494872,False,True,-72.0,3085.5500203376946,1159557.6815248698,20.92321443485796,55417.13901876073,0.27914420077928437,0.0037116753756072517,0.7943282347242815,0.7
0.033919939481050224,4.096918455434173e-05,1.389672260671249e-06,5.5003677054065113e-11,3271.1395745632462,110.95685640325368,7.957799294457571e-06,636.0028470263065,0.00030101607604641334,0.00038970022814305207,1.2946159994556723,False,True,-70.0,3928.2461796264606,1146381.2112062962,21.303075862024723,54495.60917551162,0.2851306527064768,0.0037973247291204467,0.7943282347242815,0.7
0.039548410721985235,3.316537895027564e-05,1.3116380284757845e-06,4.178127078852376e-11,2648.053281259081,104.72629878093483,3.995394476306647e-06,319.3197224380883,0.00031452036602182043,0.00031165927933615733,0.9909033341088488,False,True,-68.0,4883.568749090856,1133239.0917599443,21.69028431425964,53589.25810837855,0.29114371473602046,0.0038857361626928742,0.7943282347242815,0.7
0.030363723815109857,4.812365942303674e-05,1.4612135036934964e-06,6.818543676024228e-11,3842.380767981782,116.66898843148853,1.1722704792412885e-05,936.9014405799644,0.00032858535270153936,0.00046124816403485193,1.403739272741755,False,True,-66.0,6139.7899121089085,1120132.597996822,22.085078166910417,52697.729016689205,0.29718214281497773,0.003977016985908203,0.7943282347242815,0.7
0.029092718780546797,5.1327176135572393e-05,1.4932471011118003e-06,7.441627985785572e-11,4098.162043839263,119.22667585852658,1.3436992697564929e-05,1073.910674911726,0.0003432354197505011,0.0004932849242015194,1.4371620637523068,False,True,-64.0,8150.602027600598,1107063.0607950154,22.487705107118614,51820.68016154426,0.3032446854902883,0.0040712789075463066,0.7943282347242815,0.7
0.049862932786593504,2.4583952442923238e-05,1.2258279682902926e-06,2.8633394229017034e-11,1962.8787004183782,97.8748887071976,0.0,0.0,0.0003584960719666246,0.00022584253633234127,0.6299721363568158,False,True,-62.0,9224.512702512324,1094031.8700159544,22.898422517049408,50957.78445562701,0.309330081102894,0.004168638178331575,0.7943282347242815,0.7
0.045535122794832295,2.757798199959624e-05,1.2557667967852895e-06,3.305501966516877e-11,2201.933704240933,100.26532160869083,1.3045747230143655e-06,104.26415737496275,0.00037439397783948505,0.0002557836127913274,0.6831937155276312,False,True,-60.0,9328.776859887286,1081040.477585117,23.317497869514828,50108.729083438,0.3154370548289349,0.004269215730177834,0.7943282347242815,0.7
0.0359965715756788,3.7696586868710664e-05,1.356947887378337e-06,4.931192579006538e-11,3009.8426042295423,108.3440147346762,6.273632503705124e-06,501.4009509302671,0.00039095701182395863,0.000356972964028973,0.9130747198101461,False,True,-58.0,9934.441968192516,1068090.4007461907,23.74520913565958,49273.21515113136,0.3215643155614495,0.004373137310204877,0.7943282347242815,0.7
0.02957536769644387,5.0061688497242685e-05,1.4805928448107869e-06,7.193062310157616e-11,3997.1205723066746,118.21631065299005,1.2758016138949278e-05,1019.6455435148534,0.00040821429592686434,0.00048062940625392264,1.1773948415075404,False,True,-56.0,11455.488462637637,1055183.225498097,24.181845204224647,48450.95736517987,0.3277105526256507,0.004480533607499345,0.7943282347242815,0.7
0.027777473911300983,5.51244504142425e-05,1.5312179832564256e-06,8.20651831799115e-11,4401.351240879616,122.25841926800572,1.548678547024498e-05,1237.7341128999694,0.0004261962401270143,0.0005312596882259652,1.2465142537804652,False,True,-54.0,13712.86811905246,1042320.6102245878,24.6277063117186,47641.683739198925,0.3338744323201151,0.004591540370248194,0.7943282347242815,0.7
0.03727305782517312,3.593227020908313e-05,1.339305585292901e-06,4.633138312890752e-11,2868.972676986696,106.93538448816685,5.378296025640137e-06,429.8439126053073,0.00044493458105995245,0.00033932914788568447,0.7626495272120953,False,True,-52.0,15380.446144557736,1029504.2895264418,25.08310448261386,46845.13532834262,0.34005459427560314,0.004706298510479687,0.7943282347242815,0.7
0.03263797581750643,4.328917418416015e-05,1.4128710201824426e-06,5.916709582099211e-11,3456.3766002260163,112.8091358943718,9.167521878432471e-06,732.6862363718908,0.00046446241829689784,0.00041290110187501756,0.8889871076955018,False,True,-50.0,16542.976293534935,1016736.07826655,25.5483639784341,46061.065990723364,0.34624964762295407,0.00482495419319999,0.7943282347242815,0.7
0.023842612817550846,7.079341265793084e-05,1.6878999280361481e-06,1.1664731889798308e-10,5652.422333585424,134.7685171809545,2.40910756007645e-05,1925.4057689898807,0.00048481424743091546,0.000687959176298396,1.4190160044676248,False,True,-48.0,19201.068298896706,1004017.8758383889,26.023821754308223,45289.242175360865,0.35245816696113913,0.004947658906206261,0.7943282347242815,0.7
0.026575295948239958,5.912241465849064e-05,1.571195666723949e-06,9.042689902489932e-11,4720.564307952071,125.45039352652486,1.7662381796665797e-05,1411.612016373524,0.0005060259890496489,0.0005712416145733723,1.1288780160208822,False,True,-46.0,22538.08608426011,991351.6706685355,26.509827921230716,44529.44273628919,0.3586786881156562,0.005074569506283199,0.7943282347242815,0.7
0.03420231884542132,4.049118828669155e-05,1.3848925322114134e-06,5.415911343699357e-11,3232.9744872027672,110.57522423042153,7.710089941914152e-06,616.2054322357144,0.0005281350125233884,0.0003849200707698492,0.7288289199588014,False,True,-44.0,24565.90353286935,978739.5449639508,27.006746211880127,43781.458772431506,0.3649097036776797,0.0052058482368418394,0.7943282347242815,0.7
0.03034967364265868,4.8156884989469685e-05,1.4615457430774535e-06,6.824901762833289e-11,3845.0336268665355,116.6955157204476,1.1740405674638002e-05,938.3161296257026,0.0005511801533656561,0.0004615804356948295,0.8374402323383628,False,True,-42.0,26120.425094730766,966183.6797147092,27.514954447398274,43045.09349291811,0.3711496583140109,0.005341662711330329,0.7943282347242815,0.7
0.02938201622698324,5.056108217336748e-05,1.4855865368717164e-06,7.290773875629882e-11,4036.9941122618484,118.61502651471343,1.3025691306556789e-05,1041.0386652030556,0.0005752017227292708,0.0004856235942796889,0.8442665852519649,False,True,-40.0,28099.779889559526,953686.3599627101,28.034845002022312,42320.162107593205,0.37739694383748923,0.005482185855927572,0.7943282347242815,0.7
0.019213540774304472,0.00010635958516660915,2.043544226336754e-06,2.1318578036474564e-10,8492.164341497846,163.16454583746338,4.408085257568896e-05,3523.0277492687214,0.0006002415073831468,0.0010436524074837823,1.7387208226131503,False,True,-38.0,32663.846304031304,941249.980346577,28.5668252618728,41606.491742440994,0.3836498940279116,0.005627595804115416,0.7943282347242815,0.7
0.02362719306181899,7.191248033844008e-05,1.6990900565105858e-06,1.1930316295866202e-10,5741.77306429067,135.66198070714765,2.471231231361712e-05,1975.056219250258,0.0006263427582695318,0.0006991506516482315,1.1162428916394824,False,True,-36.0,38161.930272550286,928877.0509324621,29.111318073531432,40903.92137972958,0.38990677919328065,0.005778075734704844,0.7943282347242815,0.7
0.020917140019506026,8.976311605652224e-05,1.877587667141445e-06,1.6502019059417863e-10,7167.037481039785,149.91392651595694,3.470099452391221e-05,2773.3711916086713,0.0006535501654682615,0.000877671440061262,1.3429289539425333,False,True,-34.0,42910.35768340922,916570.203339741,29.668762177279863,40212.30182263616,0.3961658004619555,0.005933813643759916,0.7943282347242815,0.7
0.019745749345713534,0.00010055165443440384,1.985467764758543e-06,1.9570982581071668e-10,8028.436486743034,158.52749450520892,4.0790800607777564e-05,3260.0803763796466,0.0006819098170895094,0.0009855670909091382,1.445304153437301,False,True,-32.0,48943.809251397535,904332.1971695954,30.239612619005964,39531.49568415756,0.40242508379650266,0.006095002039613037,0.7943282347242815,0.7
0.01950986493559113,0.00010304562736314966,2.0104062720583035e-06,2.0313230813870804e-10,8227.565017951383,160.51868224902591,4.220269296075554e-05,3372.9215681415553,0.0007114691392796762,0.0010105093592856311,1.4203136910600465,False,True,-30.0,55576.81119591874,892165.9267431655,30.824341133806207,38861.37740007871,0.40868267372103695,0.006261837548792166,0.7943282347242815,0.7
0.02473527743905071,6.650488304992206e-05,1.645016733291443e-06,1.0669911341877932e-10,5310.009393956703,131.3445555634846,2.1717412261772753e-05,1735.697963399438,0.000742276814154116,0.0006450709359770915,0.8690436285716422,False,True,-28.0,60685.43072745973,880074.428154275,31.42343649321159,38201.833265742156,0.4149365267550026,0.006434520419181313,0.7943282347242815,0.7
0.025664027432420345,6.256180532706098e-05,1.6055878881354342e-06,9.787362600425196e-11,4995.178680943093,128.19640269756482,1.954611203527591e-05,1562.1634126144413,0.00077438267206494,0.000605637613984289,0.7820908651911312,False,True,-26.0,63983.29210347361,868060.8866395984,32.03740480672706,37552.76149631709,0.42118450454785217,0.006613253905110713,0.7943282347242815,0.7
0.025413988100471165,6.357662476604789e-05,1.6157355852724613e-06,1.0011559605284984e-10,5076.205825222789,129.00663443775437,2.0103811697638577e-05,1606.735857824929,0.0008078375541722296,0.0006157864484531827,0.7622651921451749,False,True,-24.0,67152.19137391298,856128.6442665004,32.666769766991344,36914.07231020594,0.42742436671097056,0.006798243517326386,0.7943282347242815,0.7
0.028044760383621626,5.43079463712554e-05,1.5230533429084314e-06,8.039639086494549e-11,4336.158371730285,121.60652252061075,1.504456359486706e-05,1202.390877747814,0.0008426931408149717,0.0005230942010116755,0.6207410214657605,False,True,-22.0,69961.31810948573,844281.2079355385,33.3120728263244,36285.688035100975,0.433653763345996,0.006989696118929965,0.7943282347242815,0.7
0.01871196508073916,0.00011248270228702289,2.104772397381951e-06,2.3233348687458892e-10,8981.05790748288,168.05324195291598,4.755665989382164e-05,3800.821052196945,0.0008790017406739819,0.0011048902794060962,1.256983039144965,False,True,-20.0,74964.53003943048,832522.2576906722,33.97387329072178,35667.543236171696,0.439870227270895,0.007187818846425891,0.7943282347242815,0.7
0.02424898965671768,6.877447554693853e-05,1.6677115461838952e-06,1.1191857372483366e-10,5491.222515864828,133.15659798994145,2.2972160887682916e-05,1835.97992187218,0.000916816035194506,0.0006677683961961961,0.7283559302652538,False,True,-18.0,80601.3310134996,820855.6553255125,34.65274831547581,35059.58486557665,0.4460711659502323,0.007392817832989412,0.7943282347242815,0.7
0.02098847753216874,8.918039730518258e-05,1.8717607651497062e-06,1.6342816763548702e-10,7120.510941908431,149.44868392180678,3.4373005173435605e-05,2747.1576427393607,0.0009561887721901244,0.0008718437311325096,0.9117903875147741,False,True,-16.0,85184.46857811115,809285.453268268,35.34929278453975,34461.77243244028,0.45225385313930383,0.007604896709014725,0.7943282347242815,0.7
0.024873968328958045,6.588478507961045e-05,1.6388160574304378e-06,1.0529079419217174e-10,5260.498352112506,130.84946940498247,2.137519399191476e-05,1708.3472115294217,0.0009971724020021208,0.00063886954577398,0.6406811344670781,False,True,-14.0,89639.97343237993,797815.9037213903,36.064119053511114,33874.0781921224,0.4584154202580715,0.00782425485296766,0.7943282347242815,0.7
0.027048813032524637,5.748038428555551e-05,1.5547761675776582e-06,8.695430174434962e-11,4589.458195053525,124.13939663859078,1.676685982101758e-05,1340.040152719766,0.001039818649049023,0.0005548203534615133,0.5335741515781912,False,True,-12.0,92688.36079662912,786451.4680240366,36.79785653368696,33296.48735338651,0.46455284751677167,0.008051085363624307,0.7943282347242815,0.7
0.01857539599262128,0.00011427396445475915,2.1226841413938796e-06,2.3807534707924484e-10,9124.079269246331,169.4833854943172,4.857472231195133e-05,3882.186587117125,0.0010841780110952208,0.0011228049322169421,1.0356278403789991,False,True,-10.0,97910.587536466,775196.8261963093,37.55115109205689,32728.998301686715,0.47066295482330295,0.008285572723015437,0.7943282347242815,0.7
0.023540514184953162,7.237280757477358e-05,1.703693103318843e-06,1.20402839892073e-10,5778.527387238507,136.0295059274284,2.4968062951349234e-05,1995.4963092434432,0.001130299178116814,0.0007037542561277656,0.6226265308803348,False,True,-8.0,103788.27043282657,764056.8866135775,38.324664239360175,32171.622836513052,0.47674239251031175,0.008527890117935222,0.7943282347242815,0.7
0.019849698406212653,9.949053259558616e-05,1.9748570662958545e-06,1.925891012990355e-10,7943.712378168558,157.6802949323441,4.0190504361614904e-05,3212.1035290765785,0.0011782283622907906,0.0009749548110691262,0.8274752520585684,False,True,-6.0,108995.87027114659,753036.7957469171,39.11907207547709,31624.38642016741,0.48278763193148666,0.008778196386859501,0.7943282347242815,0.7
0.017632865305654798,0.0001283839743243638,2.2637773266661507e-06,2.855263709235744e-10,10250.677520688714,180.7488160140076,5.661076646263937e-05,4524.44291572626,0.0012280085304130866,0.001263922152522233,1.0292454174541161,False,True,-4.0,116732.41671594942,742141.9478916771,39.93506395849268,31087.328434941355,0.48879495598722855,0.009036632558736022,0.7943282347242815,0.7
0.01706709900243755,0.00013866121695225916,2.3665447175226786e-06,3.2256980059016425e-10,11071.252678412575,188.9541655434693,6.247929532732807e-05,4993.46719338021,0.0012796785300259598,0.0013667083030757087,1.0680090905705697,False,True,-2.0,126250.32682505589,731377.9947902155,40.77334086082664,30560.502444999656,0.49476044965426363,0.009303317950580845,0.7943282347242815,0.7
0.016614706990443852,0.0001481438109655043,2.4613660116395568e-06,3.5860438104396103e-10,11828.379989674997,196.52506770007935,6.790311821484815e-05,5426.949701619864,0.0013332721007623051,0.001461547843437382,1.0962112254518297,False,True,0.0,136670.74372005597,720750.8550368632,41.63461337294813,30043.97645865538,0.5006799906085827,0.009578345792407152,0.7943282347242815,0.7
0.015354061139303224,0.00018302196938867413,2.8101305078293857e-06,5.064651334983021e-10,14613.188268067406,224.37178610805552,8.790652362880829e-05,7025.660893338512,0.0013888167629763654,0.001810387189531583,1.3035464704874042,False,True,2.0,149123.35431501435,710266.723133035,42.51959931249612,29537.833185943782,0.5065492400486595,0.00986177835103995,0.7943282347242815,0.7
0.014721446457284175,0.0002075420763888577,3.055319565192151e-06,6.248372290516016e-10,16570.9692991845,243.94863728324452,0.00010200426878344257,8152.380193892308,0.0014463325767129168,0.002055636152259261,1.4212748750575126,False,True,4.0,164301.39540224517,699932.0780380854,43.42902089424374,29042.170285590146,0.5123636338448525,0.010153641529194459,0.7943282347242815,0.7
0.014254207300660989,0.00023033377706150799,3.2832254065789676e-06,7.455440018931529e-10,18390.747624111038,262.14552904821727,0.00011512541566610289,9201.047854992341,0.0015058307655757511,0.002283603069599879,1.5165071147465556,False,True,6.0,181654.8234511298,689753.6910370056,44.36360141444689,28557.10059451667,0.5181183741624188,0.010453918923226656,0.7943282347242815,0.7
0.014559965465049542,0.00021489092596308697,3.128804460775064e-06,6.626334674490925e-10,17157.73012762833,249.81595811690852,0.000106233437140542,8490.383581027512,0.0015673122022024164,0.0021291401732640236,1.3584658948434882,False,True,8.0,199346.25488714967,679738.6327194379,45.324061401913646,28082.75233204131,0.5238084217285569,0.010762545332653245,0.7943282347242815,0.7
0.015255265861753669,0.00018646233211024916,2.844532449544459e-06,5.223554893284073e-10,14887.880253563699,227.11857138606686,8.988314213121432e-05,7183.636100867392,0.0016307657549583477,0.0018447971737218535,1.131245961054028,False,True,10.0,215020.2745690446,669894.2788359824,46.31111418787141,27619.26926988326,0.529428488938274,0.011079399727365389,0.7943282347242815,0.7
0.01991221290100492,9.886309520963746e-05,1.9685829998666205e-06,1.907543188068113e-10,7893.615328738273,157.1793489844724,3.983567617099956e-05,3183.744967734911,0.001696166499264798,0.0009686798148755093,0.5710994853956748,False,True,12.0,225387.65563764688,660228.3147676776,47.32546084768584,27166.810857825112,0.5349730340217148,0.011404297694920193,0.7943282347242815,0.7
0.015999520404575095,0.00016333313231737794,2.6132517832550524e-06,4.200358173373087e-10,13041.154681808985,208.65222043082292,7.660557175306558e-05,6122.466768791348,0.0017634738017817868,0.0016134647162606294,0.9149354612642442,False,True,14.0,234693.86737417313,650748.7383133896,48.36778447003743,26725.552293847613,0.5404362565212302,0.011736983410862255,0.7943282347242815,0.7
0.014918670145235603,0.000199221100182196,2.9721138795891186e-06,5.83332442195795e-10,15906.590086742362,237.30517063958385,9.72176985666428e-05,7769.828162516467,0.0018326292916142997,0.0019724094634159996,1.0762730206492401,False,True,16.0,248586.16230548095,641463.86046829,49.43874371366576,26295.684526216974,0.5458120943559966,0.01207712120012805,0.7943282347242815,0.7
0.01644614237447831,0.00015201743107545672,2.500100314869405e-06,3.7383674059838946e-10,12137.664935819881,199.6177656282069,7.0120880194821e-05,5604.197566399743,0.0019035547398713443,0.0015002898589627038,0.7881516761971888,False,True,18.0,261960.18803439714,632382.303835652,50.53896561866156,25877.4141738686,0.5510942227790585,0.012424286787529907,0.7943282347242815,0.7
0.016958732863993867,0.0001408203920534166,2.388135410636777e-06,3.3061825298631056e-10,11243.649644538162,190.67805073806227,6.371359094274967e-05,5092.114507346393,0.001976149877342095,0.0013883030717576406,0.7025292401530275,False,True,20.0,272656.50010814326,623512.9982850013,51.66903764895938,25470.96335029346,0.5562760555581644,0.012777958370243345,0.7943282347242815,0.7
0.013833357211598995,0.0002556180382209806,3.5360556324389895e-06,8.914898550112045e-10,20409.541705370786,282.33248093542136,0.00012969565014060944,10365.529423920707,0.002050290189748047,0.0025365071308018996,1.2371454262840726,False,True,22.0,288114.14403941034,614865.1734437876,52.829498955599625,25076.569375100007,0.5613507487358576,0.013137507685009467,0.7943282347242815,0.7
0.013610098919545073,0.0002714240052028379,3.6941075599497407e-06,9.89157279667083e-10,21671.551791024638,294.95196361588955,0.00013880981097603247,11093.950941616175,0.002125824740885615,0.0026946084636485304,1.2675590851040528,False,True,24.0,309573.6244049472,606448.347589,54.02083086690624,24694.484356622525,0.5663112073436536,0.013502191286937321,0.7943282347242815,0.7
0.015238538348719405,0.00018705768127276126,2.8504856494975044e-06,5.251290824414982e-10,14935.41525401247,227.5938981023178,9.022524405193479e-05,7210.977553887315,0.0022025740857824112,0.0018507517774288026,0.8402676619939291,False,True,26.0,327878.5529004507,598272.3124917856,55.243446632332855,24324.97462837364,0.5711500954589723,0.013871142304408588,0.7943282347242815,0.7
0.013990576573679601,0.00024554852279985565,3.435365410785292e-06,8.318492962463638e-10,19605.55229847823,274.2929807011398,0.0001238915006765911,9901.650473586677,0.0022803283483979913,0.0024357867377432915,1.0681736862388764,False,True,28.0,344991.1809279247,590347.1137645371,56.497680471619766,23968.32002197334,0.5758598499985813,0.01424336298414041,0.7943282347242815,0.7
0.014294568032118302,0.00022816932668105793,3.261581963085008e-06,7.336387405935587e-10,18217.929459100273,260.41743205744103,0.00011387876743470977,9101.413295855049,0.0023588455508872564,0.0022619536026214685,0.958923996431499,False,True,30.0,363994.24469736643,582683.0262690161,57.78377601018995,23624.81295946327,0.580432698637134,0.014617718389757336,0.7943282347242815,0.7
0.013635598583268927,0.0002695205253968,3.675073694262503e-06,9.771333052709352e-10,21519.570535096693,293.43222550092025,0.00013771200563108334,11006.212196388631,0.0024378502933008485,0.002675568515810322,1.097511411247326,False,True,32.0,384101.8701896101,575290.5241686801,59.10187421526925,23294.757348781786,0.5848606822209386,0.01499293166332423,0.7943282347242815,0.7
0.012133763910352865,0.000459177121481959,5.571546785097508e-06,2.5278650519011447e-09,36662.493289837585,444.8540379437854,0.000247251934910334,19760.85708083372,0.002517032892906706,0.004572825745790459,1.8167524781568085,False,True,34.0,414868.93946683244,568180.2452516694,60.45200098464662,22978.467267764245,0.5891356820124788,0.015367581298457009,0.7943282347242815,0.7
0.012284145638848208,0.0004289526680219262,5.269317046153848e-06,2.2330008305467732e-09,34249.25497650189,420.72283615339603,0.0002297813859948005,18364.576722628346,0.0025960490999738066,0.004270446935352469,1.6449792630638445,False,True,36.0,452994.3732702945,561362.9492156941,61.8340545805225,22676.265424430312,0.5932494520481942,0.01574010090137019,0.7943282347242815,0.7
0.013329695897203755,0.00029427801939586006,3.922636507778243e-06,1.1391262353773164e-09,23496.30547059238,313.19860663080135,0.000151994395177181,12147.68863698992,0.0026745205105877007,0.0029232132666886603,1.092985922192951,False,True,38.0,483506.63862991275,554849.469694991,63.24779314334091,22388.481384612533,0.5971936568185071,0.01610878192741439,0.7943282347242815,0.7
0.013224877655747546,0.0003038414893093048,4.018266522855682e-06,1.204952676568365e-09,24259.890229340002,320.8340802248868,0.000157513487359623,12588.78525317104,0.002752035795483173,0.003018876574869283,1.0969612313270296,False,True,40.0,508243.1125200737,548650.6599244892,64.69282256319782,22115.449562287722,0.600959914382701,0.016471779869804498,0.7943282347242815,0.7
0.013842258289440905,0.0002550259421541748,3.530134961806103e-06,8.879273641708374e-10,20362.26644477821,281.85975148703557,0.00012935431064532997,10338.24890542969,0.0028281528555907363,0.0025305846579962974,0.8947835520961318,False,True,42.0,531170.1466786745,542777.3320783039,66.16858502720805,21857.506973292402,0.6045398449116531,0.016827124338851418,0.7943282347242815,0.7
0.013095314931427307,0.000316557579280567,4.1454211946092926e-06,1.2952849981443442e-09,25275.19247641132,330.9866054310483,0.00016485344780197076,13175.409213597506,0.002902401998725873,0.003146076932075187,1.0839563001459773,False,True,44.0,554683.8047977017,537240.1904883246,67.67434859746167,21614.990759475404,0.6079251245080943,0.017172733399151336,0.7943282347242815,0.7
0.013644865465799965,0.00026883537543259943,3.6682225302256446e-06,9.728228893922216e-10,21464.865488198964,292.88520182796753,0.00013731686813043992,10974.632036337207,0.002974290206630394,0.0026687151713991135,0.8972611904009631,False,True,46.0,578833.8460476364,532049.7591418882,69.20919820287752,21388.235497573078,0.6111075439903204,0.017506432425147437,0.7943282347242815,0.7
0.012525208005970428,0.00038801176309084996,4.859928041476215e-06,1.8624516747456972e-09,30980.373357419667,388.03562040430575,0.0002061223417864132,16473.699745505335,0.0030433065268947166,0.003860870581327943,1.2686433480190509,False,True,48.0,606282.1778294789,527216.3040712883,70.77202844606506,21177.570315248886,0.6140790721415101,0.01782597759054862,0.7943282347242815,0.7
0.015014095783995431,0.00019542999920052297,2.9342047270628025e-06,5.648772671454413e-10,15603.89378982517,234.2783559637266,9.503768715238595e-05,7595.597396608251,0.0031089285803580675,0.001934490971311926,0.6222371859983747,False,True,50.0,630351.4749715924,522749.7514758654,72.36153862988976,20983.315845286597,0.6168319227324811,0.018129083925339254,0.7943282347242815,0.7
0.012865934281317798,0.0003418895548637012,4.398728544345375e-06,1.4847843478666845e-09,27297.796263458837,351.2116527504639,0.00017947991263512323,14344.384822506629,0.0031706301224372897,0.0033994801142196176,1.0721780791025883,False,True,52.0,652291.4571907073,518659.6026510883,73.97623039467105,20805.78105786026,0.6193586244237347,0.018413457660104063,0.7943282347242815,0.7
0.013005724156835615,0.0003259915848370928,4.239756629840904e-06,1.3643718341387645e-09,26028.44029567578,338.51871471822403,0.00017029992357885058,13610.702184955551,0.0032278895385470874,0.003240447306443729,1.0038903957978358,False,True,54.0,680246.5441981695,514954.84702751186,75.61440832325835,20645.260019437956,0.6216520924561316,0.01867683233966359,0.7943282347242815,0.7
0.013320841320015141,0.0002950625564833301,3.930481494392445e-06,1.144458076858512e-09,23558.94597326413,313.82498097666115,0.00015244711400735277,12183.870809251062,0.0032801990924176067,0.002931060950042475,0.8935619050739367,False,True,56.0,706041.117192376,511643.8748333438,77.27418381598233,20502.0286349245,0.6237057008566843,0.018917007939191387,0.7943282347242815,0.7
0.01313830111536387,0.00031222227856962003,4.102070310772687e-06,1.2641281033256322e-09,24929.04514940264,327.5253016913529,0.00016235085247130225,12975.396911657639,0.003327074685734115,0.003102710290930421,0.9325640642316425,False,True,58.0,731200.3849132848,508734.39107363764,78.95348246029697,20376.341436487564,0.6255133537300219,0.019131891972436674,0.7943282347242815,0.7
0.012399637704068817,0.00040831183373857255,5.062918808642282e-06,2.0420334102089495e-09,32601.210217721735,404.24319541393595,0.00021785245257378152,17411.19308765286,0.0033680658328672643,0.004063952147133612,1.2066130381049984,False,True,60.0,761586.9749125952,506233.33265292895,80.65005502203054,20268.428487642268,0.6270695540887832,0.019319541362538047,0.7943282347242815,0.7
0.012806194912826878,0.0003491665627274212,4.471495059329148e-06,1.541571425244986e-09,27878.820969377706,357.02161527365604,0.00018368253950619634,14680.266962290345,0.0034027655106208636,0.0034722753456521453,1.020427453732655,False,True,62.0,793678.4349625384,504146.79054324963,82.36149206953526,20178.492474080485,0.6283694686090674,0.019478203671570413,0.7943282347242815,0.7
0.013471191305946591,0.00028228412152662166,3.8027034037161966e-06,1.0591317248823956e-09,22538.665859257286,303.622679570862,0.00014507421268461783,11594.614149389163,0.003430819514810676,0.00280323970188715,0.8170758297793587,False,True,64.0,819953.3160742179,502479.93890474545,84.08524211346187,20106.70605303676,0.6294089866892658,0.019606356175013818,0.7943282347242815,0.7
0.01285975740925409,0.0003426278854852217,4.406111488985642e-06,1.4904981879065382e-09,27356.74746157126,351.8011358620341,0.00017990629644967025,14378.462248933645,0.003451934947268872,0.003406865948300942,0.9869438446389066,False,True,66.0,845926.3924725407,501236.97299381025,85.81863300981699,20053.20953026967,0.63018477225056,0.019702741238244285,0.7943282347242815,0.7
0.014253482422470687,0.00023037302600810347,3.283617876817885e-06,7.45760741894316e-10,18393.88141317384,262.1768654036836,0.00011514802271028178,9202.854654074423,0.0034658874713403764,0.002283995649497949,0.6589930193592379,False,True,68.0,869507.7093755488,500421.0575405365,87.55889624008674,20018.108928061338,0.6306943068454395,0.019766396514947528,0.7943282347242815,0.7
0.013603704683933257,0.0002719055411011162,3.698922683064661e-06,9.922104386188184e-10,21709.999496307657,295.33642183610914,0.00013908753849475498,11116.147466819832,0.003472527012085075,0.0026994251311501967,0.777366200969976,False,True,70.0,889826.711496443,500034.2870450927,89.3031935579091,20001.474498894822,0.6309359228376742,0.01979667864569823,0.7943282347242815,0.7
0.013205882080897078,0.00030564154370307827,4.0362661851662025e-06,1.2175452494886119e-09,24403.61359674139,322.2712435063434,0.0001585524123202677,12671.81816319642,0.003471781638028207,0.003036882605992252,0.8747331838868313,False,True,72.0,913614.6771264593,500077.6591390778,88.95135461460082,20003.33972802855,0.6309088256756691,0.01979327938383531,0.7943282347242815,0.7
0.014201854404364462,0.0002332032802601797,3.311919032875273e-06,7.614703635805773e-10,18619.85995755425,264.4365401468413,0.00011677831729677724,9333.150978489748,0.0034636594410092036,0.002312304753733718,0.6675901003304134,False,True,74.0,935619.6462681455,500551.06179565773,87.20763973870454,20023.700854566414,0.6306131045894909,0.01975623340139664,0.7943282347242815,0.7
0.013202147293230673,0.00030599797068587604,4.039830280424617e-06,1.2200463052495537e-09,24432.07211798253,322.5558147804397,0.00015875813283846636,12688.259748416745,0.0034482483240884914,0.0030404479661778165,0.8817369517555054,False,True,76.0,957641.056995052,501453.2747690476,85.46853540646569,20062.51692535625,0.6300497313869184,0.01968591740852712,0.7943282347242815,0.7
0.016553217866688664,0.0001495337467672431,2.4752646886604266e-06,3.6403588571522274e-10,11939.357888225537,197.6347923121652,6.869876421303024e-05,5490.539282274573,0.0034257137077081993,0.0014754492705262043,0.43069835847820426,False,True,78.0,975819.8560257433,502781.9852203696,83.73686804560816,20119.710380119614,0.6292205473848654,0.01958304062787238,0.7943282347242815,0.7
0.012777583111433807,0.00035276268313392455,4.5074545023561095e-06,1.5700215213828916e-09,28165.949256273547,359.8927575344624,0.0001857595159801424,14846.262974725136,0.0033962942637680575,0.00350824917525876,1.0329638431760895,False,True,80.0,996156.658282743,504533.8170656905,82.01538882194866,20195.168150286918,0.6281282388727968,0.01944862707044512,0.7943282347242815,0.7
0.012241762283561502,0.0004370607908744842,5.350394305350822e-06,2.3103257250929314e-09,34896.63914650516,427.1963609267427,0.00023446777561966913,18739.122125622725,0.0033602958784364058,0.004351563287804975,1.2949940854106634,False,True,82.0,1029742.0433830908,506704.373185484,80.3067474232814,20288.743239046198,0.6267763018433707,0.019283990431077494,0.7943282347242815,0.7
0.013871669935914963,0.0002530888493496033,3.5107649826382035e-06,8.763208927446517e-10,20207.601395874666,280.31317676010786,0.00012823763227106755,10249.001790874003,0.0033180841207513774,0.002511208807372426,0.7568249375195963,False,True,84.0,1058730.1672995875,509288.28928305476,78.61346832198788,20400.256736907068,0.6251689970246276,0.01909070273325087,0.7943282347242815,0.7
0.013253362814330216,0.0003011815737930226,3.991668670469898e-06,1.1864623041015362e-09,24047.512194361923,318.71040389390873,0.00015597834526133114,12466.093701276339,0.0032700755503726055,0.0029922693707203677,0.9150459445438246,False,True,86.0,1081445.262791738,512279.2978894419,76.93793000301098,20529.500216081942,0.6233112964959028,0.01887055808455979,0.7943282347242815,0.7
0.015046006448369637,0.0001941942307247501,2.921847647720771e-06,5.589230324598245e-10,15505.22521220834,233.29171852631015,9.43271917292887e-05,7538.813216061786,0.0032167282312336744,0.0019221308786584047,0.5975422045278697,False,True,88.0,1101450.169709076,515670.30079562514,75.28234751691566,20676.23843895035,0.6212088233516724,0.01862553304326158,0.7943282347242815,0.7
0.01379451518624575,0.0002582342988702591,3.5622169573753126e-06,9.073143588096052e-10,20618.434165406834,284.42130321131276,0.00013120397936041737,10486.078038249161,0.003158531827608786,0.002562676460880409,0.8113505263679808,False,True,90.0,1119475.060963387,519453.44805607543,73.64875858298282,20840.21231067163,0.6188677859936117,0.018357745140083107,0.7943282347242815,0.7
0.01777577487233254,0.00012602457703931103,2.2401845098317213e-06,2.773173531237618e-10,10062.294034046063,178.86507344841763,5.5265170414909994e-05,4416.900254038465,0.0030959976465908543,0.0012403251780356466,0.4006221320618334,False,True,92.0,1134378.0392556745,523620.2216514246,72.03901333293878,21021.142004041394,0.6162949086753776,0.01806941105297168,0.7943282347242815,0.7
0.013595174153827817,0.00027255062318302085,3.7053731879074696e-06,9.963077534258704e-10,21761.505367120415,295.8514553154608,0.00013945959712509336,11145.883118524534,0.0030296489593329744,0.002705877708542012,0.8931324205751396,False,True,94.0,1149940.8226282375,528161.5219181981,70.45476765949945,21218.730185450113,0.6134973599055898,0.017762805808077996,0.7943282347242815,0.7
0.013623687086455321,0.0002704063521532694,3.683931527925986e-06,9.827200016532912e-10,21590.298400218115,294.13946950776847,0.0001382228871692326,11047.042845759546,0.0029600118869689386,0.0026844291754291576,0.906898106472816,False,True,96.0,1172133.7485925215,533067.754941409,68.89748002152483,21432.665274277497,0.6104826802352582,0.01744022419525466,0.7943282347242815,0.7
0.012450921970870181,0.0003997698274927515,4.977502928420482e-06,1.965472820967948e-09,31919.183104396863,397.4232582067632,0.00021291633035248805,17016.68856826909,0.002887607080916978,0.0039784975575315185,1.3777835578198268,False,True,98.0,1200197.4800065502,538328.9192499337,67.36841146367631,21662.624673507707,0.6072587108307956,0.01710394536066468,0.7943282347242815,0.7
0.01383489935357906,0.00025551525874092105,3.535027887984355e-06,8.908709590460823e-10,20401.335390592172,282.2504218074533,0.00012963639800860053,10360.79387791664,0.0028129423663266783,0.0025354790732640834,0.901361899061969,False,True,100.0,1227574.962452736,543934.6903413889,65.86862853566832,21908.27791650463,0.6038335240710127,0.016756201293012606,0.7943282347242815,0.7
0.012357577789740478,0.00041559473026424136,5.135744208246574e-06,2.1084504919279616e-09,33182.705097390746,410.057859515024,0.00022206124191386848,17747.567743984495,0.0027365064563929,0.004136811126886455,1.5117125403531309,False,True,102.0,1255683.3240746371,549874.5017786472,64.39900874537783,22169.289683126408,0.6002153572194907,0.01639914967212114,0.7943282347242815,0.7
0.015069370070063171,0.00019329931832906108,2.912898962191566e-06,5.546300082672875e-10,15433.771914195471,232.5772205519588,9.381270461214446e-05,7497.694401782316,0.0026587637879991275,0.0019131800205016162,0.7195750254825737,False,True,104.0,1280928.586220404,556137.621830696,62.960248150577996,22445.322647018656,0.5964125500262856,0.016034851314737485,0.7943282347242815,0.7
0.013730352694014064,0.00026267537512883254,3.606625544551321e-06,9.344867035866631e-10,20973.027024920637,287.96705811324887,0.00013376461501789255,10690.729036356835,0.0025801504785275316,0.002607098793477612,1.010444474139919,False,True,106.0,1299117.0096585432,562713.224863781,61.55287068402003,22736.04012486885,0.5924334869109871,0.01566525224439841,0.7943282347242815,0.7
0.013266656778673325,0.00029995607104137893,3.979414243185327e-06,1.1779903967455885e-09,23949.66327222093,317.73196259735334,0.00015527108504342636,12409.56808464145,0.002501071361551669,0.002980010658617268,1.19149365525039,False,True,108.0,1322217.3067795415,569590.4569145904,60.17723881330511,23041.108506882665,0.5882865441866352,0.015292170237605037,0.7943282347242815,0.7
0.01376292335382939,0.0002604020371105885,3.5838932779340658e-06,9.205286733160727e-10,20791.514845981037,286.1520252352429,0.00013245381336584843,10585.96721066371,0.0024218980263654806,0.0025843594660808966,1.0670802147517418,False,True,110.0,1345212.8420748466,576758.4950872477,58.83356515725332,23360.199455714792,0.5839800426040959,0.014917285561284053,0.7943282347242815,0.7
0.013816230994197277,0.0002567650359397779,3.547525047777337e-06,8.984108028680317e-10,20501.122479328216,283.24824381472905,0.00013035690402947783,10418.37812497056,0.0023429677629454135,0.0025479800472539733,1.0875011118594449,False,True,112.0,1366217.1874104808,584206.6006044117,57.52192471093871,23692.99186815806,0.5795222053366037,0.014542135516980558,0.7943282347242815,0.7
0.015332519575934251,0.00018376124790561938,2.817522930811016e-06,5.098599406173462e-10,14672.215149849648,224.96202600738883,8.833122374121447e-05,7059.603755005161,0.002264583299372227,0.0018177813307244835,0.802700139680619,False,True,114.0,1383695.1692904565,591924.1655061832,56.24226736895893,24039.173600093818,0.5749211213850751,0.01416811234326253,0.7943282347242815,0.7
0.01600416133414017,0.00016320689391843523,2.6119894611145374e-06,4.1950643116601876e-10,13031.075315399745,208.551431704989,7.653318230101712e-05,6116.681262535924,0.0021870132119141765,0.0016122021261280946,0.7371707300830705,False,True,116.0,1396871.4543079976,599900.7531269956,54.99443047787619,24398.44296026149,0.5701847142707062,0.01379646399540605,0.7943282347242815,0.7
0.01582595783559459,0.00016819862140416973,2.6619042903475283e-06,4.4067995842462186e-10,13429.634317772927,212.5368264605285,7.939633109296721e-05,6345.509700620364,0.002110492887570825,0.001662127673786468,0.7875542644920142,False,True,118.0,1409333.645271154,608126.1325903177,53.77815119157391,24770.509982544354,0.5653207157891442,0.013428297315469658,0.7943282347242815,0.7
0.015068277649611493,0.00019334097818544317,2.9133155403457366e-06,5.548295046122106e-10,15437.098199704067,232.6104817774586,9.383665428227811e-05,7499.608506150461,0.002035225923506692,0.0019135966996179064,0.9402379743280694,False,True,120.0,1423178.7634779247,616590.3076448395,52.593078445450196,25155.097489572654,0.5603366445313123,0.01306458312083317,0.7943282347242815,0.7
0.014853770600417558,0.00020188460757038955,2.9987476486058884e-06,5.96468713796459e-10,16119.254910790909,239.43171469454234,9.874960783893362e-05,7892.261340649212,0.001961385856094121,0.001999049880109547,1.0192027610979257,False,True,122.0,1438570.6333247244,625283.5402260537,51.438784405358945,25551.94196265893,0.555239788827029,0.012706162769715522,0.7943282347242815,0.7
0.015707735979041446,0.00017168214738960731,2.6967378435108313e-06,4.557484709141396e-10,13707.772626698012,215.31807328090383,8.13952433784286e-05,6505.266670791094,0.0018891181229897397,0.0016969688545645338,0.8982862606171454,False,True,124.0,1452968.1613361647,634196.3691664335,50.3147752839081,25960.794234507375,0.5500371937365038,0.012353755803087391,0.7943282347242815,0.7
0.014716597853386828,0.0002077554049028697,3.0574527458230835e-06,6.259193350473128e-10,16588.00228024474,244.1189587494255,0.00010212701364795483,8162.190202966302,0.0018185421737182987,0.0020577698804653565,1.1315491662521737,False,True,126.0,1467635.618209922,643319.624498629,49.220501449442416,26381.4200218967,0.5447356516989837,0.012007968309414455,0.7943282347242815,0.7
0.017584689344130187,0.0001291993830521239,2.2719310144248775e-06,2.8838904473049567e-10,10315.782935595922,181.39983826393365,5.707595983744523e-05,4561.622077935134,0.0017497536567603958,0.0012720772901136954,0.7270036471699105,False,True,128.0,1480359.4304908235,652644.437802407,48.15536678143839,26813.600315704207,0.539341696445058,0.011669301708226493,0.7943282347242815,0.7
0.020029766948345816,9.770442529122151e-05,1.9569968684052317e-06,1.8738657183873832e-10,7801.102600813238,156.25426703442358,3.91806755553076e-05,3131.3960404788277,0.0016828266234633642,0.0009570919767950487,0.5687406910792109,False,True,130.0,1488052.4486092373,662162.2490403019,47.118737250053,27257.131645384106,0.533861599786156,0.011338161697822657,0.7943282347242815,0.7
0.01595182011466111,0.00016464204225263016,2.62634024132439e-06,4.255433891303118e-10,13145.663158980733,209.69725399998836,7.735620266371481e-05,6182.4586558161145,0.0016178157007348476,0.001626555962415025,1.0054025076380502,False,True,132.0,1497366.3033055323,671864.8103118686,46.109948717332884,27711.826234383807,0.5283013709099185,0.011014867159449248,0.7943282347242815,0.7
0.019011829348340066,0.00010874009819803683,2.067348190262817e-06,2.2054170755455724e-10,8682.233791733985,165.065147210838,4.5431339093255325e-05,3630.9612668482696,0.0015547581951124486,0.0010674600983114496,0.6865762802647553,False,True,134.0,1507179.7232281966,681744.1869345226,45.12831397340329,28177.512062135065,0.5226667578304938,0.010699658853633278,0.7943282347242815,0.7
0.016978431384899757,0.00014042291609657668,2.3841608458132627e-06,3.291297041771689e-10,11211.913613018376,190.36070597205602,6.348634056231367e-05,5073.9522135265715,0.0014936761002489459,0.0013843277531733666,0.9267924638699417,False,True,136.0,1515884.6367085713,691792.7562322475,44.17312903317976,28654.032847180133,0.5169632506677078,0.010392707783189384,0.7943282347242815,0.7
0.025912516714928648,6.158487253210183e-05,1.5958190388748388e-06,9.573462159309791e-11,4917.176554172891,127.4164196502603,1.9010018672500875e-05,1519.3177850256309,0.0014345779880275738,0.0005958676795822473,0.4153609525275904,False,True,138.0,1522477.9067071236,702003.2043838169,43.24367872821948,29141.24796489068,0.5111960864552928,0.010094123131339228,0.7943282347242815,0.7
0.018118061256450043,0.00012071125257914387,2.187053868571742e-06,2.5923445358392515e-10,9638.057474221594,174.62291571113303,5.22375032937029e-05,4174.923190068431,0.0013774607704359577,0.0011871853776874875,0.8618651094591614,False,True,140.0,1528172.1476822176,712368.5216509654,42.33924163468498,29639.032311975825,0.5053702552069794,0.009803959712333925,0.7943282347242815,0.7
0.018879297601696977,0.00011036305539425616,2.083576967020731e-06,2.2562107738046256e-10,8811.817027771633,166.36091607900158,4.6352665335593944e-05,3704.595457845713,0.001322311325030842,0.001083691448443647,0.8195433465098476,False,True,142.0,1536051.6663301317,722881.9962754879,41.45909438247653,30147.276128838712,0.49949050699637304,0.009522224896124467,0.7943282347242815,0.7
0.01689433168968796,0.00014213572681971744,2.4012881138471835e-06,3.3556649478148133e-10,11348.671105293342,191.72821389000342,6.446571483301761e-05,5152.225716215417,0.0012691079814269662,0.0014014582805940688,1.1042860821175278,False,True,144.0,1544908.4875041929,733537.2073031683,40.6025153927879,30665.884789569645,0.49356135983491395,0.009248884988331742,0.7943282347242815,0.7
0.01766073162549304,0.00012791700063748845,2.2591078185967054e-06,2.838928855189029e-10,10213.392519192248,180.37598426727254,5.634439175478743e-05,4503.153729319206,0.0012178218698473385,0.0012592518171477246,1.0340197103748676,False,True,146.0,1554563.8669497275,744328.0165627057,39.76878809204802,31194.77856832964,0.4875871081571845,0.008983871062453228,0.7943282347242815,0.7
0.019595172319142595,0.00010212953084094615,2.001245755701528e-06,2.0039153850946384e-10,8154.4202966078365,159.78727087474445,4.168391062513757e-05,3331.459471620751,0.0011684181355190889,0.0010013474541659293,0.8570112220323115,False,True,148.0,1562398.4801506675,755248.5599996246,38.9572036497358,31733.89238972959,0.48157183174835216,0.008727084253399579,0.7943282347242815,0.7
0.020487180704117813,9.344310268896862e-05,1.914385730342337e-06,1.752294566618697e-10,7460.861974697748,152.85202748411402,3.677468488559741e-05,2939.1045715396485,0.0011208570247059197,0.0009144746776767678,0.8158709429658965,False,True,150.0,1568669.0441938278,766293.2385389566,38.16706328619352,32283.175569856212,0.4755194049708754,0.008478400530568767,0.7943282347242815,0.7
0.019297501646918645,0.0001053991580179032,2.0339404254343256e-06,2.1024977473080405e-10,8415.480089936778,162.39774089516604,4.3536306576062284e-05,3479.506570449778,0.001075094849561611,0.0010340471189948129,0.9618194333425224,False,True,152.0,1575087.6553358173,777456.7086264234,37.397680194553494,32842.59155368773,0.4694335061684411,0.008237674975216328,0.7943282347242815,0.7
0.022662287913350062,7.739221970211377e-05,1.7538847651425454e-06,1.3266605697141712e-10,6179.296839435113,140.0370040773326,2.7763962515665696e-05,2218.9500578373986,0.0010310848398789514,0.0007539521363447228,0.7312222109998594,False,True,154.0,1580786.1119641045,788733.8725759705,36.6483811184338,33412.11765384287,0.4633176271437266,0.008004745591310602,0.7943282347242815,0.7
0.022895497784374563,7.599266583349474e-05,1.7398899122194956e-06,1.291965647795815e-10,6067.550996890936,138.91960040589612,2.6983124659620045e-05,2156.54397279617,0.0009887778902972653,0.0007399555242241564,0.7483536307650416,False,True,156.0,1585161.605994738,800119.8688317848,35.918507624314806,33991.744794812344,0.4571750826241078,0.007779436681772674,0.7943282347242815,0.7
0.02050755671642253,9.326190842278932e-05,1.912573876462156e-06,1.7472049827669402e-10,7446.394717386417,152.70736199967106,3.6672488951521175e-05,2930.9368730815754,0.0009481232117004057,0.0009126625658497954,0.9625991164302226,False,True,158.0,1590249.0868406156,811610.0622353872,35.20741710461215,34581.4772662643,0.45100901964340046,0.007561561823342558,0.7943282347242815,0.7
0.02219798415607989,8.033795684695497e-05,1.7833406932205363e-06,1.4009527111610328e-10,6414.495988638824,142.38888032504263,2.9410354219957756e-05,2350.5328953160383,0.0009090688954693072,0.0007834118311345863,0.8617738820886063,False,True,160.0,1595530.5566090131,823200.0343728109,34.514483544513546,35181.33248833965,0.44482242678202893,0.007350926473593008,0.7943282347242815,0.7
0.02250588464260752,7.836007782650102e-05,1.7635628721489795e-06,1.3508806266961367e-10,6256.574409093506,140.80974190894875,2.830448133595179e-05,2262.1493766255326,0.0008715623990012602,0.0007636314713779312,0.8761638549953404,False,True,162.0,1600143.2388809547,834885.5740632105,33.839098082725386,35791.340791457515,0.4386181432184382,0.007147330243085965,0.7943282347242815,0.7
0.02974390441934935,4.963436554443865e-05,1.4763198246688298e-06,7.109844207769968e-11,3963.0014401530334,117.87513604965564,1.2529254511536373e-05,1001.3624678878631,0.0008355509605332468,0.0004763559637032025,0.5701100066944967,False,True,164.0,1603406.7507254682,846662.6680383357,33.18066939344046,36411.54521262342,0.43239886755558155,0.006950568864549026,0.7943282347242815,0.7
0.028568225388435155,5.277696758122754e-05,1.5077443051786438e-06,7.730291933372284e-11,4213.919050583085,120.38418920567825,1.4217495967685937e-05,1136.2900191930069,0.0008009819508420187,0.0005077835933438415,0.633951355345826,False,True,166.0,1605544.403212549,858527.4918519381,32.53862391412602,37042.00130994877,0.42616716639402713,0.0067604358894171315,0.7943282347242815,0.7
0.01898705190523618,0.00010903988001077081,2.0703458615052303e-06,2.2147600720396268e-10,8706.16954154291,165.30449298106151,4.560148403018535e-05,3644.559582197838,0.0007678031688794601,0.001070458242906722,1.3941831530455386,False,True,168.0,1610325.2528139397,870476.401049309,31.91240594117716,37682.7769967158,0.41992548263120916,0.006576724140277622,0.7943282347242815,0.7
0.024506086838753632,6.755559916638338e-05,1.6555233796154235e-06,1.0910280143895944e-10,5393.902669050552,132.18344720753782,2.2297880269132973e-05,1782.090099168169,0.0007359630878590031,0.0006555788014864643,0.890776741797764,False,True,170.0,1615751.9024953058,882505.9226195164,31.301477613093688,38333.95239608899,0.4136761434722733,0.006399226945788691,0.7943282347242815,0.7
0.022594074964235458,7.781138078985312e-05,1.758076170636612e-06,1.3371270473877411e-10,6212.764296430809,140.37166224868324,2.7997998690483084e-05,2237.6546855847555,0.000705411057759932,0.0007581440725239104,1.074755015793819,False,True,172.0,1619771.6472800586,894612.7467464521,30.70531879863248,38995.6197173542,0.4074213681432168,0.006227739182597742,0.7943282347242815,0.7
0.0200916840115584,9.710499338656761e-05,1.9510028430673843e-06,1.8565472008837604e-10,7753.241618299213,155.77568066013146,3.8841944490781595e-05,3104.323992863247,0.0006760974696755951,0.0009510970738167277,1.406745501167284,False,True,174.0,1625113.6259585065,906793.7188693465,30.12342690536375,39667.88315436906,0.4011632753015735,0.006062058146734029,0.7943282347242815,0.7
0.0233430717956967,7.344369556375916e-05,1.7144014584861211e-06,1.2297732238855428e-10,5864.031263354194,136.884502792687,2.556348065603614e-05,2043.083253992664,0.0006479738869084681,0.00071446391684026,1.1026122059470957,False,True,176.0,1630261.0332053625,919045.8320588436,29.555316622212143,40350.85880678889,0.394903890143258,0.005901984274938268,0.7943282347242815,0.7
0.03047670435343128,4.7858142728952485e-05,1.4585584668546018e-06,6.767812595986739e-11,3821.1808789633865,116.45699992915182,1.1581314224917922e-05,925.6012305417329,0.0006209931472183149,0.00045859286966403996,0.7384829795920729,False,True,178.0,1633229.717689897,931366.2197109399,29.000519607893228,41044.67462451839,0.3886451512071332,0.005747321734455118,0.7943282347242815,0.7
0.02805872461413704,5.426595292367707e-05,1.5226334290091796e-06,8.031092049542077e-11,4332.805450998762,121.5729949562061,1.5021840508037302e-05,1200.5748043106496,0.0005951094401641586,0.0005226742437376927,0.8782825619326674,False,True,180.0,1635355.8937247493,943752.1485579883,28.45858413564684,41749.47037570701,0.38238891688164656,0.005597878897977313,0.7943282347242815,0.7
0.0376324464951692,3.5464941997197366e-05,1.334632532163809e-06,4.555222909895233e-11,2831.6593688298854,106.56226969003524,5.1428116673089445e-06,411.02354320580366,0.0005702783630466984,0.00033465569893121347,0.5868286798456169,False,True,182.0,1636967.4920722658,956201.0119934138,27.92907470331589,42465.397638618015,0.37613697161905624,0.005453468718707542,0.7943282347242815,0.7
0.03122716876105077,4.616620707346517e-05,1.4416399393407127e-06,6.447821060852951e-11,3686.090133553551,115.1061586689209,1.0683072068892592e-05,853.8119647645669,0.0005464569585602897,0.00044167271765601713,0.8082479520796295,False,True,184.0,1638232.3275802361,968710.3237047816,27.411571616612,43192.619817596555,0.3698910318647805,0.005313909018904103,0.7943282347242815,0.7
0.027531417462455,5.589810990038549e-05,1.5389541990297018e-06,8.365858910256442e-11,4463.123233412242,122.87610892545443,1.590649233103934e-05,1271.2779041548708,0.0005236037368992375,0.000538996712579522,1.029398139462184,False,True,186.0,1640357.4174491556,981277.711608233,26.905670552331475,43931.31218335657,0.36365275171030204,0.005179022703803049,0.7943282347242815,0.7
0.035419718940335715,3.855202340473533e-05,1.3655018335769697e-06,5.0779242211678026e-11,3078.1439955546725,109.02699518042849,6.711090485192036e-06,536.3634463872503,0.0005016786847325983,0.00036552765553088943,0.7286091011136356,False,True,188.0,1642165.0587996978,993900.9120760664,26.410982107331943,44681.66193780871,0.3574237282787265,0.005048637911461341,0.7943282347242815,0.7
0.03255727967410621,4.344403299594326e-05,1.414419532420023e-06,5.9448797571516e-11,3468.74113208585,112.9327751543948,9.248685170262322e-06,739.1729650223311,0.00048064326316368084,0.0004144497571527682,0.8622814234923111,False,True,190.0,1643440.5952111073,1006577.7644483228,25.92713133823811,45443.86830363874,0.351205506852762,0.004922588107839718,0.7943282347242815,0.7
0.04088161935034318,3.173359950541411e-05,1.2973209355965783e-06,3.948624791105214e-11,2533.734422949357,103.58316621387704,3.291499285970123e-06,263.0630453723634,0.00046046039652271873,0.0002973410202673462,0.645747218463935,False,True,192.0,1644442.831221502,1019306.2058185278,25.4537572960991,46218.14263885653,0.3449995857552097,0.004800712135335537,0.7943282347242815,0.7
0.03288315374674869,4.282536910992423e-05,1.4082331967029004e-06,5.832623462746803e-11,3419.344593127999,112.43883396894182,8.924735394696879e-06,713.2822668620179,0.0004410944536014843,0.00040826285142224857,0.9255678644082473,False,True,194.0,1645419.1765337365,1032084.2660833166,24.990512559570213,47004.708576580924,0.3388074209920163,0.004682854221977092,0.7943282347242815,0.7
0.02755354254631351,5.5827655982388234e-05,1.538249694371688e-06,8.35129937992494e-11,4457.497917657222,122.81985852427214,1.586824426262156e-05,1268.2210438965446,0.0004225112227257345,0.0005382921340397611,1.274030380937795,False,True,196.0,1647400.6798444951,1044910.0632453612,24.537062769618693,47803.80219033759,0.33263043066808473,0.004568863957595879,0.7943282347242815,0.7
0.02755428610163694,5.582529132956808e-05,1.538226049002151e-06,8.350810887244327e-11,4457.3091145481485,122.81797058569369,1.5866960631644073e-05,1268.118453604178,0.0004046778818720706,0.0005382684861913835,1.3301159028047511,False,True,198.0,1649937.019341996,1057781.798958895,24.093086168253564,48615.67218520168,0.326469999185781,0.004458596242493369,0.7943282347242815,0.7
0.030447750054226348,4.7925908902501133e-05,1.459236095384976e-06,6.780747106107738e-11,3826.591594712871,116.5111044354209,1.16173897480765e-05,928.4844567438311,0.0003875629648687675,0.0004592705638556741,1.1850218041633247,False,True,200.0,1652133.622252344,1070697.7543071334,23.658273143346968,49440.58011514244,0.3203274812359922,0.004351911213406238,0.7943282347242815,0.7
0.028879686887100724,5.190631930705645e-05,1.4990382490496612e-06,7.556440347300361e-11,4144.403094721463,119.6890637094871,1.3748449548152682e-05,1098.8029141313832,0.0003711363245722778,0.0004990766548666608,1.3447259721662383,False,True,202.0,1654160.9096232192,1083656.2858009436,23.232325781234824,50278.80062702934,0.31420420559088585,0.004248674150941879,0.7943282347242815,0.7
0.040982756300576864,3.163001321742641e-05,1.2962851234738115e-06,3.932178234232453e-11,2525.463689477246,103.50046293180169,3.240917927434978e-06,259.0204845029009,0.000355369093782286,0.0002963051245684222,0.8337954249616067,False,True,204.0,1655518.7330218535,1096655.8215883144,22.814957428458797,51130.62173173694,0.3081014787077362,0.004148755372095812,0.7943282347242815,0.7
0.040392094756838144,3.224472343657987e-05,1.302431924458374e-06,4.030087802702356e-11,2574.5445522436066,103.9912475099252,3.541777354822255e-06,283.0657569824772,0.0003402336445436348,0.0003024524230884941,0.888955069373525,False,True,206.0,1656060.8192633388,1109694.8578643783,22.405892263730323,51996.34510296209,0.3020205881518893,0.004052030110968224,0.7943282347242815,0.7
0.051446075592756914,2.364491426446115e-05,1.2164380466337247e-06,2.728317435373027e-11,1887.9022277107324,97.12516071854051,0.0,0.0,0.000325703546385402,0.0002164519280985233,0.6645673051480924,False,True,208.0,1656343.8850203212,1122771.9554720258,22.004864880953672,52876.28640429466,0.29596280584747786,0.003958378390361196,0.7943282347242815,0.7
0.042858091400980465,2.982479608733356e-05,1.2782338367265463e-06,3.6489725940597205e-11,2381.328109060857,102.0591777538542,2.3675515070433354e-06,189.21933605560002,0.00031175352395959046,0.0002782523985540715,0.8925397057905868,False,True,210.0,1656533.104356377,1135885.7366834567,21.611619883938143,53770.77564530418,0.2899293911628866,0.0038676848865553375,0.7943282347242815,0.7
0.03537131011174275,3.862557980534132e-05,1.366237361540596e-06,5.090608885240248e-11,3084.017025628423,109.08572260339743,6.74880241165312e-06,539.3774571342669,0.00029835941446768966,0.00036626324792257806,1.227590718315483,False,True,212.0,1657261.7011495668,1149034.882153344,21.225911493251424,54680.15756735531,0.28392159383831794,0.0037798387892287433,0.7943282347242815,0.7
0.03675850664933511,3.662321509504182e-05,1.3462146955911248e-06,4.749128599646946e-11,2924.1404130519245,107.48703481675868,5.727772493044259e-06,457.774753785547,0.00028549812519728453,0.00034623884741357303,1.2127534889215665,False,True,214.0,1658258.8533604867,1162218.1280346499,20.847503165516024,55604.79206004311,0.27794065676154805,0.00369473365818733,0.7943282347242815,0.7
0.04541320148942197,2.767292673494196e-05,1.2567161976159312e-06,3.3198139007000026e-11,2209.5144624269756,100.34112547598811,1.3488925594639762e-06,107.80612533784286,0.00027314759143498633,0.0002567330863744237,0.9399060962817622,False,True,216.0,1658824.43423961,1175434.2632484892,20.476167225321767,56545.0546091497,0.27198781859787796,0.0036122672783190798,0.7943282347242815,0.7
0.03614235309642899,3.748637768292758e-05,1.3548458985224643e-06,4.8953575192138726e-11,2993.058682508091,108.17618374153997,6.166457940546536e-06,492.83535072153387,0.00026128673497280777,0.0003548707931474227,1.3581661280445572,False,True,218.0,1659425.0757156694,1188682.1268998007,20.111684509820737,57501.3367771644,0.26606431627932164,0.003532341513961123,0.7943282347242815,0.7
0.048416306494099566,2.5509687934261117e-05,1.2350848695940199e-06,2.998157737113693e-11,2036.7930346731023,98.61399583178009,3.540613814145751e-07,28.297276454128774,0.0002498954233834174,0.00023510012311883232,0.9407940327026939,False,True,220.0,1659946.208342845,1201960.605830978,19.753844025981774,58474.04671746517,0.2601713873577009,0.003454862163674045,0.7943282347242815,0.7
0.05530390633717478,2.1631465580126556e-05,1.1963045463791392e-06,2.4446940462386852e-11,1727.140627392739,95.51762348845732,0.0,0.0,0.00023895443020345737,0.0001963169854365145,0.8215666278685886,False,True,222.0,1659974.5056192991,1215268.63230595,19.402442620404813,59463.609723395624,0.2543102722254326,0.0033797388162493083,0.7943282347242815,0.7
0.05639975524630048,2.1120588582965062e-05,1.1911960267370378e-06,2.3740063930464026e-11,1686.3502142730347,95.10973934454553,0.0,0.0,0.00022844539613338111,0.00019120810625735974,0.836996978243852,False,True,224.0,1659974.5056192991,1228605.1818175917,19.057284661535885,60470.468813567095,0.24848221620721514,0.0033068847086294467,0.7943282347242815,0.7
0.0662010992087528,1.7437238053088637e-05,1.1543643262791606e-06,1.8796532439430754e-11,1392.2571339168528,92.16895264652341,0.0,0.0,0.00021835079133659642,0.00015437389083490754,0.7069994566538302,False,True,226.0,1659974.5056192991,1241969.2710116818,18.718181734073262,61495.08535471091,0.2426884715258054,0.0032362165862946392,0.7943282347242815,0.7
0.06414644109834294,1.8098911057675548e-05,1.1609807321053323e-06,1.966478870545717e-11,1445.0876887416262,92.69723230780527,0.0,0.0,0.00020865387889693854,0.00016099073844941868,0.7715683949922525,False,True,228.0,1659974.5056192991,1255359.9557209744,18.38495234531283,62537.939723781616,0.23693029914287836,0.003167654566560613,0.7943282347242815,0.7
0.04440013935830721,2.8487865143225993e-05,1.2648651823798965e-06,3.443391528506744e-11,2274.5823251918196,100.99177222045924,1.7315486698227094e-06,138.3887483237818,0.0001993386794765363,0.0002648826993016222,1.3288073343176778,False,True,230.0,1660112.894367623,1268776.3291032943,18.057421643152413,63599.53201077838,0.2312089704773326,0.003101122005139342,0.7943282347242815,0.7
0.043156154669995235,2.9556684633103654e-05,1.2755528535584927e-06,3.607461146654514e-11,2359.9210442665394,101.84511759534345,2.239227076817331e-06,178.9633972028056,0.00019038993719861451,0.00027557120440513313,1.4474042507701321,False,True,232.0,1660430.2465131495,1282217.5198778717,17.7354211454465,64680.382764171096,0.22552576900099836,0.003036545366234154,0.7943282347242815,0.7
0.05185889210003463,2.341172852611564e-05,1.2141063035111338e-06,2.695058854353584e-11,1869.2837683681016,96.9389852481475,0.0,0.0,0.0001817930867673347,0.00021412001584908733,1.1778226535265657,False,True,234.0,1660609.2099103522,1295682.690654457,17.418788480387235,65781.03378078321,0.21988199171196116,0.002973854096372418,0.7943282347242815,0.7
0.0812776812421238,1.3748956699044856e-05,1.1174833199967304e-06,1.4115557845215628e-11,1097.7703573169083,89.22422917905601,0.0,0.0,0.00017353422182545954,0.00011749050216815694,0.6770451437891525,False,True,236.0,1660609.2099103522,1309171.0363500488,17.107367137571615,66902.04894215344,0.2142789504847949,0.0029129805021208856,0.7943282347242815,0.7
0.04245231037011122,3.0197717264066787e-05,1.2819628657630291e-06,3.706948308137755e-11,2411.103591113391,102.35691798443541,2.546660232167387e-06,203.5340548479535,0.00016560006454153196,0.00028198172224309427,1.7027875141460114,False,True,238.0,1660812.7439652001,1322681.7826883455,16.801006229408646,68044.01509951708,0.20871797329638792,0.002853859631779517,0.7943282347242815,0.7
0.05189297555474423,2.339268134111104e-05,1.2139158409941967e-06,2.6923469680542045e-11,1867.762966786856,96.92377797752688,0.0,0.0,0.00015797793641044518,0.00021392953954147567,1.3541735282936072,False,True,240.0,1661016.278020048,1336214.1847773131,16.499560262512972,69207.5430097625,0.2032004053249837,0.002796429161108001,0.7943282347242815,0.7
0.0655513999748032,1.764117279249078e-05,1.1564035737451791e-06,1.906321418574051e-11,1408.5400793536053,92.33177412224923,0.0,0.0,0.0001506557302457352,0.00015641327399808927,1.0382165599872166,False,True,242.0,1661016.278020048,1349767.5257605189,16.202888918730366,70393.26832472967,0.1977276099200245,0.0027406292831042706,0.7943282347242815,0.7
0.07190735496060835,1.5829988761819142e-05,1.13829262091857e-06,1.6723581673089848e-11,1263.92807830954,90.88572497168369,0.0,0.0,0.00014362188333640635,0.0001383011305741286,0.9629530497813141,False,True,244.0,1661016.278020048,1363341.1155381065,15.910856845441401,71601.85263653102,0.19230096943887143,0.002686402601825301,0.7943282347242815,0.7
0.0689105191307628,1.663526910258147e-05,1.1463450297388278e-06,1.7755798813229756e-11,1328.2248032734315,91.52866071592747,0.0,0.0,0.0001368653517378352,0.00014635406470204384,1.0693288172917876,False,True,246.0,1661016.278020048,1376934.2895535603,15.623333454791817,72833.98458158126,0.1869218859464879,0.002633694030216219,0.7943282347242815,0.7
0.06690543294156674,1.722141456173563e-05,1.1522061971191243e-06,1.851520088957042e-11,1375.0249441292137,91.99663919241866,0.0,0.0,0.00013037558566283,0.00015221561851997233,1.1675162780370842,False,True,248.0,1661016.278020048,1390546.407642578,15.34019273150327,74090.38100632711,0.18159178177277252,0.0025824506918941227,0.7943282347242815,0.7
0.07524128287202182,1.5021058546604526e-05,1.1302037151422721e-06,1.5699613649490133e-11,1199.3399331259652,90.23987516804249,0.0,0.0,0.0001241425059371986,0.00013021170363833545,1.0488889575356821,False,True,250.0,1661016.278020048,1404176.8529406283,15.061313048923298,75371.78819769429,0.17631209992213784,0.0025326218268167796,0.7943282347242815,0.7
0.06086560209905297,1.9266282302301285e-05,1.1726538725398962e-06,2.1217767840322718e-11,1538.295164507646,93.62926139381962,0.0,0.0,0.00011815648148210695,0.0001726646689950134,1.4613220267663516,False,True,252.0,1661016.278020048,1417825.0308459299,14.786576992982171,76678.98318159633,0.1710843043285043,0.0024841587007536103,0.7943282347242815,0.7
0.06614433524415125,1.7454867580997785e-05,1.1545406129197849e-06,1.881955373501541e-11,1393.6647442232768,92.18302805985873,0.0,0.0,0.0001124083077848319,0.0001545501891897095,1.3749000606391488,False,True,254.0,1661016.278020048,1431490.368034796,14.51587119373019,78012.77509292254,0.16590987994860718,0.0024370145184661315,0.7943282347242815,0.7
0.08179654893129303,1.3649594810350079e-05,1.1164897497971237e-06,1.3993178833897381e-11,1089.8369163698053,89.14489865697229,0.0,0.0,0.00010688918631891667,0.00011649686966916355,1.0898845213544914,False,True,256.0,1661016.278020048,1445172.311526462,14.249086164140122,79374.00662059554,0.16079033268576814,0.002391144340497251,0.7943282347242815,0.7
0.11188733023023235,9.618426302394749e-06,1.076180039991194e-06,9.193039135593922e-12,767.9726913053524,85.92641411988225,0.0,0.0,0.00010159070487409524,7.618471559752964e-05,0.7499181710762605,False,True,258.0,1661016.278020048,1458870.3277946701,13.986116145866688,80763.5555316449,0.15572718913488293,0.0023465050034629812,0.7943282347242815,0.7
0.10236880244248932,1.0609591825183376e-05,1.0860912095476467e-06,1.0343445172655989e-11,847.1112146078121,86.71776057500429,0.0,0.0,9.650481875714477e-05,8.609647107300145e-05,0.8921468604553724,False,True,260.0,1661016.278020048,1472583.901923458,13.726858961666334,82182.33627818085,0.15072199613962214,0.002303055043735996,0.7943282347242815,0.7
0.15630570705142918,6.698284213161555e-06,1.0469800499696427e-06,5.916822531460547e-12,534.8171512245284,83.59497296538103,0.0,0.0,9.16238328244979e-05,4.698305646766765e-05,0.512782046104336,False,True,262.0,1661016.278020048,1486312.5368047329,13.47121587419011,83631.30169161354,0.14577632015107556,0.0022607546244077484,0.7943282347242815,0.7
0.12482218144198227,8.534904106387292e-06,1.065345348957394e-06,7.95769364008381e-12,681.4600507968156,85.06133010602257,0.0,0.0,8.694038430863325e-05,6.53493952888792e-05,0.7516575387669405,False,True,264.0,1661016.278020048,1500055.7523753545,13.21909145087116,85111.44476842173,0.14089174637723131,0.0022195654654143964,0.7943282347242815,0.7
0.14715789231585125,7.145028057711654e-06,1.0514472695104674e-06,6.4071017707668025e-12,570.4869231640213,83.95165320657235,0.0,0.0,8.244742640047183e-05,5.1450525835455484e-05,0.6240404107405958,False,True,266.0,1661016.278020048,1513813.0848915947,12.970393434641268,86623.80055220933,0.13606987771112986,0.0021794507767112278,0.7943282347242815,0.7
0.11007573382810627,9.792540650607986e-06,1.0779210981572353e-06,9.39371827220631e-12,781.8746603373245,86.06542699823233,0.0,0.0,7.813821255139728e-05,7.792587597846534e-05,0.9972825514431589,False,True,268.0,1661016.278020048,1527584.086238938,12.725032620217819,88169.44811677899,0.13131233342558318,0.0021403751943806994,0.7943282347242815,0.7
0.09574186393389388,1.1429596285065066e-05,1.0942908523440384e-06,1.1309894825006182e-11,912.5835707021707,87.37245205447425,0.0,0.0,7.400628145929075e-05,9.429660603397727e-05,1.2741703025012516,False,True,270.0,1661016.278020048,1541368.3232753363,12.482922735715226,89749.51265525215,0.12662074762132564,0.002102304719560173,0.7943282347242815,0.7
0.11142122798461217,9.662629557752175e-06,1.0766220508851574e-06,9.243929671313924e-12,771.5020517135981,85.96170599457686,0.0,0.0,7.004544270406234e-05,7.662675241257216e-05,1.0939577145127832,False,True,272.0,1661016.278020048,1555165.377206116,12.243980329343147,91365.16768049,0.12199676741479328,0.002065206660077068,0.7943282347242815,0.7
0.11681475639661978,9.174724798718487e-06,1.0717432423683266e-06,8.684355564358501e-12,732.5458317337766,85.57216288334034,0.0,0.0,6.624976299962441e-05,7.174765886762817e-05,1.082987404317732,False,True,274.0,1661016.278020048,1568974.842988849,12.008124660964373,93017.63734211067,0.11744205085163181,0.0020290495746812286,0.7943282347242815,0.7
0.21106755582570116,4.873974310406582e-06,1.0287378448547747e-06,3.955749914644401e-12,389.1571293304143,82.13844411991684,0.0,0.0,6.261355303022633e-05,2.873985188257299e-05,0.4590036899630819,False,True,276.0,1661016.278020048,1582796.328766589,11.775277598293645,94708.19886573509,0.11295826453109373,0.0019938032197666985,0.7943282347242815,0.7
0.15275627879352555,6.86482678390284e-06,1.0486453940711236e-06,6.09913276028348e-12,548.1145599947399,83.72794053734708,0.0,0.0,5.913135484068343e-05,4.8648493469333964e-05,0.822719073500121,False,True,278.0,1661016.278020048,1596629.4553279865,11.54536351752984,96438.1851200867,0.1085470809266222,0.0019594384984778345,0.7943282347242815,0.7
0.1576501362604383,6.637293148142244e-06,1.0463701692050984e-06,5.850194438219418e-12,529.9473865794744,83.54627770511732,0.0,0.0,5.579792975127001e-05,4.637314175069211e-05,0.8310907224947108,False,True,280.0,1661016.278020048,1610473.8555928427,11.318309208220525,98208.98731778198,0.10421017538746798,0.00192592741209764,0.7943282347242815,0.7
0.18557598786323973,5.5816160679629045e-06,1.0358139156855479e-06,4.708618268137435e-12,445.65800878252105,82.70342522898072,0.0,0.0,5.260824676947016e-05,3.581630645239168e-05,0.6808116341405384,False,True,282.0,1661016.278020048,1624329.1741217887,11.094043782168882,100022.05785576439,0.09994922280611626,0.00189324301361927,0.7943282347242815,0.7
0.1623202006565221,6.43379757387836e-06,1.0443353131753805e-06,5.628423863955961e-12,513.6995058011756,83.38380685880306,0.0,0.0,4.9557471472421264e-05,4.433817270842079e-05,0.8946818994406319,False,True,284.0,1661016.278020048,1638195.0666488172,10.872498586199823,101878.91330127628,0.09576589393673772,0.0018613593634049025,0.7943282347242815,0.7
0.13407977037787575,7.898117613650056e-06,1.0589777960556554e-06,7.242525812126051e-12,630.6165321962152,84.55291983336082,0.0,0.0,4.664095533521002e-05,5.898147803944537e-05,1.2645855475202774,False,True,286.0,1661016.278020048,1652071.1996354768,10.653607118610669,103781.13752941773,0.09166185134988207,0.001830251486839457,0.7943282347242815,0.7
0.12623678956731904,8.431034291619021e-06,1.064306701705961e-06,7.840490595324579e-12,673.1666794400983,84.9784004562106,0.0,0.0,4.385422548188909e-05,6.431068832987736e-05,1.4664650355399933,False,True,288.0,1661016.278020048,1665957.2498456205,10.437304949140408,105730.38501819587,0.087638745009504,0.0017998953338899308,0.7943282347242815,0.7
0.14794141319890303,7.1044437351572636e-06,1.0510414461712588e-06,6.362399296736291e-12,567.2465124734346,83.91925068746909,0.0,0.0,4.119297483765593e-05,5.104467971836518e-05,1.239159830518078,False,True,290.0,1661016.278020048,1679852.9039396315,10.223529642297867,107728.38430687739,0.08369820745925086,0.0017702677404845318,0.7943282347242815,0.7
0.18731903357507154,5.526748945853758e-06,1.0352652713493714e-06,4.649889914439553e-12,441.27720363772835,82.65961932412932,0.0,0.0,3.86530526622243e-05,3.526763218386318e-05,0.9124151846958857,False,True,292.0,1661016.278020048,1693757.8580871425,10.012220683897036,109776.94162333546,0.0798418486060409,0.0017413463916290336,0.7943282347242815,0.7
nan,0.0,0.0,0.0,0.0,0.0,0.0,0.0,0.0,0.0,0.5761505918058756,False,False,294.0,1661016.278020048,1707671.8175972975,9.803319410655105,111877.94468565675,0.0760712500908602,0.0017131097861811122,0.7943282347242815,0.7
nan,0.0,0.0,0.0,0.0,0.0,0.0,0.0,0.0,0.0,0.932464270708204,False,False,296.0,1661016.278020048,1721594.4965656644,9.596768942714219,114033.36668296016,0.07238795923855326,0.0016855372032066618,0.7943282347242815,0.7
nan,0.0,0.0,0.0,0.0,0.0,0.0,0.0,0.0,0.0,1.0098257379299818,False,False,298.0,1661016.278020048,1735525.617536964,9.392514118956102,116245.27043986291,0.06879348258089199,0.0016586086698452281,0.7943282347242815,0.7
nan,0.0,0.0,0.0,0.0,0.0,0.0,0.0,0.0,0.0,1.3190162414258428,False,False,300.0,1661016.278020048,1749464.9111828092,9.190501434982943,118515.8127682181,0.06528927895048436,0.0016323049306148532,0.7943282347242815,0.7
nan,0.0,0.0,0.0,0.0,0.0,0.0,0.0,0.0,0.0,1.1577752998284607,False,False,302.0,1661016.278020048,1763412.115993714,8.990678983645592,120847.24900891774,0.06187675214664167,0.001606607418089595,0.7943282347242815,0.7
nan,0.0,0.0,0.0,0.0,0.0,0.0,0.0,0.0,0.0,1.4985554771525305,False,False,304.0,1661016.278020048,1777366.9779846594,8.792996398003945,123241.93776549862,0.0585572431786018,0.0015814982248859417,0.7943282347242815,0.7
nan,0.0,0.0,0.0,0.0,0.0,0.0,0.0,0.0,0.0,0.857442347656964,False,False,306.0,1661016.278020048,1791329.2504135377,8.59740479661135,125702.34582970476,0.05533202209689195,0.0015569600768971987,0.7943282347242815,0.7
nan,0.0,0.0,0.0,0.0,0.0,0.0,0.0,0.0,0.0,0.563716113552406,False,False,308.0,1661016.278020048,1805298.693511847,8.403856731018909,128231.05329786813,0.052202279428934545,0.001532976307717639,0.7943282347242815,0.7
nan,0.0,0.0,0.0,0.0,0.0,0.0,0.0,0.0,0.0,1.1046031964558558,False,False,310.0,1661016.278020048,1819275.0742270395,8.212306135400953,130830.75887453379,0.04916911724230902,0.001509530834200878,0.7943282347242815,0.7
nan,0.0,0.0,0.0,0.0,0.0,0.0,0.0,0.0,0.0,0.9222579198134218,False,False,312.0,1661016.278020048,1833258.1659759432,8.022708278206828,133504.28535771015,0.046233539866166726,0.0014866081330994795,0.7943282347242815,0.7
nan,0.0,0.0,0.0,0.0,0.0,0.0,0.0,0.0,0.0,1.1409311113037406,False,False,314.0,1661016.278020048,1847247.7484087308,7.835019715750449,136254.58529712443,0.04339644431002855,0.0014641932187352625,0.7943282347242815,0.7
nan,0.0,0.0,0.0,0.0,0.0,0.0,0.0,0.0,0.0,1.2195707158976345,False,False,316.0,1661016.278020048,1861243.6071829216,7.649198247650218,139084.7468135696,0.04065861042856795,0.0014422716216521093,0.7943282347242815,0.7
nan,0.0,0.0,0.0,0.0,0.0,0.0,0.0,0.0,0.0,1.5571692473396577,False,False,318.0,1661016.278020048,1875245.533746933,7.465202874039389,141997.99956348943,0.0380206908913912,0.0014208293682053802,0.7943282347242815,0.7
nan,0.0,0.0,0.0,0.0,0.0,0.0,0.0,0.0,0.0,0.7114217980003266,False,False,320.0,1661016.278020048,1889253.3251327325,7.282993754467965,144997.72082854726,0.03548320102799295,0.001399852961044145,0.7943282347242815,0.7
nan,0.0,0.0,0.0,0.0,0.0,0.0,0.0,0.0,0.0,0.7029429587823686,False,False,322.0,1661016.278020048,1903266.783757148,7.102532168422684,148087.44170447072,0.03304650863043015,0.0013793293604445799,0.7943282347242815,0.7
nan,0.0,0.0,0.0,0.0,0.0,0.0,0.0,0.0,0.0,0.561281159825692,False,False,324.0,1661016.278020048,1917285.7172314362,6.9237804773938425,151270.85335751553,0.03071082380908324,0.0013592459664548112,0.7943282347242815,0.7
nan,0.0,0.0,0.0,0.0,0.0,0.0,0.0,0.0,0.0,0.9522787556810596,False,False,326.0,1661016.278020048,1931309.938178713,6.746702088422346,154551.81331016807,0.028476189010321968,0.0013395906018134035,0.7943282347242815,0.7
nan,0.0,0.0,0.0,0.0,0.0,0.0,0.0,0.0,0.0,0.8925210727359942,False,False,328.0,1661016.278020048,1945339.2640588875,6.571261419062019,157934.35170943086,0.026342469319236058,0.0013203514956054915,0.7943282347242815,0.7
nan,0.0,0.0,0.0,0.0,0.0,0.0,0.0,0.0,0.0,1.1007181279776856,False,False,330.0,1661016.278020048,1959373.5170007371,6.397423863696699,161422.67752252222,0.02430934318448666,0.0013015172676223014,0.7943282347242815,0.7
nan,0.0,0.0,0.0,0.0,0.0,0.0,0.0,0.0,0.0,0.7425651756889788,False,False,332.0,1661016.278020048,1973412.523640807,6.22515576115318,165021.18459465067,0.02237629371655052,0.0012830769133914189,0.7943282347242815,0.7
nan,0.0,0.0,0.0,0.0,0.0,0.0,0.0,0.0,0.0,1.2322432158008692,False,False,334.0,1661016.278020048,1987456.1149688102,6.05442436355471,168734.45749241023,0.020542600724116237,0.001265019789846765,0.7943282347242815,0.7
nan,0.0,0.0,0.0,0.0,0.0,0.0,0.0,0.0,0.0,0.7882074768248855,False,False,336.0,1661016.278020048,2001504.1261792362,5.885197806361998,172567.27704387583,0.01880733366592431,0.0012473356016087203,0.7943282347242815,0.7
nan,0.0,0.0,0.0,0.0,0.0,0.0,0.0,0.0,0.0,1.0590358668064923,False,False,338.0,1661016.278020048,2015556.3965288803,5.717445079550773,176524.6254730197,0.017169345706132644,0.0012300143878462648,0.7943282347242815,0.7
nan,0.0,0.0,0.0,0.0,0.0,0.0,0.0,0.0,0.0,0.5971118771731802,False,False,340.0,1661016.278020048,2029612.769200028,5.551135999878335,180611.69101105817,0.01562726906996958,0.0012130465096943724,0.7943282347242815,0.7
nan,0.0,0.0,0.0,0.0,0.0,0.0,0.0,0.0,0.0,0.7203703891968486,False,False,342.0,1661016.278020048,2043673.0911690427,5.386241184192239,184833.8718514317,0.01417951190193616,0.001196422638201157,0.7943282347242815,0.7
nan,0.0,0.0,0.0,0.0,0.0,0.0,0.0,0.0,0.0,0.5052943708764631,False,False,344.0,1661016.278020048,2057737.2130801054,5.2227320237378345,189196.77929798275,0.012824256830547042,0.0011801337427805485,0.7943282347242815,0.7
nan,0.0,0.0,0.0,0.0,0.0,0.0,0.0,0.0,0.0,0.5832279975266103,False,False,346.0,1661016.278020048,2071804.9891238883,5.060580659422534,193706.23993773642,0.011559461440611126,0.0011641710801473958,0.7943282347242815,0.7
nan,0.0,0.0,0.0,0.0,0.0,0.0,0.0,0.0,0.0,0.7062432310418711,False,False,348.0,1661016.278020048,2085876.2769209289,4.899759957996662,198368.29665145502,0.010382860845248334,0.0011485261837130437,0.7943282347242815,0.7
nan,0.0,0.0,0.0,0.0,0.0,0.0,0.0,0.0,0.0,0.867132856660344,False,False,350.0,1661016.278020048,2099950.937409511,4.740243489113153,203189.20825548912,0.009291972534844144,0.0011331908534204691,0.7943282347242815,0.7
nan,0.0,0.0,0.0,0.0,0.0,0.0,0.0,0.0,0.0,1.2171883666827488,False,False,352.0,1661016.278020048,2114028.834737852,4.582005503229164,208175.447550505,0.008284103657323528,0.0011181571459990681,0.7943282347242815,0.7
nan,0.0,0.0,0.0,0.0,0.0,0.0,0.0,0.0,0.0,1.1797307393081755,False,False,354.0,1661016.278020048,2128109.836160394,4.425020910315171,213333.69753403048,0.007356360853667861,0.0011034173656201743,0.7943282347242815,0.7
nan,0.0,0.0,0.0,0.0,0.0,0.0,0.0,0.0,0.0,1.0664547797695971,False,False,356.0,1661016.278020048,2142193.8119380404,4.269265259338381,218670.84551787598,0.006505662733228143,0.0010889640549352417,0.7943282347242815,0.7
nan,0.0,0.0,0.0,0.0,0.0,0.0,0.0,0.0,0.0,1.9000163439777287,False,False,358.0,1661016.278020048,2156280.6352421576,4.114714718488334,224193.97487721688,0.005728755025418259,0.0010747899864795452,0.7943282347242815,0.7
nan,0.0,0.0,0.0,0.0,0.0,0.0,0.0,0.0,0.0,1.8354020751318993,False,False,360.0,1661016.278020048,2170370.182062174,3.9613460561150675,229910.35414830025,0.005022228387564223,0.0010608881544250449,0.7943282347242815,0.7
nan,0.0,0.0,0.0,0.0,0.0,0.0,0.0,0.0,0.0,1.6496745740199679,False,False,362.0,1661016.278020048,2184462.3311166395,3.809136622350253,235827.42318628158,0.004382538783936202,0.0010472517666668452,0.7943282347242815,0.7
nan,0.0,0.0,0.0,0.0,0.0,0.0,0.0,0.0,0.0,1.1476612059441234,False,False,364.0,1661016.278020048,2198556.9637675765,3.6580643313840673,241952.77609560775,0.0038060302793070434,0.0010338742372284291,0.7943282347242815,0.7
nan,0.0,0.0,0.0,0.0,0.0,0.0,0.0,0.0,0.0,1.403154384336236,False,False,366.0,1661016.278020048,2212653.9639380006,3.508107644371536,248294.1406549396,0.0032889600134918266,0.001020749178971553,0.7943282347242815,0.7
nan,0.0,0.0,0.0,0.0,0.0,0.0,0.0,0.0,0.0,2.0276602452059906,False,False,368.0,1661016.278020048,2226753.218032473,3.3592455529424274,254859.35397696824,0.002827525043842212,0.0010078703965973438,0.7943282347242815,0.7
nan,0.0,0.0,0.0,0.0,0.0,0.0,0.0,0.0,0.0,1.8845796155005679,False,False,370.0,1661016.278020048,2240854.6148605472,3.2114575632913955,261656.33417399426,0.0024178906634727926,0.0009952318799258105,0.7943282347242815,0.7
nan,0.0,0.0,0.0,0.0,0.0,0.0,0.0,0.0,0.0,0.8706296055501002,False,False,372.0,1661016.278020048,2254958.045563002,3.0647236808248275,268693.047843319,0.0020562197279025926,0.0009828277974415448,0.7943282347242815,0.7
nan,0.0,0.0,0.0,0.0,0.0,0.0,0.0,0.0,0.0,0.9026739069996673,False,False,374.0,1661016.278020048,2269063.403540746,2.9190243953424333,275977.473244526,0.001738702455881479,0.000970652490093995,0.7943282347242815,0.7
nan,0.0,0.0,0.0,0.0,0.0,0.0,0.0,0.0,0.0,0.8252862887591674,False,False,376.0,1661016.278020048,2283170.584386267,2.7743406667325683,283517.55911410856,0.0014615861159160055,0.0009587004653412405,0.7943282347242815,0.7
nan,0.0,0.0,0.0,0.0,0.0,0.0,0.0,0.0,0.0,0.6365102357723113,False,False,378.0,1661016.278020048,2297279.4858175428,2.6306539111610316,291321.1791528871,0.0012212039728078257,0.0009469663914266879,0.7943282347242815,0.7
nan,0.0,0.0,0.0,0.0,0.0,0.0,0.0,0.0,0.0,0.9077918735049928,False,False,380.0,1661016.278020048,2311390.0076142945,2.487945987734147,299396.0823277745,0.0010140028525134005,0.000935445091878648,0.7943282347242815,0.7
nan,0.0,0.0,0.0,0.0,0.0,0.0,0.0,0.0,0.0,0.7477929859651546,False,False,382.0,1661016.278020048,2325502.0515565025,2.3461991856175675,307749.8392507695,0.0008365686922152462,0.0009241315402231739,0.7943282347242815,0.7
nan,0.0,0.0,0.0,0.0,0.0,0.0,0.0,0.0,0.0,0.6469044893876288,False,False,384.0,1661016.278020048,2339615.521365082,2.205396211593312,316389.7850325693,0.0006856494779480469,0.000913020854901034,0.7943282347242815,0.7
nan,0.0,0.0,0.0,0.0,0.0,0.0,0.0,0.0,0.0,0.8551791527681255,False,False,386.0,1661016.278020048,2353730.3226446356,2.0655201780377443,325322.95915280544,0.000558175035243264,0.0009021082943800859,0.7943282347242815,0.7
nan,0.0,0.0,0.0,0.0,0.0,0.0,0.0,0.0,0.0,1.0314763843386505,False,False,388.0,1661016.278020048,2367846.362828203,1.926554591304901,334556.04303899244,0.00045127322805556827,0.0008913892524547301,0.7943282347242815,0.7
nan,0.0,0.0,0.0,0.0,0.0,0.0,0.0,0.0,0.0,1.0853916140237163,False,False,390.0,1661016.278020048,2381963.551123921,1.7884833404990688,344095.2961955452,0.00036228223475469145,0.0008808592537245168,0.7943282347242815,0.7
nan,0.0,0.0,0.0,0.0,0.0,0.0,0.0,0.0,0.0,1.1392060658866128,False,False,392.0,1661016.278020048,2396081.7984635257,1.651290686622225,353946.49186678044,0.0002887587022558312,0.0008705139492443289,0.7943282347242815,0.7
nan,0.0,0.0,0.0,0.0,0.0,0.0,0.0,0.0,0.0,0.8242725229871677,False,False,394.0,1661016.278020048,2410201.0174526162,1.514961252081943,364114.8533446949,0.00022848172373295927,0.0008603491123389255,0.7943282347242815,0.7
nan,0.0,0.0,0.0,0.0,0.0,0.0,0.0,0.0,0.0,1.0121432902679917,False,False,396.0,1661016.278020048,2424321.122322621,1.3794800105460563,374604.9921359204,0.00017945273373295084,0.0008503606345749427,0.7943282347242815,0.7
nan,0.0,0.0,0.0,0.0,0.0,0.0,0.0,0.0,0.0,1.2872894184385697,False,False,398.0,1661016.278020048,2438442.028884389,1.2448322771312772,385420.84927370213,0.00013989155807672465,0.0008405445218837893,0.7943282347242815,0.7
nan,0.0,0.0,0.0,0.0,0.0,0.0,0.0,0.0,0.0,0.9066804743003518,False,False,400.0,1661016.278020048,2452563.65448335,1.1110036989130552,396565.64109343855,0.00010822898587919989,0.0008308968908291471,0.7943282347242815,0.7
nan,0.0,0.0,0.0,0.0,0.0,0.0,0.0,0.0,0.0,1.7005096691029762,False,False,402.0,1661016.278020048,2466685.917956181,0.9779802457448807,408041.8107761794,8.30963393583989e-05,0.000821413965013087,0.7943282347242815,0.7
nan,0.0,0.0,0.0,0.0,0.0,0.0,0.0,0.0,0.0,1.1366349856585332,False,False,404.0,1661016.278020048,2480808.739588922,0.8457482013754544,419850.9869017249,6.331259742331581e-05,0.0008120920716150743,0.7943282347242815,0.7
nan,0.0,0.0,0.0,0.0,0.0,0.0,0.0,0.0,0.0,1.001616375406887,False,False,406.0,1661016.278020048,2494932.0410764865,0.7142941548525918,431993.9501376331,4.786967716842168e-05,0.0008029276380583988,0.7943282347242815,0.7
nan,0.0,0.0,0.0,0.0,0.0,0.0,0.0,0.0,0.0,1.096410134814195,False,False,408.0,1661016.278020048,2509055.7454835023,0.5836049922036038,444470.60902596184,3.5916491805970324e-05,0.0007939171887988175,0.7943282347242815,0.7
nan,0.0,0.0,0.0,0.0,0.0,0.0,0.0,0.0,0.0,0.7812155254720164,False,False,410.0,1661016.278020048,2523179.7772064544,0.4536678883819241,457279.98561939265,2.6742385425980125e-05,0.000785057342230404,0.7943282347242815,0.7
nan,0.0,0.0,0.0,0.0,0.0,0.0,0.0,0.0,0.0,0.6077969427458676,False,False,412.0,1661016.278020048,2537304.06193706,0.3244702994699026,470420.2114712236,1.9760497995366495e-05,0.0007763448077038578,0.7943282347242815,0.7
nan,0.0,0.0,0.0,0.0,0.0,0.0,0.0,0.0,0.0,1.1008845976585737,False,False,414.0,1661016.278020048,2551428.5266268407,0.19599995512920232,483888.534209902,1.449154393678951e-05,0.0007677763826527117,0.7943282347242815,0.7
nan,0.0,0.0,0.0,0.0,0.0,0.0,0.0,0.0,0.0,0.6070500562610913,False,False,416.0,1661016.278020048,2565553.0994528392,0.06824485128912706,497681.3346411134,1.0548401542716644e-05,0.0007593489498230894,0.7943282347242815,0.7
nan,0.0,0.0,0.0,0.0,0.0,0.0,0.0,0.0,0.0,1.159328539433473,False,False,418.0,1661016.278020048,2579677.709784449,-0.05880675693529462,505212.8264405012,8.868940383288782e-06,0.0007510594746028477,0.7943282347242815,0.7
nan,0.0,0.0,0.0,0.0,0.0,0.0,0.0,0.0,0.0,1.0337919918054397,False,False,420.0,1661016.278020048,2593802.288151306,-0.18516636210375728,505212.8264405012,8.868940383288782e-06,0.000742905002446135,0.7943282347242815,0.7
nan,0.0,0.0,0.0,0.0,0.0,0.0,0.0,0.0,0.0,1.0321524872726704,False,False,422.0,1661016.278020048,2607926.7662122035,-0.31084521109762775,505212.8264405012,8.868940383288782e-06,0.0007348826563895564,0.7943282347242815,0.7
nan,0.0,0.0,0.0,0.0,0.0,0.0,0.0,0.0,0.0,0.9714030994917522,False,False,424.0,1661016.278020048,2622051.0767250024,-0.4358543115610328,505212.8264405012,8.868940383288782e-06,0.000726989634656311,0.7943282347242815,0.7
nan,0.0,0.0,0.0,0.0,0.0,0.0,0.0,0.0,0.0,0.8645930253226447,False,False,426.0,1661016.278020048,2636175.153517488,-0.5602044381431525,505212.8264405012,8.868940383288782e-06,0.0007192232083448255,0.7943282347242815,0.7
nan,0.0,0.0,0.0,0.0,0.0,0.0,0.0,0.0,0.0,0.7710307316536315,False,False,428.0,1661016.278020048,2650298.931459147,-0.683906138548912,505212.8264405012,8.868940383288782e-06,0.0007115807191985518,0.7943282347242815,0.7
nan,0.0,0.0,0.0,0.0,0.0,0.0,0.0,0.0,0.0,0.7144322208124523,False,False,430.0,1661016.278020048,2664422.34643383,-0.8069697394048703,505212.8264405012,8.868940383288782e-06,0.0007040595774537484,0.7943282347242815,0.7
nan,0.0,0.0,0.0,0.0,0.0,0.0,0.0,0.0,0.0,1.070165493607397,False,False,432.0,1661016.278020048,2678545.335313266,-0.9294053519465119,505212.8264405012,8.868940383288782e-06,0.0006966572597621953,0.7943282347242815,0.7
nan,0.0,0.0,0.0,0.0,0.0,0.0,0.0,0.0,0.0,0.6190573186706015,False,False,434.0,1661016.278020048,2692667.8359313956,-1.0512228775331642,505212.8264405012,8.868940383288782e-06,0.0006893713071859321,0.7943282347242815,0.7
nan,0.0,0.0,0.0,0.0,0.0,0.0,0.0,0.0,0.0,1.2701621234930562,False,False,436.0,1661016.278020048,2706789.7870595055,-1.1724320129969044,505212.8264405012,8.868940383288782e-06,0.0006821993232612165,0.7943282347242815,0.7
nan,0.0,0.0,0.0,0.0,0.0,0.0,0.0,0.0,0.0,1.280263069872428,False,False,438.0,1661016.278020048,2720911.12838212,-1.2930422558308061,505212.8264405012,8.868940383288782e-06,0.0006751389721290442,0.7943282347242815,0.7
nan,0.0,0.0,0.0,0.0,0.0,0.0,0.0,0.0,0.0,1.1820015686034298,False,False,440.0,1661016.278020048,2735031.8004736314,-1.413062909221933,505212.8264405012,8.868940383288782e-06,0.0006681879767296598,0.7943282347242815,0.7
nan,0.0,0.0,0.0,0.0,0.0,0.0,0.0,0.0,0.0,1.0393621914135696,False,False,442.0,1661016.278020048,2749151.74477565,-1.5325030869347518,505212.8264405012,8.868940383288782e-06,0.0006613441170586107,0.7943282347242815,0.7
nan,0.0,0.0,0.0,0.0,0.0,0.0,0.0,0.0,0.0,0.7408401945271289,False,False,444.0,1661016.278020048,2763270.9035750283,-1.6513717180501517,505212.8264405012,8.868940383288782e-06,0.0006546052284819989,0.7943282347242815,0.7
nan,0.0,0.0,0.0,0.0,0.0,0.0,0.0,0.0,0.0,1.1496354975880096,False,False,446.0,1661016.278020048,2777389.219982559,-1.7696775515641225,505212.8264405012,8.868940383288782e-06,0.0006479692001086771,0.7943282347242815,0.7
nan,0.0,0.0,0.0,0.0,0.0,0.0,0.0,0.0,0.0,1.6599887766787038,False,False,448.0,1661016.278020048,2791506.637912308,-1.8874291608520453,505212.8264405012,8.868940383288782e-06,0.0006414339732172346,0.7943282347242815,0.7
nan,0.0,0.0,0.0,0.0,0.0,0.0,0.0,0.0,0.0,0.8463870075007619,False,False,450.0,1661016.278020048,2805623.102061565,-2.0046349480020393,505212.8264405012,8.868940383288782e-06,0.0006349975397357099,0.7943282347242815,0.7
nan,0.0,0.0,0.0,0.0,0.0,0.0,0.0,0.0,0.0,0.9194126641958952,False,False,452.0,1661016.278020048,2819738.557891397,-2.1213031480224256,505212.8264405012,8.868940383288782e-06,0.000628657940772043,0.7943282347242815,0.7
nan,0.0,0.0,0.0,0.0,0.0,0.0,0.0,0.0,0.0,0.9975455482548347,False,False,454.0,1661016.278020048,2833852.9516077647,-2.237441832927262,505212.8264405012,8.868940383288782e-06,0.0006224132651933811,0.7943282347242815,0.7
nan,0.0,0.0,0.0,0.0,0.0,0.0,0.0,0.0,0.0,1.517863609045243,False,False,456.0,1661016.278020048,2847966.230143212,-2.353058915703926,505212.8264405012,8.868940383288782e-06,0.0006162616482524042,0.7943282347242815,0.7
nan,0.0,0.0,0.0,0.0,0.0,0.0,0.0,0.0,0.0,1.6475271499067734,False,False,458.0,1661016.278020048,2862078.3411390814,-2.4681621541668184,505212.8264405012,8.868940383288782e-06,0.0006102012702589344,0.7943282347242815,0.7
nan,0.0,0.0,0.0,0.0,0.0,0.0,0.0,0.0,0.0,0.7062499369174559,False,False,460.0,1661016.278020048,2876189.2329282523,-2.582759154700791,505212.8264405012,8.868940383288782e-06,0.0006042303552951531,0.7943282347242815,0.7
nan,0.0,0.0,0.0,0.0,0.0,0.0,0.0,0.0,0.0,0.5471783116375102,False,False,462.0,1661016.278020048,2890298.8545183856,-2.6968573758981367,505212.8264405012,8.868940383288782e-06,0.000598347169972817,0.7943282347242815,0.7
nan,0.0,0.0,0.0,0.0,0.0,0.0,0.0,0.0,0.0,0.9336025544114994,False,False,464.0,1661016.278020048,2904407.155575647,-2.810464132092129,505212.8264405012,8.868940383288782e-06,0.0005925500222309385,0.7943282347242815,0.7
nan,0.0,0.0,0.0,0.0,0.0,0.0,0.0,0.0,0.0,1.0878035674733675,False,False,466.0,1661016.278020048,2918514.086408902,-2.923586596791169,505212.8264405012,8.868940383288782e-06,0.0005868372601724463,0.7943282347242815,0.7
nan,0.0,0.0,0.0,0.0,0.0,0.0,0.0,0.0,0.0,0.8249026871090062,False,False,468.0,1661016.278020048,2932619.597954369,-3.0362318060162456,505212.8264405012,8.868940383288782e-06,0.0005812072709384107,0.7943282347242815,0.7
nan,0.0,0.0,0.0,0.0,0.0,0.0,0.0,0.0,0.0,0.8923996204616085,False,False,470.0,1661016.278020048,2946723.6417607036,-3.1484066615448403,505212.8264405012,8.868940383288782e-06,0.0005756584796184726,0.7943282347242815,0.7
nan,0.0,0.0,0.0,0.0,0.0,0.0,0.0,0.0,0.0,1.5085512818342037,False,False,472.0,1661016.278020048,2960826.169974512,-3.2601179340646773,505212.8264405012,8.868940383288782e-06,0.0005701893481961657,0.7943282347242815,0.7
nan,0.0,0.0,0.0,0.0,0.0,0.0,0.0,0.0,0.0,1.4595324013074817,False,False,474.0,1661016.278020048,2974927.1353262733,-3.3713722662397463,505212.8264405012,8.868940383288782e-06,0.0005647983745278812,0.7943282347242815,0.7
nan,0.0,0.0,0.0,0.0,0.0,0.0,0.0,0.0,0.0,1.1008116490422786,False,False,476.0,1661016.278020048,2989026.4911166593,-3.482176175691663,505212.8264405012,8.868940383288782e-06,0.0005594840913542654,0.7943282347242815,0.7
nan,0.0,0.0,0.0,0.0,0.0,0.0,0.0,0.0,0.0,0.7647925810575549,False,False,478.0,1661016.278020048,3003124.191203238,-3.592536057898994,505212.8264405012,8.868940383288782e-06,0.0005542450653428968,0.7943282347242815,0.7
nan,0.0,0.0,0.0,0.0,0.0,0.0,0.0,0.0,0.0,0.6145920907134818,False,False,480.0,1661016.278020048,3017220.1899875463,-3.70245818901707,505212.8264405012,8.868940383288782e-06,0.0005490798961611269,0.7943282347242815,0.7
nan,0.0,0.0,0.0,0.0,0.0,0.0,0.0,0.0,0.0,0.6232624842642378,False,False,482.0,1661016.278020048,3031314.4424025323,-3.8119487286209663,505212.8264405012,8.868940383288782e-06,0.0005439872155780182,0.7943282347242815,0.7
nan,0.0,0.0,0.0,0.0,0.0,0.0,0.0,0.0,0.0,0.896352928004519,False,False,484.0,1661016.278020048,3045406.9039003286,-3.9210137223737336,505212.8264405012,8.868940383288782e-06,0.0005389656865943558,0.7943282347242815,0.7
nan,0.0,0.0,0.0,0.0,0.0,0.0,0.0,0.0,0.0,1.0742609925408741,False,False,486.0,1661016.278020048,3059497.5304403803,-4.029659104622628,505212.8264405012,8.868940383288782e-06,0.0005340140025997392,0.7943282347242815,0.7
nan,0.0,0.0,0.0,0.0,0.0,0.0,0.0,0.0,0.0,0.9769669095080293,False,False,488.0,1661016.278020048,3073586.278477888,-4.137890700925257,505212.8264405012,8.868940383288782e-06,0.0005291308865558138,0.7943282347242815,0.7
nan,0.0,0.0,0.0,0.0,0.0,0.0,0.0,0.0,0.0,0.9808871226192066,False,False,490.0,1661016.278020048,3087673.104952571,-4.245714230507936,505212.8264405012,8.868940383288782e-06,0.0005243150902047262,0.7943282347242815,0.7
nan,0.0,0.0,0.0,0.0,0.0,0.0,0.0,0.0,0.0,0.5765013186662169,False,False,492.0,1661016.278020048,3101757.9672777387,-4.35313530865831,505212.8264405012,8.868940383288782e-06,0.0005195653933019258,0.7943282347242815,0.7
nan,0.0,0.0,0.0,0.0,0.0,0.0,0.0,0.0,0.0,0.4888873821837374,False,False,494.0,1661016.278020048,3115840.8233296485,-4.460159449054378,505212.8264405012,8.868940383288782e-06,0.0005148806028724783,0.7943282347242815,0.7
nan,0.0,0.0,0.0,0.0,0.0,0.0,0.0,0.0,0.0,0.7668196177680853,False,False,496.0,1661016.278020048,3129921.6314371726,-4.566792066031679,505212.8264405012,8.868940383288782e-06,0.0005102595524900655,0.7943282347242815,0.7
nan,0.0,0.0,0.0,0.0,0.0,0.0,0.0,0.0,0.0,1.3003689340342857,False,False,498.0,1661016.278020048,3144000.3503717124,-4.673038476790641,505212.8264405012,8.868940383288782e-06,0.0005057011015779136,0.7943282347242815,0.7
nan,0.0,0.0,0.0,0.0,0.0,0.0,0.0,0.0,0.0,1.2404266033230698,False,False,500.0,1661016.278020048,3158076.939337411,-4.778903903545924,505212.8264405012,8.868940383288782e-06,0.0005012041347308759,0.7943282347242815,0.7
nan,0.0,0.0,0.0,0.0,0.0,0.0,0.0,0.0,0.0,0.9136718742501292,False,False,502.0,1661016.278020048,3172151.3579616114,-4.884393475619379,505212.8264405012,8.868940383288782e-06,0.0004967675610579684,0.7943282347242815,0.7
nan,0.0,0.0,0.0,0.0,0.0,0.0,0.0,0.0,0.0,0.9792337905048638,False,False,504.0,1661016.278020048,3186223.566285571,-4.989512231478566,505212.8264405012,8.868940383288782e-06,0.0004923903135446536,0.7943282347242815,0.7
nan,0.0,0.0,0.0,0.0,0.0,0.0,0.0,0.0,0.0,0.85384442511498,False,False,506.0,1661016.278020048,3200293.5247554267,-5.09426512072218,505212.8264405012,8.868940383288782e-06,0.0004880713484342072,0.7943282347242815,0.7
nan,0.0,0.0,0.0,0.0,0.0,0.0,0.0,0.0,0.0,0.8392245804635549,False,False,508.0,1661016.278020048,3214361.1942133866,-5.198657006014175,505212.8264405012,8.868940383288782e-06,0.0004838096446275254,0.7943282347242815,0.7
nan,0.0,0.0,0.0,0.0,0.0,0.0,0.0,0.0,0.0,1.051816935651661,False,False,510.0,1661016.278020048,3228426.5358891683,-5.302692664967995,505212.8264405012,8.868940383288782e-06,0.000479604203100751,0.7943282347242815,0.7
nan,0.0,0.0,0.0,0.0,0.0,0.0,0.0,0.0,0.0,1.2696145279747688,False,False,512.0,1661016.278020048,3242489.511391649,-5.406376791982506,505212.8264405012,8.868940383288782e-06,0.0004754540463401268,0.7943282347242815,0.7
nan,0.0,0.0,0.0,0.0,0.0,0.0,0.0,0.0,0.0,0.9450282174492977,False,False,514.0,1661016.278020048,3256550.0827007378,-5.509714000030937,505212.8264405012,8.868940383288782e-06,0.00047135821779349684,0.7943282347242815,0.7
nan,0.0,0.0,0.0,0.0,0.0,0.0,0.0,0.0,0.0,1.5210091811477242,False,False,516.0,1661016.278020048,3270608.212159457,-5.612708822404319,505212.8264405012,8.868940383288782e-06,0.0004673157813379089,0.7943282347242815,0.7
nan,0.0,0.0,0.0,0.0,0.0,0.0,0.0,0.0,0.0,0.8458086354266894,False,False,518.0,1661016.278020048,3284663.8624662287,-5.71536571441059,505212.8264405012,8.868940383288782e-06,0.00046332582076277936,0.7943282347242815,0.7
nan,0.0,0.0,0.0,0.0,0.0,0.0,0.0,0.0,0.0,0.7159636700326649,False,False,520.0,1661016.278020048,3298716.9966673614,-5.817689055031029,505212.8264405012,8.868940383288782e-06,0.0004593874392681127,0.7943282347242815,0.7
nan,0.0,0.0,0.0,0.0,0.0,0.0,0.0,0.0,0.0,0.5007816270704155,False,False,522.0,1661016.278020048,3312767.5781497215,-5.919683148534566,505212.8264405012,8.868940383288782e-06,0.00045549975897728016,0.7943282347242815,0.7
nan,0.0,0.0,0.0,0.0,0.0,0.0,0.0,0.0,0.0,0.6758800304071229,False,False,524.0,1661016.278020048,3326815.5706336065,-6.02135222605216,505212.8264405012,8.868940383288782e-06,0.00045166192046387684,0.7943282347242815,0.7
nan,0.0,0.0,0.0,0.0,0.0,0.0,0.0,0.0,0.0,0.5884022555655042,False,False,526.0,1661016.278020048,3340860.9381657825,-6.122700447111462,505212.8264405012,8.868940383288782e-06,0.0004478730822922077,0.7943282347242815,0.7
nan,0.0,0.0,0.0,0.0,0.0,0.0,0.0,0.0,0.0,0.587780615861969,False,False,528.0,1661016.278020048,3354903.6451127087,-6.223731901133448,505212.8264405012,8.868940383288782e-06,0.0004441324205709508,0.7943282347242815,0.7
nan,0.0,0.0,0.0,0.0,0.0,0.0,0.0,0.0,0.0,0.895419076722864,False,False,530.0,1661016.278020048,3368943.6561539294,-6.324450608892039,505212.8264405012,8.868940383288782e-06,0.00044043912851957675,0.7943282347242815,0.7
nan,0.0,0.0,0.0,0.0,0.0,0.0,0.0,0.0,0.0,0.9365708191202193,False,False,532.0,1661016.278020048,3382980.936275632,-6.424860523937562,505212.8264405012,8.868940383288782e-06,0.0004367924160471114,0.7943282347242815,0.7
nan,0.0,0.0,0.0,0.0,0.0,0.0,0.0,0.0,0.0,0.9649737081135101,False,False,534.0,1661016.278020048,3397015.4507643646,-6.524965533985314,505212.8264405012,8.868940383288782e-06,0.0004331915093428465,0.7943282347242815,0.7
nan,0.0,0.0,0.0,0.0,0.0,0.0,0.0,0.0,0.0,0.6631711900316456,False,False,536.0,1661016.278020048,3411047.165200915,-6.62476946227013,505212.8264405012,8.868940383288782e-06,0.00042963565047861454,0.7943282347242815,0.7
nan,0.0,0.0,0.0,0.0,0.0,0.0,0.0,0.0,0.0,0.5853938478646453,False,False,538.0,1661016.278020048,3425076.0454543354,-6.724276068867813,505212.8264405012,8.868940383288782e-06,0.00042612409702226013,0.7943282347242815,0.7
nan,0.0,0.0,0.0,0.0,0.0,0.0,0.0,0.0,0.0,0.6858864415917739,False,False,540.0,1661016.278020048,3439102.0576761174,-6.823489051984498,505212.8264405012,8.868940383288782e-06,0.00042265612166195296,0.7943282347242815,0.7
nan,0.0,0.0,0.0,0.0,0.0,0.0,0.0,0.0,0.0,0.8276155856468845,False,False,542.0,1661016.278020048,3453125.168294514,-6.922412049214868,505212.8264405012,8.868940383288782e-06,0.00041923101184099715,0.7943282347242815,0.7
nan,0.0,0.0,0.0,0.0,0.0,0.0,0.0,0.0,0.0,1.0311026413371573,False,False,544.0,1661016.278020048,3467145.3440089943,-7.02104863876988,505212.8264405012,8.868940383288782e-06,0.0004158480694028083,0.7943282347242815,0.7
nan,0.0,0.0,0.0,0.0,0.0,0.0,0.0,0.0,0.0,1.600107327928627,False,False,546.0,1661016.278020048,3481162.5517848404,-7.119402340675156,505212.8264405012,8.868940383288782e-06,0.0004125066102457356,0.7943282347242815,0.7
nan,0.0,0.0,0.0,0.0,0.0,0.0,0.0,0.0,0.0,0.7014295036368908,False,False,548.0,1661016.278020048,3495176.758847868,-7.217476617940494,505212.8264405012,8.868940383288782e-06,0.0004092059639874266,0.7943282347242815,0.7
nan,0.0,0.0,0.0,0.0,0.0,0.0,0.0,0.0,0.0,0.9034507988020738,False,False,550.0,1661016.278020048,3509187.932679283,-7.315274877701696,505212.8264405012,8.868940383288782e-06,0.00040594547363842915,0.7943282347242815,0.7
nan,0.0,0.0,0.0,0.0,0.0,0.0,0.0,0.0,0.0,1.7620119757685002,False,False,552.0,1661016.278020048,3523196.041010658,-7.412800472335127,505212.8264405012,8.868940383288782e-06,0.0004027244952847501,0.7943282347242815,0.7
nan,0.0,0.0,0.0,0.0,0.0,0.0,0.0,0.0,0.0,0.9456779115150433,False,False,554.0,1661016.278020048,3537201.05181903,-7.510056700545887,505212.8264405012,8.868940383288782e-06,0.00039954239777908817,0.7943282347242815,0.7
nan,0.0,0.0,0.0,0.0,0.0,0.0,0.0,0.0,0.0,0.6662319852069307,False,False,556.0,1661016.278020048,3551202.9333221177,-7.607046808430443,505212.8264405012,8.868940383288782e-06,0.00039639856244047886,0.7943282347242815,0.7
nan,0.0,0.0,0.0,0.0,0.0,0.0,0.0,0.0,0.0,0.8834810309429952,False,False,558.0,1661016.278020048,3565201.6539736507,-7.7037739905141995,505212.8264405012,8.868940383288782e-06,0.00039329238276208597,0.7943282347242815,0.7
nan,0.0,0.0,0.0,0.0,0.0,0.0,0.0,0.0,0.0,0.790128560314657,False,False,560.0,1661016.278020048,3579197.182458811,-7.800241390764734,505212.8264405012,8.868940383288782e-06,0.0003902232641268961,0.7943282347242815,0.7
nan,0.0,0.0,0.0,0.0,0.0,0.0,0.0,0.0,0.0,0.4207062382798018,False,False,562.0,1661016.278020048,3593189.487689783,-7.896452103581584,505212.8264405012,8.868940383288782e-06,0.00038719062353107154,0.7943282347242815,0.7
nan,0.0,0.0,0.0,0.0,0.0,0.0,0.0,0.0,0.0,0.853034860214868,False,False,564.0,1661016.278020048,3607178.538801406,-7.992409174762797,505212.8264405012,8.868940383288782e-06,0.00038419388931472886,0.7943282347242815,0.7
nan,0.0,0.0,0.0,0.0,0.0,0.0,0.0,0.0,0.0,0.5084501260101185,False,False,566.0,1661016.278020048,3621164.305146935,-8.088115602449356,505212.8264405012,8.868940383288782e-06,0.00038123250089991845,0.7943282347242815,0.7
nan,0.0,0.0,0.0,0.0,0.0,0.0,0.0,0.0,0.0,0.7742994645170612,False,False,568.0,1661016.278020048,3635146.756293895,-8.183574338047562,505212.8264405012,8.868940383288782e-06,0.00037830590853558694,0.7943282347242815,0.7
nan,0.0,0.0,0.0,0.0,0.0,0.0,0.0,0.0,0.0,0.7291246369644738,False,False,570.0,1661016.278020048,3649125.8620200325,-8.278788287130443,505212.8264405012,8.868940383288782e-06,0.0003754135730493146,0.7943282347242815,0.7
nan,0.0,0.0,0.0,0.0,0.0,0.0,0.0,0.0,0.0,0.7399012173443882,False,False,572.0,1661016.278020048,3663101.592309366,-8.373760310318367,505212.8264405012,8.868940383288782e-06,0.0003725549656056184,0.7943282347242815,0.7
nan,0.0,0.0,0.0,0.0,0.0,0.0,0.0,0.0,0.0,0.7384504423474766,False,False,574.0,1661016.278020048,3677073.917348325,-8.46849322413966,505212.8264405012,8.868940383288782e-06,0.0003697295674706328,0.7943282347242815,0.7
nan,0.0,0.0,0.0,0.0,0.0,0.0,0.0,0.0,0.0,0.753649210220584,False,False,576.0,1661016.278020048,3691042.807521978,-8.562989801871606,505212.8264405012,8.868940383288782e-06,0.00036693686978296944,0.7943282347242815,0.7
nan,0.0,0.0,0.0,0.0,0.0,0.0,0.0,0.0,0.0,0.6558923494490663,False,False,578.0,1661016.278020048,3705008.2334103473,-8.657252774362378,505212.8264405012,8.868940383288782e-06,0.0003641763733305811,0.7943282347242815,0.7
nan,0.0,0.0,0.0,0.0,0.0,0.0,0.0,0.0,0.0,0.7640942215315486,False,False,580.0,1661016.278020048,3718970.165784809,-8.751284830834493,505212.8264405012,8.868940383288782e-06,0.00036144758833344347,0.7943282347242815,0.7
nan,0.0,0.0,0.0,0.0,0.0,0.0,0.0,0.0,0.0,0.8601762308885829,False,False,582.0,1661016.278020048,3732928.5756045766,-8.845088619670149,505212.8264405012,8.868940383288782e-06,0.0003587500342318889,0.7943282347242815,0.7
nan,0.0,0.0,0.0,0.0,0.0,0.0,0.0,0.0,0.0,1.1194078007241837,False,False,584.0,1661016.278020048,3746883.4340132643,-8.938666749178868,505212.8264405012,8.868940383288782e-06,0.000356083239480425,0.7943282347242815,0.7
nan,0.0,0.0,0.0,0.0,0.0,0.0,0.0,0.0,0.0,0.8962925362673998,False,False,586.0,1661016.278020048,3760834.712335524,-9.032021788348258,505212.8264405012,8.868940383288782e-06,0.00035344674134687613,0.7943282347242815,0.7
nan,0.0,0.0,0.0,0.0,0.0,0.0,0.0,0.0,0.0,0.8588816090473191,False,False,588.0,1661016.278020048,3774782.3820737684,-9.125156267577747,505212.8264405012,8.868940383288782e-06,0.00035084008571669226,0.7943282347242815,0.7
nan,0.0,0.0,0.0,0.0,0.0,0.0,0.0,0.0,0.0,0.7034951961947717,False,False,590.0,1661016.278020048,3788726.414904953,-9.218072679396277,505212.8264405012,8.868940383288782e-06,0.0003482628269022774,0.7943282347242815,0.7
nan,0.0,0.0,0.0,0.0,0.0,0.0,0.0,0.0,0.0,0.9904245582718533,False,False,592.0,1661016.278020048,3802666.7826774484,-9.31077347916407,505212.8264405012,8.868940383288782e-06,0.0003457145274571878,0.7943282347242815,0.7
nan,0.0,0.0,0.0,0.0,0.0,0.0,0.0,0.0,0.0,1.2755416395125974,False,False,594.0,1661016.278020048,3816603.4574079663,-9.403261085758894,505212.8264405012,8.868940383288782e-06,0.00034319475799506397,0.7943282347242815,0.7
nan,0.0,0.0,0.0,0.0,0.0,0.0,0.0,0.0,0.0,0.7199919928454938,False,False,596.0,1661016.278020048,3830536.411278565,-9.495537882247325,505212.8264405012,8.868940383288782e-06,0.0003407030970131563,0.7943282347242815,0.7
nan,0.0,0.0,0.0,0.0,0.0,0.0,0.0,0.0,0.0,0.7294768321471388,False,False,598.0,1661016.278020048,3844465.616633718,-9.587606216541339,505212.8264405012,8.868940383288782e-06,0.00033823913072031397,0.7943282347242815,0.7
nan,0.0,0.0,0.0,0.0,0.0,0.0,0.0,0.0,0.0,0.3322807144650307,False,False,600.0,1661016.278020048,3858391.045977445,-9.679468402040552,505212.8264405012,8.868940383288782e-06,0.00033580245286931026,0.7943282347242815,0.7
